advisory_id,station_name,station_description,beach_name,advisory_type,cause,source,posted_on,posted_time,reopened_on,reopened_time,description,comments,enterococcus,fecal_coliforms,total_coliforms,e_coli,status,record_created,lat,lon,station,zone,cause_class,duration_days
34848,OCEAN#21.1_SL,"Ocean Beach, at Sloat Blvd.",Ocean Beach,Rain,Rain,Combined Sewer Discharge,1999-01-31,12:00:00,1999-02-01,12:00:00,,"3 mile long coastal beach, with outfalls from sewer system",,,,,Active,2015-09-19,37.73567,-122.50769,OCEAN#21.1_SL,ocean,cso,1
34849,OCEAN#21.1_SL,"Ocean Beach, at Sloat Blvd.",Ocean Beach,Rain,Rain,Combined Sewer Discharge,1999-02-07,12:00:00,1999-02-10,12:00:00,,3 mile long coastal beach with outfalls from sewer system,,,,,Active,2015-09-19,37.73567,-122.50769,OCEAN#21.1_SL,ocean,cso,3
34850,OCEAN#21.1_SL,"Ocean Beach, at Sloat Blvd.",Ocean Beach,Rain,Rain,Combined Sewer Discharge,1999-02-17,12:00:00,1999-02-18,12:00:00,,3 mile costal beach with outfall from sewer system,,,,,Active,2015-09-19,37.73567,-122.50769,OCEAN#21.1_SL,ocean,cso,1
34851,OCEAN#21.1_SL,"Ocean Beach, at Sloat Blvd.",Ocean Beach,Rain,Rain,Combined Sewer Discharge,1999-04-11,12:00:00,1999-04-13,12:00:00,,3 mile costal beach with outfall from sewer system,,,,,Active,2015-09-19,37.73567,-122.50769,OCEAN#21.1_SL,ocean,cso,2
34669,BAY#211_SL,Aquatic Park Beach,Aquatic Park,Rain,Rain,Unknown,1999-10-25,12:00:00,1999-10-26,12:00:00,,1 mile bayside beach,,,,,Active,2015-09-19,37.8078,-122.4221,BAY#211_SL,north,rain,1
34694,BAY#300.1_SL,Sunnydale Cove,Candlestick Point,Rain,Rain,Unknown,2001-01-11,12:00:00,2001-01-13,12:00:00,,The Candlestick Point Recreation Area located at the southeast edge of San Francisco County is part of the State of California Parks System. This recreation area can be reached from the101 Bayshore Freeway or via Third Street to Jamestown Avenue. Offering,,,,,Active,2015-09-19,37.7096,-122.3899,BAY#300.1_SL,east,rain,2
34784,OCEAN#16_SL,"Baker Beach West, Opposite Seacliff 2 Pumping Station",Baker Beach,Rain,Rain,Combined Sewer Discharge,2001-01-25,12:00:00,2001-01-28,12:00:00,,"Baker Beach is located southwest of the Golden Gate Bridge, and is easily accessed along hiking trails or by car from Lincoln Boulevard. This somewhat protected beach is popular for sunbathing. Water contact recreational activities include surfing and boa",,,,,Active,2015-09-19,37.78977,-122.48741,OCEAN#16_SL,baker_china,cso,3
34811,OCEAN#17_SL,China Beach,China Beach,Rain,Rain,Unknown,2001-01-25,12:00:00,2001-01-26,12:00:00,,"China Beach is located west of Baker Beach on the north shore of the San Francisco Peninsula. This small beach is accessible through a gated drive at the end of Seacliff Avenue. Common recreational activities include surf fishing, surfing, and boardsailin",,,,,Active,2015-09-19,37.78816,-122.49136,OCEAN#17_SL,baker_china,rain,1
34880,OCEAN#22_SL,Fort Funston,Ocean Beach,Rain,Rain,Combined Sewer Discharge,2001-02-09,12:00:00,2001-02-10,12:00:00,,Fort Funston is located at the most southern end of Ocean Beach at the San Francisco/San Mateo County border. Hang-gliding is a popular recreational activity from the steep cliffs above this area. A single sampling station to measure bacteria water qualit,,,,,Active,2015-09-19,37.71526,-122.50476,OCEAN#22_SL,ocean,cso,1
34695,BAY#300.1_SL,Sunnydale Cove,Candlestick Point,Rain,Rain,Unknown,2001-02-23,12:00:00,2001-02-24,12:00:00,,The Candlestick Point Recreation Area located at the southeast edge of San Francisco County is part of the State of California Parks System. This recreation area can be reached from the101 Bayshore Freeway or via Third Street to Jamestown Avenue. Offering,,,,,Active,2015-09-19,37.7096,-122.3899,BAY#300.1_SL,east,rain,1
34785,OCEAN#16_SL,"Baker Beach West, Opposite Seacliff 2 Pumping Station",Baker Beach,Rain,Rain,Combined Sewer Discharge,2001-02-23,12:00:00,2001-02-24,12:00:00,,"Baker Beach is located southwest of the Golden Gate Bridge, and is easily accessed along hiking trails or by car from Lincoln Boulevard. This somewhat protected beach is popular for sunbathing. Water contact recreational activities include surfing and boa",,,,,Active,2015-09-19,37.78977,-122.48741,OCEAN#16_SL,baker_china,cso,1
34812,OCEAN#17_SL,China Beach,China Beach,Rain,Rain,Unknown,2001-02-23,12:00:00,2001-02-24,12:00:00,,"China Beach is located west of Baker Beach on the north shore of the San Francisco Peninsula. This small beach is accessible through a gated drive at the end of Seacliff Avenue. Common recreational activities include surf fishing, surfing, and boardsailin",,,,,Active,2015-09-19,37.78816,-122.49136,OCEAN#17_SL,baker_china,rain,1
34696,BAY#300.1_SL,Sunnydale Cove,Candlestick Point,Rain,Rain,Unknown,2001-11-12,12:00:00,2001-11-15,12:00:00,,The Candlestick Point Recreation Area located at the southeast edge of San Francisco County is part of the State of California Parks System. This recreation area can be reached from the101 Bayshore Freeway or via Third Street to Jamestown Avenue. Offering,,,,,Active,2015-09-19,37.7096,-122.3899,BAY#300.1_SL,east,rain,3
34786,OCEAN#16_SL,"Baker Beach West, Opposite Seacliff 2 Pumping Station",Baker Beach,Rain,Rain,Combined Sewer Discharge,2001-11-12,12:00:00,2001-11-13,12:00:00,,"Baker Beach is located southwest of the Golden Gate Bridge, and is easily accessed along hiking trails or by car from Lincoln Boulevard. This somewhat protected beach is popular for sunbathing. Water contact recreational activities include surfing and boa",,,,,Active,2015-09-19,37.78977,-122.48741,OCEAN#16_SL,baker_china,cso,1
34854,OCEAN#21.1_SL,"Ocean Beach, at Sloat Blvd.",Ocean Beach,Rain,Rain,Combined Sewer Discharge,2001-11-12,12:00:00,2001-11-15,12:00:00,,"Ocean Beach is the premier beach in San Francisco stretching about 3.5 miles along the Pacific Ocean from The Cliffhouse near the mouth of San Francisco Bay south to Fort Funston. Part of the GGNRA, this beach with it?s rolling sand dunes forms the interf",,,,,Active,2015-09-19,37.73567,-122.50769,OCEAN#21.1_SL,ocean,cso,3
34881,OCEAN#22_SL,Fort Funston,Ocean Beach,Rain,Rain,Combined Sewer Discharge,2001-11-12,12:00:00,2001-11-13,12:00:00,,"Ocean Beach is the premier beach in San Francisco stretching about 3.5 miles along the Pacific Ocean from The Cliffhouse near the mouth of San Francisco Bay south to Fort Funston. Part of the GGNRA, this beach with it?s rolling sand dunes forms the interf",,,,,Active,2015-09-19,37.71526,-122.50476,OCEAN#22_SL,ocean,cso,1
34642,BAY#202.4_SL,"Crissy Field, East",Crissy Field,Rain,Rain,Unknown,2001-11-16,12:00:00,2001-11-17,12:00:00,,Crissey Field Beach is located along the Golden Gate National Recreation Area (GGNRA) Presidio. This two-mile beach includes five stations from which samples are collected to measure bacteria water quality. These stations are located from St. Francis Yach,,,,,Active,2015-09-19,37.8066,-122.4519,BAY#202.4_SL,north,rain,1
34787,OCEAN#16_SL,"Baker Beach West, Opposite Seacliff 2 Pumping Station",Baker Beach,Rain,Rain,Combined Sewer Discharge,2001-11-16,12:00:00,2001-11-17,12:00:00,,"Baker Beach is located southwest of the Golden Gate Bridge, and is easily accessed along hiking trails or by car from Lincoln Boulevard. This somewhat protected beach is popular for sunbathing. Water contact recreational activities include surfing and boa",,,,,Active,2015-09-19,37.78977,-122.48741,OCEAN#16_SL,baker_china,cso,1
34856,OCEAN#21.1_SL,"Ocean Beach, at Sloat Blvd.",Ocean Beach,Rain,Rain,Combined Sewer Discharge,2001-11-29,12:00:00,2001-11-30,12:00:00,,"Ocean Beach is the premier beach in San Francisco stretching about 3.5 miles along the Pacific Ocean from The Cliffhouse near the mouth of San Francisco Bay south to Fort Funston. Part of the GGNRA, this beach with it?s rolling sand dunes forms the interf",,,,,Active,2015-09-19,37.73567,-122.50769,OCEAN#21.1_SL,ocean,cso,1
34697,BAY#300.1_SL,Sunnydale Cove,Candlestick Point,Rain,Rain,Unknown,2001-12-01,12:00:00,2001-12-08,12:00:00,,,,,,,Active,2015-09-19,37.7096,-122.3899,BAY#300.1_SL,east,rain,7
34643,BAY#202.4_SL,"Crissy Field, East",Crissy Field,Rain,Rain,Unknown,2001-12-02,12:00:00,2001-12-04,12:00:00,,,,,,,Active,2015-09-19,37.8066,-122.4519,BAY#202.4_SL,north,rain,2
34670,BAY#211_SL,Aquatic Park Beach,Aquatic Park,Rain,Rain,Unknown,2001-12-02,12:00:00,2001-12-03,12:00:00,,,,,,,Active,2015-09-19,37.8078,-122.4221,BAY#211_SL,north,rain,1
34857,OCEAN#21.1_SL,"Ocean Beach, at Sloat Blvd.",Ocean Beach,Rain,Rain,Combined Sewer Discharge,2001-12-02,12:00:00,2001-12-05,12:00:00,,,,,,,Active,2015-09-19,37.73567,-122.50769,OCEAN#21.1_SL,ocean,cso,3
34882,OCEAN#22_SL,Fort Funston,Ocean Beach,Rain,Rain,Combined Sewer Discharge,2001-12-02,12:00:00,2001-12-03,12:00:00,,,,,,,Active,2015-09-19,37.71526,-122.50476,OCEAN#22_SL,ocean,cso,1
34698,BAY#300.1_SL,Sunnydale Cove,Candlestick Point,Rain,Rain,Unknown,2001-12-04,12:00:00,2001-12-07,12:00:00,,,,,,,Active,2015-09-19,37.7096,-122.3899,BAY#300.1_SL,east,rain,3
34858,OCEAN#21.1_SL,"Ocean Beach, at Sloat Blvd.",Ocean Beach,Rain,Rain,Combined Sewer Discharge,2001-12-14,12:00:00,2001-12-16,12:00:00,,,,,,,Active,2015-09-19,37.73567,-122.50769,OCEAN#21.1_SL,ocean,cso,2
34883,OCEAN#22_SL,Fort Funston,Ocean Beach,Rain,Rain,Combined Sewer Discharge,2001-12-14,12:00:00,2001-12-15,12:00:00,,,,,,,Active,2015-09-19,37.71526,-122.50476,OCEAN#22_SL,ocean,cso,1
34813,OCEAN#17_SL,China Beach,China Beach,Rain,Rain,Unknown,2001-12-22,12:00:00,2001-12-23,12:00:00,,,,,,,Active,2015-09-19,37.78816,-122.49136,OCEAN#17_SL,baker_china,rain,1
34859,OCEAN#21.1_SL,"Ocean Beach, at Sloat Blvd.",Ocean Beach,Rain,Rain,Combined Sewer Discharge,2001-12-22,12:00:00,2001-12-24,12:00:00,,,,,,,Active,2015-09-19,37.73567,-122.50769,OCEAN#21.1_SL,ocean,cso,2
34884,OCEAN#22_SL,Fort Funston,Ocean Beach,Rain,Rain,Combined Sewer Discharge,2001-12-22,12:00:00,2001-12-23,12:00:00,,,,,,,Active,2015-09-19,37.71526,-122.50476,OCEAN#22_SL,ocean,cso,1
34644,BAY#202.4_SL,"Crissy Field, East",Crissy Field,Rain,Rain,Unknown,2001-12-28,12:00:00,2001-12-29,12:00:00,,,,,,,Active,2015-09-19,37.8066,-122.4519,BAY#202.4_SL,north,rain,1
34671,BAY#211_SL,Aquatic Park Beach,Aquatic Park,Rain,Rain,Unknown,2001-12-28,12:00:00,2001-12-31,12:00:00,,,,,,,Active,2015-09-19,37.8078,-122.4221,BAY#211_SL,north,rain,3
34699,BAY#300.1_SL,Sunnydale Cove,Candlestick Point,Rain,Rain,Unknown,2001-12-28,12:00:00,2001-12-31,12:00:00,,,,,,,Active,2015-09-19,37.7096,-122.3899,BAY#300.1_SL,east,rain,3
34860,OCEAN#21.1_SL,"Ocean Beach, at Sloat Blvd.",Ocean Beach,Rain,Rain,Combined Sewer Discharge,2001-12-28,12:00:00,2002-01-01,12:00:00,,,,,,,Active,2015-09-19,37.73567,-122.50769,OCEAN#21.1_SL,ocean,cso,4
34885,OCEAN#22_SL,Fort Funston,Ocean Beach,Rain,Rain,Combined Sewer Discharge,2001-12-28,12:00:00,2002-01-01,12:00:00,,,,,,,Active,2015-09-19,37.71526,-122.50476,OCEAN#22_SL,ocean,cso,4
34700,BAY#300.1_SL,Sunnydale Cove,Candlestick Point,Rain,Rain,Unknown,2002-01-03,12:00:00,2002-01-06,12:00:00,,The Candlestick Point Recreation Area located at the southeast edge of San Francisco County is part of the State of California Parks System. This recreation area can be reached from the101 Bayshore Freeway or via Third Street to Jamestown Avenue. Offering,,,,,Active,2015-09-19,37.7096,-122.3899,BAY#300.1_SL,east,rain,3
34701,BAY#300.1_SL,Sunnydale Cove,Candlestick Point,Rain,Rain,Unknown,2002-01-10,12:00:00,2002-01-11,12:00:00,,The Candlestick Point Recreation Area located at the southeast edge of San Francisco County is part of the State of California Parks System. This recreation area can be reached from the101 Bayshore Freeway or via Third Street to Jamestown Avenue. Offering,,,,,Active,2015-09-19,37.7096,-122.3899,BAY#300.1_SL,east,rain,1
34702,BAY#300.1_SL,Sunnydale Cove,Candlestick Point,Rain,Rain,Unknown,2002-01-17,12:00:00,2002-01-19,12:00:00,,The Candlestick Point Recreation Area located at the southeast edge of San Francisco County is part of the State of California Parks System. This recreation area can be reached from the101 Bayshore Freeway or via Third Street to Jamestown Avenue. Offering,,,,,Active,2015-09-19,37.7096,-122.3899,BAY#300.1_SL,east,rain,2
34703,BAY#300.1_SL,Sunnydale Cove,Candlestick Point,Rain,Rain,Unknown,2002-01-25,12:00:00,2002-01-30,12:00:00,,The Candlestick Point Recreation Area located at the southeast edge of San Francisco County is part of the State of California Parks System. This recreation area can be reached from the101 Bayshore Freeway or via Third Street to Jamestown Avenue. Offering,,,,,Active,2015-09-19,37.7096,-122.3899,BAY#300.1_SL,east,rain,5
34886,OCEAN#22_SL,Fort Funston,Ocean Beach,Rain,Rain,Combined Sewer Discharge,2002-01-25,12:00:00,2002-01-26,12:00:00,,Fort Funston is located at the most southern end of Ocean Beach at the San Francisco/San Mateo County border. Hang-gliding is a popular recreational activity from the steep cliffs above this area. A single sampling station to measure bacteria water qualit,,,,,Active,2015-09-19,37.71526,-122.50476,OCEAN#22_SL,ocean,cso,1
34704,BAY#300.1_SL,Sunnydale Cove,Candlestick Point,Posting,Unknown,Unknown,2002-10-16,12:00:00,2002-10-20,12:00:00,,The Candlestick Point Recreation Area located at the southeast edge of San Francisco County is part of the State of California Parks System. This recreation area can be reached from the101 Bayshore Freeway or via Third Street to Jamestown Avenue. Offering,,,,,Active,2015-09-19,37.7096,-122.3899,BAY#300.1_SL,east,other,4
34645,BAY#202.4_SL,"Crissy Field, East",Crissy Field,Rain,Rain,Unknown,2002-11-08,12:00:00,2002-11-10,12:00:00,,Crissey Field Beach is located along the Golden Gate National Recreation Area (GGNRA) Presidio. This two-mile beach includes five stations from which samples are collected to measure bacteria water quality. These stations are located from St. Francis Yach,,,,,Active,2015-09-19,37.8066,-122.4519,BAY#202.4_SL,north,rain,2
34672,BAY#211_SL,Aquatic Park Beach,Aquatic Park,Rain,Rain,Unknown,2002-11-08,12:00:00,2002-11-10,12:00:00,,Aquatic Park Beach is located to the west of San Francisco?s Fisherman?s Wharf at the end of Jefferson St. in the San Francisco Maritime National Historic Park. This one-half mile stretch of beach is protected from wind-generated waves and currents by a s,,,,,Active,2015-09-19,37.8078,-122.4221,BAY#211_SL,north,rain,2
34705,BAY#300.1_SL,Sunnydale Cove,Candlestick Point,Rain,Rain,Unknown,2002-11-08,12:00:00,2002-11-25,12:00:00,,The Candlestick Point Recreation Area located at the southeast edge of San Francisco County is part of the State of California Parks System. This recreation area can be reached from the101 Bayshore Freeway or via Third Street to Jamestown Avenue. Offering,,,,,Active,2015-09-19,37.7096,-122.3899,BAY#300.1_SL,east,rain,17
34788,OCEAN#16_SL,"Baker Beach West, Opposite Seacliff 2 Pumping Station",Baker Beach,Rain,Rain,Combined Sewer Discharge,2002-11-08,12:00:00,2002-11-11,12:00:00,,"Baker Beach is located southwest of the Golden Gate Bridge, and is easily accessed along hiking trails or by car from Lincoln Boulevard. This somewhat protected beach is popular for sunbathing. Water contact recreational activities include surfing and boa",,,,,Active,2015-09-19,37.78977,-122.48741,OCEAN#16_SL,baker_china,cso,3
34814,OCEAN#17_SL,China Beach,China Beach,Rain,Rain,Unknown,2002-11-08,12:00:00,2002-11-09,12:00:00,,"China Beach is located west of Baker Beach on the north shore of the San Francisco Peninsula. This small beach is accessible through a gated drive at the end of Seacliff Avenue. Common recreational activities include surf fishing, surfing, and boardsailin",,,,,Active,2015-09-19,37.78816,-122.49136,OCEAN#17_SL,baker_china,rain,1
34861,OCEAN#21.1_SL,"Ocean Beach, at Sloat Blvd.",Ocean Beach,Rain,Rain,Combined Sewer Discharge,2002-11-08,12:00:00,2002-11-10,12:00:00,,"Ocean Beach is the premier beach in San Francisco stretching about 3.5 miles along the Pacific Ocean from the Cliff house near the mouth of San Francisco Bay south to Fort Funston. Part of the GGNRA, this beach with it?s rolling sand dunes forms the inter",,,,,Active,2015-09-19,37.73567,-122.50769,OCEAN#21.1_SL,ocean,cso,2
34887,OCEAN#22_SL,Fort Funston,Ocean Beach,Rain,Rain,Combined Sewer Discharge,2002-11-08,12:00:00,2002-11-10,12:00:00,,,,,,,Active,2015-09-19,37.71526,-122.50476,OCEAN#22_SL,ocean,cso,2
34862,OCEAN#21.1_SL,"Ocean Beach, at Sloat Blvd.",Ocean Beach,Rain,Rain,Combined Sewer Discharge,2002-12-03,12:00:00,2002-12-08,12:00:00,,,,,,,Active,2015-09-19,37.73567,-122.50769,OCEAN#21.1_SL,ocean,cso,5
34646,BAY#202.4_SL,"Crissy Field, East",Crissy Field,Rain,Rain,Unknown,2002-12-13,12:00:00,2002-12-24,12:00:00,,,,,,,Active,2015-09-19,37.8066,-122.4519,BAY#202.4_SL,north,rain,11
34673,BAY#211_SL,Aquatic Park Beach,Aquatic Park,Rain,Rain,Unknown,2002-12-13,12:00:00,2002-12-21,12:00:00,,,,,,,Active,2015-09-19,37.8078,-122.4221,BAY#211_SL,north,rain,8
34706,BAY#300.1_SL,Sunnydale Cove,Candlestick Point,Rain,Rain,Unknown,2002-12-13,12:00:00,2002-12-24,12:00:00,,,,,,,Active,2015-09-19,37.7096,-122.3899,BAY#300.1_SL,east,rain,11
34789,OCEAN#16_SL,"Baker Beach West, Opposite Seacliff 2 Pumping Station",Baker Beach,Posting,Power Failure,Combined Sewer Discharge,2002-12-14,12:00:00,2002-12-18,12:00:00,,,,,,,Active,2015-09-19,37.78977,-122.48741,OCEAN#16_SL,baker_china,cso,4
34790,OCEAN#16_SL,"Baker Beach West, Opposite Seacliff 2 Pumping Station",Baker Beach,Rain,Rain,Combined Sewer Discharge,2002-12-19,12:00:00,2002-12-21,12:00:00,,,,,,,Active,2015-09-19,37.78977,-122.48741,OCEAN#16_SL,baker_china,cso,2
34863,OCEAN#21.1_SL,"Ocean Beach, at Sloat Blvd.",Ocean Beach,Rain,Rain,Combined Sewer Discharge,2002-12-19,12:00:00,2002-12-21,12:00:00,,,,,,,Active,2015-09-19,37.73567,-122.50769,OCEAN#21.1_SL,ocean,cso,2
34791,OCEAN#16_SL,"Baker Beach West, Opposite Seacliff 2 Pumping Station",Baker Beach,Rain,Rain,Combined Sewer Discharge,2002-12-31,12:00:00,2003-01-01,12:00:00,,,,,,,Active,2015-09-19,37.78977,-122.48741,OCEAN#16_SL,baker_china,cso,1
34864,OCEAN#21.1_SL,"Ocean Beach, at Sloat Blvd.",Ocean Beach,Rain,Rain,Combined Sewer Discharge,2003-01-09,12:00:00,2003-01-11,12:00:00,,,,,,,Active,2015-09-19,37.73567,-122.50769,OCEAN#21.1_SL,ocean,cso,2
34707,BAY#300.1_SL,Sunnydale Cove,Candlestick Point,Posting,Other,Unknown,2003-03-15,12:00:00,2003-03-18,12:00:00,,,,,,,Active,2015-09-19,37.7096,-122.3899,BAY#300.1_SL,east,other,3
34888,OCEAN#22_SL,Fort Funston,Ocean Beach,Rain,Rain,Combined Sewer Discharge,2003-04-22,12:00:00,2003-04-24,12:00:00,,Fort Funston,,,,,Active,2015-09-19,37.71526,-122.50476,OCEAN#22_SL,ocean,cso,2
34721,BAY#301.1_SL,Windsurfer Circle,Candlestick Point,Rain,Rain,Unknown,2003-04-25,12:00:00,2003-04-26,12:00:00,,Windsurfer Circle,,,,,Active,2015-09-19,37.70917,-122.3823,BAY#301.1_SL,east,rain,1
34708,BAY#300.1_SL,Sunnydale Cove,Candlestick Point,Rain,Rain,Unknown,2003-04-26,12:00:00,2003-04-28,12:00:00,,Sunnydale Cove,,,,,Active,2015-09-19,37.7096,-122.3899,BAY#300.1_SL,east,rain,2
34709,BAY#300.1_SL,Sunnydale Cove,Candlestick Point,Rain,Rain,Unknown,2003-04-29,12:00:00,2003-05-01,12:00:00,,Sunnydale Cove,,,,,Active,2015-09-19,37.7096,-122.3899,BAY#300.1_SL,east,rain,2
34889,OCEAN#22_SL,Fort Funston,Ocean Beach,Posting,Other,Combined Sewer Discharge,2003-05-01,12:00:00,2003-05-02,12:00:00,,,,,,,Active,2015-09-19,37.71526,-122.50476,OCEAN#22_SL,ocean,cso,1
34722,BAY#301.1_SL,Windsurfer Circle,Candlestick Point,Posting,Other,Unknown,2003-05-13,12:00:00,2003-05-14,12:00:00,,,,,,,Active,2015-09-19,37.70917,-122.3823,BAY#301.1_SL,east,other,1
34674,BAY#211_SL,Aquatic Park Beach,Aquatic Park,Posting,Unknown,Unknown,2003-06-03,12:00:00,2003-06-04,12:00:00,,,,,,,Active,2015-09-19,37.8078,-122.4221,BAY#211_SL,north,other,1
34723,BAY#301.1_SL,Windsurfer Circle,Candlestick Point,Posting,Unknown,Unknown,2003-06-04,12:00:00,2003-06-05,12:00:00,,Windsurfer Circle,,,,,Active,2015-09-19,37.70917,-122.3823,BAY#301.1_SL,east,other,1
34741,BAY#301.2_SL,Jack Rabbit Beach,Candlestick Point,Posting,Unknown,Unknown,2003-06-19,12:00:00,2003-06-22,12:00:00,,Jack Rabbit Cove,,,,,Active,2015-09-19,37.711025,-122.380136,BAY#301.2_SL,east,other,3
34724,BAY#301.1_SL,Windsurfer Circle,Candlestick Point,Posting,Unknown,Unknown,2003-06-27,12:00:00,2003-06-29,12:00:00,,Windsurfer Circle,,,,,Active,2015-09-19,37.70917,-122.3823,BAY#301.1_SL,east,other,2
34865,OCEAN#21.1_SL,"Ocean Beach, at Sloat Blvd.",Ocean Beach,Posting,Unknown,Combined Sewer Discharge,2003-06-27,12:00:00,2003-06-28,12:00:00,,Foot of Sloat,,,,,Active,2015-09-19,37.73567,-122.50769,OCEAN#21.1_SL,ocean,cso,1
34742,BAY#301.2_SL,Jack Rabbit Beach,Candlestick Point,Posting,Unknown,Unknown,2003-06-28,12:00:00,2003-06-30,12:00:00,,Jack Rabbit Cove,,,,,Active,2015-09-19,37.711025,-122.380136,BAY#301.2_SL,east,other,2
34647,BAY#202.4_SL,"Crissy Field, East",Crissy Field,Posting,Unknown,Unknown,2003-08-12,12:00:00,2003-08-14,12:00:00,,,,,,,Active,2015-09-19,37.8066,-122.4519,BAY#202.4_SL,north,other,2
34648,BAY#202.4_SL,"Crissy Field, East",Crissy Field,Posting,Unknown,Unknown,2003-08-22,12:00:00,2003-08-23,12:00:00,,,,,,,Active,2015-09-19,37.8066,-122.4519,BAY#202.4_SL,north,other,1
34675,BAY#211_SL,Aquatic Park Beach,Aquatic Park,Posting,Unknown,Unknown,2003-08-22,12:00:00,2003-08-23,12:00:00,,,,,,,Active,2015-09-19,37.8078,-122.4221,BAY#211_SL,north,other,1
34725,BAY#301.1_SL,Windsurfer Circle,Candlestick Point,Posting,Unknown,Unknown,2003-08-26,12:00:00,2003-08-27,12:00:00,,,,,,,Active,2015-09-19,37.70917,-122.3823,BAY#301.1_SL,east,other,1
34726,BAY#301.1_SL,Windsurfer Circle,Candlestick Point,Posting,Unknown,Unknown,2003-09-11,12:00:00,2003-09-15,12:00:00,,,,,,,Active,2015-09-19,37.70917,-122.3823,BAY#301.1_SL,east,other,4
34743,BAY#301.2_SL,Jack Rabbit Beach,Candlestick Point,Posting,Unknown,Unknown,2003-09-23,12:00:00,2003-09-29,12:00:00,,,,,,,Active,2015-09-19,37.711025,-122.380136,BAY#301.2_SL,east,other,6
34750,OCEAN#15_SL,"Baker Beach, Lobos Creek at Lower Parking Lot",Baker Beach,Posting,Unknown,Unknown,2003-10-09,12:00:00,2003-10-11,12:00:00,,,,,,,Active,2015-09-19,37.7917,-122.484926,OCEAN#15_SL,baker_china,other,2
34792,OCEAN#16_SL,"Baker Beach West, Opposite Seacliff 2 Pumping Station",Baker Beach,Posting,Unknown,Combined Sewer Discharge,2003-10-10,12:00:00,2003-10-11,12:00:00,,Station 16,,,,,Active,2015-09-19,37.78977,-122.48741,OCEAN#16_SL,baker_china,cso,1
34815,OCEAN#17_SL,China Beach,China Beach,Posting,Unknown,Unknown,2003-10-10,12:00:00,2003-10-11,12:00:00,,,,,,,Active,2015-09-19,37.78816,-122.49136,OCEAN#17_SL,baker_china,other,1
34676,BAY#211_SL,Aquatic Park Beach,Aquatic Park,Posting,Unknown,Unknown,2003-10-21,12:00:00,2003-10-22,12:00:00,,,,,,,Active,2015-09-19,37.8078,-122.4221,BAY#211_SL,north,other,1
34677,BAY#211_SL,Aquatic Park Beach,Aquatic Park,Posting,Unknown,Unknown,2003-10-23,12:00:00,2003-10-24,12:00:00,,,,,,,Active,2015-09-19,37.8078,-122.4221,BAY#211_SL,north,other,1
34751,OCEAN#15_SL,"Baker Beach, Lobos Creek at Lower Parking Lot",Baker Beach,Posting,Unknown,Unknown,2003-10-23,12:00:00,2003-10-24,12:00:00,,,,,,,Active,2015-09-19,37.7917,-122.484926,OCEAN#15_SL,baker_china,other,1
34816,OCEAN#17_SL,China Beach,China Beach,Posting,Unknown,Unknown,2003-10-23,12:00:00,2003-10-24,12:00:00,,,,,,,Active,2015-09-19,37.78816,-122.49136,OCEAN#17_SL,baker_china,other,1
34649,BAY#202.4_SL,"Crissy Field, East",Crissy Field,Posting,Unknown,Unknown,2003-10-28,12:00:00,2003-10-31,12:00:00,,,,,,,Active,2015-09-19,37.8066,-122.4519,BAY#202.4_SL,north,other,3
34678,BAY#211_SL,Aquatic Park Beach,Aquatic Park,Posting,Unknown,Unknown,2003-10-28,12:00:00,2003-10-31,12:00:00,,,,,,,Active,2015-09-19,37.8078,-122.4221,BAY#211_SL,north,other,3
34710,BAY#300.1_SL,Sunnydale Cove,Candlestick Point,Posting,Unknown,Unknown,2003-10-29,12:00:00,2003-10-30,12:00:00,,,,,,,Active,2015-09-19,37.7096,-122.3899,BAY#300.1_SL,east,other,1
34679,BAY#211_SL,Aquatic Park Beach,Aquatic Park,Posting,Unknown,Unknown,2003-11-05,12:00:00,2003-11-08,12:00:00,,,,,,,Active,2015-09-19,37.8078,-122.4221,BAY#211_SL,north,other,3
34727,BAY#301.1_SL,Windsurfer Circle,Candlestick Point,Posting,Unknown,Unknown,2003-11-18,12:00:00,2003-11-20,12:00:00,,,,,,,Active,2015-09-19,37.70917,-122.3823,BAY#301.1_SL,east,other,2
34650,BAY#202.4_SL,"Crissy Field, East",Crissy Field,Posting,Unknown,Unknown,2003-11-25,12:00:00,2003-11-28,12:00:00,,,,,,,Active,2015-09-19,37.8066,-122.4519,BAY#202.4_SL,north,other,3
34680,BAY#211_SL,Aquatic Park Beach,Aquatic Park,Posting,Unknown,Unknown,2003-11-25,12:00:00,2003-11-27,12:00:00,,,,,,,Active,2015-09-19,37.8078,-122.4221,BAY#211_SL,north,other,2
34711,BAY#300.1_SL,Sunnydale Cove,Candlestick Point,Rain,Rain,Unknown,2003-12-02,12:00:00,2003-12-03,12:00:00,,"Sunnydale Cove, and Windsurfer Circle",,,,,Active,2015-09-19,37.7096,-122.3899,BAY#300.1_SL,east,rain,1
34866,OCEAN#21.1_SL,"Ocean Beach, at Sloat Blvd.",Ocean Beach,Rain,Rain,Combined Sewer Discharge,2003-12-04,12:00:00,2003-12-05,12:00:00,,,,,,,Active,2015-09-19,37.73567,-122.50769,OCEAN#21.1_SL,ocean,cso,1
34728,BAY#301.1_SL,Windsurfer Circle,Candlestick Point,Rain,Rain,Unknown,2003-12-05,12:00:00,2003-12-09,12:00:00,,Windsurfer Circle,,,,,Active,2015-09-19,37.70917,-122.3823,BAY#301.1_SL,east,rain,4
34681,BAY#211_SL,Aquatic Park Beach,Aquatic Park,Rain,Rain,Unknown,2003-12-07,12:00:00,2003-12-10,12:00:00,,,,,,,Active,2015-09-19,37.8078,-122.4221,BAY#211_SL,north,rain,3
34793,OCEAN#16_SL,"Baker Beach West, Opposite Seacliff 2 Pumping Station",Baker Beach,Rain,Rain,Combined Sewer Discharge,2003-12-07,12:00:00,2003-12-08,12:00:00,,,,,,,Active,2015-09-19,37.78977,-122.48741,OCEAN#16_SL,baker_china,cso,1
34729,BAY#301.1_SL,Windsurfer Circle,Candlestick Point,Rain,Rain,Unknown,2003-12-10,12:00:00,2003-12-13,12:00:00,,Windsurfer Circle,,,,,Active,2015-09-19,37.70917,-122.3823,BAY#301.1_SL,east,rain,3
34794,OCEAN#16_SL,"Baker Beach West, Opposite Seacliff 2 Pumping Station",Baker Beach,Rain,Rain,Combined Sewer Discharge,2003-12-11,12:00:00,2003-12-13,12:00:00,,,,,,,Active,2015-09-19,37.78977,-122.48741,OCEAN#16_SL,baker_china,cso,2
34827,OCEAN#18_SL,"Ocean Beach, at Balboa St.",Ocean Beach,Rain,Rain,Unknown,2003-12-11,12:00:00,2003-12-12,12:00:00,,,,,,,Active,2015-09-19,37.77492,-122.51351,OCEAN#18_SL,ocean,rain,1
34682,BAY#211_SL,Aquatic Park Beach,Aquatic Park,Rain,Rain,Unknown,2003-12-12,12:00:00,2003-12-13,12:00:00,,,,,,,Active,2015-09-19,37.8078,-122.4221,BAY#211_SL,north,rain,1
34795,OCEAN#16_SL,"Baker Beach West, Opposite Seacliff 2 Pumping Station",Baker Beach,Rain,Rain,Combined Sewer Discharge,2003-12-14,12:00:00,2003-12-15,12:00:00,,,,,,,Active,2015-09-19,37.78977,-122.48741,OCEAN#16_SL,baker_china,cso,1
34817,OCEAN#17_SL,China Beach,China Beach,Rain,Rain,Unknown,2003-12-14,12:00:00,2003-12-15,12:00:00,,,,,,,Active,2015-09-19,37.78816,-122.49136,OCEAN#17_SL,baker_china,rain,1
34890,OCEAN#22_SL,Fort Funston,Ocean Beach,Rain,Rain,Combined Sewer Discharge,2003-12-14,12:00:00,2003-12-15,12:00:00,,,,,,,Active,2015-09-19,37.71526,-122.50476,OCEAN#22_SL,ocean,cso,1
34730,BAY#301.1_SL,Windsurfer Circle,Candlestick Point,Rain,Rain,Unknown,2003-12-17,12:00:00,2003-12-18,12:00:00,,Windsurfer Circle,,,,,Active,2015-09-19,37.70917,-122.3823,BAY#301.1_SL,east,rain,1
34818,OCEAN#17_SL,China Beach,China Beach,Closure,Unknown,Unknown,2003-12-21,12:00:00,2003-12-22,12:00:00,,,,,,,Active,2015-09-19,37.78816,-122.49136,OCEAN#17_SL,baker_china,other,1
34651,BAY#202.4_SL,"Crissy Field, East",Crissy Field,Rain,Rain,Unknown,2003-12-23,12:00:00,2003-12-27,12:00:00,,,,,,,Active,2015-09-19,37.8066,-122.4519,BAY#202.4_SL,north,rain,4
34683,BAY#211_SL,Aquatic Park Beach,Aquatic Park,Rain,Rain,Unknown,2003-12-23,12:00:00,2003-12-24,12:00:00,,,,,,,Active,2015-09-19,37.8078,-122.4221,BAY#211_SL,north,rain,1
34713,BAY#300.1_SL,Sunnydale Cove,Candlestick Point,Rain,Rain,Unknown,2003-12-23,12:00:00,2004-01-03,12:00:00,,"Sunnydale Cove, Windsurder Circle, Jack Rabbit Beach",,,,,Active,2015-09-19,37.7096,-122.3899,BAY#300.1_SL,east,rain,11
34796,OCEAN#16_SL,"Baker Beach West, Opposite Seacliff 2 Pumping Station",Baker Beach,Rain,Rain,Combined Sewer Discharge,2003-12-24,12:00:00,2003-12-25,12:00:00,,,,,,,Active,2015-09-19,37.78977,-122.48741,OCEAN#16_SL,baker_china,cso,1
34837,OCEAN#19_SL,"Ocean Beach, at Lincoln Ave.",Ocean Beach,Rain,Rain,Unknown,2003-12-24,12:00:00,2003-12-26,12:00:00,,,,,,,Active,2015-09-19,37.7638,-122.511,OCEAN#19_SL,ocean,rain,2
34797,OCEAN#16_SL,"Baker Beach West, Opposite Seacliff 2 Pumping Station",Baker Beach,Rain,Rain,Combined Sewer Discharge,2003-12-29,12:00:00,2003-12-31,12:00:00,,,,,,,Active,2015-09-19,37.78977,-122.48741,OCEAN#16_SL,baker_china,cso,2
34819,OCEAN#17_SL,China Beach,China Beach,Rain,Rain,Unknown,2003-12-29,12:00:00,2003-12-31,12:00:00,,,,,,,Active,2015-09-19,37.78816,-122.49136,OCEAN#17_SL,baker_china,rain,2
34867,OCEAN#21.1_SL,"Ocean Beach, at Sloat Blvd.",Ocean Beach,Rain,Rain,Combined Sewer Discharge,2003-12-29,12:00:00,2004-01-03,12:00:00,,,,,,,Active,2015-09-19,37.73567,-122.50769,OCEAN#21.1_SL,ocean,cso,5
34891,OCEAN#22_SL,Fort Funston,Ocean Beach,Rain,Rain,Combined Sewer Discharge,2003-12-29,12:00:00,2004-01-05,12:00:00,,,,,,,Active,2015-09-19,37.71526,-122.50476,OCEAN#22_SL,ocean,cso,7
34684,BAY#211_SL,Aquatic Park Beach,Aquatic Park,Rain,Rain,Unknown,2003-12-31,12:00:00,2004-01-04,12:00:00,,,,,,,Active,2015-09-19,37.8078,-122.4221,BAY#211_SL,north,rain,4
34714,BAY#300.1_SL,Sunnydale Cove,Candlestick Point,Rain,Rain,Unknown,2004-01-01,12:00:00,2004-01-03,12:00:00,,"Sunnydale Cove, Windersurfer Circle, and Jack Rabbit Beach",,,,,Active,2015-09-19,37.7096,-122.3899,BAY#300.1_SL,east,rain,2
34798,OCEAN#16_SL,"Baker Beach West, Opposite Seacliff 2 Pumping Station",Baker Beach,Rain,Rain,Combined Sewer Discharge,2004-01-01,12:00:00,2004-01-03,12:00:00,,,,,,,Active,2015-09-19,37.78977,-122.48741,OCEAN#16_SL,baker_china,cso,2
34753,OCEAN#15_SL,"Baker Beach, Lobos Creek at Lower Parking Lot",Baker Beach,Posting,Unknown,Unknown,2004-01-08,12:00:00,2004-01-09,12:00:00,,,,,,,Active,2015-09-19,37.7917,-122.484926,OCEAN#15_SL,baker_china,other,1
34652,BAY#202.4_SL,"Crissy Field, East",Crissy Field,Posting,Unknown,Unknown,2004-01-22,12:00:00,2004-01-23,12:00:00,,,,,,,Active,2015-09-19,37.8066,-122.4519,BAY#202.4_SL,north,other,1
34754,OCEAN#15_SL,"Baker Beach, Lobos Creek at Lower Parking Lot",Baker Beach,Posting,Unknown,Unknown,2004-01-23,12:00:00,2004-01-24,12:00:00,,,,,,,Active,2015-09-19,37.7917,-122.484926,OCEAN#15_SL,baker_china,other,1
34715,BAY#300.1_SL,Sunnydale Cove,Candlestick Point,Rain,Rain,Unknown,2004-01-29,12:00:00,2004-01-31,12:00:00,,,,,,,Active,2015-09-19,37.7096,-122.3899,BAY#300.1_SL,east,rain,2
34799,OCEAN#16_SL,"Baker Beach West, Opposite Seacliff 2 Pumping Station",Baker Beach,Closure,Unknown,Combined Sewer Discharge,2004-02-02,12:00:00,2004-02-05,12:00:00,,"Baker Beach, Ocean # 15_SL",,,,,Active,2015-09-19,37.78977,-122.48741,OCEAN#16_SL,baker_china,cso,3
34820,OCEAN#17_SL,China Beach,China Beach,Rain,Rain,Unknown,2004-02-02,12:00:00,2004-02-04,12:00:00,,"China Beach, Sample station 17",,,,,Active,2015-09-19,37.78816,-122.49136,OCEAN#17_SL,baker_china,rain,2
34868,OCEAN#21.1_SL,"Ocean Beach, at Sloat Blvd.",Ocean Beach,Rain,Rain,Combined Sewer Discharge,2004-02-02,12:00:00,2004-02-05,12:00:00,,"Ocean Beach:  Stations 18,19, 20, 21, 21.1",,,,,Active,2015-09-19,37.73567,-122.50769,OCEAN#21.1_SL,ocean,cso,3
34892,OCEAN#22_SL,Fort Funston,Ocean Beach,Rain,Rain,Combined Sewer Discharge,2004-02-02,12:00:00,2004-02-05,12:00:00,,Ocean Beach/Fort Funston,,,,,Active,2015-09-19,37.71526,-122.50476,OCEAN#22_SL,ocean,cso,3
34653,BAY#202.4_SL,"Crissy Field, East",Crissy Field,Posting,Unknown,Unknown,2004-02-05,12:00:00,2004-02-06,12:00:00,,"Crissy Field Beach, Bay # 202.4_SL",,,,,Active,2015-09-19,37.8066,-122.4519,BAY#202.4_SL,north,other,1
34654,BAY#202.4_SL,"Crissy Field, East",Crissy Field,Posting,Unknown,Unknown,2004-02-19,12:00:00,2004-02-20,12:00:00,,"Crissy Field Beach, Bay # 202.4_SL",,,,,Active,2015-09-19,37.8066,-122.4519,BAY#202.4_SL,north,other,1
34667,BAY#210.1_SL,Hyde Street Pier,Aquatic Park,Posting,Unknown,Unknown,2004-02-19,12:00:00,2004-02-20,12:00:00,,"Aquatic Park Beach, Bay # 210.1_SL",,,,,Active,2015-09-19,37.80899,-122.4212947,BAY#210.1_SL,north,other,1
34716,BAY#300.1_SL,Sunnydale Cove,Candlestick Point,Posting,Unknown,Unknown,2004-02-25,12:00:00,2004-02-29,12:00:00,,Station # 300.1_SL,,,,,Active,2015-09-19,37.7096,-122.3899,BAY#300.1_SL,east,other,4
34800,OCEAN#16_SL,"Baker Beach West, Opposite Seacliff 2 Pumping Station",Baker Beach,Rain,Rain,Combined Sewer Discharge,2004-02-25,12:00:00,2004-02-27,12:00:00,,"Baker Beach: Station15, 15E, 16",,,,,Active,2015-09-19,37.78977,-122.48741,OCEAN#16_SL,baker_china,cso,2
34821,OCEAN#17_SL,China Beach,China Beach,Rain,Rain,Unknown,2004-02-25,12:00:00,2004-02-27,12:00:00,,China Beach:  Sample station 17,,,,,Active,2015-09-19,37.78816,-122.49136,OCEAN#17_SL,baker_china,rain,2
34869,OCEAN#21.1_SL,"Ocean Beach, at Sloat Blvd.",Ocean Beach,Rain,Rain,Combined Sewer Discharge,2004-02-25,12:00:00,2004-02-27,12:00:00,,"Ocean Beach:  Sampling stations 18, 19, 20, 21, 21.1",,,,,Active,2015-09-19,37.73567,-122.50769,OCEAN#21.1_SL,ocean,cso,2
34893,OCEAN#22_SL,Fort Funston,Ocean Beach,Rain,Rain,Combined Sewer Discharge,2004-02-25,12:00:00,2004-02-29,12:00:00,,Ocean Beach/Fort Funston,,,,,Active,2015-09-19,37.71526,-122.50476,OCEAN#22_SL,ocean,cso,4
34655,BAY#202.4_SL,"Crissy Field, East",Crissy Field,Posting,Unknown,Unknown,2004-03-25,12:00:00,2004-03-26,12:00:00,,Bay sampling station 202.4,,,,,Active,2015-09-19,37.8066,-122.4519,BAY#202.4_SL,north,other,1
34801,OCEAN#16_SL,"Baker Beach West, Opposite Seacliff 2 Pumping Station",Baker Beach,Rain,Rain,Combined Sewer Discharge,2004-03-26,12:00:00,2004-03-27,12:00:00,,"Ocean sample stations 15, 15E, 16",,,,,Active,2015-09-19,37.78977,-122.48741,OCEAN#16_SL,baker_china,cso,1
34632,BAY#202.2_SL,"Crissy Field, Trees",Crissy Field,Posting,Unknown,Vessel,2004-06-30,12:00:00,2004-07-01,12:00:00,,,,,,,Inactive,2015-09-19,37.80567,-122.4569176,,north,other,1
34656,BAY#202.4_SL,"Crissy Field, East",Crissy Field,Posting,Unknown,Unknown,2004-07-08,12:00:00,2004-07-09,12:00:00,,,,,,,Active,2015-09-19,37.8066,-122.4519,BAY#202.4_SL,north,other,1
34731,BAY#301.1_SL,Windsurfer Circle,Candlestick Point,Posting,Unknown,Unknown,2004-07-08,12:00:00,2004-07-09,12:00:00,,,,,,,Active,2015-09-19,37.70917,-122.3823,BAY#301.1_SL,east,other,1
34755,OCEAN#15_SL,"Baker Beach, Lobos Creek at Lower Parking Lot",Baker Beach,Posting,Unknown,Unknown,2004-07-15,12:00:00,2004-07-16,12:00:00,,,,,,,Active,2015-09-19,37.7917,-122.484926,OCEAN#15_SL,baker_china,other,1
34828,OCEAN#18_SL,"Ocean Beach, at Balboa St.",Ocean Beach,Posting,Unknown,Unknown,2004-07-29,12:00:00,2004-07-30,12:00:00,,,,,,,Active,2015-09-19,37.77492,-122.51351,OCEAN#18_SL,ocean,other,1
34829,OCEAN#18_SL,"Ocean Beach, at Balboa St.",Ocean Beach,Posting,Unknown,Unknown,2004-08-04,12:00:00,2004-08-05,12:00:00,,,,,,,Active,2015-09-19,37.77492,-122.51351,OCEAN#18_SL,ocean,other,1
34685,BAY#211_SL,Aquatic Park Beach,Aquatic Park,Posting,Unknown,Unknown,2004-08-11,12:00:00,2004-08-12,12:00:00,,,,,,,Active,2015-09-19,37.8078,-122.4221,BAY#211_SL,north,other,1
34756,OCEAN#15_SL,"Baker Beach, Lobos Creek at Lower Parking Lot",Baker Beach,Posting,Unknown,Unknown,2004-08-12,12:00:00,2004-08-13,12:00:00,,,,,,,Active,2015-09-19,37.7917,-122.484926,OCEAN#15_SL,baker_china,other,1
34744,BAY#301.2_SL,Jack Rabbit Beach,Candlestick Point,Posting,Unknown,Unknown,2004-08-25,12:00:00,2004-08-26,12:00:00,,,,,,,Active,2015-09-19,37.711025,-122.380136,BAY#301.2_SL,east,other,1
34757,OCEAN#15_SL,"Baker Beach, Lobos Creek at Lower Parking Lot",Baker Beach,Posting,Unknown,Unknown,2004-09-01,12:00:00,2004-09-02,12:00:00,,,,,,,Active,2015-09-19,37.7917,-122.484926,OCEAN#15_SL,baker_china,other,1
34830,OCEAN#18_SL,"Ocean Beach, at Balboa St.",Ocean Beach,Posting,Unknown,Unknown,2004-09-01,12:00:00,2004-09-02,12:00:00,,,,,,,Active,2015-09-19,37.77492,-122.51351,OCEAN#18_SL,ocean,other,1
34633,BAY#202.2_SL,"Crissy Field, Trees",Crissy Field,Posting,Unknown,Vessel,2004-09-16,12:00:00,2004-09-17,12:00:00,,,,,,,Inactive,2015-09-19,37.80567,-122.4569176,,north,other,1
34758,OCEAN#15_SL,"Baker Beach, Lobos Creek at Lower Parking Lot",Baker Beach,Posting,Unknown,Unknown,2004-10-07,12:00:00,2004-10-08,12:00:00,,,,,,,Active,2015-09-19,37.7917,-122.484926,OCEAN#15_SL,baker_china,other,1
34634,BAY#202.2_SL,"Crissy Field, Trees",Crissy Field,Posting,Unknown,Vessel,2004-10-14,12:00:00,2004-10-15,12:00:00,,,,,,,Inactive,2015-09-19,37.80567,-122.4569176,,north,other,1
34686,BAY#211_SL,Aquatic Park Beach,Aquatic Park,Rain,Rain,Unknown,2004-10-20,12:00:00,2004-10-21,12:00:00,,,,,,,Active,2015-09-19,37.8078,-122.4221,BAY#211_SL,north,rain,1
34717,BAY#300.1_SL,Sunnydale Cove,Candlestick Point,Rain,Rain,Unknown,2004-10-20,12:00:00,2004-10-22,12:00:00,,,,,,,Active,2015-09-19,37.7096,-122.3899,BAY#300.1_SL,east,rain,2
34732,BAY#301.1_SL,Windsurfer Circle,Candlestick Point,Rain,Rain,Unknown,2004-10-20,12:00:00,2004-10-22,12:00:00,,,,,,,Active,2015-09-19,37.70917,-122.3823,BAY#301.1_SL,east,rain,2
34759,OCEAN#15_SL,"Baker Beach, Lobos Creek at Lower Parking Lot",Baker Beach,Rain,Rain,Unknown,2004-10-21,12:00:00,2004-10-22,12:00:00,,,,,,,Active,2015-09-19,37.7917,-122.484926,OCEAN#15_SL,baker_china,rain,1
34774,OCEAN#15EAST_SL,"Baker Beach East, Upper Parking Lot",Baker Beach,Rain,Rain,Unknown,2004-10-26,12:00:00,2004-10-27,12:00:00,,,,,,,Active,2015-09-19,37.79258,-122.48465,OCEAN#15EAST_SL,baker_china,rain,1
34760,OCEAN#15_SL,"Baker Beach, Lobos Creek at Lower Parking Lot",Baker Beach,Rain,Rain,Unknown,2004-10-26,12:00:00,2004-10-27,12:00:00,,,,,,,Active,2015-09-19,37.7917,-122.484926,OCEAN#15_SL,baker_china,rain,1
34802,OCEAN#16_SL,"Baker Beach West, Opposite Seacliff 2 Pumping Station",Baker Beach,Rain,Rain,Combined Sewer Discharge,2004-10-26,12:00:00,2004-10-27,12:00:00,,,,,,,Active,2015-09-19,37.78977,-122.48741,OCEAN#16_SL,baker_china,cso,1
34831,OCEAN#18_SL,"Ocean Beach, at Balboa St.",Ocean Beach,Rain,Rain,Unknown,2004-10-26,12:00:00,2004-10-27,12:00:00,,,,,,,Active,2015-09-19,37.77492,-122.51351,OCEAN#18_SL,ocean,rain,1
34838,OCEAN#19_SL,"Ocean Beach, at Lincoln Ave.",Ocean Beach,Rain,Rain,Unknown,2004-10-26,12:00:00,2004-10-29,12:00:00,,,,,,,Active,2015-09-19,37.7638,-122.511,OCEAN#19_SL,ocean,rain,3
34844,OCEAN#20_SL,"Ocean Beach, at Pacheco St.",Ocean Beach,Rain,Rain,Unknown,2004-10-26,12:00:00,2004-10-27,12:00:00,,,,,,,Active,2015-09-19,37.74891,-122.50996,OCEAN#20_SL,ocean,rain,1
34870,OCEAN#21.1_SL,"Ocean Beach, at Sloat Blvd.",Ocean Beach,Rain,Rain,Combined Sewer Discharge,2004-10-26,12:00:00,2004-10-27,12:00:00,,,,,,,Active,2015-09-19,37.73567,-122.50769,OCEAN#21.1_SL,ocean,cso,1
34876,OCEAN#21_SL,Ocean Beach at Vicente St.,Ocean Beach,Rain,Rain,Unknown,2004-10-26,12:00:00,2004-10-27,12:00:00,,,,,,,Active,2015-09-19,37.73782,-122.50825,OCEAN#21_SL,ocean,rain,1
34894,OCEAN#22_SL,Fort Funston,Ocean Beach,Rain,Rain,Combined Sewer Discharge,2004-10-26,12:00:00,2004-10-28,12:00:00,,,,,,,Active,2015-09-19,37.71526,-122.50476,OCEAN#22_SL,ocean,cso,2
34635,BAY#202.2_SL,"Crissy Field, Trees",Crissy Field,Posting,Unknown,Vessel,2004-10-29,12:00:00,2004-10-30,12:00:00,,,,,,,Inactive,2015-09-19,37.80567,-122.4569176,,north,other,1
34657,BAY#202.4_SL,"Crissy Field, East",Crissy Field,Posting,Unknown,Unknown,2004-10-29,12:00:00,2004-10-30,12:00:00,,,,,,,Active,2015-09-19,37.8066,-122.4519,BAY#202.4_SL,north,other,1
34687,BAY#211_SL,Aquatic Park Beach,Aquatic Park,Rain,Rain,Unknown,2004-11-11,12:00:00,2004-11-13,12:00:00,,,,,,,Active,2015-09-19,37.8078,-122.4221,BAY#211_SL,north,rain,2
34718,BAY#300.1_SL,Sunnydale Cove,Candlestick Point,Rain,Rain,Unknown,2004-11-11,12:00:00,2004-11-13,12:00:00,,,,,,,Active,2015-09-19,37.7096,-122.3899,BAY#300.1_SL,east,rain,2
34733,BAY#301.1_SL,Windsurfer Circle,Candlestick Point,Rain,Rain,Unknown,2004-11-11,12:00:00,2004-11-13,12:00:00,,,,,,,Active,2015-09-19,37.70917,-122.3823,BAY#301.1_SL,east,rain,2
34775,OCEAN#15EAST_SL,"Baker Beach East, Upper Parking Lot",Baker Beach,Rain,Rain,Unknown,2004-11-11,12:00:00,2004-11-12,12:00:00,,,,,,,Active,2015-09-19,37.79258,-122.48465,OCEAN#15EAST_SL,baker_china,rain,1
34761,OCEAN#15_SL,"Baker Beach, Lobos Creek at Lower Parking Lot",Baker Beach,Rain,Rain,Unknown,2004-11-11,12:00:00,2004-11-12,12:00:00,,,,,,,Active,2015-09-19,37.7917,-122.484926,OCEAN#15_SL,baker_china,rain,1
34803,OCEAN#16_SL,"Baker Beach West, Opposite Seacliff 2 Pumping Station",Baker Beach,Rain,Rain,Combined Sewer Discharge,2004-11-11,12:00:00,2004-11-12,12:00:00,,,,,,,Active,2015-09-19,37.78977,-122.48741,OCEAN#16_SL,baker_china,cso,1
34822,OCEAN#17_SL,China Beach,China Beach,Rain,Rain,Unknown,2004-11-11,12:00:00,2004-11-12,12:00:00,,,,,,,Active,2015-09-19,37.78816,-122.49136,OCEAN#17_SL,baker_china,rain,1
34688,BAY#211_SL,Aquatic Park Beach,Aquatic Park,Posting,Unknown,Unknown,2004-11-14,12:00:00,2004-11-17,12:00:00,,,,,,,Active,2015-09-19,37.8078,-122.4221,BAY#211_SL,north,other,3
34658,BAY#202.4_SL,"Crissy Field, East",Crissy Field,Posting,Unknown,Unknown,2004-11-23,12:00:00,2004-11-24,12:00:00,,,,,,,Active,2015-09-19,37.8066,-122.4519,BAY#202.4_SL,north,other,1
34689,BAY#211_SL,Aquatic Park Beach,Aquatic Park,Posting,Unknown,Unknown,2004-11-23,12:00:00,2004-11-24,12:00:00,,,,,,,Active,2015-09-19,37.8078,-122.4221,BAY#211_SL,north,other,1
34690,BAY#211_SL,Aquatic Park Beach,Aquatic Park,Posting,Other,Unknown,2004-12-01,12:00:00,2004-12-02,12:00:00,,,,,,,Active,2015-09-19,37.8078,-122.4221,BAY#211_SL,north,other,1
34776,OCEAN#15EAST_SL,"Baker Beach East, Upper Parking Lot",Baker Beach,Rain,Rain,Unknown,2004-12-07,12:00:00,2004-12-10,12:00:00,,,,,,,Active,2015-09-19,37.79258,-122.48465,OCEAN#15EAST_SL,baker_china,rain,3
34762,OCEAN#15_SL,"Baker Beach, Lobos Creek at Lower Parking Lot",Baker Beach,Rain,Rain,Unknown,2004-12-07,12:00:00,2004-12-11,12:00:00,,,,,,,Active,2015-09-19,37.7917,-122.484926,OCEAN#15_SL,baker_china,rain,4
34804,OCEAN#16_SL,"Baker Beach West, Opposite Seacliff 2 Pumping Station",Baker Beach,Rain,Rain,Combined Sewer Discharge,2004-12-07,12:00:00,2004-12-10,12:00:00,,,,,,,Active,2015-09-19,37.78977,-122.48741,OCEAN#16_SL,baker_china,cso,3
34832,OCEAN#18_SL,"Ocean Beach, at Balboa St.",Ocean Beach,Rain,Rain,Unknown,2004-12-07,12:00:00,2004-12-09,12:00:00,,,,,,,Active,2015-09-19,37.77492,-122.51351,OCEAN#18_SL,ocean,rain,2
34839,OCEAN#19_SL,"Ocean Beach, at Lincoln Ave.",Ocean Beach,Rain,Rain,Unknown,2004-12-07,12:00:00,2004-12-11,12:00:00,,,,,,,Active,2015-09-19,37.7638,-122.511,OCEAN#19_SL,ocean,rain,4
34871,OCEAN#21.1_SL,"Ocean Beach, at Sloat Blvd.",Ocean Beach,Closure,Other,Combined Sewer Discharge,2004-12-07,12:00:00,2004-12-09,12:00:00,,,,,,,Active,2015-09-19,37.73567,-122.50769,OCEAN#21.1_SL,ocean,cso,2
34895,OCEAN#22_SL,Fort Funston,Ocean Beach,Rain,Rain,Combined Sewer Discharge,2004-12-07,12:00:00,2004-12-09,12:00:00,,,,,,,Active,2015-09-19,37.71526,-122.50476,OCEAN#22_SL,ocean,cso,2
34659,BAY#202.4_SL,"Crissy Field, East",Crissy Field,Posting,Other,Unknown,2004-12-09,12:00:00,2004-12-14,12:00:00,,,,,,,Active,2015-09-19,37.8066,-122.4519,BAY#202.4_SL,north,other,5
34719,BAY#300.1_SL,Sunnydale Cove,Candlestick Point,Posting,Other,Unknown,2004-12-09,12:00:00,2004-12-10,12:00:00,,,,,,,Active,2015-09-19,37.7096,-122.3899,BAY#300.1_SL,east,other,1
34734,BAY#301.1_SL,Windsurfer Circle,Candlestick Point,Posting,Other,Unknown,2004-12-09,12:00:00,2004-12-10,12:00:00,,,,,,,Active,2015-09-19,37.70917,-122.3823,BAY#301.1_SL,east,other,1
34746,BAY#301.2_SL,Jack Rabbit Beach,Candlestick Point,Posting,Other,Unknown,2004-12-09,12:00:00,2004-12-10,12:00:00,,,,,,,Active,2015-09-19,37.711025,-122.380136,BAY#301.2_SL,east,other,1
34636,BAY#202.2_SL,"Crissy Field, Trees",Crissy Field,Posting,Other,Vessel,2004-12-10,12:00:00,2004-12-11,12:00:00,,,,,,,Inactive,2015-09-19,37.80567,-122.4569176,,north,other,1
34637,BAY#202.2_SL,"Crissy Field, Trees",Crissy Field,Posting,Other,Vessel,2004-12-27,12:00:00,2004-12-30,12:00:00,,,,,,,Inactive,2015-09-19,37.80567,-122.4569176,,north,other,3
34660,BAY#202.4_SL,"Crissy Field, East",Crissy Field,Posting,Other,Unknown,2004-12-27,12:00:00,2004-12-29,12:00:00,,,,,,,Active,2015-09-19,37.8066,-122.4519,BAY#202.4_SL,north,other,2
34735,BAY#301.1_SL,Windsurfer Circle,Candlestick Point,Rain,Rain,Unknown,2004-12-27,12:00:00,2005-01-04,12:00:00,,,,,,,Active,2015-09-19,37.70917,-122.3823,BAY#301.1_SL,east,rain,8
34748,BAY#301.2_SL,Jack Rabbit Beach,Candlestick Point,Rain,Rain,Unknown,2004-12-27,12:00:00,2004-12-29,12:00:00,,,,,,,Active,2015-09-19,37.711025,-122.380136,BAY#301.2_SL,east,rain,2
34777,OCEAN#15EAST_SL,"Baker Beach East, Upper Parking Lot",Baker Beach,Rain,Rain,Unknown,2004-12-27,12:00:00,2004-12-29,12:00:00,,,,,,,Active,2015-09-19,37.79258,-122.48465,OCEAN#15EAST_SL,baker_china,rain,2
34763,OCEAN#15_SL,"Baker Beach, Lobos Creek at Lower Parking Lot",Baker Beach,Rain,Rain,Unknown,2004-12-27,12:00:00,2004-12-29,12:00:00,,,,,,,Active,2015-09-19,37.7917,-122.484926,OCEAN#15_SL,baker_china,rain,2
34805,OCEAN#16_SL,"Baker Beach West, Opposite Seacliff 2 Pumping Station",Baker Beach,Rain,Rain,Combined Sewer Discharge,2004-12-27,12:00:00,2004-12-31,12:00:00,,,,,,,Active,2015-09-19,37.78977,-122.48741,OCEAN#16_SL,baker_china,cso,4
34833,OCEAN#18_SL,"Ocean Beach, at Balboa St.",Ocean Beach,Rain,Rain,Unknown,2004-12-27,12:00:00,2004-12-30,12:00:00,,,,,,,Active,2015-09-19,37.77492,-122.51351,OCEAN#18_SL,ocean,rain,3
34840,OCEAN#19_SL,"Ocean Beach, at Lincoln Ave.",Ocean Beach,Rain,Rain,Unknown,2004-12-27,12:00:00,2004-12-30,12:00:00,,,,,,,Active,2015-09-19,37.7638,-122.511,OCEAN#19_SL,ocean,rain,3
34872,OCEAN#21.1_SL,"Ocean Beach, at Sloat Blvd.",Ocean Beach,Rain,Rain,Combined Sewer Discharge,2004-12-27,12:00:00,2004-12-30,12:00:00,,,,,,,Active,2015-09-19,37.73567,-122.50769,OCEAN#21.1_SL,ocean,cso,3
34896,OCEAN#22_SL,Fort Funston,Ocean Beach,Rain,Rain,Combined Sewer Discharge,2004-12-27,12:00:00,2004-12-29,12:00:00,,,,,,,Active,2015-09-19,37.71526,-122.50476,OCEAN#22_SL,ocean,cso,2
34778,OCEAN#15EAST_SL,"Baker Beach East, Upper Parking Lot",Baker Beach,Rain,Rain,Unknown,2004-12-30,12:00:00,2004-12-31,12:00:00,,,,,,,Active,2015-09-19,37.79258,-122.48465,OCEAN#15EAST_SL,baker_china,rain,1
34764,OCEAN#15_SL,"Baker Beach, Lobos Creek at Lower Parking Lot",Baker Beach,Rain,Rain,Unknown,2004-12-30,12:00:00,2004-12-31,12:00:00,,,,,,,Active,2015-09-19,37.7917,-122.484926,OCEAN#15_SL,baker_china,rain,1
34823,OCEAN#17_SL,China Beach,China Beach,Rain,Rain,Unknown,2004-12-30,12:00:00,2004-12-31,12:00:00,,,,,,,Active,2015-09-19,37.78816,-122.49136,OCEAN#17_SL,baker_china,rain,1
34834,OCEAN#18_SL,"Ocean Beach, at Balboa St.",Ocean Beach,Rain,Rain,Unknown,2005-01-08,12:00:00,2005-01-10,12:00:00,,,,,,,Active,2015-09-19,37.77492,-122.51351,OCEAN#18_SL,ocean,rain,2
34841,OCEAN#19_SL,"Ocean Beach, at Lincoln Ave.",Ocean Beach,Rain,Rain,Unknown,2005-01-08,12:00:00,2005-01-10,12:00:00,,,,,,,Active,2015-09-19,37.7638,-122.511,OCEAN#19_SL,ocean,rain,2
34845,OCEAN#20_SL,"Ocean Beach, at Pacheco St.",Ocean Beach,Rain,Rain,Unknown,2005-01-08,12:00:00,2005-01-10,12:00:00,,,,,,,Active,2015-09-19,37.74891,-122.50996,OCEAN#20_SL,ocean,rain,2
34873,OCEAN#21.1_SL,"Ocean Beach, at Sloat Blvd.",Ocean Beach,Rain,Rain,Combined Sewer Discharge,2005-01-08,12:00:00,2005-01-10,12:00:00,,,,,,,Active,2015-09-19,37.73567,-122.50769,OCEAN#21.1_SL,ocean,cso,2
34877,OCEAN#21_SL,Ocean Beach at Vicente St.,Ocean Beach,Rain,Rain,Unknown,2005-01-08,12:00:00,2005-01-10,12:00:00,,,,,,,Active,2015-09-19,37.73782,-122.50825,OCEAN#21_SL,ocean,rain,2
34897,OCEAN#22_SL,Fort Funston,Ocean Beach,Rain,Rain,Combined Sewer Discharge,2005-01-08,12:00:00,2005-01-10,12:00:00,,,,,,,Active,2015-09-19,37.71526,-122.50476,OCEAN#22_SL,ocean,cso,2
34779,OCEAN#15EAST_SL,"Baker Beach East, Upper Parking Lot",Baker Beach,Rain,Rain,Unknown,2005-01-11,12:00:00,2005-01-12,12:00:00,,,,,,,Active,2015-09-19,37.79258,-122.48465,OCEAN#15EAST_SL,baker_china,rain,1
34765,OCEAN#15_SL,"Baker Beach, Lobos Creek at Lower Parking Lot",Baker Beach,Closure,Pump Station Failure,Unknown,2005-01-11,12:00:00,2005-01-12,12:00:00,,,,,,,Active,2015-09-19,37.7917,-122.484926,OCEAN#15_SL,baker_china,other,1
34806,OCEAN#16_SL,"Baker Beach West, Opposite Seacliff 2 Pumping Station",Baker Beach,Rain,Rain,Combined Sewer Discharge,2005-01-11,12:00:00,2005-01-12,12:00:00,,,,,,,Active,2015-09-19,37.78977,-122.48741,OCEAN#16_SL,baker_china,cso,1
34824,OCEAN#17_SL,China Beach,China Beach,Rain,Rain,Unknown,2005-01-11,12:00:00,2005-01-12,12:00:00,,,,,,,Active,2015-09-19,37.78816,-122.49136,OCEAN#17_SL,baker_china,rain,1
34638,BAY#202.2_SL,"Crissy Field, Trees",Crissy Field,Rain,Rain,Vessel,2005-01-12,12:00:00,2005-01-13,12:00:00,,,,,,,Inactive,2015-09-19,37.80567,-122.4569176,,north,rain,1
34661,BAY#202.4_SL,"Crissy Field, East",Crissy Field,Rain,Rain,Unknown,2005-01-12,12:00:00,2005-01-13,12:00:00,,,,,,,Active,2015-09-19,37.8066,-122.4519,BAY#202.4_SL,north,rain,1
34662,BAY#202.4_SL,"Crissy Field, East",Crissy Field,Rain,Rain,Unknown,2005-01-20,12:00:00,2005-01-21,12:00:00,,,,,,,Active,2015-09-19,37.8066,-122.4519,BAY#202.4_SL,north,rain,1
34780,OCEAN#15EAST_SL,"Baker Beach East, Upper Parking Lot",Baker Beach,Rain,Rain,Unknown,2005-01-27,12:00:00,2005-01-28,12:00:00,,,,,,,Active,2015-09-19,37.79258,-122.48465,OCEAN#15EAST_SL,baker_china,rain,1
34668,BAY#210.1_SL,Hyde Street Pier,Aquatic Park,Posting,Unknown,Unknown,2005-02-09,12:00:00,2005-02-10,12:00:00,,,,,,,Active,2015-09-19,37.80899,-122.4212947,BAY#210.1_SL,north,other,1
34749,BAY#301.2_SL,Jack Rabbit Beach,Candlestick Point,Posting,Unknown,Unknown,2005-02-09,12:00:00,2005-02-11,12:00:00,,,,,,,Active,2015-09-19,37.711025,-122.380136,BAY#301.2_SL,east,other,2
34807,OCEAN#16_SL,"Baker Beach West, Opposite Seacliff 2 Pumping Station",Baker Beach,Rain,Rain,Combined Sewer Discharge,2005-02-16,12:00:00,2005-02-17,12:00:00,,,,,,,Active,2015-09-19,37.78977,-122.48741,OCEAN#16_SL,baker_china,cso,1
34836,OCEAN#18_SL,"Ocean Beach, at Balboa St.",Ocean Beach,Rain,Rain,Unknown,2005-02-16,12:00:00,2005-02-17,12:00:00,,,,,,,Active,2015-09-19,37.77492,-122.51351,OCEAN#18_SL,ocean,rain,1
34842,OCEAN#19_SL,"Ocean Beach, at Lincoln Ave.",Ocean Beach,Rain,Rain,Unknown,2005-02-16,12:00:00,2005-02-17,12:00:00,,,,,,,Active,2015-09-19,37.7638,-122.511,OCEAN#19_SL,ocean,rain,1
34846,OCEAN#20_SL,"Ocean Beach, at Pacheco St.",Ocean Beach,Rain,Rain,Unknown,2005-02-16,12:00:00,2005-02-17,12:00:00,,,,,,,Active,2015-09-19,37.74891,-122.50996,OCEAN#20_SL,ocean,rain,1
34874,OCEAN#21.1_SL,"Ocean Beach, at Sloat Blvd.",Ocean Beach,Rain,Rain,Combined Sewer Discharge,2005-02-16,12:00:00,2005-02-17,12:00:00,,,,,,,Active,2015-09-19,37.73567,-122.50769,OCEAN#21.1_SL,ocean,cso,1
34878,OCEAN#21_SL,Ocean Beach at Vicente St.,Ocean Beach,Rain,Rain,Unknown,2005-02-16,12:00:00,2005-02-18,12:00:00,,,,,,,Active,2015-09-19,37.73782,-122.50825,OCEAN#21_SL,ocean,rain,2
34898,OCEAN#22_SL,Fort Funston,Ocean Beach,Rain,Rain,Combined Sewer Discharge,2005-02-16,12:00:00,2005-02-17,12:00:00,,,,,,,Active,2015-09-19,37.71526,-122.50476,OCEAN#22_SL,ocean,cso,1
34663,BAY#202.4_SL,"Crissy Field, East",Crissy Field,Posting,Unknown,Unknown,2005-02-17,12:00:00,2005-02-18,12:00:00,,,,,,,Active,2015-09-19,37.8066,-122.4519,BAY#202.4_SL,north,other,1
34736,BAY#301.1_SL,Windsurfer Circle,Candlestick Point,Posting,Unknown,Unknown,2005-02-17,12:00:00,2005-02-19,12:00:00,,,,,,,Active,2015-09-19,37.70917,-122.3823,BAY#301.1_SL,east,other,2
34825,OCEAN#17_SL,China Beach,China Beach,Rain,Rain,Unknown,2005-02-18,12:00:00,2005-03-19,12:00:00,,,,,,,Active,2015-09-19,37.78816,-122.49136,OCEAN#17_SL,baker_china,rain,29
34639,BAY#202.2_SL,"Crissy Field, Trees",Crissy Field,Posting,Unknown,Vessel,2005-02-23,12:00:00,2005-02-24,12:00:00,,,,,,,Inactive,2015-09-19,37.80567,-122.4569176,,north,other,1
34664,BAY#202.4_SL,"Crissy Field, East",Crissy Field,Posting,Unknown,Unknown,2005-02-23,12:00:00,2005-02-24,12:00:00,,,,,,,Active,2015-09-19,37.8066,-122.4519,BAY#202.4_SL,north,other,1
34691,BAY#211_SL,Aquatic Park Beach,Aquatic Park,Posting,Unknown,Unknown,2005-02-23,12:00:00,2005-02-24,12:00:00,,,,,,,Active,2015-09-19,37.8078,-122.4221,BAY#211_SL,north,other,1
34781,OCEAN#15EAST_SL,"Baker Beach East, Upper Parking Lot",Baker Beach,Rain,Rain,Unknown,2005-02-28,12:00:00,2005-03-01,12:00:00,,,,,,,Active,2015-09-19,37.79258,-122.48465,OCEAN#15EAST_SL,baker_china,rain,1
34766,OCEAN#15_SL,"Baker Beach, Lobos Creek at Lower Parking Lot",Baker Beach,Rain,Rain,Unknown,2005-02-28,12:00:00,2005-03-01,12:00:00,,,,,,,Active,2015-09-19,37.7917,-122.484926,OCEAN#15_SL,baker_china,rain,1
34808,OCEAN#16_SL,"Baker Beach West, Opposite Seacliff 2 Pumping Station",Baker Beach,Rain,Rain,Combined Sewer Discharge,2005-02-28,12:00:00,2005-03-01,12:00:00,,,,,,,Active,2015-09-19,37.78977,-122.48741,OCEAN#16_SL,baker_china,cso,1
34847,OCEAN#20_SL,"Ocean Beach, at Pacheco St.",Ocean Beach,Rain,Rain,Unknown,2005-02-28,12:00:00,2005-03-01,12:00:00,,,,,,,Active,2015-09-19,37.74891,-122.50996,OCEAN#20_SL,ocean,rain,1
34875,OCEAN#21.1_SL,"Ocean Beach, at Sloat Blvd.",Ocean Beach,Rain,Rain,Combined Sewer Discharge,2005-02-28,12:00:00,2005-03-01,12:00:00,,,,,,,Active,2015-09-19,37.73567,-122.50769,OCEAN#21.1_SL,ocean,cso,1
34879,OCEAN#21_SL,Ocean Beach at Vicente St.,Ocean Beach,Rain,Rain,Unknown,2005-02-28,12:00:00,2005-03-01,12:00:00,,,,,,,Active,2015-09-19,37.73782,-122.50825,OCEAN#21_SL,ocean,rain,1
34899,OCEAN#22_SL,Fort Funston,Ocean Beach,Rain,Rain,Combined Sewer Discharge,2005-02-28,12:00:00,2005-03-01,12:00:00,,,,,,,Active,2015-09-19,37.71526,-122.50476,OCEAN#22_SL,ocean,cso,1
34665,BAY#202.4_SL,"Crissy Field, East",Crissy Field,Posting,Unknown,Unknown,2005-03-09,12:00:00,2005-03-12,12:00:00,,,,,,,Active,2015-09-19,37.8066,-122.4519,BAY#202.4_SL,north,other,3
34692,BAY#211_SL,Aquatic Park Beach,Aquatic Park,Posting,Unknown,Unknown,2005-03-09,12:00:00,2005-03-11,12:00:00,,,,,,,Active,2015-09-19,37.8078,-122.4221,BAY#211_SL,north,other,2
34843,OCEAN#19_SL,"Ocean Beach, at Lincoln Ave.",Ocean Beach,Posting,Unknown,Unknown,2005-03-10,12:00:00,2005-03-11,12:00:00,,,,,,,Active,2015-09-19,37.7638,-122.511,OCEAN#19_SL,ocean,other,1
34720,BAY#300.1_SL,Sunnydale Cove,Candlestick Point,Posting,Unknown,Unknown,2005-03-23,12:00:00,2005-03-24,12:00:00,,,,,,,Active,2015-09-19,37.7096,-122.3899,BAY#300.1_SL,east,other,1
34737,BAY#301.1_SL,Windsurfer Circle,Candlestick Point,Posting,Unknown,Unknown,2005-03-23,12:00:00,2005-03-24,12:00:00,,,,,,,Active,2015-09-19,37.70917,-122.3823,BAY#301.1_SL,east,other,1
34809,OCEAN#16_SL,"Baker Beach West, Opposite Seacliff 2 Pumping Station",Baker Beach,Posting,Unknown,Combined Sewer Discharge,2005-03-24,12:00:00,2005-03-25,12:00:00,,,,,,,Active,2015-09-19,37.78977,-122.48741,OCEAN#16_SL,baker_china,cso,1
34666,BAY#202.4_SL,"Crissy Field, East",Crissy Field,Posting,Unknown Cause,Unknown,2005-03-31,12:00:00,2005-04-01,12:00:00,,,,,,,Active,2015-09-19,37.8066,-122.4519,BAY#202.4_SL,north,other,1
34782,OCEAN#15EAST_SL,"Baker Beach East, Upper Parking Lot",Baker Beach,Rain,Rain,Unknown,2005-04-28,12:00:00,2005-04-29,12:00:00,,,,,,,Active,2015-09-19,37.79258,-122.48465,OCEAN#15EAST_SL,baker_china,rain,1
34767,OCEAN#15_SL,"Baker Beach, Lobos Creek at Lower Parking Lot",Baker Beach,Rain,Rain,Unknown,2005-04-28,12:00:00,2005-04-29,12:00:00,,,,,,,Active,2015-09-19,37.7917,-122.484926,OCEAN#15_SL,baker_china,rain,1
34810,OCEAN#16_SL,"Baker Beach West, Opposite Seacliff 2 Pumping Station",Baker Beach,Rain,Rain,Combined Sewer Discharge,2005-04-28,12:00:00,2005-04-29,12:00:00,,,,,,,Active,2015-09-19,37.78977,-122.48741,OCEAN#16_SL,baker_china,cso,1
34826,OCEAN#17_SL,China Beach,China Beach,Rain,Rain,Unknown,2005-04-28,12:00:00,2005-04-29,12:00:00,,,,,,,Active,2015-09-19,37.78816,-122.49136,OCEAN#17_SL,baker_china,rain,1
34640,BAY#202.2_SL,"Crissy Field, Trees",Crissy Field,Posting,Bacterial Standards Violation,Vessel,2005-05-04,12:00:00,2005-05-05,12:00:00,,,,,,,Inactive,2015-09-19,37.80567,-122.4569176,,north,other,1
34768,OCEAN#15_SL,"Baker Beach, Lobos Creek at Lower Parking Lot",Baker Beach,Posting,Bacterial Standards Violation,Unknown,2005-05-25,12:00:00,2005-05-26,12:00:00,,,,,,,Active,2015-09-19,37.7917,-122.484926,OCEAN#15_SL,baker_china,other,1
34693,BAY#211_SL,Aquatic Park Beach,Aquatic Park,Posting,Bacterial Standards Violation,Unknown,2005-06-09,12:00:00,2005-06-10,12:00:00,,,,,,,Active,2015-09-19,37.8078,-122.4221,BAY#211_SL,north,other,1
34738,BAY#301.1_SL,Windsurfer Circle,Candlestick Point,Posting,Bacterial Standards Violation,Unknown,2005-06-09,12:00:00,2005-06-10,12:00:00,,,,,,,Active,2015-09-19,37.70917,-122.3823,BAY#301.1_SL,east,other,1
34641,BAY#202.2_SL,"Crissy Field, Trees",Crissy Field,Posting,Bacterial Standards Violation,Vessel,2005-06-23,12:00:00,2005-06-25,12:00:00,,,,,,,Inactive,2015-09-19,37.80567,-122.4569176,,north,other,2
34739,BAY#301.1_SL,Windsurfer Circle,Candlestick Point,Posting,Bacterial Standards Violation,Unknown,2005-07-08,12:00:00,2005-07-09,12:00:00,,,,,,,Active,2015-09-19,37.70917,-122.3823,BAY#301.1_SL,east,other,1
34769,OCEAN#15_SL,"Baker Beach, Lobos Creek at Lower Parking Lot",Baker Beach,Posting,Bacterial Standards Violation,Unknown,2005-07-14,12:00:00,2005-07-15,12:00:00,,,,,,,Active,2015-09-19,37.7917,-122.484926,OCEAN#15_SL,baker_china,other,1
34770,OCEAN#15_SL,"Baker Beach, Lobos Creek at Lower Parking Lot",Baker Beach,Posting,Bacterial Standards Violation,Unknown,2005-07-20,12:00:00,2005-07-21,12:00:00,,,,,,,Active,2015-09-19,37.7917,-122.484926,OCEAN#15_SL,baker_china,other,1
34771,OCEAN#15_SL,"Baker Beach, Lobos Creek at Lower Parking Lot",Baker Beach,Posting,Bacterial Standards Violation,Unknown,2005-07-29,12:00:00,2005-07-30,12:00:00,,,,,,,Active,2015-09-19,37.7917,-122.484926,OCEAN#15_SL,baker_china,other,1
34740,BAY#301.1_SL,Windsurfer Circle,Candlestick Point,Posting,Bacterial Standards Violation,Unknown,2005-08-04,12:00:00,2005-08-06,12:00:00,,,,,,,Active,2015-09-19,37.70917,-122.3823,BAY#301.1_SL,east,other,2
34772,OCEAN#15_SL,"Baker Beach, Lobos Creek at Lower Parking Lot",Baker Beach,Posting,Bacterial Standards Violation,Unknown,2005-08-11,12:00:00,2005-08-14,12:00:00,,,,,,,Active,2015-09-19,37.7917,-122.484926,OCEAN#15_SL,baker_china,other,3
34773,OCEAN#15_SL,"Baker Beach, Lobos Creek at Lower Parking Lot",Baker Beach,Posting,Bacterial Standards Violation,Unknown,2005-08-25,12:00:00,2005-08-26,12:00:00,,,,,,,Active,2015-09-19,37.7917,-122.484926,OCEAN#15_SL,baker_china,other,1
2347,BAY#210.1_SL,Hyde Street Pier,Aquatic Park,Posting,Unknown Cause,Unknown,2005-12-28,11:03:18,2006-01-02,11:04:06,Hyde Street Pier,,1.0,,,,Active,2015-09-19,37.80899,-122.4212947,BAY#210.1_SL,north,other,5
2343,BAY#202.2_SL,"Crissy Field, Trees",Crissy Field,Posting,Unknown Cause,Unknown,2005-12-31,10:51:15,2006-01-02,10:51:47,Crissy Field Trees,,1.0,,1.0,,Inactive,2015-09-19,37.80567,-122.4569176,,north,other,2
2352,BAY#300.1_SL,Sunnydale Cove,Candlestick Point,Posting,Rain,Sewer Line / Stormdrain,2005-12-31,11:10:08,2006-01-06,11:11:42,Sunnydale Cove,CSO,1.0,1.0,1.0,,Active,2015-09-19,37.7096,-122.3899,BAY#300.1_SL,east,rain,6
2355,BAY#301.1_SL,Windsurfer Circle,Candlestick Point,Posting,Rain,Sewer Line / Stormdrain,2005-12-31,11:12:11,2006-01-06,11:13:16,Windsurfer Circle,CSO,1.0,1.0,1.0,,Active,2015-09-19,37.70917,-122.3823,BAY#301.1_SL,east,rain,6
2346,BAY#210.1_SL,Hyde Street Pier,Aquatic Park,Posting,Unknown Cause,Unknown,2006-01-01,10:59:08,2006-01-02,11:00:13,Hyde Street Pier,,1.0,1.0,1.0,,Active,2015-09-19,37.80899,-122.4212947,BAY#210.1_SL,north,other,1
2338,OCEAN#15EAST_SL,"Baker Beach East, Upper Parking Lot",Baker Beach,Posting,Unknown Cause,Unknown,2006-01-04,10:45:34,2006-01-11,10:45:59,Baker Beach Upper Parking Lot,,1.0,,,,Active,2015-09-19,37.79258,-122.48465,OCEAN#15EAST_SL,baker_china,other,7
2337,OCEAN#15_SL,"Baker Beach, Lobos Creek at Lower Parking Lot",Baker Beach,Posting,Unknown Cause,Unknown,2006-01-04,10:44:12,2006-01-11,10:44:52,Baker Beach Lobos Creek at Lower Parking Lot,,1.0,,,,Active,2015-09-19,37.7917,-122.484926,OCEAN#15_SL,baker_china,other,7
2340,OCEAN#16_SL,"Baker Beach West, Opposite Seacliff 2 Pumping Station",Baker Beach,Posting,Unknown Cause,Unknown,2006-01-04,10:46:24,2006-01-07,10:46:45,Baker Beach Opposite Seacliff 2 Pumping Station,,1.0,,,,Active,2015-09-19,37.78977,-122.48741,OCEAN#16_SL,baker_china,other,3
2348,BAY#202.2_SL,"Crissy Field, Trees",Crissy Field,Posting,Unknown Cause,Unknown,2006-01-05,11:04:33,2006-01-07,11:04:59,Crissy Field Trees,,1.0,,,,Inactive,2015-09-19,37.80567,-122.4569176,,north,other,2
2349,BAY#210.1_SL,Hyde Street Pier,Aquatic Park,Posting,Unknown Cause,Unknown,2006-01-05,11:05:39,2006-01-08,11:06:14,Hyde Street Pier,,1.0,,,,Active,2015-09-19,37.80899,-122.4212947,BAY#210.1_SL,north,other,3
2339,BAY#211_SL,Aquatic Park Beach,Aquatic Park,Posting,Unknown Cause,Unknown,2006-01-05,15:01:42,2006-01-08,15:02:12,Aquatic Park Mid-beach,,1.0,,,,Active,2015-09-19,37.8078,-122.4221,BAY#211_SL,north,other,3
2356,BAY#301.2_SL,Jack Rabbit Beach,Candlestick Point,Posting,Unknown Cause,Unknown,2006-01-11,11:15:17,2006-01-12,11:15:49,Jack Rabbit Beach,,1.0,,,,Active,2015-09-19,37.711025,-122.380136,BAY#301.2_SL,east,other,1
2358,BAY#301.1_SL,Windsurfer Circle,Candlestick Point,Posting,Unknown Cause,Unknown,2006-01-19,11:16:16,2006-01-20,11:16:51,Windsurfer Circle,,,1.0,1.0,,Active,2015-09-19,37.70917,-122.3823,BAY#301.1_SL,east,other,1
2359,BAY#301.1_SL,Windsurfer Circle,Candlestick Point,Posting,Unknown Cause,Unknown,2006-01-25,11:17:19,2006-01-29,11:17:40,Windsurfer Circle,,1.0,,,,Active,2015-09-19,37.70917,-122.3823,BAY#301.1_SL,east,other,4
2341,OCEAN#16_SL,"Baker Beach West, Opposite Seacliff 2 Pumping Station",Baker Beach,Posting,Unknown Cause,Unknown,2006-01-26,10:47:12,2006-01-27,10:47:42,Baker Beach Opposite Seacliff 2 Pumping Station,,1.0,,,,Active,2015-09-19,37.78977,-122.48741,OCEAN#16_SL,baker_china,other,1
2332,BAY#300.1_SL,Sunnydale Cove,Candlestick Point,Posting,Unknown Cause,Unknown,2006-02-02,10:12:50,2006-02-03,10:13:32,Sunnydale Cove,,1.0,,,,Active,2015-09-19,37.7096,-122.3899,BAY#300.1_SL,east,other,1
2334,BAY#301.1_SL,Windsurfer Circle,Candlestick Point,Posting,Unknown Cause,Unknown,2006-02-02,10:14:06,2006-02-04,10:14:33,Windsurfer Circle,,1.0,,1.0,,Active,2015-09-19,37.70917,-122.3823,BAY#301.1_SL,east,other,2
2336,BAY#301.2_SL,Jack Rabbit Beach,Candlestick Point,Posting,Unknown Cause,Unknown,2006-02-02,10:15:14,2006-02-03,10:15:37,Jack Rabbit Beach,,1.0,1.0,,,Active,2015-09-19,37.711025,-122.380136,BAY#301.2_SL,east,other,1
2331,BAY#202.4_SL,"Crissy Field, East",Crissy Field,Posting,Unknown Cause,Unknown,2006-02-16,10:11:33,2006-02-17,10:12:15,Crissy Field New Beach,,1.0,,,,Active,2015-09-19,37.8066,-122.4519,BAY#202.4_SL,north,other,1
2360,OCEAN#21.1_SL,"Ocean Beach, at Sloat Blvd.",Ocean Beach,Posting,Unknown Cause,Unknown,2006-03-01,07:34:23,2006-03-02,07:35:41,Ocean Beach at Sloat Blvd.,,,1.0,,,Active,2015-09-19,37.73567,-122.50769,OCEAN#21.1_SL,ocean,other,1
2364,BAY#300.1_SL,Sunnydale Cove,Candlestick Point,Posting,Unknown Cause,Unknown,2006-03-02,08:58:38,2006-03-03,08:59:10,Sunnydale Cove,,1.0,,,,Active,2015-09-19,37.7096,-122.3899,BAY#300.1_SL,east,other,1
2366,BAY#301.2_SL,Jack Rabbit Beach,Candlestick Point,Posting,Unknown Cause,Unknown,2006-03-02,08:59:40,2006-03-03,09:00:17,Jack Rabbit Beach,,1.0,1.0,,,Active,2015-09-19,37.711025,-122.380136,BAY#301.2_SL,east,other,1
2367,BAY#301.1_SL,Windsurfer Circle,Candlestick Point,Posting,Unknown Cause,Unknown,2006-03-08,09:00:53,2006-03-09,09:01:22,Windsurfer Circle,,1.0,,,,Active,2015-09-19,37.70917,-122.3823,BAY#301.1_SL,east,other,1
2361,OCEAN#15_SL,"Baker Beach, Lobos Creek at Lower Parking Lot",Baker Beach,Posting,Unknown Cause,Unknown,2006-03-09,07:56:00,2006-03-10,07:56:35,Baker Beach Lobos Creek at Lower Parking Lot,,1.0,,,,Active,2015-09-19,37.7917,-122.484926,OCEAN#15_SL,baker_china,other,1
2362,OCEAN#16_SL,"Baker Beach West, Opposite Seacliff 2 Pumping Station",Baker Beach,Posting,Unknown Cause,Unknown,2006-03-09,07:57:03,2006-03-10,07:57:24,Baker Beach Opposite Seacliff 2 Pumping Station,,1.0,,,,Active,2015-09-19,37.78977,-122.48741,OCEAN#16_SL,baker_china,other,1
2363,OCEAN#15_SL,"Baker Beach, Lobos Creek at Lower Parking Lot",Baker Beach,Posting,Unknown Cause,Unknown,2006-03-25,08:23:41,2006-03-27,08:24:32,Baker Beach Lobos Creek at Lower Parking Lot,,1.0,,,,Active,2015-09-19,37.7917,-122.484926,OCEAN#15_SL,baker_china,other,2
2369,BAY#202.4_SL,"Crissy Field, East",Crissy Field,Posting,Unknown Cause,Unknown,2006-03-30,09:02:47,2006-03-31,09:03:24,Crissy Field New Beach,,1.0,1.0,,,Active,2015-09-19,37.8066,-122.4519,BAY#202.4_SL,north,other,1
2371,BAY#300.1_SL,Sunnydale Cove,Candlestick Point,Posting,Unknown Cause,Unknown,2006-03-30,09:03:50,2006-03-31,09:04:21,Sunnydale Cove,,1.0,1.0,,,Active,2015-09-19,37.7096,-122.3899,BAY#300.1_SL,east,other,1
2374,BAY#301.1_SL,Windsurfer Circle,Candlestick Point,Posting,Unknown Cause,Unknown,2006-03-30,09:04:44,2006-03-31,09:05:11,Windsurfer Circle,,1.0,1.0,1.0,,Active,2015-09-19,37.70917,-122.3823,BAY#301.1_SL,east,other,1
2376,BAY#301.2_SL,Jack Rabbit Beach,Candlestick Point,Posting,Unknown Cause,Unknown,2006-03-30,09:08:22,2006-03-31,09:08:47,Jack Rabbit Beach,,1.0,1.0,,,Active,2015-09-19,37.711025,-122.380136,BAY#301.2_SL,east,other,1
2295,BAY#202.2_SL,"Crissy Field, Trees",Crissy Field,Posting,Unknown Cause,Unknown,2006-04-05,10:56:43,2006-04-06,10:57:35,Crissy Field Trees,,1.0,1.0,,,Inactive,2015-09-19,37.80567,-122.4569176,,north,other,1
2297,BAY#202.4_SL,"Crissy Field, East",Crissy Field,Posting,Unknown Cause,Unknown,2006-04-05,10:59:23,2006-04-07,10:59:58,Crissy Field New Beach,,1.0,,,,Active,2015-09-19,37.8066,-122.4519,BAY#202.4_SL,north,other,2
2296,BAY#211_SL,Aquatic Park Beach,Aquatic Park,Posting,Unknown Cause,Unknown,2006-04-05,10:58:28,2006-04-06,10:58:51,Aquatic Park Mid-beach,,1.0,,,,Active,2015-09-19,37.8078,-122.4221,BAY#211_SL,north,other,1
2303,BAY#300.1_SL,Sunnydale Cove,Candlestick Point,Posting,Unknown Cause,Unknown,2006-04-05,11:04:00,2006-04-06,11:04:42,Sunnydale Cove,,1.0,,1.0,,Active,2015-09-19,37.7096,-122.3899,BAY#300.1_SL,east,other,1
2307,BAY#301.1_SL,Windsurfer Circle,Candlestick Point,Posting,Unknown Cause,Unknown,2006-04-05,11:09:41,2006-04-07,11:10:18,Windsurfer Circle,,1.0,1.0,,,Active,2015-09-19,37.70917,-122.3823,BAY#301.1_SL,east,other,2
2305,BAY#301.2_SL,Jack Rabbit Beach,Candlestick Point,Posting,Unknown Cause,Unknown,2006-04-05,11:08:13,2006-04-06,11:08:55,Jack Rabbit Beach,,1.0,,,,Active,2015-09-19,37.711025,-122.380136,BAY#301.2_SL,east,other,1
2293,OCEAN#21.1_SL,"Ocean Beach, at Sloat Blvd.",Ocean Beach,Posting,Unknown Cause,Unknown,2006-04-06,10:53:42,2006-04-07,10:55:29,Ocean Beach at Sloat Blvd.,,1.0,,,,Active,2015-09-19,37.73567,-122.50769,OCEAN#21.1_SL,ocean,other,1
2298,BAY#202.4_SL,"Crissy Field, East",Crissy Field,Posting,Unknown Cause,Unknown,2006-04-13,11:00:28,2006-04-16,11:00:56,Crissy Field New Beach,,1.0,,,,Active,2015-09-19,37.8066,-122.4519,BAY#202.4_SL,north,other,3
2313,BAY#300.1_SL,Sunnydale Cove,Candlestick Point,Posting,Unknown Cause,Unknown,2006-04-13,11:12:31,2006-04-15,11:13:36,Sunnydale Cove,,1.0,1.0,1.0,,Active,2015-09-19,37.7096,-122.3899,BAY#300.1_SL,east,other,2
2310,BAY#301.1_SL,Windsurfer Circle,Candlestick Point,Posting,Unknown Cause,Unknown,2006-04-13,11:10:51,2006-04-13,11:11:28,Windsurfer Circle,,1.0,1.0,1.0,,Active,2015-09-19,37.70917,-122.3823,BAY#301.1_SL,east,other,0
2300,BAY#202.2_SL,"Crissy Field, Trees",Crissy Field,Posting,Unknown Cause,Unknown,2006-04-19,11:01:31,2006-04-20,11:02:11,Crissy Field Trees,,1.0,1.0,,,Inactive,2015-09-19,37.80567,-122.4569176,,north,other,1
2301,BAY#202.4_SL,"Crissy Field, East",Crissy Field,Posting,Unknown Cause,Unknown,2006-04-27,11:02:51,2006-04-28,11:03:13,Crissy Field New Beach,,1.0,,,,Active,2015-09-19,37.8066,-122.4519,BAY#202.4_SL,north,other,1
2314,BAY#300.1_SL,Sunnydale Cove,Candlestick Point,Posting,Unknown Cause,Unknown,2006-04-27,11:14:03,2006-04-28,11:14:31,Sunnydale Cove,,,1.0,,,Active,2015-09-19,37.7096,-122.3899,BAY#300.1_SL,east,other,1
2273,BAY#301.2_SL,Jack Rabbit Beach,Candlestick Point,Posting,Unknown Cause,Unknown,2006-05-03,08:14:36,2006-05-04,08:19:15,Jack Rabbit Beach,,,,1.0,,Active,2015-09-19,37.711025,-122.380136,BAY#301.2_SL,east,other,1
2274,BAY#301.2_SL,Jack Rabbit Beach,Candlestick Point,Posting,Unknown Cause,Unknown,2006-05-17,08:29:18,2006-05-18,08:30:27,Jack Rabbit Beach,,1.0,,,,Active,2015-09-19,37.711025,-122.380136,BAY#301.2_SL,east,other,1
2284,OCEAN#15_SL,"Baker Beach, Lobos Creek at Lower Parking Lot",Baker Beach,Posting,Unknown Cause,Unknown,2006-06-01,09:46:58,2006-06-03,09:47:30,Baker Beach Lobos Creek at Lower Parking Lot,,1.0,,,,Active,2015-09-19,37.7917,-122.484926,OCEAN#15_SL,baker_china,other,2
2279,BAY#202.4_SL,"Crissy Field, East",Crissy Field,Posting,Unknown Cause,Unknown,2006-06-08,09:30:35,2006-06-09,09:30:57,Crissy Field New Beach,,1.0,,,,Active,2015-09-19,37.8066,-122.4519,BAY#202.4_SL,north,other,1
2278,BAY#301.2_SL,Jack Rabbit Beach,Candlestick Point,Posting,Unknown Cause,Unknown,2006-06-22,09:28:20,2006-06-23,09:29:16,Jack Rabbit Beach,,,1.0,,,Active,2015-09-19,37.711025,-122.380136,BAY#301.2_SL,east,other,1
2277,BAY#301.1_SL,Windsurfer Circle,Candlestick Point,Posting,Unknown Cause,Unknown,2006-06-28,09:24:54,2006-06-29,09:25:46,Windsurfer Circle,,1.0,1.0,1.0,,Active,2015-09-19,37.70917,-122.3823,BAY#301.1_SL,east,other,1
2281,BAY#202.2_SL,"Crissy Field, Trees",Crissy Field,Posting,Unknown Cause,Unknown,2006-07-12,09:38:11,2006-07-13,09:38:39,Crissy Field Trees,,1.0,,1.0,,Inactive,2015-09-19,37.80567,-122.4569176,,north,other,1
2292,BAY#202.4_SL,"Crissy Field, East",Crissy Field,Posting,Unknown Cause,Unknown,2006-07-12,10:19:41,2006-07-13,10:46:16,Crissy Field New Beach,,1.0,,1.0,,Active,2015-09-19,37.8066,-122.4519,BAY#202.4_SL,north,other,1
2287,BAY#210.1_SL,Hyde Street Pier,Aquatic Park,Posting,Unknown Cause,Unknown,2006-08-09,09:51:47,2006-08-10,09:52:23,Hyde Street Pier,,,1.0,,,Active,2015-09-19,37.80899,-122.4212947,BAY#210.1_SL,north,other,1
2283,BAY#211_SL,Aquatic Park Beach,Aquatic Park,Posting,Unknown Cause,Unknown,2006-08-23,09:39:48,2006-08-24,09:40:21,Aquatic Park Mid-beach,,1.0,1.0,,,Active,2015-09-19,37.8078,-122.4221,BAY#211_SL,north,other,1
2289,OCEAN#15_SL,"Baker Beach, Lobos Creek at Lower Parking Lot",Baker Beach,Posting,Unknown Cause,Unknown,2006-09-21,12:49:51,2006-09-30,12:50:26,Baker Beach Lobos Creek at Lower Parking Lot,,,,1.0,,Active,2015-09-19,37.7917,-122.484926,OCEAN#15_SL,baker_china,other,9
2288,BAY#202.4_SL,"Crissy Field, East",Crissy Field,Posting,Unknown Cause,Unknown,2006-09-28,08:02:48,2006-09-30,08:05:24,Crissy Field New Beach,,1.0,,,,Active,2015-09-19,37.8066,-122.4519,BAY#202.4_SL,north,other,2
2290,BAY#301.2_SL,Jack Rabbit Beach,Candlestick Point,Posting,Unknown Cause,Unknown,2006-10-05,12:54:12,2006-10-06,12:54:47,Jack Rabbit Beach,,,1.0,,,Active,2015-09-19,37.711025,-122.380136,BAY#301.2_SL,east,other,1
2328,OCEAN#16_SL,"Baker Beach West, Opposite Seacliff 2 Pumping Station",Baker Beach,Posting,Unknown Cause,Unknown,2006-11-08,09:46:51,2006-11-10,09:47:20,Baker Beach Opposite Seacliff 2 Pumping Station,,1.0,,,,Active,2015-09-19,37.78977,-122.48741,OCEAN#16_SL,baker_china,other,2
2315,BAY#202.2_SL,"Crissy Field, Trees",Crissy Field,Posting,Unknown Cause,Unknown,2006-11-09,09:34:52,2006-11-10,09:35:34,Crissy Field Trees,,1.0,,,,Inactive,2015-09-19,37.80567,-122.4569176,,north,other,1
2316,BAY#202.4_SL,"Crissy Field, East",Crissy Field,Posting,Unknown Cause,Unknown,2006-11-09,09:36:39,2006-11-10,09:37:14,Crissy Field New Beach,,1.0,,,,Active,2015-09-19,37.8066,-122.4519,BAY#202.4_SL,north,other,1
2318,BAY#211_SL,Aquatic Park Beach,Aquatic Park,Posting,Unknown Cause,Unknown,2006-11-09,09:37:58,2006-11-10,09:38:27,Aquatic Park Mid-beach,,1.0,1.0,,,Active,2015-09-19,37.8078,-122.4221,BAY#211_SL,north,other,1
2323,BAY#301.1_SL,Windsurfer Circle,Candlestick Point,Posting,Unknown Cause,Unknown,2006-11-15,09:42:22,2006-11-16,09:43:00,Windsurfer Circle,,1.0,,,,Active,2015-09-19,37.70917,-122.3823,BAY#301.1_SL,east,other,1
2330,OCEAN#21.1_SL,"Ocean Beach, at Sloat Blvd.",Ocean Beach,Posting,Unknown Cause,Unknown,2006-11-15,09:57:00,2006-11-16,09:58:17,Ocean Beach at Sloat Blvd.,,1.0,,1.0,,Active,2015-09-19,37.73567,-122.50769,OCEAN#21.1_SL,ocean,other,1
2320,BAY#202.2_SL,"Crissy Field, Trees",Crissy Field,Posting,Unknown Cause,Unknown,2006-11-21,09:39:21,2006-11-23,09:40:06,Crissy Field Trees,,1.0,1.0,,,Inactive,2015-09-19,37.80567,-122.4569176,,north,other,2
2322,BAY#202.4_SL,"Crissy Field, East",Crissy Field,Posting,Unknown Cause,Unknown,2006-11-21,09:40:47,2006-11-25,09:41:29,Crissy Field New Beach,,1.0,1.0,,,Active,2015-09-19,37.8066,-122.4519,BAY#202.4_SL,north,other,4
2327,BAY#300.1_SL,Sunnydale Cove,Candlestick Point,Posting,Unknown Cause,Unknown,2006-11-21,09:44:57,2006-11-22,09:45:35,Sunnydale Cove,,1.0,1.0,,,Active,2015-09-19,37.7096,-122.3899,BAY#300.1_SL,east,other,1
2325,BAY#301.2_SL,Jack Rabbit Beach,Candlestick Point,Posting,Unknown Cause,Unknown,2006-11-21,09:43:46,2006-11-24,09:44:24,Jack Rabbit Beach,,1.0,1.0,,,Active,2015-09-19,37.711025,-122.380136,BAY#301.2_SL,east,other,3
2304,BAY#301.1_SL,Windsurfer Circle,Candlestick Point,Posting,Unknown Cause,Unknown,2006-12-08,11:05:19,2006-12-08,11:06:47,Windsurfer Circle,,,,,,Active,2015-09-19,37.70917,-122.3823,BAY#301.1_SL,east,other,0
2383,BAY#300.1_SL,Sunnydale Cove,Candlestick Point,Posting,Rain,Sewer Line / Stormdrain,2006-12-12,08:00:41,2006-12-15,08:03:09,Sunnydale Cove,,1.0,1.0,1.0,,Active,2015-09-19,37.7096,-122.3899,BAY#300.1_SL,east,rain,3
2386,BAY#301.1_SL,Windsurfer Circle,Candlestick Point,Posting,Rain,Sewer Line / Stormdrain,2006-12-12,08:03:52,2006-12-17,08:05:02,Windsurfer Circle,,1.0,1.0,1.0,,Active,2015-09-19,37.70917,-122.3823,BAY#301.1_SL,east,rain,5
2392,OCEAN#19_SL,"Ocean Beach, at Lincoln Ave.",Ocean Beach,Posting,Rain,Sewer Line / Stormdrain,2006-12-12,08:21:00,2006-12-15,08:21:47,Ocean Beach at Lincoln Ave.,,1.0,1.0,1.0,,Active,2015-09-19,37.7638,-122.511,OCEAN#19_SL,ocean,rain,3
2394,OCEAN#20_SL,"Ocean Beach, at Pacheco St.",Ocean Beach,Posting,Rain,Sewer Line / Stormdrain,2006-12-12,08:22:22,2006-12-14,08:23:02,Ocean Beach at Pacheco St.,,1.0,1.0,,,Active,2015-09-19,37.74891,-122.50996,OCEAN#20_SL,ocean,rain,2
2398,OCEAN#21.1_SL,"Ocean Beach, at Sloat Blvd.",Ocean Beach,Posting,Rain,Sewer Line / Stormdrain,2006-12-12,08:24:45,2006-12-14,08:25:22,Ocean Beach at Sloat Blvd.,,1.0,,,,Active,2015-09-19,37.73567,-122.50769,OCEAN#21.1_SL,ocean,rain,2
2397,OCEAN#21_SL,Ocean Beach at Vicente St.,Ocean Beach,Posting,Rain,Sewer Line / Stormdrain,2006-12-12,08:23:39,2006-12-14,08:24:15,Ocean Beach at Vicente St.,,1.0,1.0,1.0,,Active,2015-09-19,37.73782,-122.50825,OCEAN#21_SL,ocean,rain,2
2401,OCEAN#22_SL,Fort Funston,Ocean Beach,Posting,Rain,Sewer Line / Stormdrain,2006-12-12,08:25:53,2006-12-14,08:26:27,Fort Funston,,1.0,1.0,1.0,,Active,2015-09-19,37.71526,-122.50476,OCEAN#22_SL,ocean,rain,2
2377,BAY#202.4_SL,"Crissy Field, East",Crissy Field,Posting,Unknown Cause,Unknown,2006-12-13,07:51:36,2006-12-15,07:52:52,Crissy Field New Beach,,1.0,,,,Active,2015-09-19,37.8066,-122.4519,BAY#202.4_SL,north,other,2
2378,BAY#210.1_SL,Hyde Street Pier,Aquatic Park,Posting,Unknown Cause,Unknown,2006-12-13,07:54:38,2006-12-14,07:55:19,Hyde Street Pier,,1.0,,,,Active,2015-09-19,37.80899,-122.4212947,BAY#210.1_SL,north,other,1
2379,BAY#202.4_SL,"Crissy Field, East",Crissy Field,Posting,Unknown Cause,Unknown,2006-12-21,07:56:03,2006-12-22,07:58:08,Crissy Field New Beach,,,,1.0,,Active,2015-09-19,37.8066,-122.4519,BAY#202.4_SL,north,other,1
2380,BAY#211_SL,Aquatic Park Beach,Aquatic Park,Posting,Unknown Cause,Unknown,2006-12-27,07:59:30,2006-12-29,08:00:08,Aquatic Park Mid-beach,,1.0,,,,Active,2015-09-19,37.8078,-122.4221,BAY#211_SL,north,other,2
2389,BAY#301.1_SL,Windsurfer Circle,Candlestick Point,Posting,Unknown Cause,Unknown,2006-12-27,08:08:29,2006-12-30,08:09:04,Windsurfer Circle,,1.0,1.0,1.0,,Active,2015-09-19,37.70917,-122.3823,BAY#301.1_SL,east,other,3
2404,BAY#211_SL,Aquatic Park Beach,Aquatic Park,Posting,Unknown Cause,Unknown,2007-01-04,15:36:02,2007-01-05,15:36:23,Aquatic Park Mid-beach,,1.0,,,,Active,2015-09-19,37.8078,-122.4221,BAY#211_SL,north,other,1
2402,BAY#300.1_SL,Sunnydale Cove,Candlestick Point,Posting,Unknown Cause,Unknown,2007-01-04,15:34:03,2007-01-05,15:34:31,Sunnydale Cove,,,1.0,,,Active,2015-09-19,37.7096,-122.3899,BAY#300.1_SL,east,other,1
2403,BAY#301.1_SL,Windsurfer Circle,Candlestick Point,Posting,Unknown Cause,Unknown,2007-01-04,15:35:08,2007-01-05,15:35:30,Windsurfer Circle,,1.0,,,,Active,2015-09-19,37.70917,-122.3823,BAY#301.1_SL,east,other,1
2405,BAY#301.1_SL,Windsurfer Circle,Candlestick Point,Posting,Unknown Cause,Unknown,2007-02-22,15:13:52,2007-02-23,15:14:33,Windsurfer Circle,,1.0,,,,Active,2015-09-19,37.70917,-122.3823,BAY#301.1_SL,east,other,1
2406,BAY#202.4_SL,"Crissy Field, East",Crissy Field,Posting,Unknown Cause,Unknown,2007-03-01,15:15:33,2007-03-02,15:16:19,Crissy Field New Beach,,1.0,,,,Active,2015-09-19,37.8066,-122.4519,BAY#202.4_SL,north,other,1
2408,BAY#202.4_SL,"Crissy Field, East",Crissy Field,Posting,Unknown Cause,Unknown,2007-03-21,15:16:58,2007-03-22,15:17:27,Crissy Field New Beach,,1.0,1.0,,,Active,2015-09-19,37.8066,-122.4519,BAY#202.4_SL,north,other,1
2409,BAY#301.2_SL,Jack Rabbit Beach,Candlestick Point,Posting,Unknown Cause,Unknown,2007-05-16,09:09:52,2007-05-17,09:10:21,Jack Rabbit Beach,,1.0,,,,Active,2015-09-19,37.711025,-122.380136,BAY#301.2_SL,east,other,1
2410,BAY#301.1_SL,Windsurfer Circle,Candlestick Point,Posting,Unknown Cause,Unknown,2007-08-30,08:21:27,2007-08-31,08:22:18,Windsurfer Circle,,1.0,,,,Active,2015-09-19,37.70917,-122.3823,BAY#301.1_SL,east,other,1
2412,OCEAN#15_SL,"Baker Beach, Lobos Creek at Lower Parking Lot",Baker Beach,Posting,Unknown Cause,Unknown,2007-09-06,08:26:38,2007-09-07,08:27:12,Baker Beach Lobos Creek at Lower Parking Lot,,1.0,1.0,,,Active,2015-09-19,37.7917,-122.484926,OCEAN#15_SL,baker_china,other,1
2414,BAY#300.1_SL,Sunnydale Cove,Candlestick Point,Posting,Unknown Cause,Unknown,2007-09-13,08:27:54,2007-09-14,08:28:29,Sunnydale Cove,,1.0,1.0,,,Active,2015-09-19,37.7096,-122.3899,BAY#300.1_SL,east,other,1
2416,BAY#301.2_SL,Jack Rabbit Beach,Candlestick Point,Posting,Unknown Cause,Unknown,2007-09-13,08:29:04,2007-09-14,08:29:42,Jack Rabbit Beach,,1.0,1.0,,,Active,2015-09-19,37.711025,-122.380136,BAY#301.2_SL,east,other,1
2417,BAY#202.4_SL,"Crissy Field, East",Crissy Field,Posting,Unknown Cause,Unknown,2007-09-19,08:30:41,2007-09-20,08:31:09,Crissy Field New Beach,,,1.0,,,Active,2015-09-19,37.8066,-122.4519,BAY#202.4_SL,north,other,1
2435,BAY#202.4_SL,"Crissy Field, East",Crissy Field,Posting,Unknown Cause,Unknown,2007-10-11,09:30:09,2007-10-12,09:30:31,Crissy Field New Beach,,1.0,,,,Active,2015-09-19,37.8066,-122.4519,BAY#202.4_SL,north,other,1
2431,BAY#300.1_SL,Sunnydale Cove,Candlestick Point,Posting,Unknown Cause,Unknown,2007-10-11,09:27:43,2007-10-12,09:28:20,Sunnydale Cove,,1.0,1.0,1.0,,Active,2015-09-19,37.7096,-122.3899,BAY#300.1_SL,east,other,1
2434,BAY#301.1_SL,Windsurfer Circle,Candlestick Point,Posting,Unknown Cause,Unknown,2007-10-11,09:29:00,2007-10-15,09:29:31,Windsurfer Circle,,1.0,1.0,1.0,,Active,2015-09-19,37.70917,-122.3823,BAY#301.1_SL,east,other,4
2421,OCEAN#15EAST_SL,"Baker Beach East, Upper Parking Lot",Baker Beach,Posting,Rain,Combined Sewer Discharge,2007-10-13,09:00:49,2007-10-15,09:01:41,Baker Beach Upper Parking Lot,,1.0,1.0,1.0,,Active,2015-09-19,37.79258,-122.48465,OCEAN#15EAST_SL,baker_china,cso,2
2453,OCEAN#16_SL,"Baker Beach West, Opposite Seacliff 2 Pumping Station",Baker Beach,Posting,Rain,Combined Sewer Discharge,2007-10-13,14:57:09,2007-10-14,14:57:49,Baker Beach Opposite Seacliff 2 Pumping Station,,,,,,Active,2015-09-19,37.78977,-122.48741,OCEAN#16_SL,baker_china,cso,1
2427,OCEAN#18_SL,"Ocean Beach, at Balboa St.",Ocean Beach,Posting,Rain,Combined Sewer Discharge,2007-10-13,09:12:51,2007-10-15,09:13:40,Ocean Beach at Balboa St.,,,,1.0,,Active,2015-09-19,37.77492,-122.51351,OCEAN#18_SL,ocean,cso,2
2423,OCEAN#19_SL,"Ocean Beach, at Lincoln Ave.",Ocean Beach,Posting,Rain,Combined Sewer Discharge,2007-10-13,09:07:04,2007-10-15,09:08:14,Ocean Beach at Lincoln Ave.,,1.0,,,,Active,2015-09-19,37.7638,-122.511,OCEAN#19_SL,ocean,cso,2
2454,OCEAN#20_SL,"Ocean Beach, at Pacheco St.",Ocean Beach,Posting,Rain,Combined Sewer Discharge,2007-10-13,14:58:36,2007-10-13,14:59:18,Ocean Beach at Pacheco St.,,,,,,Active,2015-09-19,37.74891,-122.50996,OCEAN#20_SL,ocean,cso,0
2452,OCEAN#21.1_SL,"Ocean Beach, at Sloat Blvd.",Ocean Beach,Posting,Rain,Combined Sewer Discharge,2007-10-13,14:51:23,2007-10-14,14:54:08,Ocean Beach at Sloat Blvd.,,,,,,Active,2015-09-19,37.73567,-122.50769,OCEAN#21.1_SL,ocean,cso,1
2425,OCEAN#21_SL,Ocean Beach at Vicente St.,Ocean Beach,Posting,Rain,Combined Sewer Discharge,2007-10-13,09:09:52,2007-10-15,09:10:46,Ocean Beach at Vicente St.,,,,1.0,,Active,2015-09-19,37.73782,-122.50825,OCEAN#21_SL,ocean,cso,2
2455,OCEAN#22_SL,Fort Funston,Ocean Beach,Posting,Rain,Combined Sewer Discharge,2007-10-13,14:59:57,2007-10-14,15:00:31,Fort Funston,,,,,,Active,2015-09-19,37.71526,-122.50476,OCEAN#22_SL,ocean,cso,1
2428,BAY#301.1_SL,Windsurfer Circle,Candlestick Point,Posting,Unknown Cause,Unknown,2007-10-17,09:15:44,2007-10-20,09:16:17,Windsurfer Circle,,,1.0,,,Active,2015-09-19,37.70917,-122.3823,BAY#301.1_SL,east,other,3
2437,BAY#211_SL,Aquatic Park Beach,Aquatic Park,Posting,Unknown Cause,Unknown,2007-10-25,09:31:33,2007-10-27,09:32:10,Aquatic Park Mid-beach,,1.0,1.0,,,Active,2015-09-19,37.8078,-122.4221,BAY#211_SL,north,other,2
2439,BAY#211_SL,Aquatic Park Beach,Aquatic Park,Posting,Unknown Cause,Unknown,2007-10-31,09:32:35,2007-11-01,09:33:05,Aquatic Park Mid-beach,,1.0,1.0,,,Active,2015-09-19,37.8078,-122.4221,BAY#211_SL,north,other,1
2462,OCEAN#17_SL,China Beach,China Beach,Posting,Unknown Cause,Unknown,2007-11-07,15:27:30,2007-11-08,15:28:00,China Beach,,1.0,1.0,1.0,,Active,2015-09-19,37.78816,-122.49136,OCEAN#17_SL,baker_china,other,1
2483,BAY#202.2_SL,"Crissy Field, Trees",Crissy Field,Closure,Other,Vessel,2007-11-08,16:30:21,2007-11-19,16:30:54,Crissy Field Trees,,,,,,Inactive,2015-09-19,37.80567,-122.4569176,,north,other,11
2484,BAY#202.4_SL,"Crissy Field, East",Crissy Field,Closure,Other,Vessel,2007-11-08,16:31:13,2008-11-19,16:31:35,Crissy Field New Beach,,,,,,Active,2015-09-19,37.8066,-122.4519,BAY#202.4_SL,north,other,377
2482,BAY#211_SL,Aquatic Park Beach,Aquatic Park,Closure,Other,Vessel,2007-11-08,16:29:16,2007-11-21,16:29:38,Aquatic Park Mid-beach,,,,,,Active,2015-09-19,37.8078,-122.4221,BAY#211_SL,north,other,13
2485,BAY#300.1_SL,Sunnydale Cove,Candlestick Point,Closure,Other,Vessel,2007-11-08,16:32:49,2007-11-19,16:33:17,Sunnydale Cove,,,,,,Active,2015-09-19,37.7096,-122.3899,BAY#300.1_SL,east,other,11
2486,BAY#301.2_SL,Jack Rabbit Beach,Candlestick Point,Closure,Other,Vessel,2007-11-08,16:34:25,2007-11-19,16:34:51,Jack Rabbit Beach,,,,,,Active,2015-09-19,37.711025,-122.380136,BAY#301.2_SL,east,other,11
2480,OCEAN#15EAST_SL,"Baker Beach East, Upper Parking Lot",Baker Beach,Closure,Other,Vessel,2007-11-08,16:26:03,2007-11-19,16:26:27,Baker Beach Upper Parking Lot,,,,,,Active,2015-09-19,37.79258,-122.48465,OCEAN#15EAST_SL,baker_china,other,11
2479,OCEAN#15_SL,"Baker Beach, Lobos Creek at Lower Parking Lot",Baker Beach,Closure,Other,Vessel,2007-11-08,16:25:07,2007-11-19,16:25:39,Baker Beach Lobos Creek at Lower Parking Lot,,,,,,Active,2015-09-19,37.7917,-122.484926,OCEAN#15_SL,baker_china,other,11
2481,OCEAN#17_SL,China Beach,China Beach,Closure,Other,Vessel,2007-11-08,16:27:30,2007-11-19,16:27:54,China Beach,,,,,,Active,2015-09-19,37.78816,-122.49136,OCEAN#17_SL,baker_china,other,11
2475,OCEAN#20_SL,"Ocean Beach, at Pacheco St.",Ocean Beach,Closure,Other,Vessel,2007-11-08,16:21:26,2007-11-19,16:21:55,Ocean Beach at Pacheco St.,,,,,,Active,2015-09-19,37.74891,-122.50996,OCEAN#20_SL,ocean,other,11
2476,OCEAN#21.1_SL,"Ocean Beach, at Sloat Blvd.",Ocean Beach,Closure,Other,Vessel,2007-11-08,16:22:29,2007-11-19,16:22:56,Ocean Beach at Sloat Blvd.,,,,,,Active,2015-09-19,37.73567,-122.50769,OCEAN#21.1_SL,ocean,other,11
2477,OCEAN#21_SL,Ocean Beach at Vicente St.,Ocean Beach,Closure,Other,Vessel,2007-11-08,16:23:21,2007-11-19,16:23:51,Ocean Beach at Vicente St.,,,,,,Active,2015-09-19,37.73782,-122.50825,OCEAN#21_SL,ocean,other,11
2478,OCEAN#22_SL,Fort Funston,Ocean Beach,Closure,Other,Vessel,2007-11-08,16:24:22,2007-11-19,16:24:46,Fort Funston,,,,,,Active,2015-09-19,37.71526,-122.50476,OCEAN#22_SL,ocean,other,11
2459,OCEAN#18_SL,"Ocean Beach, at Balboa St.",Ocean Beach,Posting,Rain,Combined Sewer Discharge,2007-11-11,15:21:21,2007-11-13,15:22:07,Ocean Beach at Balboa St.,,,,,,Active,2015-09-19,37.77492,-122.51351,OCEAN#18_SL,ocean,cso,2
2463,OCEAN#19_SL,"Ocean Beach, at Lincoln Ave.",Ocean Beach,Posting,Rain,Combined Sewer Discharge,2007-11-11,15:29:08,2007-11-13,15:29:58,Ocean Beach at Lincoln Ave.,,,,,,Active,2015-09-19,37.7638,-122.511,OCEAN#19_SL,ocean,cso,2
2464,OCEAN#20_SL,"Ocean Beach, at Pacheco St.",Ocean Beach,Posting,Rain,Combined Sewer Discharge,2007-11-11,15:30:34,2007-11-12,15:31:15,Ocean Beach at Pacheco St.,,,,,,Active,2015-09-19,37.74891,-122.50996,OCEAN#20_SL,ocean,cso,1
2465,OCEAN#21.1_SL,"Ocean Beach, at Sloat Blvd.",Ocean Beach,Posting,Rain,Combined Sewer Discharge,2007-11-11,15:31:39,2007-11-13,15:32:10,Ocean Beach at Sloat Blvd.,,,,,,Active,2015-09-19,37.73567,-122.50769,OCEAN#21.1_SL,ocean,cso,2
2466,OCEAN#21_SL,Ocean Beach at Vicente St.,Ocean Beach,Posting,Rain,Combined Sewer Discharge,2007-11-11,15:32:45,2007-11-13,15:33:15,Ocean Beach at Vicente St.,,,,,,Active,2015-09-19,37.73782,-122.50825,OCEAN#21_SL,ocean,cso,2
2467,OCEAN#22_SL,Fort Funston,Ocean Beach,Posting,Rain,Combined Sewer Discharge,2007-11-11,15:33:53,2007-11-14,15:34:22,Fort Funston,,,,,,Active,2015-09-19,37.71526,-122.50476,OCEAN#22_SL,ocean,cso,3
2458,OCEAN#15_SL,"Baker Beach, Lobos Creek at Lower Parking Lot",Baker Beach,Posting,Unknown Cause,Unknown,2007-11-15,15:19:39,2007-11-18,15:20:33,Baker Beach Lobos Creek at Lower Parking Lot,,,1.0,,,Active,2015-09-19,37.7917,-122.484926,OCEAN#15_SL,baker_china,other,3
2456,OCEAN#15_SL,"Baker Beach, Lobos Creek at Lower Parking Lot",Baker Beach,Posting,Unknown Cause,Unknown,2007-11-29,15:16:27,2007-11-30,15:17:16,Baker Beach Lobos Creek at Lower Parking Lot,,1.0,,,,Active,2015-09-19,37.7917,-122.484926,OCEAN#15_SL,baker_china,other,1
2457,OCEAN#16_SL,"Baker Beach West, Opposite Seacliff 2 Pumping Station",Baker Beach,Posting,Unknown Cause,Unknown,2007-11-29,15:18:30,2007-11-30,15:18:59,Baker Beach Opposite Seacliff 2 Pumping Station,,1.0,,,,Active,2015-09-19,37.78977,-122.48741,OCEAN#16_SL,baker_china,other,1
2469,OCEAN#15EAST_SL,"Baker Beach East, Upper Parking Lot",Baker Beach,Posting,Unknown Cause,Unknown,2007-12-05,15:45:02,2007-12-06,15:45:22,Baker Beach Upper Parking Lot,,1.0,,,,Active,2015-09-19,37.79258,-122.48465,OCEAN#15EAST_SL,baker_china,other,1
2468,OCEAN#15_SL,"Baker Beach, Lobos Creek at Lower Parking Lot",Baker Beach,Posting,Unknown Cause,Unknown,2007-12-05,15:43:24,2007-12-06,15:43:59,Baker Beach Lobos Creek at Lower Parking Lot,,1.0,,,,Active,2015-09-19,37.7917,-122.484926,OCEAN#15_SL,baker_china,other,1
2470,OCEAN#16_SL,"Baker Beach West, Opposite Seacliff 2 Pumping Station",Baker Beach,Posting,Unknown Cause,Unknown,2007-12-05,15:45:42,2007-12-06,15:45:59,Baker Beach Opposite Seacliff 2 Pumping Station,,1.0,,,,Active,2015-09-19,37.78977,-122.48741,OCEAN#16_SL,baker_china,other,1
2473,BAY#301.1_SL,Windsurfer Circle,Candlestick Point,Posting,Unknown Cause,Unknown,2007-12-20,15:46:24,2007-12-23,15:47:00,Windsurfer Circle,,1.0,1.0,1.0,,Active,2015-09-19,37.70917,-122.3823,BAY#301.1_SL,east,other,3
2487,BAY#301.1_SL,Windsurfer Circle,Candlestick Point,Posting,Unknown Cause,Unknown,2008-01-03,10:59:56,2008-01-10,11:01:11,Windsurfer Circle,,1.0,,,,Active,2015-09-19,37.70917,-122.3823,BAY#301.1_SL,east,other,7
2488,BAY#300.1_SL,Sunnydale Cove,Candlestick Point,Posting,Rain,Combined Sewer Discharge,2008-01-04,11:02:01,2008-01-08,11:03:43,Sunnydale Cove,,,,,,Active,2015-09-19,37.7096,-122.3899,BAY#300.1_SL,east,cso,4
2491,BAY#301.2_SL,Jack Rabbit Beach,Candlestick Point,Posting,Rain,Combined Sewer Discharge,2008-01-04,11:07:07,2008-01-08,11:07:36,Jack Rabbit Beach,,,,,,Active,2015-09-19,37.711025,-122.380136,BAY#301.2_SL,east,cso,4
2441,OCEAN#18_SL,"Ocean Beach, at Balboa St.",Ocean Beach,Posting,Rain,Combined Sewer Discharge,2008-01-04,08:56:23,2008-01-07,08:57:02,Ocean Beach at Balboa St.,,,,,,Active,2015-09-19,37.77492,-122.51351,OCEAN#18_SL,ocean,cso,3
2440,OCEAN#19_SL,"Ocean Beach, at Lincoln Ave.",Ocean Beach,Posting,Rain,Combined Sewer Discharge,2008-01-04,08:54:22,2008-01-08,08:55:51,Ocean Beach at Lincoln Ave.,,,,,,Active,2015-09-19,37.7638,-122.511,OCEAN#19_SL,ocean,cso,4
2442,OCEAN#20_SL,"Ocean Beach, at Pacheco St.",Ocean Beach,Posting,Rain,Combined Sewer Discharge,2008-01-04,08:57:33,2008-01-07,08:58:01,Ocean Beach at Pacheco St.,,,,,,Active,2015-09-19,37.74891,-122.50996,OCEAN#20_SL,ocean,cso,3
2444,OCEAN#21.1_SL,"Ocean Beach, at Sloat Blvd.",Ocean Beach,Posting,Rain,Combined Sewer Discharge,2008-01-04,08:59:17,2008-01-07,08:59:50,Ocean Beach at Sloat Blvd.,,,,,,Active,2015-09-19,37.73567,-122.50769,OCEAN#21.1_SL,ocean,cso,3
2443,OCEAN#21_SL,Ocean Beach at Vicente St.,Ocean Beach,Posting,Rain,Combined Sewer Discharge,2008-01-04,08:58:23,2015-09-23,09:18,Ocean Beach at Vicente St.,,,,,,Active,2015-09-19,37.73782,-122.50825,OCEAN#21_SL,ocean,cso,2819
2445,OCEAN#22_SL,Fort Funston,Ocean Beach,Posting,Rain,Combined Sewer Discharge,2008-01-04,09:00:14,2008-01-06,09:01:01,Fort Funston,,,,,,Active,2015-09-19,37.71526,-122.50476,OCEAN#22_SL,ocean,cso,2
2489,BAY#300.1_SL,Sunnydale Cove,Candlestick Point,Posting,Unknown Cause,Unknown,2008-01-09,11:04:21,2008-01-10,11:05:06,Sunnydale Cove,,1.0,,,,Active,2015-09-19,37.7096,-122.3899,BAY#300.1_SL,east,other,1
2490,BAY#301.1_SL,Windsurfer Circle,Candlestick Point,Posting,Unknown Cause,Unknown,2008-01-17,11:05:43,2008-01-17,11:06:18,Windsurfer Circle,,1.0,,,,Active,2015-09-19,37.70917,-122.3823,BAY#301.1_SL,east,other,0
2497,BAY#300.1_SL,Sunnydale Cove,Candlestick Point,Posting,Rain,Combined Sewer Discharge,2008-01-25,08:24:36,2008-01-31,08:25:56,Sunnydale Cove,,,,,,Active,2015-09-19,37.7096,-122.3899,BAY#300.1_SL,east,cso,6
2493,BAY#301.1_SL,Windsurfer Circle,Candlestick Point,Posting,Rain,Combined Sewer Discharge,2008-01-25,11:09:00,2008-01-31,11:09:32,Windsurfer Circle,,,,,,Active,2015-09-19,37.70917,-122.3823,BAY#301.1_SL,east,cso,6
2494,BAY#301.2_SL,Jack Rabbit Beach,Candlestick Point,Posting,Rain,Combined Sewer Discharge,2008-01-25,11:10:07,2008-01-31,11:10:30,Jack Rabbit Beach,,,,,,Active,2015-09-19,37.711025,-122.380136,BAY#301.2_SL,east,cso,6
2447,OCEAN#18_SL,"Ocean Beach, at Balboa St.",Ocean Beach,Posting,Rain,Combined Sewer Discharge,2008-01-25,09:03:02,2008-01-28,09:03:48,Ocean Beach at Balboa St.,,,,,,Active,2015-09-19,37.77492,-122.51351,OCEAN#18_SL,ocean,cso,3
2448,OCEAN#19_SL,"Ocean Beach, at Lincoln Ave.",Ocean Beach,Posting,Rain,Combined Sewer Discharge,2008-01-25,09:04:22,2008-01-27,09:04:49,Ocean Beach at Lincoln Ave.,,,,,,Active,2015-09-19,37.7638,-122.511,OCEAN#19_SL,ocean,cso,2
2449,OCEAN#20_SL,"Ocean Beach, at Pacheco St.",Ocean Beach,Posting,Rain,Combined Sewer Discharge,2008-01-25,09:05:13,2008-01-27,09:07:46,Ocean Beach at Pacheco St.,,,,,,Active,2015-09-19,37.74891,-122.50996,OCEAN#20_SL,ocean,cso,2
2450,OCEAN#21.1_SL,"Ocean Beach, at Sloat Blvd.",Ocean Beach,Posting,Rain,Combined Sewer Discharge,2008-01-25,09:08:10,2008-01-27,09:08:38,Ocean Beach at Sloat Blvd.,,,,,,Active,2015-09-19,37.73567,-122.50769,OCEAN#21.1_SL,ocean,cso,2
2451,OCEAN#21_SL,Ocean Beach at Vicente St.,Ocean Beach,Posting,Rain,Combined Sewer Discharge,2008-01-25,09:09:00,2008-01-27,09:09:23,Ocean Beach at Vicente St.,,,,,,Active,2015-09-19,37.73782,-122.50825,OCEAN#21_SL,ocean,cso,2
2446,OCEAN#22_SL,Fort Funston,Ocean Beach,Posting,Rain,Combined Sewer Discharge,2008-01-25,09:01:41,2008-01-26,09:02:26,Fort Funston,,,,,,Active,2015-09-19,37.71526,-122.50476,OCEAN#22_SL,ocean,cso,1
2502,BAY#202.2_SL,"Crissy Field, Trees",Crissy Field,Posting,Sewage Spill,Sewer Line / Stormdrain,2008-02-01,08:35:14,2008-02-04,08:35:48,Crissy Field Trees,Marin County Sewage Spill,,,,,Inactive,2015-09-19,37.80567,-122.4569176,,north,other,3
2503,BAY#210.1_SL,Hyde Street Pier,Aquatic Park,Posting,Sewage Spill,Sewer Line / Stormdrain,2008-02-01,08:48:06,2008-02-04,08:48:58,Hyde Street Pier,Marin County Sewage Spill,,,,,Active,2015-09-19,37.80899,-122.4212947,BAY#210.1_SL,north,other,3
2504,BAY#211_SL,Aquatic Park Beach,Aquatic Park,Posting,Sewage Spill,Sewer Line / Stormdrain,2008-02-01,08:49:30,2008-02-04,08:49:58,Aquatic Park Mid-beach,Marin County Sewage Spill,,,,,Active,2015-09-19,37.8078,-122.4221,BAY#211_SL,north,other,3
2500,OCEAN#15EAST_SL,"Baker Beach East, Upper Parking Lot",Baker Beach,Posting,Sewage Spill,Sewer Line / Stormdrain,2008-02-01,08:32:28,2008-02-04,08:33:04,Baker Beach Upper Parking Lot,Marin County Sewage Spill,,,,,Active,2015-09-19,37.79258,-122.48465,OCEAN#15EAST_SL,baker_china,other,3
2498,OCEAN#15_SL,"Baker Beach, Lobos Creek at Lower Parking Lot",Baker Beach,Posting,Pump Station Failure,Sewer Line / Stormdrain,2008-02-01,08:26:50,2008-02-04,08:29:08,Baker Beach Lobos Creek at Lower Parking Lot,Marin County Sewage Spill,,,,,Active,2015-09-19,37.7917,-122.484926,OCEAN#15_SL,baker_china,other,3
2501,OCEAN#17_SL,China Beach,China Beach,Posting,Sewage Spill,Sewer Line / Stormdrain,2008-02-01,08:33:31,2008-02-04,08:34:12,China Beach,Marin County Sewage Spill,,,,,Active,2015-09-19,37.78816,-122.49136,OCEAN#17_SL,baker_china,other,3
2505,BAY#300.1_SL,Sunnydale Cove,Candlestick Point,Posting,Unknown Cause,Unknown,2008-02-20,08:50:34,2008-02-21,08:51:29,Sunnydale Cove,,,1.0,,,Active,2015-09-19,37.7096,-122.3899,BAY#300.1_SL,east,other,1
2506,BAY#301.1_SL,Windsurfer Circle,Candlestick Point,Posting,Unknown Cause,Unknown,2008-02-20,08:51:59,2008-02-23,08:52:24,Windsurfer Circle,,1.0,,,,Active,2015-09-19,37.70917,-122.3823,BAY#301.1_SL,east,other,3
2507,BAY#301.1_SL,Windsurfer Circle,Candlestick Point,Posting,Unknown Cause,Unknown,2008-03-13,08:58:15,2008-03-14,08:58:41,Windsurfer Circle,,1.0,,,,Active,2015-09-19,37.70917,-122.3823,BAY#301.1_SL,east,other,1
2495,OCEAN#15_SL,"Baker Beach, Lobos Creek at Lower Parking Lot",Baker Beach,Posting,Unknown Cause,Unknown,2008-04-17,11:32:00,2008-04-17,11:33:11,Baker Beach Lobos Creek at Lower Parking Lot,,,,,,Active,2015-09-19,37.7917,-122.484926,OCEAN#15_SL,baker_china,other,0
2496,OCEAN#15_SL,"Baker Beach, Lobos Creek at Lower Parking Lot",Baker Beach,Posting,Unknown Cause,Unknown,2008-04-21,10:19:52,2008-04-21,10:20:12,Baker Beach Lobos Creek at Lower Parking Lot,,,,,,Active,2015-09-19,37.7917,-122.484926,OCEAN#15_SL,baker_china,other,0
2527,BAY#300.1_SL,Sunnydale Cove,Candlestick Point,Posting,Bacterial Standards Violation,Unknown,2008-05-22,13:36:41,2008-05-23,13:37:09,Sunnydale Cove,,1.0,,,,Active,2015-09-19,37.7096,-122.3899,BAY#300.1_SL,east,other,1
2525,BAY#301.1_SL,Windsurfer Circle,Candlestick Point,Posting,Bacterial Standards Violation,Unknown,2008-05-22,13:34:41,2008-05-24,13:35:19,Windsurfer Circle,,1.0,,,,Active,2015-09-19,37.70917,-122.3823,BAY#301.1_SL,east,other,2
2528,OCEAN#15_SL,"Baker Beach, Lobos Creek at Lower Parking Lot",Baker Beach,Posting,Bacterial Standards Violation,Unknown,2008-07-30,13:44:45,2008-07-31,13:45:16,Baker Beach Lobos Creek at Lower Parking Lot,,1.0,,,,Active,2015-09-19,37.7917,-122.484926,OCEAN#15_SL,baker_china,other,1
2534,OCEAN#15_SL,"Baker Beach, Lobos Creek at Lower Parking Lot",Baker Beach,Posting,Bacterial Standards Violation,Unknown,2008-08-07,13:49:33,2008-08-08,13:50:13,Baker Beach Lobos Creek at Lower Parking Lot,,1.0,1.0,,,Active,2015-09-19,37.7917,-122.484926,OCEAN#15_SL,baker_china,other,1
2529,OCEAN#15_SL,"Baker Beach, Lobos Creek at Lower Parking Lot",Baker Beach,Posting,Bacterial Standards Violation,Unknown,2008-08-13,13:46:13,2008-08-14,13:46:45,Baker Beach Lobos Creek at Lower Parking Lot,,1.0,,,,Active,2015-09-19,37.7917,-122.484926,OCEAN#15_SL,baker_china,other,1
2537,OCEAN#15_SL,"Baker Beach, Lobos Creek at Lower Parking Lot",Baker Beach,Posting,Bacterial Standards Violation,Unknown,2008-08-21,13:50:36,2008-08-22,13:51:12,Baker Beach Lobos Creek at Lower Parking Lot,,1.0,1.0,1.0,,Active,2015-09-19,37.7917,-122.484926,OCEAN#15_SL,baker_china,other,1
2530,OCEAN#15_SL,"Baker Beach, Lobos Creek at Lower Parking Lot",Baker Beach,Posting,Bacterial Standards Violation,Unknown,2008-08-22,13:47:06,2008-08-23,13:47:44,Baker Beach Lobos Creek at Lower Parking Lot,,,,1.0,,Active,2015-09-19,37.7917,-122.484926,OCEAN#15_SL,baker_china,other,1
2540,OCEAN#15_SL,"Baker Beach, Lobos Creek at Lower Parking Lot",Baker Beach,Posting,Bacterial Standards Violation,Unknown,2008-08-27,13:51:31,2008-08-28,13:52:03,Baker Beach Lobos Creek at Lower Parking Lot,,1.0,1.0,1.0,,Active,2015-09-19,37.7917,-122.484926,OCEAN#15_SL,baker_china,other,1
2542,BAY#300.1_SL,Sunnydale Cove,Candlestick Point,Posting,Bacterial Standards Violation,Unknown,2008-08-28,13:52:30,2008-08-29,13:52:54,Sunnydale Cove,,1.0,1.0,,,Active,2015-09-19,37.7096,-122.3899,BAY#300.1_SL,east,other,1
2532,OCEAN#15EAST_SL,"Baker Beach East, Upper Parking Lot",Baker Beach,Posting,Bacterial Standards Violation,Unknown,2008-08-28,13:48:26,2008-08-29,13:48:58,Baker Beach Upper Parking Lot,,1.0,,1.0,,Active,2015-09-19,37.79258,-122.48465,OCEAN#15EAST_SL,baker_china,other,1
2547,OCEAN#15EAST_SL,"Baker Beach East, Upper Parking Lot",Baker Beach,Posting,Bacterial Standards Violation,Unknown,2008-10-02,14:00:04,2008-10-03,14:00:33,Baker Beach Upper Parking Lot,,1.0,,,,Active,2015-09-19,37.79258,-122.48465,OCEAN#15EAST_SL,baker_china,other,1
2546,OCEAN#15_SL,"Baker Beach, Lobos Creek at Lower Parking Lot",Baker Beach,Posting,Bacterial Standards Violation,Unknown,2008-10-02,13:59:02,2008-10-05,13:59:37,Baker Beach Lobos Creek at Lower Parking Lot,,1.0,1.0,1.0,,Active,2015-09-19,37.7917,-122.484926,OCEAN#15_SL,baker_china,other,3
2548,OCEAN#16_SL,"Baker Beach West, Opposite Seacliff 2 Pumping Station",Baker Beach,Posting,Bacterial Standards Violation,Unknown,2008-10-02,14:00:55,2008-10-03,14:01:18,Baker Beach Opposite Seacliff 2 Pumping Station,,1.0,,,,Active,2015-09-19,37.78977,-122.48741,OCEAN#16_SL,baker_china,other,1
2552,BAY#202.4_SL,"Crissy Field, East",Crissy Field,Posting,Bacterial Standards Violation,Unknown,2008-10-15,14:03:26,2008-10-20,14:03:48,Crissy Field New Beach,,1.0,,,,Active,2015-09-19,37.8066,-122.4519,BAY#202.4_SL,north,other,5
2543,OCEAN#16_SL,"Baker Beach West, Opposite Seacliff 2 Pumping Station",Baker Beach,Posting,Bacterial Standards Violation,Unknown,2008-10-16,13:57:43,2008-10-17,13:58:40,Baker Beach Opposite Seacliff 2 Pumping Station,,1.0,,,,Active,2015-09-19,37.78977,-122.48741,OCEAN#16_SL,baker_china,other,1
2551,OCEAN#15_SL,"Baker Beach, Lobos Creek at Lower Parking Lot",Baker Beach,Posting,Bacterial Standards Violation,Unknown,2008-10-30,14:02:10,2008-10-31,14:02:45,Baker Beach Lobos Creek at Lower Parking Lot,,1.0,1.0,1.0,,Active,2015-09-19,37.7917,-122.484926,OCEAN#15_SL,baker_china,other,1
2562,BAY#301.1_SL,Windsurfer Circle,Candlestick Point,Posting,Bacterial Standards Violation,Unknown,2008-11-06,14:16:25,2008-11-07,14:16:49,Windsurfer Circle,,1.0,1.0,1.0,,Active,2015-09-19,37.70917,-122.3823,BAY#301.1_SL,east,other,1
2555,BAY#202.4_SL,"Crissy Field, East",Crissy Field,Posting,Bacterial Standards Violation,Unknown,2008-11-13,14:11:59,2008-11-14,14:12:25,Crissy Field New Beach,,1.0,1.0,,,Active,2015-09-19,37.8066,-122.4519,BAY#202.4_SL,north,other,1
2563,BAY#301.1_SL,Windsurfer Circle,Candlestick Point,Posting,Bacterial Standards Violation,Unknown,2008-11-13,14:17:05,2008-11-14,14:17:28,Windsurfer Circle,,,1.0,,,Active,2015-09-19,37.70917,-122.3823,BAY#301.1_SL,east,other,1
2557,BAY#211_SL,Aquatic Park Beach,Aquatic Park,Posting,Bacterial Standards Violation,Unknown,2008-11-14,14:13:04,2008-11-16,14:13:26,Aquatic Park Mid-beach,,1.0,1.0,,,Active,2015-09-19,37.8078,-122.4221,BAY#211_SL,north,other,2
2553,OCEAN#15_SL,"Baker Beach, Lobos Creek at Lower Parking Lot",Baker Beach,Posting,Bacterial Standards Violation,Unknown,2008-11-19,14:11:01,2008-11-20,14:11:22,Baker Beach Lobos Creek at Lower Parking Lot,,1.0,,,,Active,2015-09-19,37.7917,-122.484926,OCEAN#15_SL,baker_china,other,1
2559,BAY#211_SL,Aquatic Park Beach,Aquatic Park,Posting,Bacterial Standards Violation,Unknown,2008-11-26,14:15:11,2008-11-29,14:15:33,Aquatic Park Mid-beach,,1.0,1.0,,,Active,2015-09-19,37.8078,-122.4221,BAY#211_SL,north,other,3
2567,BAY#300.1_SL,Sunnydale Cove,Candlestick Point,Posting,Bacterial Standards Violation,Unknown,2008-12-19,14:19:41,2008-12-21,14:20:06,Sunnydale Cove,,1.0,,,,Active,2015-09-19,37.7096,-122.3899,BAY#300.1_SL,east,other,2
2564,BAY#202.4_SL,"Crissy Field, East",Crissy Field,Posting,Bacterial Standards Violation,Unknown,2008-12-23,14:18:15,2008-12-24,14:18:41,Crissy Field New Beach,,1.0,,,,Active,2015-09-19,37.8066,-122.4519,BAY#202.4_SL,north,other,1
2566,BAY#301.1_SL,Windsurfer Circle,Candlestick Point,Posting,Bacterial Standards Violation,Unknown,2008-12-23,14:18:56,2008-12-27,14:19:23,Windsurfer Circle,,1.0,1.0,,,Active,2015-09-19,37.70917,-122.3823,BAY#301.1_SL,east,other,4
2508,BAY#301.1_SL,Windsurfer Circle,Candlestick Point,Posting,Bacterial Standards Violation,Unknown,2009-01-07,10:24:40,2009-01-09,10:25:51,Windsurfer Circle,,,,,,Active,2015-09-19,37.70917,-122.3823,BAY#301.1_SL,east,other,2
2573,BAY#300.1_SL,Sunnydale Cove,Candlestick Point,Posting,Bacterial Standards Violation,Unknown,2009-02-12,16:14:39,2009-02-13,16:15:05,Sunnydale Cove,,1.0,,,,Active,2015-09-19,37.7096,-122.3899,BAY#300.1_SL,east,other,1
2523,BAY#301.1_SL,Windsurfer Circle,Candlestick Point,Posting,Bacterial Standards Violation,Unknown,2009-02-12,09:12:37,2009-02-26,09:13:55,Windsurfer Circle,,1.0,1.0,1.0,,Active,2015-09-19,37.70917,-122.3823,BAY#301.1_SL,east,other,14
2513,OCEAN#15EAST_SL,"Baker Beach East, Upper Parking Lot",Baker Beach,Posting,Rain,Unknown,2009-02-15,09:58:43,2009-02-17,09:59:57,Baker Beach Upper Parking Lot,Combined Sewer Discharge,,,,,Active,2015-09-19,37.79258,-122.48465,OCEAN#15EAST_SL,baker_china,rain,2
2512,OCEAN#15_SL,"Baker Beach, Lobos Creek at Lower Parking Lot",Baker Beach,Posting,Rain,Unknown,2009-02-15,09:56:02,2009-02-17,09:57:41,Baker Beach Lobos Creek at Lower Parking Lot,Combined Sewer Discharge,,,,,Active,2015-09-19,37.7917,-122.484926,OCEAN#15_SL,baker_china,rain,2
2514,OCEAN#16_SL,"Baker Beach West, Opposite Seacliff 2 Pumping Station",Baker Beach,Posting,Rain,Unknown,2009-02-15,10:00:50,2009-02-17,10:02:17,Baker Beach Opposite Seacliff 2 Pumping Station,Combined Sewer Discharge,,,,,Active,2015-09-19,37.78977,-122.48741,OCEAN#16_SL,baker_china,rain,2
2517,OCEAN#18_SL,"Ocean Beach, at Balboa St.",Ocean Beach,Posting,Rain,Unknown,2009-02-16,10:06:45,2009-02-18,10:08:43,Ocean Beach at Balboa St.,Combined Sewer Discharge,,,,,Active,2015-09-19,37.77492,-122.51351,OCEAN#18_SL,ocean,rain,2
2474,OCEAN#19_SL,"Ocean Beach, at Lincoln Ave.",Ocean Beach,Posting,Rain,Unknown,2009-02-16,10:09:55,2009-02-18,10:10:48,Ocean Beach at Lincoln Ave.,Combined Sewer Discharge,,,,,Active,2015-09-19,37.7638,-122.511,OCEAN#19_SL,ocean,rain,2
2518,OCEAN#20_SL,"Ocean Beach, at Pacheco St.",Ocean Beach,Posting,Rain,Unknown,2009-02-16,10:11:50,2009-02-16,10:12:55,Ocean Beach at Pacheco St.,Combined Sewer Discharge,,,,,Active,2015-09-19,37.74891,-122.50996,OCEAN#20_SL,ocean,rain,0
2519,OCEAN#21.1_SL,"Ocean Beach, at Sloat Blvd.",Ocean Beach,Posting,Rain,Unknown,2009-02-16,10:13:37,2009-02-18,10:14:36,Ocean Beach at Sloat Blvd.,Combined Sewer Discharge,,,,,Active,2015-09-19,37.73567,-122.50769,OCEAN#21.1_SL,ocean,rain,2
2511,OCEAN#22_SL,Fort Funston,Ocean Beach,Posting,Rain,Unknown,2009-02-16,09:53:13,2009-02-19,09:55:14,Fort Funston,Combined Sewer Discharge,,,,,Active,2015-09-19,37.71526,-122.50476,OCEAN#22_SL,ocean,rain,3
2520,BAY#202.5_SL,Crissy Field West,Crissy Field,Posting,Rain,Unknown,2009-02-18,16:03:10,2009-02-19,16:04:06,Crissy Field West,Combined Sewer Discharge,,,,,Active,2015-09-19,37.8069,-122.4683,BAY#202.5_SL,north,rain,1
2516,BAY#300.1_SL,Sunnydale Cove,Candlestick Point,Posting,Bacterial Standards Violation,Unknown,2009-02-18,16:10:22,2009-02-20,16:11:05,Sunnydale Cove,,1.0,1.0,,,Active,2015-09-19,37.7096,-122.3899,BAY#300.1_SL,east,other,2
2570,BAY#300.1_SL,Sunnydale Cove,Candlestick Point,Posting,Bacterial Standards Violation,Unknown,2009-02-26,16:12:27,2009-02-27,16:12:54,Sunnydale Cove,,1.0,,,,Active,2015-09-19,37.7096,-122.3899,BAY#300.1_SL,east,other,1
2572,BAY#301.1_SL,Windsurfer Circle,Candlestick Point,Posting,Bacterial Standards Violation,Unknown,2009-02-26,16:13:13,2009-02-27,16:13:40,Windsurfer Circle,,1.0,1.0,,,Active,2015-09-19,37.70917,-122.3823,BAY#301.1_SL,east,other,1
2569,BAY#301.2_SL,Jack Rabbit Beach,Candlestick Point,Posting,Bacterial Standards Violation,Unknown,2009-02-26,16:11:33,2009-02-27,16:12:09,Jack Rabbit Beach,,1.0,1.0,,,Active,2015-09-19,37.711025,-122.380136,BAY#301.2_SL,east,other,1
2577,BAY#301.1_SL,Windsurfer Circle,Candlestick Point,Posting,Bacterial Standards Violation,Unknown,2009-02-27,16:25:03,2009-03-10,16:25:34,Windsurfer Circle,,1.0,1.0,,,Active,2015-09-19,37.70917,-122.3823,BAY#301.1_SL,east,other,11
2592,BAY#300.1_SL,Sunnydale Cove,Candlestick Point,Posting,Bacterial Standards Violation,Unknown,2009-03-04,09:22:11,2009-03-07,09:22:37,Sunnydale Cove,,1.0,1.0,,,Active,2015-09-19,37.7096,-122.3899,BAY#300.1_SL,east,other,3
2509,BAY#300.1_SL,Sunnydale Cove,Candlestick Point,Posting,Bacterial Standards Violation,Unknown,2009-04-02,10:46:10,2009-04-03,10:48:56,Sunnydale Cove,,,,,,Active,2015-09-19,37.7096,-122.3899,BAY#300.1_SL,east,other,1
2524,BAY#202.5_SL,Crissy Field West,Crissy Field,Posting,Bacterial Standards Violation,Unknown,2009-04-09,13:10:27,2009-04-11,13:12:00,Crissy Field West,,1.0,,,,Active,2015-09-19,37.8069,-122.4683,BAY#202.5_SL,north,other,2
2510,BAY#300.1_SL,Sunnydale Cove,Candlestick Point,Posting,Bacterial Standards Violation,Unknown,2009-04-09,10:49:26,2009-04-12,10:50:43,Sunnydale Cove,,,,,,Active,2015-09-19,37.7096,-122.3899,BAY#300.1_SL,east,other,3
2579,OCEAN#15_SL,"Baker Beach, Lobos Creek at Lower Parking Lot",Baker Beach,Posting,Bacterial Standards Violation,Unknown,2009-05-28,17:15:09,2009-05-29,17:15:34,Baker Beach Lobos Creek at Lower Parking Lot,,1.0,1.0,,,Active,2015-09-19,37.7917,-122.484926,OCEAN#15_SL,baker_china,other,1
2581,BAY#202.4_SL,"Crissy Field, East",Crissy Field,Posting,Bacterial Standards Violation,Unknown,2009-07-08,17:16:43,2009-07-09,17:17:17,Crissy Field New Beach,,1.0,1.0,,,Active,2015-09-19,37.8066,-122.4519,BAY#202.4_SL,north,other,1
2585,OCEAN#15_SL,"Baker Beach, Lobos Creek at Lower Parking Lot",Baker Beach,Posting,Bacterial Standards Violation,Unknown,2009-07-10,17:18:53,2009-07-13,17:19:22,Baker Beach Lobos Creek at Lower Parking Lot,,1.0,,,,Active,2015-09-19,37.7917,-122.484926,OCEAN#15_SL,baker_china,other,3
2584,OCEAN#15_SL,"Baker Beach, Lobos Creek at Lower Parking Lot",Baker Beach,Posting,Bacterial Standards Violation,Unknown,2009-07-15,17:18:13,2009-07-18,17:18:38,Baker Beach Lobos Creek at Lower Parking Lot,,1.0,1.0,,,Active,2015-09-19,37.7917,-122.484926,OCEAN#15_SL,baker_china,other,3
2582,BAY#301.1_SL,Windsurfer Circle,Candlestick Point,Posting,Bacterial Standards Violation,Unknown,2009-07-22,17:17:35,2009-07-23,17:17:54,Windsurfer Circle,,1.0,,,,Active,2015-09-19,37.70917,-122.3823,BAY#301.1_SL,east,other,1
2587,OCEAN#15_SL,"Baker Beach, Lobos Creek at Lower Parking Lot",Baker Beach,Posting,Bacterial Standards Violation,Unknown,2009-08-12,17:20:41,2009-08-16,17:21:14,Baker Beach Lobos Creek at Lower Parking Lot,,1.0,,1.0,,Active,2015-09-19,37.7917,-122.484926,OCEAN#15_SL,baker_china,other,4
2588,OCEAN#15_SL,"Baker Beach, Lobos Creek at Lower Parking Lot",Baker Beach,Posting,Bacterial Standards Violation,Unknown,2009-08-20,17:21:35,2009-08-21,17:21:58,Baker Beach Lobos Creek at Lower Parking Lot,,1.0,,,,Active,2015-09-19,37.7917,-122.484926,OCEAN#15_SL,baker_china,other,1
2593,OCEAN#15_SL,"Baker Beach, Lobos Creek at Lower Parking Lot",Baker Beach,Posting,Bacterial Standards Violation,Unknown,2009-09-09,14:06:57,2009-09-11,14:13:10,Baker Beach Lobos Creek at Lower Parking Lot,,1.0,,,,Active,2015-09-19,37.7917,-122.484926,OCEAN#15_SL,baker_china,other,2
2596,OCEAN#15_SL,"Baker Beach, Lobos Creek at Lower Parking Lot",Baker Beach,Posting,Bacterial Standards Violation,Unknown,2009-09-23,14:14:22,2009-09-24,14:16:45,Baker Beach Lobos Creek at Lower Parking Lot,,1.0,1.0,1.0,,Active,2015-09-19,37.7917,-122.484926,OCEAN#15_SL,baker_china,other,1
2598,OCEAN#15_SL,"Baker Beach, Lobos Creek at Lower Parking Lot",Baker Beach,Posting,Unknown Cause,Unknown,2009-10-01,13:43:49,2009-10-05,13:44:13,Baker Beach Lobos Creek at Lower Parking Lot,,1.0,,,,Active,2015-09-19,37.7917,-122.484926,OCEAN#15_SL,baker_china,other,4
2601,OCEAN#15EAST_SL,"Baker Beach East, Upper Parking Lot",Baker Beach,Posting,Unknown Cause,Unknown,2009-10-04,13:51:10,2009-10-05,13:51:27,Baker Beach Upper Parking Lot,,1.0,,,,Active,2015-09-19,37.79258,-122.48465,OCEAN#15EAST_SL,baker_china,other,1
2611,BAY#202.5_SL,Crissy Field West,Crissy Field,Posting,Unknown Cause,Unknown,2009-10-14,14:11:30,2009-10-15,14:11:50,Crissy Field West,,1.0,1.0,1.0,,Active,2015-09-19,37.8069,-122.4683,BAY#202.5_SL,north,other,1
2614,BAY#300.1_SL,Sunnydale Cove,Candlestick Point,Posting,Unknown Cause,Unknown,2009-10-14,14:12:29,2009-10-18,14:12:53,Sunnydale Cove,,1.0,1.0,1.0,,Active,2015-09-19,37.7096,-122.3899,BAY#300.1_SL,east,other,4
2615,BAY#210.1_SL,Hyde Street Pier,Aquatic Park,Posting,Unknown Cause,Unknown,2009-10-15,14:13:26,2009-10-16,14:13:47,Hyde Street Pier,,1.0,,,,Active,2015-09-19,37.80899,-122.4212947,BAY#210.1_SL,north,other,1
2605,OCEAN#15EAST_SL,"Baker Beach East, Upper Parking Lot",Baker Beach,Posting,Unknown Cause,Unknown,2009-10-15,13:53:57,2009-10-16,13:54:29,Baker Beach Upper Parking Lot,,1.0,1.0,,,Active,2015-09-19,37.79258,-122.48465,OCEAN#15EAST_SL,baker_china,other,1
2600,OCEAN#15_SL,"Baker Beach, Lobos Creek at Lower Parking Lot",Baker Beach,Posting,Unknown Cause,Unknown,2009-10-21,13:48:53,2009-10-27,13:49:13,Baker Beach Lobos Creek at Lower Parking Lot,,1.0,1.0,,,Active,2015-09-19,37.7917,-122.484926,OCEAN#15_SL,baker_china,other,6
2618,BAY#301.1_SL,Windsurfer Circle,Candlestick Point,Posting,Unknown Cause,Unknown,2009-10-22,14:15:00,2009-10-24,14:15:25,Windsurfer Circle,,1.0,1.0,1.0,,Active,2015-09-19,37.70917,-122.3823,BAY#301.1_SL,east,other,2
2608,OCEAN#15EAST_SL,"Baker Beach East, Upper Parking Lot",Baker Beach,Posting,Unknown Cause,Unknown,2009-10-23,13:55:02,2009-10-24,13:55:20,Baker Beach Upper Parking Lot,,1.0,1.0,1.0,,Active,2015-09-19,37.79258,-122.48465,OCEAN#15EAST_SL,baker_china,other,1
2658,OCEAN#15_SL,"Baker Beach, Lobos Creek at Lower Parking Lot",Baker Beach,Posting,Unknown Cause,Unknown,2009-11-04,16:24:13,2009-11-05,16:24:29,Baker Beach Lobos Creek at Lower Parking Lot,,1.0,,,,Active,2015-09-19,37.7917,-122.484926,OCEAN#15_SL,baker_china,other,1
2652,BAY#300.1_SL,Sunnydale Cove,Candlestick Point,Posting,Unknown Cause,Unknown,2009-11-05,16:20:32,2009-11-07,16:20:50,Sunnydale Cove,,1.0,,,,Active,2015-09-19,37.7096,-122.3899,BAY#300.1_SL,east,other,2
2654,BAY#301.1_SL,Windsurfer Circle,Candlestick Point,Posting,Unknown Cause,Unknown,2009-11-05,16:21:55,2009-11-08,16:22:23,Windsurfer Circle,,1.0,,,,Active,2015-09-19,37.70917,-122.3823,BAY#301.1_SL,east,other,3
2655,BAY#301.1_SL,Windsurfer Circle,Candlestick Point,Posting,Unknown Cause,Unknown,2009-11-11,16:22:49,2009-11-12,16:23:16,Windsurfer Circle,,1.0,,,,Active,2015-09-19,37.70917,-122.3823,BAY#301.1_SL,east,other,1
2659,OCEAN#15_SL,"Baker Beach, Lobos Creek at Lower Parking Lot",Baker Beach,Posting,Unknown Cause,Unknown,2009-11-11,16:24:42,2009-11-13,16:24:59,Baker Beach Lobos Creek at Lower Parking Lot,,1.0,,,,Active,2015-09-19,37.7917,-122.484926,OCEAN#15_SL,baker_china,other,2
2649,BAY#202.4_SL,"Crissy Field, East",Crissy Field,Posting,Unknown Cause,Unknown,2009-11-19,16:17:55,2009-11-22,16:18:20,Crissy Field New Beach,,1.0,,,,Active,2015-09-19,37.8066,-122.4519,BAY#202.4_SL,north,other,3
2651,BAY#211_SL,Aquatic Park Beach,Aquatic Park,Posting,Unknown Cause,Unknown,2009-11-19,16:19:33,2009-11-20,16:19:56,Aquatic Park Mid-beach,,1.0,1.0,,,Active,2015-09-19,37.8078,-122.4221,BAY#211_SL,north,other,1
2657,BAY#301.2_SL,Jack Rabbit Beach,Candlestick Point,Posting,Unknown Cause,Unknown,2009-11-19,16:23:32,2009-11-20,16:23:53,Jack Rabbit Beach,,,1.0,1.0,,Active,2015-09-19,37.711025,-122.380136,BAY#301.2_SL,east,other,1
2660,OCEAN#15EAST_SL,"Baker Beach East, Upper Parking Lot",Baker Beach,Posting,Unknown Cause,Unknown,2009-11-19,16:25:15,2009-11-20,16:25:34,Baker Beach Upper Parking Lot,,1.0,,,,Active,2015-09-19,37.79258,-122.48465,OCEAN#15EAST_SL,baker_china,other,1
2653,BAY#300.1_SL,Sunnydale Cove,Candlestick Point,Posting,Unknown Cause,Unknown,2009-11-25,16:21:11,2009-11-26,16:21:31,Sunnydale Cove,,1.0,,,,Active,2015-09-19,37.7096,-122.3899,BAY#300.1_SL,east,other,1
2666,BAY#202.4_SL,"Crissy Field, East",Crissy Field,Posting,Unknown Cause,Unknown,2009-12-03,16:37:08,2009-12-04,16:37:38,Crissy Field New Beach,,1.0,,,,Active,2015-09-19,37.8066,-122.4519,BAY#202.4_SL,north,other,1
2667,BAY#210.1_SL,Hyde Street Pier,Aquatic Park,Posting,Unknown Cause,Unknown,2009-12-03,16:38:09,2009-12-04,16:38:34,Hyde Street Pier,,1.0,,,,Active,2015-09-19,37.80899,-122.4212947,BAY#210.1_SL,north,other,1
2668,BAY#211_SL,Aquatic Park Beach,Aquatic Park,Posting,Unknown Cause,Unknown,2009-12-03,16:38:58,2009-12-04,16:39:20,Aquatic Park Mid-beach,,1.0,,,,Active,2015-09-19,37.8078,-122.4221,BAY#211_SL,north,other,1
2669,BAY#300.1_SL,Sunnydale Cove,Candlestick Point,Posting,Unknown Cause,Unknown,2009-12-17,16:40:05,2009-12-18,16:40:29,Sunnydale Cove,,1.0,,,,Active,2015-09-19,37.7096,-122.3899,BAY#300.1_SL,east,other,1
2670,BAY#301.1_SL,Windsurfer Circle,Candlestick Point,Posting,Unknown Cause,Unknown,2009-12-30,16:41:03,2010-01-01,16:41:30,Windsurfer Circle,,1.0,,,,Active,2015-09-19,37.70917,-122.3823,BAY#301.1_SL,east,other,2
2785,BAY#300.1_SL,Sunnydale Cove,Candlestick Point,Posting,Unknown Cause,Unknown,2010-01-06,14:27:45,2010-01-07,14:28:27,Sunnydale Cove,,1.0,1.0,,,Active,2015-09-19,37.7096,-122.3899,BAY#300.1_SL,east,other,1
2788,OCEAN#15_SL,"Baker Beach, Lobos Creek at Lower Parking Lot",Baker Beach,Posting,Unknown Cause,Unknown,2010-01-07,14:30:16,2010-01-10,14:30:44,Baker Beach Lobos Creek at Lower Parking Lot,,,,1.0,,Active,2015-09-19,37.7917,-122.484926,OCEAN#15_SL,baker_china,other,3
2772,BAY#202.4_SL,"Crissy Field, East",Crissy Field,Posting,Unknown Cause,Unknown,2010-01-14,14:16:00,2010-01-15,14:16:22,Crissy Field New Beach,,1.0,,,,Active,2015-09-19,37.8066,-122.4519,BAY#202.4_SL,north,other,1
2790,OCEAN#15EAST_SL,"Baker Beach East, Upper Parking Lot",Baker Beach,Posting,Unknown Cause,Unknown,2010-01-18,14:33:59,2010-01-20,14:34:26,Baker Beach Upper Parking Lot,,,,,,Active,2015-09-19,37.79258,-122.48465,OCEAN#15EAST_SL,baker_china,other,2
2789,OCEAN#15_SL,"Baker Beach, Lobos Creek at Lower Parking Lot",Baker Beach,Posting,Unknown Cause,Unknown,2010-01-18,14:31:09,2010-01-20,14:31:44,Baker Beach Lobos Creek at Lower Parking Lot,,,,,,Active,2015-09-19,37.7917,-122.484926,OCEAN#15_SL,baker_china,other,2
2791,OCEAN#16_SL,"Baker Beach West, Opposite Seacliff 2 Pumping Station",Baker Beach,Posting,Unknown Cause,Unknown,2010-01-18,14:36:25,2010-01-20,14:36:43,Baker Beach Opposite Seacliff 2 Pumping Station,,,,,,Active,2015-09-19,37.78977,-122.48741,OCEAN#16_SL,baker_china,other,2
2792,OCEAN#17_SL,China Beach,China Beach,Posting,Unknown Cause,Unknown,2010-01-18,14:37:06,2010-01-21,14:37:26,China Beach,,,,,,Active,2015-09-19,37.78816,-122.49136,OCEAN#17_SL,baker_china,other,3
2793,OCEAN#18_SL,"Ocean Beach, at Balboa St.",Ocean Beach,Posting,Unknown Cause,Unknown,2010-01-18,14:37:52,2010-01-22,14:38:27,Ocean Beach at Balboa St.,,,,,,Active,2015-09-19,37.77492,-122.51351,OCEAN#18_SL,ocean,other,4
2794,OCEAN#19_SL,"Ocean Beach, at Lincoln Ave.",Ocean Beach,Posting,Unknown Cause,Unknown,2010-01-18,14:39:01,2010-01-21,14:39:32,Ocean Beach at Lincoln Ave.,,,,,,Active,2015-09-19,37.7638,-122.511,OCEAN#19_SL,ocean,other,3
2795,OCEAN#20_SL,"Ocean Beach, at Pacheco St.",Ocean Beach,Posting,Unknown Cause,Unknown,2010-01-18,14:40:00,2010-01-20,14:40:34,Ocean Beach at Pacheco St.,,,,,,Active,2015-09-19,37.74891,-122.50996,OCEAN#20_SL,ocean,other,2
2797,OCEAN#21.1_SL,"Ocean Beach, at Sloat Blvd.",Ocean Beach,Posting,Unknown Cause,Unknown,2010-01-18,14:42:01,2010-01-22,14:42:28,Ocean Beach at Sloat Blvd.,,,,,,Active,2015-09-19,37.73567,-122.50769,OCEAN#21.1_SL,ocean,other,4
2796,OCEAN#21_SL,Ocean Beach at Vicente St.,Ocean Beach,Posting,Unknown Cause,Unknown,2010-01-18,14:41:01,2010-01-22,14:41:33,Ocean Beach at Vicente St.,,,,,,Active,2015-09-19,37.73782,-122.50825,OCEAN#21_SL,ocean,other,4
2798,OCEAN#22_SL,Fort Funston,Ocean Beach,Posting,Unknown Cause,Unknown,2010-01-18,14:43:11,2010-01-24,14:43:48,Fort Funston,,,,,,Active,2015-09-19,37.71526,-122.50476,OCEAN#22_SL,ocean,other,6
2782,BAY#301.1_SL,Windsurfer Circle,Candlestick Point,Posting,Unknown Cause,Unknown,2010-01-19,14:24:13,2010-01-25,14:24:39,Windsurfer Circle,,,,,,Active,2015-09-19,37.70917,-122.3823,BAY#301.1_SL,east,other,6
2783,BAY#301.2_SL,Jack Rabbit Beach,Candlestick Point,Posting,Unknown Cause,Unknown,2010-01-19,14:25:07,2010-01-20,14:25:45,Jack Rabbit Beach,,,,,,Active,2015-09-19,37.711025,-122.380136,BAY#301.2_SL,east,other,1
2773,BAY#202.4_SL,"Crissy Field, East",Crissy Field,Posting,Unknown Cause,Unknown,2010-01-20,14:16:46,2010-01-23,14:17:20,Crissy Field New Beach,,,,,,Active,2015-09-19,37.8066,-122.4519,BAY#202.4_SL,north,other,3
2774,BAY#202.5_SL,Crissy Field West,Crissy Field,Posting,Unknown Cause,Unknown,2010-01-20,14:17:42,2010-01-23,14:18:07,Crissy Field West,,,,,,Active,2015-09-19,37.8069,-122.4683,BAY#202.5_SL,north,other,3
2787,BAY#300.1_SL,Sunnydale Cove,Candlestick Point,Posting,Unknown Cause,Unknown,2010-01-20,14:28:52,2010-01-25,14:29:25,Sunnydale Cove,,1.0,1.0,,,Active,2015-09-19,37.7096,-122.3899,BAY#300.1_SL,east,other,5
2800,OCEAN#19_SL,"Ocean Beach, at Lincoln Ave.",Ocean Beach,Posting,Unknown Cause,Unknown,2010-01-21,14:45:48,2010-01-22,14:46:22,Ocean Beach at Lincoln Ave.,,1.0,,,,Active,2015-09-19,37.7638,-122.511,OCEAN#19_SL,ocean,other,1
2775,BAY#202.4_SL,"Crissy Field, East",Crissy Field,Posting,Unknown Cause,Unknown,2010-01-25,14:18:30,2010-01-28,14:18:55,Crissy Field New Beach,,,,,,Active,2015-09-19,37.8066,-122.4519,BAY#202.4_SL,north,other,3
2776,BAY#202.5_SL,Crissy Field West,Crissy Field,Posting,Unknown Cause,Unknown,2010-01-25,14:19:32,2010-01-26,14:19:54,Crissy Field West,,,,,,Active,2015-09-19,37.8069,-122.4683,BAY#202.5_SL,north,other,1
2777,BAY#210.1_SL,Hyde Street Pier,Aquatic Park,Posting,Unknown Cause,Unknown,2010-01-25,14:20:30,2010-01-26,14:20:57,Hyde Street Pier,,,,,,Active,2015-09-19,37.80899,-122.4212947,BAY#210.1_SL,north,other,1
2778,BAY#211_SL,Aquatic Park Beach,Aquatic Park,Posting,Unknown Cause,Unknown,2010-01-25,14:21:16,2010-01-26,14:21:41,Aquatic Park Mid-beach,,,,,,Active,2015-09-19,37.8078,-122.4221,BAY#211_SL,north,other,1
2779,BAY#202.5_SL,Crissy Field West,Crissy Field,Posting,Unknown Cause,Unknown,2010-01-28,14:22:07,2010-01-29,14:22:35,Crissy Field West,,,,,,Active,2015-09-19,37.8069,-122.4683,BAY#202.5_SL,north,other,1
2802,OCEAN#15EAST_SL,"Baker Beach East, Upper Parking Lot",Baker Beach,Posting,Unknown Cause,Unknown,2010-01-30,14:47:55,2010-01-31,14:48:16,Baker Beach Upper Parking Lot,,,,,,Active,2015-09-19,37.79258,-122.48465,OCEAN#15EAST_SL,baker_china,other,1
2801,OCEAN#15_SL,"Baker Beach, Lobos Creek at Lower Parking Lot",Baker Beach,Posting,Unknown Cause,Unknown,2010-01-30,14:46:50,2010-01-31,14:47:25,Baker Beach Lobos Creek at Lower Parking Lot,,,,,,Active,2015-09-19,37.7917,-122.484926,OCEAN#15_SL,baker_china,other,1
2803,OCEAN#16_SL,"Baker Beach West, Opposite Seacliff 2 Pumping Station",Baker Beach,Posting,Unknown Cause,Unknown,2010-01-30,14:48:44,2010-01-31,14:48:59,Baker Beach Opposite Seacliff 2 Pumping Station,,,,,,Active,2015-09-19,37.78977,-122.48741,OCEAN#16_SL,baker_china,other,1
2805,BAY#202.5_SL,Crissy Field West,Crissy Field,Posting,Unknown Cause,Unknown,2010-02-03,16:40:32,2010-02-04,16:41:05,Crissy Field West,,1.0,,,,Active,2015-09-19,37.8069,-122.4683,BAY#202.5_SL,north,other,1
2804,BAY#202.4_SL,"Crissy Field, East",Crissy Field,Posting,Unknown Cause,Unknown,2010-02-25,16:41:47,2010-02-26,16:42:57,Crissy Field New Beach,,1.0,,,,Active,2015-09-19,37.8066,-122.4519,BAY#202.4_SL,north,other,1
2806,BAY#301.1_SL,Windsurfer Circle,Candlestick Point,Posting,Unknown Cause,Unknown,2010-02-25,16:43:23,2010-02-26,16:43:49,Windsurfer Circle,,1.0,,,,Active,2015-09-19,37.70917,-122.3823,BAY#301.1_SL,east,other,1
2808,OCEAN#15EAST_SL,"Baker Beach East, Upper Parking Lot",Baker Beach,Posting,Unknown Cause,Unknown,2010-02-26,16:45:20,2010-02-27,16:45:48,Baker Beach Upper Parking Lot,,,,,,Active,2015-09-19,37.79258,-122.48465,OCEAN#15EAST_SL,baker_china,other,1
2807,OCEAN#15_SL,"Baker Beach, Lobos Creek at Lower Parking Lot",Baker Beach,Posting,Unknown Cause,Unknown,2010-02-26,16:44:19,2010-03-01,16:44:48,Baker Beach Lobos Creek at Lower Parking Lot,,,,,,Active,2015-09-19,37.7917,-122.484926,OCEAN#15_SL,baker_china,other,3
2809,OCEAN#16_SL,"Baker Beach West, Opposite Seacliff 2 Pumping Station",Baker Beach,Posting,Unknown Cause,Unknown,2010-02-26,16:46:19,2010-02-27,16:46:42,Baker Beach Opposite Seacliff 2 Pumping Station,,,,,,Active,2015-09-19,37.78977,-122.48741,OCEAN#16_SL,baker_china,other,1
2810,OCEAN#17_SL,China Beach,China Beach,Posting,Unknown Cause,Unknown,2010-02-26,16:47:02,2010-02-28,16:47:21,China Beach,,,,,,Active,2015-09-19,37.78816,-122.49136,OCEAN#17_SL,baker_china,other,2
2814,BAY#202.4_SL,"Crissy Field, East",Crissy Field,Posting,Unknown Cause,Unknown,2010-03-03,16:51:40,2010-03-04,16:52:05,Crissy Field New Beach,,1.0,,,,Active,2015-09-19,37.8066,-122.4519,BAY#202.4_SL,north,other,1
2816,BAY#202.5_SL,Crissy Field West,Crissy Field,Posting,Unknown Cause,Unknown,2010-03-03,16:53:46,2010-03-04,16:54:24,Crissy Field West,,1.0,,1.0,,Active,2015-09-19,37.8069,-122.4683,BAY#202.5_SL,north,other,1
2811,BAY#300.1_SL,Sunnydale Cove,Candlestick Point,Posting,Unknown Cause,Unknown,2010-03-03,16:49:24,2010-03-05,16:49:59,Sunnydale Cove,,1.0,,,,Active,2015-09-19,37.7096,-122.3899,BAY#300.1_SL,east,other,2
2813,BAY#301.1_SL,Windsurfer Circle,Candlestick Point,Posting,Unknown Cause,Unknown,2010-03-03,16:50:21,2010-03-05,16:50:56,Windsurfer Circle,,1.0,,1.0,,Active,2015-09-19,37.70917,-122.3823,BAY#301.1_SL,east,other,2
2821,OCEAN#15EAST_SL,"Baker Beach East, Upper Parking Lot",Baker Beach,Posting,Unknown Cause,Unknown,2010-04-04,16:22:47,2010-04-06,16:23:15,Baker Beach Upper Parking Lot,,,,,,Active,2015-09-19,37.79258,-122.48465,OCEAN#15EAST_SL,baker_china,other,2
2820,OCEAN#15_SL,"Baker Beach, Lobos Creek at Lower Parking Lot",Baker Beach,Posting,Unknown Cause,Unknown,2010-04-04,16:21:41,2010-04-06,16:22:11,Baker Beach Lobos Creek at Lower Parking Lot,,,,,,Active,2015-09-19,37.7917,-122.484926,OCEAN#15_SL,baker_china,other,2
2822,OCEAN#16_SL,"Baker Beach West, Opposite Seacliff 2 Pumping Station",Baker Beach,Posting,Unknown Cause,Unknown,2010-04-04,16:23:47,2010-04-06,16:24:12,Baker Beach Opposite Seacliff 2 Pumping Station,,,,,,Active,2015-09-19,37.78977,-122.48741,OCEAN#16_SL,baker_china,other,2
2823,OCEAN#17_SL,China Beach,China Beach,Posting,Unknown Cause,Unknown,2010-04-04,16:24:37,2010-04-06,16:25:09,China Beach,,,,,,Active,2015-09-19,37.78816,-122.49136,OCEAN#17_SL,baker_china,other,2
2824,OCEAN#22_SL,Fort Funston,Ocean Beach,Posting,Unknown Cause,Unknown,2010-04-04,16:25:57,2010-04-06,16:26:24,Fort Funston,,,,,,Active,2015-09-19,37.71526,-122.50476,OCEAN#22_SL,ocean,other,2
2831,BAY#202.5_SL,Crissy Field West,Crissy Field,Posting,Unknown Cause,Unknown,2010-04-22,16:29:36,2010-04-24,16:30:17,Crissy Field West,,,1.0,1.0,,Active,2015-09-19,37.8069,-122.4683,BAY#202.5_SL,north,other,2
2828,BAY#202.4_SL,"Crissy Field, East",Crissy Field,Posting,Unknown Cause,Unknown,2010-04-28,16:28:26,2010-04-29,16:29:05,Crissy Field New Beach,,1.0,,,,Active,2015-09-19,37.8066,-122.4519,BAY#202.4_SL,north,other,1
2833,BAY#300.1_SL,Sunnydale Cove,Candlestick Point,Posting,Unknown Cause,Unknown,2010-04-28,16:30:50,2010-04-29,16:31:33,Sunnydale Cove,,1.0,1.0,,,Active,2015-09-19,37.7096,-122.3899,BAY#300.1_SL,east,other,1
2834,OCEAN#15_SL,"Baker Beach, Lobos Creek at Lower Parking Lot",Baker Beach,Posting,Unknown Cause,Unknown,2010-05-19,15:53:25,2010-05-20,15:54:08,Baker Beach Lobos Creek at Lower Parking Lot,,1.0,,,,Active,2015-09-19,37.7917,-122.484926,OCEAN#15_SL,baker_china,other,1
2835,OCEAN#15_SL,"Baker Beach, Lobos Creek at Lower Parking Lot",Baker Beach,Posting,Unknown Cause,Unknown,2010-05-27,15:54:55,2010-05-29,15:55:54,Baker Beach Lobos Creek at Lower Parking Lot,,1.0,,,,Active,2015-09-19,37.7917,-122.484926,OCEAN#15_SL,baker_china,other,2
2836,BAY#202.4_SL,"Crissy Field, East",Crissy Field,Posting,Unknown Cause,Unknown,2010-06-03,15:58:03,2010-06-04,15:59:05,Crissy Field New Beach,,,,,,Active,2015-09-19,37.8066,-122.4519,BAY#202.4_SL,north,other,1
2840,OCEAN#15_SL,"Baker Beach, Lobos Creek at Lower Parking Lot",Baker Beach,Posting,Unknown Cause,Unknown,2010-06-30,16:01:31,2010-07-01,16:02:58,Baker Beach Lobos Creek at Lower Parking Lot,,1.0,1.0,1.0,,Active,2015-09-19,37.7917,-122.484926,OCEAN#15_SL,baker_china,other,1
2841,BAY#301.1_SL,Windsurfer Circle,Candlestick Point,Posting,Unknown Cause,Unknown,2010-07-28,16:19:41,2010-07-29,16:20:29,Windsurfer Circle,,1.0,,,,Active,2015-09-19,37.70917,-122.3823,BAY#301.1_SL,east,other,1
2842,OCEAN#15_SL,"Baker Beach, Lobos Creek at Lower Parking Lot",Baker Beach,Posting,Unknown Cause,Unknown,2010-08-04,16:02:10,2010-08-05,16:02:55,Baker Beach Lobos Creek at Lower Parking Lot,,,,1.0,,Active,2015-09-19,37.7917,-122.484926,OCEAN#15_SL,baker_china,other,1
2843,BAY#300.1_SL,Sunnydale Cove,Candlestick Point,Posting,Unknown Cause,Unknown,2010-08-12,16:03:38,2010-08-13,16:04:14,Sunnydale Cove,,1.0,,,,Active,2015-09-19,37.7096,-122.3899,BAY#300.1_SL,east,other,1
2845,BAY#300.1_SL,Sunnydale Cove,Candlestick Point,Posting,Unknown Cause,Unknown,2010-08-25,16:04:47,2010-08-26,16:05:43,Sunnydale Cove,,1.0,1.0,,,Active,2015-09-19,37.7096,-122.3899,BAY#300.1_SL,east,other,1
2850,BAY#300.1_SL,Sunnydale Cove,Candlestick Point,Posting,Unknown Cause,Unknown,2010-09-08,12:04:09,2010-09-09,12:05:17,Sunnydale Cove,,1.0,1.0,1.0,,Active,2015-09-19,37.7096,-122.3899,BAY#300.1_SL,east,other,1
2853,BAY#301.1_SL,Windsurfer Circle,Candlestick Point,Posting,Unknown Cause,Unknown,2010-09-08,12:07:29,2010-09-09,12:08:24,Windsurfer Circle,,,1.0,,,Active,2015-09-19,37.70917,-122.3823,BAY#301.1_SL,east,other,1
2860,OCEAN#15EAST_SL,"Baker Beach East, Upper Parking Lot",Baker Beach,Posting,Unknown Cause,Unknown,2010-09-15,12:24:30,2010-09-16,12:24:55,Baker Beach Upper Parking Lot,,1.0,,,,Active,2015-09-19,37.79258,-122.48465,OCEAN#15EAST_SL,baker_china,other,1
2858,OCEAN#15_SL,"Baker Beach, Lobos Creek at Lower Parking Lot",Baker Beach,Posting,Unknown Cause,Unknown,2010-09-16,12:12:31,2010-09-22,12:13:23,Baker Beach Lobos Creek at Lower Parking Lot,,1.0,1.0,,,Active,2015-09-19,37.7917,-122.484926,OCEAN#15_SL,baker_china,other,6
2846,BAY#210.1_SL,Hyde Street Pier,Aquatic Park,Posting,Unknown Cause,Unknown,2010-09-21,12:01:04,2010-09-22,12:02:05,Hyde Street Pier,,,,,,Active,2015-09-19,37.80899,-122.4212947,BAY#210.1_SL,north,other,1
2847,BAY#211_SL,Aquatic Park Beach,Aquatic Park,Posting,Unknown Cause,Unknown,2010-09-21,12:02:50,2010-09-23,12:03:22,Aquatic Park Mid-beach,,,,,,Active,2015-09-19,37.8078,-122.4221,BAY#211_SL,north,other,2
2852,BAY#300.1_SL,Sunnydale Cove,Candlestick Point,Posting,Unknown Cause,Unknown,2010-09-22,12:05:48,2010-09-23,12:06:48,Sunnydale Cove,,1.0,1.0,,,Active,2015-09-19,37.7096,-122.3899,BAY#300.1_SL,east,other,1
2855,BAY#301.1_SL,Windsurfer Circle,Candlestick Point,Posting,Unknown Cause,Unknown,2010-09-22,12:08:55,2010-09-23,12:10:28,Windsurfer Circle,,1.0,1.0,,,Active,2015-09-19,37.70917,-122.3823,BAY#301.1_SL,east,other,1
2859,OCEAN#15_SL,"Baker Beach, Lobos Creek at Lower Parking Lot",Baker Beach,Posting,Unknown Cause,Unknown,2010-09-29,12:13:43,2010-10-05,12:23:45,Baker Beach Lobos Creek at Lower Parking Lot,,1.0,,,,Active,2015-09-19,37.7917,-122.484926,OCEAN#15_SL,baker_china,other,6
2856,BAY#301.1_SL,Windsurfer Circle,Candlestick Point,Posting,Unknown Cause,Unknown,2010-09-30,12:10:54,2010-10-02,12:11:31,Windsurfer Circle,,,1.0,,,Active,2015-09-19,37.70917,-122.3823,BAY#301.1_SL,east,other,2
13566,BAY#202.4_SL,"Crissy Field, East",Crissy Field,Posting,Unknown Cause,Unknown,2010-11-03,11:12:29,2010-11-05,11:14:51,Crissy Field New Beach,ecoli 496 / entero 364,1.0,1.0,1.0,,Active,2015-09-19,37.8066,-122.4519,BAY#202.4_SL,north,other,2
13568,BAY#202.5_SL,Crissy Field West,Crissy Field,Posting,Unknown Cause,Unknown,2010-11-03,11:26:06,2010-11-06,11:27:13,Crissy Field West,E Coli 520,1.0,1.0,,,Active,2015-09-19,37.8069,-122.4683,BAY#202.5_SL,north,other,3
13570,BAY#211_SL,Aquatic Park Beach,Aquatic Park,Posting,Unknown Cause,Unknown,2010-11-03,11:29:27,2010-11-05,11:30:27,Aquatic Park Mid-beach,Ecoli 2755 / entero 959,1.0,1.0,,,Active,2015-09-19,37.8078,-122.4221,BAY#211_SL,north,other,2
13574,BAY#301.1_SL,Windsurfer Circle,Candlestick Point,Posting,Unknown Cause,Unknown,2010-11-03,13:09:48,2010-11-09,13:10:28,Windsurfer Circle,,1.0,,,,Active,2015-09-19,37.70917,-122.3823,BAY#301.1_SL,east,other,6
2862,OCEAN#15_SL,"Baker Beach, Lobos Creek at Lower Parking Lot",Baker Beach,Posting,Unknown Cause,Unknown,2010-11-05,10:47:34,2010-11-05,10:59:31,Baker Beach Lobos Creek at Lower Parking Lot,,1.0,,1.0,,Active,2015-09-19,37.7917,-122.484926,OCEAN#15_SL,baker_china,other,0
13573,BAY#210.1_SL,Hyde Street Pier,Aquatic Park,Posting,Unknown Cause,Unknown,2010-11-17,12:58:10,2010-11-18,13:07:48,Hyde Street Pier,elvated E. Coli & Entero ; low bacteria counts,1.0,1.0,,,Active,2015-09-19,37.80899,-122.4212947,BAY#210.1_SL,north,other,1
13579,OCEAN#15_SL,"Baker Beach, Lobos Creek at Lower Parking Lot",Baker Beach,Posting,Unknown Cause,Unknown,2010-11-18,13:27:16,2010-11-19,13:28:35,Baker Beach Lobos Creek at Lower Parking Lot,"otal Coli = 10,462 low bateria counts) per PUC",,,1.0,,Active,2015-09-19,37.7917,-122.484926,OCEAN#15_SL,baker_china,other,1
13578,BAY#300.1_SL,Sunnydale Cove,Candlestick Point,Posting,Unknown Cause,Unknown,2010-11-23,13:25:23,2010-11-24,13:25:53,Sunnydale Cove,,1.0,,,,Active,2015-09-19,37.7096,-122.3899,BAY#300.1_SL,east,other,1
13577,BAY#301.1_SL,Windsurfer Circle,Candlestick Point,Posting,Unknown Cause,Unknown,2010-11-23,13:23:30,2010-11-27,13:24:34,Windsurfer Circle,all 3 elevated,1.0,1.0,1.0,,Active,2015-09-19,37.70917,-122.3823,BAY#301.1_SL,east,other,4
13629,BAY#202.4_SL,"Crissy Field, East",Crissy Field,Posting,Unknown Cause,Unknown,2011-01-04,07:53:02,2011-01-05,08:10:59,Crissy Field New Beach,,1.0,1.0,,,Active,2015-09-19,37.8066,-122.4519,BAY#202.4_SL,north,other,1
13631,BAY#202.4_SL,"Crissy Field, East",Crissy Field,Posting,Unknown Cause,Unknown,2011-01-19,08:11:30,2011-01-20,08:11:50,Crissy Field New Beach,,1.0,1.0,,,Active,2015-09-19,37.8066,-122.4519,BAY#202.4_SL,north,other,1
13633,OCEAN#15EAST_SL,"Baker Beach East, Upper Parking Lot",Baker Beach,Posting,Unknown Cause,Unknown,2011-01-19,08:30:08,2011-01-20,08:30:35,Baker Beach Upper Parking Lot,,1.0,,,,Active,2015-09-19,37.79258,-122.48465,OCEAN#15EAST_SL,baker_china,other,1
13632,OCEAN#15_SL,"Baker Beach, Lobos Creek at Lower Parking Lot",Baker Beach,Posting,Unknown Cause,Unknown,2011-01-19,08:27:30,2011-01-20,08:28:18,Baker Beach Lobos Creek at Lower Parking Lot,,1.0,,,,Active,2015-09-19,37.7917,-122.484926,OCEAN#15_SL,baker_china,other,1
13639,BAY#202.4_SL,"Crissy Field, East",Crissy Field,Posting,Unknown Cause,Unknown,2011-02-15,13:04:57,2011-02-16,13:05:18,Crissy Field New Beach,,1.0,1.0,,,Active,2015-09-19,37.8066,-122.4519,BAY#202.4_SL,north,other,1
13645,BAY#300.1_SL,Sunnydale Cove,Candlestick Point,Posting,Unknown Cause,Unknown,2011-02-15,13:06:14,2011-02-17,13:06:42,Sunnydale Cove,,1.0,1.0,1.0,,Active,2015-09-19,37.7096,-122.3899,BAY#300.1_SL,east,other,2
13649,BAY#301.1_SL,Windsurfer Circle,Candlestick Point,Posting,Unknown Cause,Unknown,2011-02-15,13:07:48,2011-02-17,13:08:15,Windsurfer Circle,,1.0,1.0,,,Active,2015-09-19,37.70917,-122.3823,BAY#301.1_SL,east,other,2
13650,OCEAN#15_SL,"Baker Beach, Lobos Creek at Lower Parking Lot",Baker Beach,Posting,Unknown Cause,Combined Sewer Discharge,2011-02-16,13:09:00,2011-02-17,13:09:54,Baker Beach Lobos Creek at Lower Parking Lot,csd 2-16-11,,,,,Active,2015-09-19,37.7917,-122.484926,OCEAN#15_SL,baker_china,cso,1
14080,BAY#301.1_SL,Windsurfer Circle,Candlestick Point,Posting,Unknown Cause,Unknown,2011-03-15,14:20:26,2011-03-17,14:21:15,Windsurfer Circle,,1.0,,,,Active,2015-09-19,37.70917,-122.3823,BAY#301.1_SL,east,other,2
14082,OCEAN#15EAST_SL,"Baker Beach East, Upper Parking Lot",Baker Beach,Posting,Unknown Cause,Combined Sewer Discharge,2011-03-18,14:32:33,2011-03-19,14:32:51,Baker Beach Upper Parking Lot,,,,,,Active,2015-09-19,37.79258,-122.48465,OCEAN#15EAST_SL,baker_china,cso,1
14081,OCEAN#15_SL,"Baker Beach, Lobos Creek at Lower Parking Lot",Baker Beach,Posting,Unknown Cause,Combined Sewer Discharge,2011-03-18,14:22:46,2011-03-20,14:23:37,Baker Beach Lobos Creek at Lower Parking Lot,,1.0,,,,Active,2015-09-19,37.7917,-122.484926,OCEAN#15_SL,baker_china,cso,2
14083,OCEAN#16_SL,"Baker Beach West, Opposite Seacliff 2 Pumping Station",Baker Beach,Posting,Unknown Cause,Combined Sewer Discharge,2011-03-18,14:33:39,2011-03-19,14:34:02,Baker Beach Opposite Seacliff 2 Pumping Station,,,,,,Active,2015-09-19,37.78977,-122.48741,OCEAN#16_SL,baker_china,cso,1
14084,OCEAN#22_SL,Fort Funston,Ocean Beach,Posting,Unknown Cause,Combined Sewer Discharge,2011-03-18,14:34:57,2011-03-22,14:35:44,Fort Funston,no samples due to high tide,,,,,Active,2015-09-19,37.71526,-122.50476,OCEAN#22_SL,ocean,cso,4
14086,BAY#300.1_SL,Sunnydale Cove,Candlestick Point,Posting,Unknown Cause,Unknown,2011-03-23,14:37:35,2011-03-26,14:37:56,Sunnydale Cove,,1.0,,,,Active,2015-09-19,37.7096,-122.3899,BAY#300.1_SL,east,other,3
14085,BAY#301.1_SL,Windsurfer Circle,Candlestick Point,Posting,Unknown Cause,Unknown,2011-03-23,14:36:29,2011-03-28,14:37:05,Windsurfer Circle,,1.0,,,,Active,2015-09-19,37.70917,-122.3823,BAY#301.1_SL,east,other,5
14089,OCEAN#15EAST_SL,"Baker Beach East, Upper Parking Lot",Baker Beach,Posting,Unknown Cause,Combined Sewer Discharge,2011-03-24,14:53:15,2011-03-25,14:53:30,Baker Beach Upper Parking Lot,,,,,,Active,2015-09-19,37.79258,-122.48465,OCEAN#15EAST_SL,baker_china,cso,1
14088,OCEAN#15_SL,"Baker Beach, Lobos Creek at Lower Parking Lot",Baker Beach,Posting,Unknown Cause,Combined Sewer Discharge,2011-03-24,14:51:51,2011-03-25,14:52:12,Baker Beach Lobos Creek at Lower Parking Lot,,,,,,Active,2015-09-19,37.7917,-122.484926,OCEAN#15_SL,baker_china,cso,1
14090,OCEAN#16_SL,"Baker Beach West, Opposite Seacliff 2 Pumping Station",Baker Beach,Posting,Unknown Cause,Combined Sewer Discharge,2011-03-24,14:54:01,2011-03-25,14:54:16,Baker Beach Opposite Seacliff 2 Pumping Station,,,,,,Active,2015-09-19,37.78977,-122.48741,OCEAN#16_SL,baker_china,cso,1
14091,OCEAN#18_SL,"Ocean Beach, at Balboa St.",Ocean Beach,Posting,Unknown Cause,Combined Sewer Discharge,2011-03-24,14:54:48,2011-03-26,14:55:05,Ocean Beach at Balboa St.,,,,,,Active,2015-09-19,37.77492,-122.51351,OCEAN#18_SL,ocean,cso,2
14092,OCEAN#19_SL,"Ocean Beach, at Lincoln Ave.",Ocean Beach,Posting,Unknown Cause,Combined Sewer Discharge,2011-03-24,14:55:27,2011-03-26,14:55:47,Ocean Beach at Lincoln Ave.,,,,,,Active,2015-09-19,37.7638,-122.511,OCEAN#19_SL,ocean,cso,2
14093,OCEAN#20_SL,"Ocean Beach, at Pacheco St.",Ocean Beach,Posting,Unknown Cause,Combined Sewer Discharge,2011-03-24,14:56:07,2011-03-26,14:56:22,Ocean Beach at Pacheco St.,,,,,,Active,2015-09-19,37.74891,-122.50996,OCEAN#20_SL,ocean,cso,2
14094,OCEAN#21.1_SL,"Ocean Beach, at Sloat Blvd.",Ocean Beach,Posting,Unknown Cause,Combined Sewer Discharge,2011-03-24,14:56:38,2011-03-26,14:56:58,Ocean Beach at Sloat Blvd.,,,,,,Active,2015-09-19,37.73567,-122.50769,OCEAN#21.1_SL,ocean,cso,2
14095,OCEAN#21_SL,Ocean Beach at Vicente St.,Ocean Beach,Posting,Unknown Cause,Combined Sewer Discharge,2011-03-24,14:57:17,2011-03-26,14:57:48,Ocean Beach at Vicente St.,,,,,,Active,2015-09-19,37.73782,-122.50825,OCEAN#21_SL,ocean,cso,2
14087,OCEAN#22_SL,Fort Funston,Ocean Beach,Posting,Unknown Cause,Combined Sewer Discharge,2011-03-24,14:39:26,2011-03-26,14:39:48,Fort Funston,,,,,,Active,2015-09-19,37.71526,-122.50476,OCEAN#22_SL,ocean,cso,2
14209,BAY#301.1_SL,Windsurfer Circle,Candlestick Point,Posting,Unknown Cause,Unknown,2011-04-05,14:21:44,2011-04-06,14:22:44,Windsurfer Circle,,1.0,,,,Active,2015-09-19,37.70917,-122.3823,BAY#301.1_SL,east,other,1
14420,BAY#300.1_SL,Sunnydale Cove,Candlestick Point,Posting,Unknown Cause,Unknown,2011-05-18,12:39:45,2011-05-19,12:40:47,Sunnydale Cove,,1.0,1.0,,,Active,2015-09-19,37.7096,-122.3899,BAY#300.1_SL,east,other,1
14421,BAY#301.1_SL,Windsurfer Circle,Candlestick Point,Posting,Unknown Cause,Unknown,2011-05-18,12:41:15,2011-05-19,12:41:34,Windsurfer Circle,,1.0,,,,Active,2015-09-19,37.70917,-122.3823,BAY#301.1_SL,east,other,1
14423,BAY#300.1_SL,Sunnydale Cove,Candlestick Point,Posting,Unknown Cause,Unknown,2011-05-24,12:42:37,2011-05-25,12:43:12,Sunnydale Cove,,1.0,,,,Active,2015-09-19,37.7096,-122.3899,BAY#300.1_SL,east,other,1
14422,BAY#301.1_SL,Windsurfer Circle,Candlestick Point,Posting,Unknown Cause,Unknown,2011-05-24,12:41:55,2011-05-25,12:42:15,Windsurfer Circle,,1.0,,,,Active,2015-09-19,37.70917,-122.3823,BAY#301.1_SL,east,other,1
14634,BAY#300.1_SL,Sunnydale Cove,Candlestick Point,Posting,Unknown Cause,Unknown,2011-06-07,08:12:37,2011-06-08,08:13:29,Sunnydale Cove,,1.0,1.0,,,Active,2015-09-19,37.7096,-122.3899,BAY#300.1_SL,east,other,1
14636,BAY#301.2_SL,Jack Rabbit Beach,Candlestick Point,Posting,Unknown Cause,Unknown,2011-06-07,08:13:57,2011-06-10,08:14:33,Jack Rabbit Beach,,1.0,1.0,,,Active,2015-09-19,37.711025,-122.380136,BAY#301.2_SL,east,other,3
14637,BAY#202.4_SL,"Crissy Field, East",Crissy Field,Posting,Unknown Cause,Unknown,2011-06-21,08:15:22,2011-06-23,08:15:45,Crissy Field New Beach,,1.0,,,,Active,2015-09-19,37.8066,-122.4519,BAY#202.4_SL,north,other,2
14638,OCEAN#15_SL,"Baker Beach, Lobos Creek at Lower Parking Lot",Baker Beach,Posting,Unknown Cause,Unknown,2011-06-23,08:16:05,2011-06-24,08:16:36,Baker Beach Lobos Creek at Lower Parking Lot,,,,1.0,,Active,2015-09-19,37.7917,-122.484926,OCEAN#15_SL,baker_china,other,1
14826,BAY#202.5_SL,Crissy Field West,Crissy Field,Posting,Unknown Cause,Unknown,2011-07-19,07:56:24,2011-07-20,07:56:57,Crissy Field West,,1.0,,,,Active,2015-09-19,37.8069,-122.4683,BAY#202.5_SL,north,other,1
14828,BAY#301.2_SL,Jack Rabbit Beach,Candlestick Point,Posting,Unknown Cause,Unknown,2011-07-19,07:57:34,2011-07-20,07:58:13,Jack Rabbit Beach,,1.0,1.0,,,Active,2015-09-19,37.711025,-122.380136,BAY#301.2_SL,east,other,1
15042,BAY#202.4_SL,"Crissy Field, East",Crissy Field,Posting,Unknown Cause,Unknown,2011-08-24,11:37:28,2011-08-25,11:38:08,Crissy Field New Beach,,,,1.0,,Active,2015-09-19,37.8066,-122.4519,BAY#202.4_SL,north,other,1
15043,BAY#202.5_SL,Crissy Field West,Crissy Field,Posting,Unknown Cause,Unknown,2011-08-24,11:38:32,2011-08-25,11:38:57,Crissy Field West,,,,1.0,,Active,2015-09-19,37.8069,-122.4683,BAY#202.5_SL,north,other,1
15045,BAY#301.2_SL,Jack Rabbit Beach,Candlestick Point,Posting,Unknown Cause,Unknown,2011-08-24,11:39:34,2011-08-25,11:40:23,Jack Rabbit Beach,,1.0,1.0,,,Active,2015-09-19,37.711025,-122.380136,BAY#301.2_SL,east,other,1
15229,BAY#211_SL,Aquatic Park Beach,Aquatic Park,Posting,Unknown Cause,Unknown,2011-09-07,15:40:15,2011-09-08,15:40:41,Aquatic Park Mid-beach,,1.0,1.0,,,Active,2015-09-19,37.8078,-122.4221,BAY#211_SL,north,other,1
15231,BAY#211_SL,Aquatic Park Beach,Aquatic Park,Posting,Unknown Cause,Unknown,2011-09-13,15:40:58,2011-09-14,15:41:17,Aquatic Park Mid-beach,,1.0,1.0,,,Active,2015-09-19,37.8078,-122.4221,BAY#211_SL,north,other,1
15232,OCEAN#15_SL,"Baker Beach, Lobos Creek at Lower Parking Lot",Baker Beach,Posting,Unknown Cause,Unknown,2011-09-13,15:41:32,2011-09-14,15:41:51,Baker Beach Lobos Creek at Lower Parking Lot,,1.0,,,,Active,2015-09-19,37.7917,-122.484926,OCEAN#15_SL,baker_china,other,1
15728,OCEAN#16_SL,"Baker Beach West, Opposite Seacliff 2 Pumping Station",Baker Beach,Posting,Unknown Cause,Combined Sewer Discharge,2011-10-05,15:39:00,2011-10-06,15:39:24,Baker Beach Opposite Seacliff 2 Pumping Station,,,,,,Active,2015-09-19,37.78977,-122.48741,OCEAN#16_SL,baker_china,cso,1
15727,BAY#202.4_SL,"Crissy Field, East",Crissy Field,Posting,Unknown Cause,Unknown,2011-10-12,15:36:28,2011-10-13,15:37:30,Crissy Field New Beach,,,1.0,,,Active,2015-09-19,37.8066,-122.4519,BAY#202.4_SL,north,other,1
15733,BAY#301.1_SL,Windsurfer Circle,Candlestick Point,Posting,Unknown Cause,Unknown,2011-10-12,15:41:11,2011-10-14,15:41:43,Windsurfer Circle,,1.0,1.0,1.0,,Active,2015-09-19,37.70917,-122.3823,BAY#301.1_SL,east,other,2
15730,OCEAN#17_SL,China Beach,China Beach,Posting,Unknown Cause,Unknown,2011-10-12,15:39:41,2011-10-14,15:40:03,China Beach,,1.0,1.0,,,Active,2015-09-19,37.78816,-122.49136,OCEAN#17_SL,baker_china,other,2
15735,BAY#202.4_SL,"Crissy Field, East",Crissy Field,Posting,Unknown Cause,Unknown,2011-10-25,15:42:58,2011-10-26,15:43:15,Crissy Field New Beach,,1.0,,,,Active,2015-09-19,37.8066,-122.4519,BAY#202.4_SL,north,other,1
15736,BAY#301.1_SL,Windsurfer Circle,Candlestick Point,Posting,Unknown Cause,Unknown,2011-10-25,15:43:37,2011-10-27,15:44:08,Windsurfer Circle,,,,1.0,,Active,2015-09-19,37.70917,-122.3823,BAY#301.1_SL,east,other,2
15734,OCEAN#15_SL,"Baker Beach, Lobos Creek at Lower Parking Lot",Baker Beach,Posting,Unknown Cause,Unknown,2011-10-25,15:42:01,2011-10-26,15:42:26,Baker Beach Lobos Creek at Lower Parking Lot,,1.0,,,,Active,2015-09-19,37.7917,-122.484926,OCEAN#15_SL,baker_china,other,1
15738,BAY#211_SL,Aquatic Park Beach,Aquatic Park,Posting,Unknown Cause,Unknown,2011-10-26,15:44:26,2011-10-27,15:44:51,Aquatic Park Mid-beach,,1.0,1.0,,,Active,2015-09-19,37.8078,-122.4221,BAY#211_SL,north,other,1
16839,BAY#300.1_SL,Sunnydale Cove,Candlestick Point,Posting,Unknown Cause,Unknown,2011-11-08,09:04:20,2011-11-10,09:04:55,Sunnydale Cove,,1.0,1.0,,,Active,2015-09-19,37.7096,-122.3899,BAY#300.1_SL,east,other,2
16841,BAY#301.2_SL,Jack Rabbit Beach,Candlestick Point,Posting,Unknown Cause,Unknown,2011-11-08,09:05:57,2011-11-09,09:06:33,Jack Rabbit Beach,,1.0,1.0,,,Active,2015-09-19,37.711025,-122.380136,BAY#301.2_SL,east,other,1
16842,BAY#202.4_SL,"Crissy Field, East",Crissy Field,Posting,Unknown Cause,Unknown,2011-11-22,09:09:40,2011-11-23,09:10:00,Crissy Field New Beach,,1.0,,,,Active,2015-09-19,37.8066,-122.4519,BAY#202.4_SL,north,other,1
16843,BAY#300.1_SL,Sunnydale Cove,Candlestick Point,Posting,Unknown Cause,Unknown,2011-11-22,09:21:07,2011-11-23,09:21:30,Sunnydale Cove,,1.0,,,,Active,2015-09-19,37.7096,-122.3899,BAY#300.1_SL,east,other,1
16844,BAY#301.1_SL,Windsurfer Circle,Candlestick Point,Posting,Unknown Cause,Unknown,2011-11-22,09:21:55,2011-11-23,09:22:20,Windsurfer Circle,,1.0,,,,Active,2015-09-19,37.70917,-122.3823,BAY#301.1_SL,east,other,1
16846,BAY#301.2_SL,Jack Rabbit Beach,Candlestick Point,Posting,Unknown Cause,Unknown,2011-11-23,09:29:24,2011-11-27,09:29:43,Jack Rabbit Beach,,1.0,,,,Active,2015-09-19,37.711025,-122.380136,BAY#301.2_SL,east,other,4
16848,BAY#301.2_SL,Jack Rabbit Beach,Candlestick Point,Posting,Unknown Cause,Unknown,2011-11-29,09:30:13,2011-11-30,09:30:39,Jack Rabbit Beach,,1.0,1.0,,,Active,2015-09-19,37.711025,-122.380136,BAY#301.2_SL,east,other,1
17040,OCEAN#16_SL,"Baker Beach West, Opposite Seacliff 2 Pumping Station",Baker Beach,Posting,Unknown Cause,Unknown,2011-12-06,08:06:22,2011-12-07,08:06:42,Baker Beach Opposite Seacliff 2 Pumping Station,,,1.0,,,Active,2015-09-19,37.78977,-122.48741,OCEAN#16_SL,baker_china,other,1
17039,BAY#300.1_SL,Sunnydale Cove,Candlestick Point,Posting,Unknown Cause,Unknown,2011-12-20,08:05:07,2011-12-22,08:05:31,Sunnydale Cove,,1.0,,,,Active,2015-09-19,37.7096,-122.3899,BAY#300.1_SL,east,other,2
18358,BAY#202.4_SL,"Crissy Field, East",Crissy Field,Posting,Unknown Cause,Unknown,2012-01-10,11:16:56,2012-01-12,11:17:20,Crissy Field New Beach,,1.0,,,,Active,2015-09-19,37.8066,-122.4519,BAY#202.4_SL,north,other,2
18361,BAY#301.1_SL,Windsurfer Circle,Candlestick Point,Posting,Unknown Cause,Unknown,2012-01-18,11:20:23,2012-01-20,11:20:56,Windsurfer Circle,,1.0,,,,Active,2015-09-19,37.70917,-122.3823,BAY#301.1_SL,east,other,2
18359,BAY#202.4_SL,"Crissy Field, East",Crissy Field,Posting,Unknown Cause,Unknown,2012-01-24,11:18:07,2012-01-25,11:18:44,Crissy Field New Beach,,1.0,,,,Active,2015-09-19,37.8066,-122.4519,BAY#202.4_SL,north,other,1
18360,BAY#301.1_SL,Windsurfer Circle,Candlestick Point,Posting,Unknown Cause,Unknown,2012-01-31,11:19:09,2012-02-02,11:19:36,Windsurfer Circle,,1.0,,,,Active,2015-09-19,37.70917,-122.3823,BAY#301.1_SL,east,other,2
18560,BAY#301.1_SL,Windsurfer Circle,Candlestick Point,Posting,Unknown Cause,Unknown,2012-02-14,14:25:02,2012-02-17,14:25:24,Windsurfer Circle,,1.0,,,,Active,2015-09-19,37.70917,-122.3823,BAY#301.1_SL,east,other,3
18777,BAY#202.4_SL,"Crissy Field, East",Crissy Field,Posting,Unknown Cause,Unknown,2012-03-06,15:28:44,2012-03-07,15:30:02,Crissy Field New Beach,,1.0,,,,Active,2015-09-19,37.8066,-122.4519,BAY#202.4_SL,north,other,1
18779,BAY#301.1_SL,Windsurfer Circle,Candlestick Point,Posting,Unknown Cause,Unknown,2012-03-13,15:30:21,2012-03-20,15:30:46,Windsurfer Circle,,1.0,1.0,,,Active,2015-09-19,37.70917,-122.3823,BAY#301.1_SL,east,other,7
19107,OCEAN#21_SL,Ocean Beach at Vicente St.,Ocean Beach,Posting,Unknown Cause,Combined Sewer Discharge,2012-04-11,08:20:27,2012-04-12,08:20:46,Ocean Beach at Vicente St.,,,,,,Active,2015-09-19,37.73782,-122.50825,OCEAN#21_SL,ocean,cso,1
21150,BAY#202.4_SL,"Crissy Field, East",Crissy Field,Posting,Unknown Cause,Unknown,2012-05-08,09:05:33,2012-05-09,09:06:04,Crissy Field New Beach,,1.0,,,,Active,2015-09-19,37.8066,-122.4519,BAY#202.4_SL,north,other,1
21491,BAY#211_SL,Aquatic Park Beach,Aquatic Park,Posting,Unknown Cause,Unknown,2012-06-06,11:14:37,2012-06-07,11:15:09,Aquatic Park Mid-beach,,1.0,1.0,,,Active,2015-09-19,37.8078,-122.4221,BAY#211_SL,north,other,1
21492,BAY#301.1_SL,Windsurfer Circle,Candlestick Point,Posting,Unknown Cause,Unknown,2012-06-13,11:16:03,2012-06-14,11:16:41,Windsurfer Circle,,1.0,,,,Active,2015-09-19,37.70917,-122.3823,BAY#301.1_SL,east,other,1
21493,OCEAN#15EAST_SL,"Baker Beach East, Upper Parking Lot",Baker Beach,Posting,Unknown Cause,Unknown,2012-06-26,11:17:49,2012-06-27,11:18:34,Baker Beach Upper Parking Lot,,1.0,,,,Active,2015-09-19,37.79258,-122.48465,OCEAN#15EAST_SL,baker_china,other,1
21494,OCEAN#15_SL,"Baker Beach, Lobos Creek at Lower Parking Lot",Baker Beach,Posting,Unknown Cause,Unknown,2012-06-26,11:18:55,2012-06-27,11:19:17,Baker Beach Lobos Creek at Lower Parking Lot,,,,1.0,,Active,2015-09-19,37.7917,-122.484926,OCEAN#15_SL,baker_china,other,1
37005,OCEAN#15_SL,"Baker Beach, Lobos Creek at Lower Parking Lot",Baker Beach,Posting,Unknown Cause,Unknown,2012-07-17,08:47:24,2012-07-18,08:48:32,Baker Beach Lobos Creek at Lower Parking Lot,,1.0,1.0,,,Active,2015-09-19,37.7917,-122.484926,OCEAN#15_SL,baker_china,other,1
37007,BAY#301.2_SL,Jack Rabbit Beach,Candlestick Point,Posting,Unknown Cause,Unknown,2012-07-24,08:49:08,2012-07-25,08:49:36,Jack Rabbit Beach,,1.0,1.0,,,Active,2015-09-19,37.711025,-122.380136,BAY#301.2_SL,east,other,1
37440,BAY#301.2_SL,Jack Rabbit Beach,Candlestick Point,Posting,Unknown Cause,Unknown,2012-08-21,15:23:14,2012-08-22,15:23:51,Jack Rabbit Beach,,1.0,1.0,1.0,,Active,2015-09-19,37.711025,-122.380136,BAY#301.2_SL,east,other,1
38177,OCEAN#15EAST_SL,"Baker Beach East, Upper Parking Lot",Baker Beach,Posting,Unknown Cause,Unknown,2012-09-06,07:32:21,2012-09-08,07:32:42,Baker Beach Upper Parking Lot,,1.0,,,,Active,2015-09-19,37.79258,-122.48465,OCEAN#15EAST_SL,baker_china,other,2
38180,OCEAN#15_SL,"Baker Beach, Lobos Creek at Lower Parking Lot",Baker Beach,Posting,Unknown Cause,Unknown,2012-09-08,07:36:22,2012-09-09,07:37:07,Baker Beach Lobos Creek at Lower Parking Lot,,1.0,1.0,1.0,,Active,2015-09-19,37.7917,-122.484926,OCEAN#15_SL,baker_china,other,1
38184,BAY#301.1_SL,Windsurfer Circle,Candlestick Point,Posting,Unknown Cause,Unknown,2012-09-25,07:40:03,2012-09-28,07:40:35,Windsurfer Circle,,1.0,1.0,,,Active,2015-09-19,37.70917,-122.3823,BAY#301.1_SL,east,other,3
38181,OCEAN#15_SL,"Baker Beach, Lobos Creek at Lower Parking Lot",Baker Beach,Posting,Unknown Cause,Unknown,2012-09-25,07:37:37,2012-09-26,07:37:55,Baker Beach Lobos Creek at Lower Parking Lot,,1.0,,,,Active,2015-09-19,37.7917,-122.484926,OCEAN#15_SL,baker_china,other,1
38182,OCEAN#16_SL,"Baker Beach West, Opposite Seacliff 2 Pumping Station",Baker Beach,Posting,Unknown Cause,Unknown,2012-09-25,07:38:32,2012-09-26,07:39:38,Baker Beach Opposite Seacliff 2 Pumping Station,,1.0,,,,Active,2015-09-19,37.78977,-122.48741,OCEAN#16_SL,baker_china,other,1
38413,BAY#301.1_SL,Windsurfer Circle,Candlestick Point,Posting,Unknown Cause,Unknown,2012-10-10,08:35:15,2012-10-12,08:36:26,Windsurfer Circle,,1.0,,,,Active,2015-09-19,37.70917,-122.3823,BAY#301.1_SL,east,other,2
38414,OCEAN#15_SL,"Baker Beach, Lobos Creek at Lower Parking Lot",Baker Beach,Posting,Unknown Cause,Unknown,2012-10-16,08:37:10,2012-10-17,08:37:34,Baker Beach Lobos Creek at Lower Parking Lot,,1.0,,,,Active,2015-09-19,37.7917,-122.484926,OCEAN#15_SL,baker_china,other,1
38415,OCEAN#16_SL,"Baker Beach West, Opposite Seacliff 2 Pumping Station",Baker Beach,Posting,Unknown Cause,Unknown,2012-10-16,08:39:07,2012-10-18,08:39:33,Baker Beach Opposite Seacliff 2 Pumping Station,,,,1.0,,Active,2015-09-19,37.78977,-122.48741,OCEAN#16_SL,baker_china,other,2
38417,OCEAN#21.1_SL,"Ocean Beach, at Sloat Blvd.",Ocean Beach,Posting,Unknown Cause,Unknown,2012-10-17,08:40:05,2012-10-18,08:40:38,Ocean Beach at Sloat Blvd.,,1.0,1.0,,,Active,2015-09-19,37.73567,-122.50769,OCEAN#21.1_SL,ocean,other,1
38421,BAY#202.4_SL,"Crissy Field, East",Crissy Field,Posting,Unknown Cause,Unknown,2012-10-23,08:42:56,2012-10-24,08:43:20,Crissy Field New Beach,,1.0,1.0,1.0,,Active,2015-09-19,37.8066,-122.4519,BAY#202.4_SL,north,other,1
38422,BAY#210.1_SL,Hyde Street Pier,Aquatic Park,Posting,Unknown Cause,Unknown,2012-10-23,08:43:47,2012-10-24,08:44:07,Hyde Street Pier,,1.0,,,,Active,2015-09-19,37.80899,-122.4212947,BAY#210.1_SL,north,other,1
38418,BAY#211_SL,Aquatic Park Beach,Aquatic Park,Posting,Unknown Cause,Unknown,2012-10-23,08:41:10,2012-10-24,08:41:28,Aquatic Park Mid-beach,,1.0,,,,Active,2015-09-19,37.8078,-122.4221,BAY#211_SL,north,other,1
38424,BAY#300.1_SL,Sunnydale Cove,Candlestick Point,Posting,Unknown Cause,Unknown,2012-10-23,08:44:37,2012-10-24,08:45:08,Sunnydale Cove,,1.0,1.0,,,Active,2015-09-19,37.7096,-122.3899,BAY#300.1_SL,east,other,1
38425,BAY#301.1_SL,Windsurfer Circle,Candlestick Point,Posting,Unknown Cause,Unknown,2012-10-23,08:45:35,2012-10-28,08:46:01,Windsurfer Circle,,1.0,,,,Active,2015-09-19,37.70917,-122.3823,BAY#301.1_SL,east,other,5
38427,BAY#301.1_SL,Windsurfer Circle,Candlestick Point,Posting,Unknown Cause,Unknown,2012-10-30,08:47:22,2012-11-03,08:47:44,Windsurfer Circle,,1.0,,,,Active,2015-09-19,37.70917,-122.3823,BAY#301.1_SL,east,other,4
38426,OCEAN#15_SL,"Baker Beach, Lobos Creek at Lower Parking Lot",Baker Beach,Posting,Unknown Cause,Unknown,2012-10-30,08:46:36,2012-10-31,08:47:02,Baker Beach Lobos Creek at Lower Parking Lot,,,,1.0,,Active,2015-09-19,37.7917,-122.484926,OCEAN#15_SL,baker_china,other,1
38966,BAY#202.4_SL,"Crissy Field, East",Crissy Field,Posting,Unknown Cause,Unknown,2012-11-14,09:18:06,2012-11-15,09:18:58,Crissy Field New Beach,,1.0,1.0,,,Active,2015-09-19,37.8066,-122.4519,BAY#202.4_SL,north,other,1
38968,BAY#211_SL,Aquatic Park Beach,Aquatic Park,Posting,Unknown Cause,Unknown,2012-11-14,09:19:29,2012-11-16,09:19:54,Aquatic Park Mid-beach,,1.0,1.0,,,Active,2015-09-19,37.8078,-122.4221,BAY#211_SL,north,other,2
38969,BAY#301.1_SL,Windsurfer Circle,Candlestick Point,Posting,Unknown Cause,Unknown,2012-11-14,09:20:56,2012-11-16,09:21:25,Windsurfer Circle,,1.0,,,,Active,2015-09-19,37.70917,-122.3823,BAY#301.1_SL,east,other,2
38971,BAY#301.2_SL,Jack Rabbit Beach,Candlestick Point,Posting,Unknown Cause,Unknown,2012-11-15,09:21:59,2012-11-16,09:22:30,Jack Rabbit Beach,,1.0,1.0,,,Active,2015-09-19,37.711025,-122.380136,BAY#301.2_SL,east,other,1
38972,BAY#300.1_SL,Sunnydale Cove,Candlestick Point,Posting,Unknown Cause,Unknown,2012-11-21,09:30:38,2012-11-22,09:30:59,Sunnydale Cove,,1.0,,,,Active,2015-09-19,37.7096,-122.3899,BAY#300.1_SL,east,other,1
39840,BAY#301.1_SL,Windsurfer Circle,Candlestick Point,Posting,Unknown Cause,Unknown,2012-11-27,09:31:39,2012-12-10,07:58:50,Windsurfer Circle,,1.0,,,,Active,2015-09-19,37.70917,-122.3823,BAY#301.1_SL,east,other,13
39848,BAY#301.1_SL,Windsurfer Circle,Candlestick Point,Posting,Unknown Cause,Unknown,2012-12-11,08:22:00,2012-12-14,08:22:23,Windsurfer Circle,,1.0,,,,Active,2015-09-19,37.70917,-122.3823,BAY#301.1_SL,east,other,3
39849,BAY#300.1_SL,Sunnydale Cove,Candlestick Point,Posting,Unknown Cause,Unknown,2012-12-18,08:22:51,2012-12-19,08:23:38,Sunnydale Cove,,1.0,,,,Active,2015-09-19,37.7096,-122.3899,BAY#300.1_SL,east,other,1
39844,BAY#301.1_SL,Windsurfer Circle,Candlestick Point,Posting,Unknown Cause,Unknown,2012-12-18,08:17:09,2012-12-19,08:17:54,Windsurfer Circle,,1.0,1.0,1.0,,Active,2015-09-19,37.70917,-122.3823,BAY#301.1_SL,east,other,1
39841,BAY#202.4_SL,"Crissy Field, East",Crissy Field,Posting,Unknown Cause,Unknown,2012-12-27,08:07:04,2012-12-28,08:07:30,Crissy Field New Beach,,1.0,,,,Active,2015-09-19,37.8066,-122.4519,BAY#202.4_SL,north,other,1
39847,BAY#301.1_SL,Windsurfer Circle,Candlestick Point,Posting,Unknown Cause,Unknown,2012-12-27,08:18:23,2012-12-28,08:18:56,Windsurfer Circle,,1.0,1.0,1.0,,Active,2015-09-19,37.70917,-122.3823,BAY#301.1_SL,east,other,1
39850,OCEAN#15_SL,"Baker Beach, Lobos Creek at Lower Parking Lot",Baker Beach,Posting,Unknown Cause,Unknown,2012-12-27,08:29:40,2012-12-28,08:30:12,Baker Beach Lobos Creek at Lower Parking Lot,,,,1.0,,Active,2015-09-19,37.7917,-122.484926,OCEAN#15_SL,baker_china,other,1
40393,BAY#300.1_SL,Sunnydale Cove,Candlestick Point,Posting,Unknown Cause,Unknown,2013-01-23,07:28:21,2013-01-24,07:28:56,Sunnydale Cove,,1.0,,,,Active,2015-09-19,37.7096,-122.3899,BAY#300.1_SL,east,other,1
40394,BAY#301.1_SL,Windsurfer Circle,Candlestick Point,Posting,Unknown Cause,Unknown,2013-01-23,07:29:17,2013-01-25,07:29:36,Windsurfer Circle,,1.0,,,,Active,2015-09-19,37.70917,-122.3823,BAY#301.1_SL,east,other,2
40541,BAY#301.1_SL,Windsurfer Circle,Candlestick Point,Posting,Unknown Cause,Unknown,2013-02-05,07:32:21,2013-02-08,07:32:56,Windsurfer Circle,,1.0,,,,Active,2015-09-19,37.70917,-122.3823,BAY#301.1_SL,east,other,3
40542,BAY#301.1_SL,Windsurfer Circle,Candlestick Point,Posting,Unknown Cause,Unknown,2013-02-12,07:33:22,2013-02-13,07:33:43,Windsurfer Circle,,1.0,,,,Active,2015-09-19,37.70917,-122.3823,BAY#301.1_SL,east,other,1
40745,BAY#210.1_SL,Hyde Street Pier,Aquatic Park,Posting,Unknown Cause,Unknown,2013-03-19,12:58:28,2013-03-20,12:59:49,Hyde Street Pier,,,1.0,,,Active,2015-09-19,37.80899,-122.4212947,BAY#210.1_SL,north,other,1
40747,BAY#211_SL,Aquatic Park Beach,Aquatic Park,Posting,Unknown Cause,Unknown,2013-03-19,13:01:25,2013-03-20,13:01:44,Aquatic Park Mid-beach,,,1.0,,,Active,2015-09-19,37.8078,-122.4221,BAY#211_SL,north,other,1
40746,BAY#210.1_SL,Hyde Street Pier,Aquatic Park,Posting,Unknown Cause,Unknown,2013-03-26,13:00:11,2013-03-27,13:00:50,Hyde Street Pier,,,1.0,,,Active,2015-09-19,37.80899,-122.4212947,BAY#210.1_SL,north,other,1
40748,BAY#211_SL,Aquatic Park Beach,Aquatic Park,Posting,Unknown Cause,Unknown,2013-03-26,13:02:00,2013-03-27,13:02:16,Aquatic Park Mid-beach,,,1.0,,,Active,2015-09-19,37.8078,-122.4221,BAY#211_SL,north,other,1
41791,BAY#300.1_SL,Sunnydale Cove,Candlestick Point,Posting,Unknown Cause,Unknown,2013-04-02,15:36:08,2013-04-03,15:36:31,Sunnydale Cove,,1.0,,,,Active,2015-09-19,37.7096,-122.3899,BAY#300.1_SL,east,other,1
41792,BAY#301.1_SL,Windsurfer Circle,Candlestick Point,Posting,Unknown Cause,Unknown,2013-04-02,15:36:55,2013-04-04,15:37:28,Windsurfer Circle,,1.0,,,,Active,2015-09-19,37.70917,-122.3823,BAY#301.1_SL,east,other,2
41793,OCEAN#15_SL,"Baker Beach, Lobos Creek at Lower Parking Lot",Baker Beach,Posting,Unknown Cause,Unknown,2013-04-02,15:37:59,2013-04-03,15:38:20,Baker Beach Lobos Creek at Lower Parking Lot,,1.0,,,,Active,2015-09-19,37.7917,-122.484926,OCEAN#15_SL,baker_china,other,1
41795,BAY#301.1_SL,Windsurfer Circle,Candlestick Point,Posting,Unknown Cause,Unknown,2013-04-23,15:40:36,2013-04-26,15:41:00,Windsurfer Circle,,,,1.0,,Active,2015-09-19,37.70917,-122.3823,BAY#301.1_SL,east,other,3
41794,BAY#202.4_SL,"Crissy Field, East",Crissy Field,Posting,Unknown Cause,Unknown,2013-04-30,15:39:59,2013-05-01,15:40:21,Crissy Field New Beach,,1.0,,,,Active,2015-09-19,37.8066,-122.4519,BAY#202.4_SL,north,other,1
42445,BAY#301.1_SL,Windsurfer Circle,Candlestick Point,Posting,Unknown Cause,Unknown,2013-05-21,08:42:52,2013-05-22,08:44:51,Windsurfer Circle,,,,,,Active,2015-09-19,37.70917,-122.3823,BAY#301.1_SL,east,other,1
42446,OCEAN#15_SL,"Baker Beach, Lobos Creek at Lower Parking Lot",Baker Beach,Posting,Unknown Cause,Unknown,2013-05-29,08:45:06,2013-05-30,08:45:22,Baker Beach Lobos Creek at Lower Parking Lot,,1.0,,,,Active,2015-09-19,37.7917,-122.484926,OCEAN#15_SL,baker_china,other,1
43730,BAY#301.1_SL,Windsurfer Circle,Candlestick Point,Posting,Unknown Cause,Unknown,2013-07-02,09:36:56,2013-07-03,09:37:13,Windsurfer Circle,,,1.0,,,Active,2015-09-19,37.70917,-122.3823,BAY#301.1_SL,east,other,1
43734,BAY#301.1_SL,Windsurfer Circle,Candlestick Point,Posting,Unknown Cause,Unknown,2013-07-23,09:38:36,2013-07-25,09:39:10,Windsurfer Circle,,1.0,,,,Active,2015-09-19,37.70917,-122.3823,BAY#301.1_SL,east,other,2
43735,BAY#301.1_SL,Windsurfer Circle,Candlestick Point,Posting,Unknown Cause,Unknown,2013-07-30,09:39:32,2013-07-31,09:39:58,Windsurfer Circle,,1.0,,,,Active,2015-09-19,37.70917,-122.3823,BAY#301.1_SL,east,other,1
44528,BAY#301.1_SL,Windsurfer Circle,Candlestick Point,Posting,Unknown Cause,Unknown,2013-09-10,08:06:19,2013-09-11,08:06:52,Windsurfer Circle,,,1.0,,,Active,2015-09-19,37.70917,-122.3823,BAY#301.1_SL,east,other,1
44526,OCEAN#15_SL,"Baker Beach, Lobos Creek at Lower Parking Lot",Baker Beach,Posting,Unknown Cause,Unknown,2013-09-10,08:04:34,2013-09-13,08:05:15,Baker Beach Lobos Creek at Lower Parking Lot,,1.0,,,,Active,2015-09-19,37.7917,-122.484926,OCEAN#15_SL,baker_china,other,3
44527,OCEAN#15_SL,"Baker Beach, Lobos Creek at Lower Parking Lot",Baker Beach,Posting,Unknown Cause,Unknown,2013-09-17,08:05:41,2013-09-18,08:05:59,Baker Beach Lobos Creek at Lower Parking Lot,,1.0,,,,Active,2015-09-19,37.7917,-122.484926,OCEAN#15_SL,baker_china,other,1
45022,BAY#202.4_SL,"Crissy Field, East",Crissy Field,Posting,Unknown Cause,Unknown,2013-10-01,09:08:51,2013-10-03,09:09:16,Crissy Field New Beach,,1.0,,,,Active,2015-09-19,37.8066,-122.4519,BAY#202.4_SL,north,other,2
45024,BAY#202.5_SL,Crissy Field West,Crissy Field,Posting,Unknown Cause,Unknown,2013-10-01,09:11:27,2013-10-02,09:11:58,Crissy Field West,,1.0,,,,Active,2015-09-19,37.8069,-122.4683,BAY#202.5_SL,north,other,1
45018,BAY#300.1_SL,Sunnydale Cove,Candlestick Point,Posting,Unknown Cause,Unknown,2013-10-01,09:00:42,2013-10-02,09:01:06,Sunnydale Cove,,1.0,,,,Active,2015-09-19,37.7096,-122.3899,BAY#300.1_SL,east,other,1
45017,BAY#301.1_SL,Windsurfer Circle,Candlestick Point,Posting,Unknown Cause,Unknown,2013-10-01,08:59:41,2013-10-02,09:00:08,Windsurfer Circle,,,1.0,,,Active,2015-09-19,37.70917,-122.3823,BAY#301.1_SL,east,other,1
45020,OCEAN#15EAST_SL,"Baker Beach East, Upper Parking Lot",Baker Beach,Posting,Unknown Cause,Unknown,2013-10-01,09:05:54,2013-10-02,09:06:16,Baker Beach Upper Parking Lot,,1.0,,,,Active,2015-09-19,37.79258,-122.48465,OCEAN#15EAST_SL,baker_china,other,1
45021,OCEAN#15_SL,"Baker Beach, Lobos Creek at Lower Parking Lot",Baker Beach,Posting,Unknown Cause,Unknown,2013-10-01,09:06:51,2013-10-02,09:07:13,Baker Beach Lobos Creek at Lower Parking Lot,,1.0,,,,Active,2015-09-19,37.7917,-122.484926,OCEAN#15_SL,baker_china,other,1
45019,OCEAN#16_SL,"Baker Beach West, Opposite Seacliff 2 Pumping Station",Baker Beach,Posting,Unknown Cause,Unknown,2013-10-01,09:04:51,2013-10-02,09:05:11,Baker Beach Opposite Seacliff 2 Pumping Station,,1.0,,,,Active,2015-09-19,37.78977,-122.48741,OCEAN#16_SL,baker_china,other,1
45025,OCEAN#15_SL,"Baker Beach, Lobos Creek at Lower Parking Lot",Baker Beach,Posting,Unknown Cause,Unknown,2013-10-16,09:12:47,2013-10-17,09:13:16,Baker Beach Lobos Creek at Lower Parking Lot,,,,1.0,,Active,2015-09-19,37.7917,-122.484926,OCEAN#15_SL,baker_china,other,1
45028,BAY#210.1_SL,Hyde Street Pier,Aquatic Park,Posting,Unknown Cause,Unknown,2013-10-22,09:18:09,2013-10-23,09:18:27,Hyde Street Pier,,1.0,1.0,,,Active,2015-09-19,37.80899,-122.4212947,BAY#210.1_SL,north,other,1
45026,BAY#211_SL,Aquatic Park Beach,Aquatic Park,Posting,Unknown Cause,Unknown,2013-10-22,09:17:12,2013-10-23,09:17:36,Aquatic Park Mid-beach,,1.0,1.0,,,Active,2015-09-19,37.8078,-122.4221,BAY#211_SL,north,other,1
45023,BAY#202.4_SL,"Crissy Field, East",Crissy Field,Posting,Unknown Cause,Unknown,2013-10-29,09:09:46,2013-10-30,09:10:11,Crissy Field New Beach,,1.0,,,,Active,2015-09-19,37.8066,-122.4519,BAY#202.4_SL,north,other,1
45015,BAY#301.1_SL,Windsurfer Circle,Candlestick Point,Posting,Unknown Cause,Unknown,2013-10-29,08:58:25,2013-11-01,08:59:05,Windsurfer Circle,,1.0,1.0,,,Active,2015-09-19,37.70917,-122.3823,BAY#301.1_SL,east,other,3
45152,BAY#301.1_SL,Windsurfer Circle,Candlestick Point,Posting,Unknown Cause,Unknown,2013-11-13,07:49:00,2013-11-15,07:49:30,Windsurfer Circle,,1.0,,,,Active,2015-09-19,37.70917,-122.3823,BAY#301.1_SL,east,other,2
45153,BAY#301.1_SL,Windsurfer Circle,Candlestick Point,Posting,Unknown Cause,Unknown,2013-11-19,07:49:52,2013-11-20,07:50:48,Windsurfer Circle,,1.0,1.0,,,Active,2015-09-19,37.70917,-122.3823,BAY#301.1_SL,east,other,1
45496,BAY#202.4_SL,"Crissy Field, East",Crissy Field,Posting,Unknown Cause,Unknown,2013-12-03,14:28:30,2013-12-04,14:29:04,Crissy Field New Beach,,1.0,,,,Active,2015-09-19,37.8066,-122.4519,BAY#202.4_SL,north,other,1
45497,BAY#301.1_SL,Windsurfer Circle,Candlestick Point,Posting,Unknown Cause,Unknown,2013-12-03,14:29:25,2013-12-04,14:29:56,Windsurfer Circle,,1.0,,1.0,,Active,2015-09-19,37.70917,-122.3823,BAY#301.1_SL,east,other,1
45499,BAY#210.1_SL,Hyde Street Pier,Aquatic Park,Posting,Unknown Cause,Unknown,2013-12-04,14:30:21,2013-12-05,14:30:58,Hyde Street Pier,,1.0,1.0,,,Active,2015-09-19,37.80899,-122.4212947,BAY#210.1_SL,north,other,1
45501,BAY#301.1_SL,Windsurfer Circle,Candlestick Point,Posting,Unknown Cause,Unknown,2013-12-10,14:31:15,2013-12-12,14:31:59,Windsurfer Circle,,1.0,,1.0,,Active,2015-09-19,37.70917,-122.3823,BAY#301.1_SL,east,other,2
45503,BAY#202.4_SL,"Crissy Field, East",Crissy Field,Posting,Unknown Cause,Unknown,2013-12-17,14:33:24,2013-12-18,14:33:42,Crissy Field New Beach,,1.0,,,,Active,2015-09-19,37.8066,-122.4519,BAY#202.4_SL,north,other,1
45504,OCEAN#15_SL,"Baker Beach, Lobos Creek at Lower Parking Lot",Baker Beach,Posting,Unknown Cause,Unknown,2013-12-17,14:33:59,2013-12-18,14:34:20,Baker Beach Lobos Creek at Lower Parking Lot,,1.0,,,,Active,2015-09-19,37.7917,-122.484926,OCEAN#15_SL,baker_china,other,1
45505,OCEAN#16_SL,"Baker Beach West, Opposite Seacliff 2 Pumping Station",Baker Beach,Posting,Unknown Cause,Unknown,2013-12-17,14:36:27,2013-12-18,14:36:52,Baker Beach Opposite Seacliff 2 Pumping Station,,1.0,,,,Active,2015-09-19,37.78977,-122.48741,OCEAN#16_SL,baker_china,other,1
45506,BAY#202.4_SL,"Crissy Field, East",Crissy Field,Posting,Unknown Cause,Unknown,2013-12-31,14:37:23,2013-12-31,14:37:41,Crissy Field New Beach,,1.0,,,,Active,2015-09-19,37.8066,-122.4519,BAY#202.4_SL,north,other,0
45507,OCEAN#15_SL,"Baker Beach, Lobos Creek at Lower Parking Lot",Baker Beach,Posting,Unknown Cause,Unknown,2013-12-31,14:38:04,2013-12-31,14:38:24,Baker Beach Lobos Creek at Lower Parking Lot,,1.0,,,,Active,2015-09-19,37.7917,-122.484926,OCEAN#15_SL,baker_china,other,0
45508,OCEAN#16_SL,"Baker Beach West, Opposite Seacliff 2 Pumping Station",Baker Beach,Posting,Unknown Cause,Unknown,2013-12-31,14:39:13,2013-12-31,14:39:32,Baker Beach Opposite Seacliff 2 Pumping Station,,1.0,,,,Active,2015-09-19,37.78977,-122.48741,OCEAN#16_SL,baker_china,other,0
45821,BAY#301.1_SL,Windsurfer Circle,Candlestick Point,Posting,Unknown Cause,Unknown,2014-01-07,06:52:37,2014-01-08,06:53:07,Windsurfer Circle,,1.0,,,,Active,2015-09-19,37.70917,-122.3823,BAY#301.1_SL,east,other,1
45822,OCEAN#15_SL,"Baker Beach, Lobos Creek at Lower Parking Lot",Baker Beach,Posting,Unknown Cause,Unknown,2014-01-22,06:54:58,2014-01-23,06:55:19,Baker Beach Lobos Creek at Lower Parking Lot,,1.0,,,,Active,2015-09-19,37.7917,-122.484926,OCEAN#15_SL,baker_china,other,1
45823,BAY#202.4_SL,"Crissy Field, East",Crissy Field,Posting,Unknown Cause,Unknown,2014-01-28,06:56:03,2014-02-01,06:56:19,Crissy Field New Beach,,1.0,,,,Active,2015-09-19,37.8066,-122.4519,BAY#202.4_SL,north,other,4
46116,BAY#300.1_SL,Sunnydale Cove,Candlestick Point,Posting,Unknown Cause,Unknown,2014-02-04,07:29:12,2014-02-05,07:29:55,Sunnydale Cove,,1.0,,,,Active,2015-09-19,37.7096,-122.3899,BAY#300.1_SL,east,other,1
46117,BAY#301.1_SL,Windsurfer Circle,Candlestick Point,Posting,Unknown Cause,Unknown,2014-02-09,07:30:16,2014-02-10,07:31:07,Windsurfer Circle,,1.0,,,,Active,2015-09-19,37.70917,-122.3823,BAY#301.1_SL,east,other,1
46118,OCEAN#15_SL,"Baker Beach, Lobos Creek at Lower Parking Lot",Baker Beach,Posting,Unknown Cause,Unknown,2014-02-11,07:39:34,2014-02-14,07:39:49,Baker Beach Lobos Creek at Lower Parking Lot,,1.0,,,,Active,2015-09-19,37.7917,-122.484926,OCEAN#15_SL,baker_china,other,3
46119,BAY#301.1_SL,Windsurfer Circle,Candlestick Point,Posting,Unknown Cause,Unknown,2014-02-25,07:40:04,2014-03-03,07:40:42,Windsurfer Circle,,1.0,1.0,,,Active,2015-09-19,37.70917,-122.3823,BAY#301.1_SL,east,other,6
46587,BAY#301.1_SL,Windsurfer Circle,Candlestick Point,Posting,Unknown Cause,Unknown,2014-03-11,15:14:02,2014-03-13,15:14:29,Windsurfer Circle,,1.0,,,,Active,2015-09-19,37.70917,-122.3823,BAY#301.1_SL,east,other,2
46588,OCEAN#15EAST_SL,"Baker Beach East, Upper Parking Lot",Baker Beach,Posting,Unknown Cause,Unknown,2014-03-25,15:15:16,2014-03-26,15:15:35,Baker Beach Upper Parking Lot,,1.0,,,,Active,2015-09-19,37.79258,-122.48465,OCEAN#15EAST_SL,baker_china,other,1
46808,BAY#202.4_SL,"Crissy Field, East",Crissy Field,Posting,Unknown Cause,Unknown,2014-04-01,15:10:17,2014-04-02,15:10:44,Crissy Field New Beach,,1.0,,,,Active,2015-09-19,37.8066,-122.4519,BAY#202.4_SL,north,other,1
46807,BAY#300.1_SL,Sunnydale Cove,Candlestick Point,Posting,Unknown Cause,Unknown,2014-04-01,15:06:01,2014-04-03,15:06:28,Sunnydale Cove,,1.0,,,,Active,2015-09-19,37.7096,-122.3899,BAY#300.1_SL,east,other,2
46806,BAY#300.1_SL,Sunnydale Cove,Candlestick Point,Posting,Unknown Cause,Unknown,2014-04-22,15:05:15,2014-04-24,15:05:42,Sunnydale Cove,,1.0,,,,Active,2015-09-19,37.7096,-122.3899,BAY#300.1_SL,east,other,2
46805,BAY#301.1_SL,Windsurfer Circle,Candlestick Point,Posting,Unknown Cause,Unknown,2014-04-22,15:04:35,2014-04-23,15:04:56,Windsurfer Circle,,1.0,,,,Active,2015-09-19,37.70917,-122.3823,BAY#301.1_SL,east,other,1
46942,BAY#301.1_SL,Windsurfer Circle,Candlestick Point,Posting,Unknown Cause,Unknown,2014-05-13,07:58:16,2014-05-15,08:41:02,Windsurfer Circle,,,,1.0,,Active,2015-09-19,37.70917,-122.3823,BAY#301.1_SL,east,other,2
46943,BAY#301.1_SL,Windsurfer Circle,Candlestick Point,Posting,Unknown Cause,Unknown,2014-05-20,08:41:31,2014-05-21,08:41:57,Windsurfer Circle,,1.0,,,,Active,2015-09-19,37.70917,-122.3823,BAY#301.1_SL,east,other,1
47045,BAY#300.1_SL,Sunnydale Cove,Candlestick Point,Posting,Unknown Cause,Unknown,2014-06-03,08:19:53,2014-06-04,08:20:12,Sunnydale Cove,,1.0,,,,Active,2015-09-19,37.7096,-122.3899,BAY#300.1_SL,east,other,1
47046,BAY#301.1_SL,Windsurfer Circle,Candlestick Point,Posting,Unknown Cause,Unknown,2014-06-03,08:20:50,2014-06-04,08:21:09,Windsurfer Circle,,1.0,,,,Active,2015-09-19,37.70917,-122.3823,BAY#301.1_SL,east,other,1
47047,BAY#301.1_SL,Windsurfer Circle,Candlestick Point,Posting,Unknown Cause,Unknown,2014-06-10,08:21:23,2014-06-11,08:21:57,Windsurfer Circle,,,,1.0,,Active,2015-09-19,37.70917,-122.3823,BAY#301.1_SL,east,other,1
47048,OCEAN#15_SL,"Baker Beach, Lobos Creek at Lower Parking Lot",Baker Beach,Posting,Unknown Cause,Unknown,2014-06-10,08:22:40,2014-06-12,08:23:13,Baker Beach Lobos Creek at Lower Parking Lot,,1.0,,,,Active,2015-09-19,37.7917,-122.484926,OCEAN#15_SL,baker_china,other,2
47142,BAY#301.1_SL,Windsurfer Circle,Candlestick Point,Posting,Unknown Cause,Unknown,2014-07-08,14:44:15,2014-07-10,14:44:45,Windsurfer Circle,,,,1.0,,Active,2015-09-19,37.70917,-122.3823,BAY#301.1_SL,east,other,2
47144,BAY#301.1_SL,Windsurfer Circle,Candlestick Point,Posting,Unknown Cause,Unknown,2014-07-22,14:45:21,2014-07-23,14:45:38,Windsurfer Circle,,1.0,,,,Active,2015-09-19,37.70917,-122.3823,BAY#301.1_SL,east,other,1
47146,OCEAN#15_SL,"Baker Beach, Lobos Creek at Lower Parking Lot",Baker Beach,Posting,Unknown Cause,Unknown,2014-07-22,14:46:01,2014-07-23,14:46:18,Baker Beach Lobos Creek at Lower Parking Lot,,1.0,,,,Active,2015-09-19,37.7917,-122.484926,OCEAN#15_SL,baker_china,other,1
47344,BAY#202.4_SL,"Crissy Field, East",Crissy Field,Posting,Unknown Cause,Unknown,2014-08-19,08:41:35,2014-08-20,08:42:00,Crissy Field New Beach,,1.0,,,,Active,2015-09-19,37.8066,-122.4519,BAY#202.4_SL,north,other,1
47345,BAY#202.5_SL,Crissy Field West,Crissy Field,Posting,Unknown Cause,Unknown,2014-08-19,08:42:40,2014-08-20,08:43:05,Crissy Field West,,1.0,,,,Active,2015-09-19,37.8069,-122.4683,BAY#202.5_SL,north,other,1
47346,BAY#210.1_SL,Hyde Street Pier,Aquatic Park,Posting,Unknown Cause,Unknown,2014-08-26,08:56:37,2014-08-27,08:57:03,Hyde Street Pier,,,1.0,,,Active,2015-09-19,37.80899,-122.4212947,BAY#210.1_SL,north,other,1
47347,BAY#211_SL,Aquatic Park Beach,Aquatic Park,Posting,Unknown Cause,Unknown,2014-08-26,08:57:22,2014-08-27,08:57:44,Aquatic Park Mid-beach,,1.0,1.0,,,Active,2015-09-19,37.8078,-122.4221,BAY#211_SL,north,other,1
47350,BAY#300.1_SL,Sunnydale Cove,Candlestick Point,Posting,Unknown Cause,Unknown,2014-08-26,08:58:07,2014-08-27,08:58:31,Sunnydale Cove,,,1.0,,,Active,2015-09-19,37.7096,-122.3899,BAY#300.1_SL,east,other,1
47569,BAY#211_SL,Aquatic Park Beach,Aquatic Park,Posting,Unknown Cause,Unknown,2014-09-03,13:41:06,2014-09-04,13:41:37,Aquatic Park Mid-beach,,1.0,1.0,,,Active,2015-09-19,37.8078,-122.4221,BAY#211_SL,north,other,1
47571,OCEAN#15_SL,"Baker Beach, Lobos Creek at Lower Parking Lot",Baker Beach,Posting,Unknown Cause,Unknown,2014-09-03,13:41:53,2014-09-04,13:42:11,Baker Beach Lobos Creek at Lower Parking Lot,,,,1.0,,Active,2015-09-19,37.7917,-122.484926,OCEAN#15_SL,baker_china,other,1
47572,OCEAN#15_SL,"Baker Beach, Lobos Creek at Lower Parking Lot",Baker Beach,Posting,Unknown Cause,Unknown,2014-09-09,13:42:30,2014-09-10,13:43:04,Baker Beach Lobos Creek at Lower Parking Lot,,1.0,,1.0,,Active,2015-09-19,37.7917,-122.484926,OCEAN#15_SL,baker_china,other,1
47574,BAY#300.1_SL,Sunnydale Cove,Candlestick Point,Posting,Unknown Cause,Unknown,2014-09-10,13:43:49,2014-09-10,13:44:21,Sunnydale Cove,,1.0,1.0,,,Active,2015-09-19,37.7096,-122.3899,BAY#300.1_SL,east,other,0
47576,BAY#300.1_SL,Sunnydale Cove,Candlestick Point,Posting,Unknown Cause,Unknown,2014-09-23,13:44:43,2014-09-24,13:49:09,Sunnydale Cove,,1.0,,,,Active,2015-09-19,37.7096,-122.3899,BAY#300.1_SL,east,other,1
47577,BAY#301.1_SL,Windsurfer Circle,Candlestick Point,Posting,Unknown Cause,Unknown,2014-09-23,13:49:28,2014-09-25,13:50:05,Windsurfer Circle,,,1.0,,,Active,2015-09-19,37.70917,-122.3823,BAY#301.1_SL,east,other,2
47802,BAY#300.1_SL,Sunnydale Cove,Candlestick Point,Posting,Unknown Cause,Unknown,2014-10-01,14:08:13,2014-10-02,14:08:40,Sunnydale Cove,,1.0,,,,Active,2015-09-19,37.7096,-122.3899,BAY#300.1_SL,east,other,1
47803,BAY#301.1_SL,Windsurfer Circle,Candlestick Point,Posting,Unknown Cause,Unknown,2014-10-21,14:08:56,2014-10-22,14:09:18,Windsurfer Circle,,,,1.0,,Active,2015-09-19,37.70917,-122.3823,BAY#301.1_SL,east,other,1
47988,BAY#300.1_SL,Sunnydale Cove,Candlestick Point,Posting,Unknown Cause,Unknown,2014-11-04,15:15:21,2014-11-05,15:16:04,Sunnydale Cove,,1.0,1.0,,,Active,2015-09-19,37.7096,-122.3899,BAY#300.1_SL,east,other,1
47990,BAY#301.1_SL,Windsurfer Circle,Candlestick Point,Posting,Unknown Cause,Unknown,2014-11-04,15:16:28,2014-11-06,15:17:02,Windsurfer Circle,,1.0,,,,Active,2015-09-19,37.70917,-122.3823,BAY#301.1_SL,east,other,2
47986,OCEAN#15_SL,"Baker Beach, Lobos Creek at Lower Parking Lot",Baker Beach,Posting,Unknown Cause,Unknown,2014-11-04,15:13:08,2014-11-05,15:13:28,Baker Beach Lobos Creek at Lower Parking Lot,,1.0,,,,Active,2015-09-19,37.7917,-122.484926,OCEAN#15_SL,baker_china,other,1
47985,BAY#211_SL,Aquatic Park Beach,Aquatic Park,Posting,Unknown Cause,Unknown,2014-11-05,15:11:51,2014-11-07,15:12:17,Aquatic Park Mid-beach,,,1.0,,,Active,2015-09-19,37.8078,-122.4221,BAY#211_SL,north,other,2
47987,OCEAN#15_SL,"Baker Beach, Lobos Creek at Lower Parking Lot",Baker Beach,Posting,Unknown Cause,Unknown,2014-11-18,15:14:20,2014-11-19,15:14:52,Baker Beach Lobos Creek at Lower Parking Lot,,,,1.0,,Active,2015-09-19,37.7917,-122.484926,OCEAN#15_SL,baker_china,other,1
47991,BAY#301.2_SL,Jack Rabbit Beach,Candlestick Point,Posting,Unknown Cause,Unknown,2014-11-19,15:17:30,2014-11-20,15:18:17,Jack Rabbit Beach,,1.0,1.0,,,Active,2015-09-19,37.711025,-122.380136,BAY#301.2_SL,east,other,1
48653,BAY#300.1_SL,Sunnydale Cove,Candlestick Point,Posting,Unknown Cause,Combined Sewer Discharge,2014-12-02,11:40:06,2014-12-21,11:40:48,Sunnydale Cove,,1.0,1.0,1.0,,Active,2015-09-19,37.7096,-122.3899,BAY#300.1_SL,east,cso,19
48661,OCEAN#15_SL,"Baker Beach, Lobos Creek at Lower Parking Lot",Baker Beach,Posting,Unknown Cause,Unknown,2014-12-03,14:03:49,2014-12-05,14:09:10,Baker Beach Lobos Creek at Lower Parking Lot,,,,,,Active,2015-09-19,37.7917,-122.484926,OCEAN#15_SL,baker_china,other,2
48663,OCEAN#17_SL,China Beach,China Beach,Posting,Unknown Cause,Combined Sewer Discharge,2014-12-03,14:18:39,2014-12-05,14:19:23,China Beach,,,,,,Active,2015-09-19,37.78816,-122.49136,OCEAN#17_SL,baker_china,cso,2
48664,BAY#202.4_SL,"Crissy Field, East",Crissy Field,Posting,Unknown Cause,Unknown,2014-12-09,14:20:05,2014-12-10,14:20:31,Crissy Field New Beach,,1.0,,,,Active,2015-09-19,37.8066,-122.4519,BAY#202.4_SL,north,other,1
48666,BAY#301.2_SL,Jack Rabbit Beach,Candlestick Point,Posting,Unknown Cause,Unknown,2014-12-09,14:22:16,2014-12-10,14:22:59,Jack Rabbit Beach,,1.0,1.0,1.0,,Active,2015-09-19,37.711025,-122.380136,BAY#301.2_SL,east,other,1
48665,BAY#202.4_SL,"Crissy Field, East",Crissy Field,Posting,Unknown Cause,Combined Sewer Discharge,2014-12-11,14:21:00,2014-12-13,14:21:30,Crissy Field New Beach,,,,,,Active,2015-09-19,37.8066,-122.4519,BAY#202.4_SL,north,cso,2
48669,BAY#202.5_SL,Crissy Field West,Crissy Field,Posting,Unknown Cause,Combined Sewer Discharge,2014-12-11,14:24:34,2014-12-14,14:25:00,Crissy Field West,,,,,,Active,2015-09-19,37.8069,-122.4683,BAY#202.5_SL,north,cso,3
48670,BAY#210.1_SL,Hyde Street Pier,Aquatic Park,Posting,Unknown Cause,Combined Sewer Discharge,2014-12-11,15:01:35,2014-12-14,15:02:07,Hyde Street Pier,,,,,,Active,2015-09-19,37.80899,-122.4212947,BAY#210.1_SL,north,cso,3
48662,OCEAN#16_SL,"Baker Beach West, Opposite Seacliff 2 Pumping Station",Baker Beach,Posting,Unknown Cause,Combined Sewer Discharge,2014-12-11,14:17:42,2014-12-13,14:18:07,Baker Beach Opposite Seacliff 2 Pumping Station,,,,,,Active,2015-09-19,37.78977,-122.48741,OCEAN#16_SL,baker_china,cso,2
48674,BAY#301.1_SL,Windsurfer Circle,Candlestick Point,Posting,Unknown Cause,Unknown,2014-12-23,07:53:46,2014-12-24,07:54:11,Windsurfer Circle,,,,1.0,,Active,2015-09-19,37.70917,-122.3823,BAY#301.1_SL,east,other,1
48672,OCEAN#18_SL,"Ocean Beach, at Balboa St.",Ocean Beach,Posting,Unknown Cause,Unknown,2014-12-23,07:50:52,2014-12-24,07:51:39,Ocean Beach at Balboa St.,,1.0,1.0,,,Active,2015-09-19,37.77492,-122.51351,OCEAN#18_SL,ocean,other,1
48893,BAY#301.1_SL,Windsurfer Circle,Candlestick Point,Posting,Unknown Cause,Unknown,2015-01-13,07:42:32,2015-01-14,07:43:14,Windsurfer Circle,,1.0,1.0,,,Active,2015-09-19,37.70917,-122.3823,BAY#301.1_SL,east,other,1
49102,OCEAN#20_SL,"Ocean Beach, at Pacheco St.",Ocean Beach,Posting,Unknown Cause,Combined Sewer Discharge,2015-02-08,06:41:35,2015-02-10,06:42:15,Ocean Beach at Pacheco St.,,,,,,Active,2015-09-19,37.74891,-122.50996,OCEAN#20_SL,ocean,cso,2
49103,OCEAN#21.1_SL,"Ocean Beach, at Sloat Blvd.",Ocean Beach,Posting,Unknown Cause,Combined Sewer Discharge,2015-02-08,06:42:47,2015-02-10,06:45:24,Ocean Beach at Sloat Blvd.,,,,,,Active,2015-09-19,37.73567,-122.50769,OCEAN#21.1_SL,ocean,cso,2
49104,OCEAN#21_SL,Ocean Beach at Vicente St.,Ocean Beach,Posting,Unknown Cause,Combined Sewer Discharge,2015-02-08,06:45:42,2015-02-10,06:46:07,Ocean Beach at Vicente St.,,,,,,Active,2015-09-19,37.73782,-122.50825,OCEAN#21_SL,ocean,cso,2
49105,OCEAN#22_SL,Fort Funston,Ocean Beach,Posting,Unknown Cause,Combined Sewer Discharge,2015-02-08,06:47:53,2015-02-10,06:48:20,Fort Funston,,,,,,Active,2015-09-19,37.71526,-122.50476,OCEAN#22_SL,ocean,cso,2
49106,BAY#300.1_SL,Sunnydale Cove,Candlestick Point,Posting,Unknown Cause,Unknown,2015-02-10,06:48:47,2015-02-14,06:49:11,Sunnydale Cove,,1.0,,,,Active,2015-09-19,37.7096,-122.3899,BAY#300.1_SL,east,other,4
49107,BAY#301.1_SL,Windsurfer Circle,Candlestick Point,Posting,Unknown Cause,Unknown,2015-02-10,06:49:30,2015-02-11,06:50:00,Windsurfer Circle,,1.0,1.0,1.0,,Active,2015-09-19,37.70917,-122.3823,BAY#301.1_SL,east,other,1
49110,OCEAN#15_SL,"Baker Beach, Lobos Creek at Lower Parking Lot",Baker Beach,Posting,Unknown Cause,Unknown,2015-02-10,06:50:21,2015-02-11,06:50:41,Baker Beach Lobos Creek at Lower Parking Lot,,1.0,,,,Active,2015-09-19,37.7917,-122.484926,OCEAN#15_SL,baker_china,other,1
49111,BAY#301.2_SL,Jack Rabbit Beach,Candlestick Point,Posting,Unknown Cause,Unknown,2015-02-18,06:51:09,2015-02-19,06:52:08,Jack Rabbit Beach,,1.0,1.0,,,Active,2015-09-19,37.711025,-122.380136,BAY#301.2_SL,east,other,1
49113,OCEAN#16_SL,"Baker Beach West, Opposite Seacliff 2 Pumping Station",Baker Beach,Posting,Unknown Cause,Unknown,2015-02-18,06:52:52,2015-02-20,06:53:41,Baker Beach Opposite Seacliff 2 Pumping Station,,1.0,1.0,1.0,,Active,2015-09-19,37.78977,-122.48741,OCEAN#16_SL,baker_china,other,2
49250,OCEAN#15EAST_SL,"Baker Beach East, Upper Parking Lot",Baker Beach,Posting,Unknown Cause,Unknown,2015-03-31,15:35:58,2015-04-01,15:36:18,Baker Beach Upper Parking Lot,,1.0,,,,Active,2015-09-19,37.79258,-122.48465,OCEAN#15EAST_SL,baker_china,other,1
49249,OCEAN#15_SL,"Baker Beach, Lobos Creek at Lower Parking Lot",Baker Beach,Posting,Unknown Cause,Unknown,2015-03-31,15:34:58,2015-04-01,15:35:21,Baker Beach Lobos Creek at Lower Parking Lot,,1.0,,,,Active,2015-09-19,37.7917,-122.484926,OCEAN#15_SL,baker_china,other,1
49388,OCEAN#15EAST_SL,"Baker Beach East, Upper Parking Lot",Baker Beach,Posting,Unknown Cause,Combined Sewer Discharge,2015-04-07,13:21:20,2015-04-08,13:21:44,Baker Beach Upper Parking Lot,,,,,,Active,2015-09-19,37.79258,-122.48465,OCEAN#15EAST_SL,baker_china,cso,1
49506,BAY#300.1_SL,Sunnydale Cove,Candlestick Point,Posting,Unknown Cause,Unknown,2015-05-05,14:09:16,2015-05-06,14:09:45,Sunnydale Cove,,1.0,1.0,,,Active,2015-09-19,37.7096,-122.3899,BAY#300.1_SL,east,other,1
49503,OCEAN#15_SL,"Baker Beach, Lobos Creek at Lower Parking Lot",Baker Beach,Posting,Unknown Cause,Unknown,2015-05-05,14:08:00,2015-05-06,14:08:20,Baker Beach Lobos Creek at Lower Parking Lot,,1.0,,,,Active,2015-09-19,37.7917,-122.484926,OCEAN#15_SL,baker_china,other,1
49504,OCEAN#15_SL,"Baker Beach, Lobos Creek at Lower Parking Lot",Baker Beach,Posting,Unknown Cause,Unknown,2015-05-12,14:08:36,2015-05-13,14:08:57,Baker Beach Lobos Creek at Lower Parking Lot,,1.0,,1.0,,Active,2015-09-19,37.7917,-122.484926,OCEAN#15_SL,baker_china,other,1
49508,BAY#301.1_SL,Windsurfer Circle,Candlestick Point,Posting,Unknown Cause,Unknown,2015-05-27,14:10:03,2015-05-28,14:10:24,Windsurfer Circle,,1.0,,,,Active,2015-09-19,37.70917,-122.3823,BAY#301.1_SL,east,other,1
49683,BAY#301.1_SL,Windsurfer Circle,Candlestick Point,Posting,Unknown Cause,Unknown,2015-06-16,14:06:22,2015-06-17,14:07:18,Windsurfer Circle,,1.0,1.0,,,Active,2015-09-19,37.70917,-122.3823,BAY#301.1_SL,east,other,1
49680,OCEAN#15_SL,"Baker Beach, Lobos Creek at Lower Parking Lot",Baker Beach,Posting,Unknown Cause,Unknown,2015-06-23,14:04:56,2015-06-24,14:05:35,Baker Beach Lobos Creek at Lower Parking Lot,,1.0,1.0,1.0,,Active,2015-09-19,37.7917,-122.484926,OCEAN#15_SL,baker_china,other,1
49821,OCEAN#15_SL,"Baker Beach, Lobos Creek at Lower Parking Lot",Baker Beach,Posting,Unknown Cause,Unknown,2015-06-30,06:48:47,2015-07-01,06:49:14,Baker Beach Lobos Creek at Lower Parking Lot,,,,1.0,,Active,2015-09-19,37.7917,-122.484926,OCEAN#15_SL,baker_china,other,1
49819,BAY#202.4_SL,"Crissy Field, East",Crissy Field,Posting,Unknown Cause,Unknown,2015-07-21,06:47:55,2015-07-23,06:48:14,Crissy Field New Beach,,1.0,,,,Active,2015-09-19,37.8066,-122.4519,BAY#202.4_SL,north,other,2
49818,BAY#202.4_SL,"Crissy Field, East",Crissy Field,Posting,Unknown Cause,Unknown,2015-07-28,06:46:54,2015-07-29,06:47:32,Crissy Field New Beach,,1.0,,,,Active,2015-09-19,37.8066,-122.4519,BAY#202.4_SL,north,other,1
49979,OCEAN#15EAST_SL,"Baker Beach East, Upper Parking Lot",Baker Beach,Posting,Unknown Cause,Unknown,2015-08-25,08:19:19,2015-08-26,08:19:39,Baker Beach Upper Parking Lot,,,1.0,,,Active,2015-09-19,37.79258,-122.48465,OCEAN#15EAST_SL,baker_china,other,1
49980,OCEAN#15_SL,"Baker Beach, Lobos Creek at Lower Parking Lot",Baker Beach,Posting,Unknown Cause,Unknown,2015-08-25,08:19:59,2015-08-26,08:20:13,Baker Beach Lobos Creek at Lower Parking Lot,,1.0,,,,Active,2015-09-19,37.7917,-122.484926,OCEAN#15_SL,baker_china,other,1
50086,BAY#301.1_SL,Windsurfer Circle,Candlestick Point,Posting,Unknown,Unknown,2015-09-22,13:20,2015-09-23,09:09,,,,,,0.0,Active,2015-09-22,37.70917,-122.3823,BAY#301.1_SL,east,other,1
50085,OCEAN#15EAST_SL,"Baker Beach East, Upper Parking Lot",Baker Beach,Posting,Unknown,Unknown,2015-09-22,09:45 AM,2015-09-23,09:09,,,,,,0.0,Active,2015-09-22,37.79258,-122.48465,OCEAN#15EAST_SL,baker_china,other,1
50113,BAY#301.1_SL,Windsurfer Circle,Candlestick Point,Posting,Unknown Cause,Unknown,2015-09-29,08:45,2015-09-30,09:26,,,1.0,0.0,0.0,0.0,Active,2015-09-29,37.70917,-122.3823,BAY#301.1_SL,east,other,1
50154,BAY#300.1_SL,Sunnydale Cove,Candlestick Point,Posting,Unknown,Unknown,2015-10-06,15:15,2015-10-07,11:30,,,1.0,0.0,0.0,1.0,Active,2015-10-06,37.7096,-122.3899,BAY#300.1_SL,east,other,1
50304,BAY#202.5_SL,Crissy Field West,Crissy Field,Posting,Unknown,Unknown,2015-10-27,14:36,2015-10-28,07:31,,,1.0,0.0,0.0,0.0,Active,2015-10-27,37.8069,-122.4683,BAY#202.5_SL,north,other,1
50305,BAY#301.1_SL,Windsurfer Circle,Candlestick Point,Posting,Unknown,Unknown,2015-10-27,14:38,2015-10-28,07:32,,,1.0,0.0,0.0,0.0,Active,2015-10-27,37.70917,-122.3823,BAY#301.1_SL,east,other,1
50306,OCEAN#15_SL,"Baker Beach, Lobos Creek at Lower Parking Lot",Baker Beach,Posting,Unknown,Unknown,2015-10-27,14:39,2015-10-28,07:32,,,1.0,0.0,0.0,0.0,Active,2015-10-27,37.7917,-122.484926,OCEAN#15_SL,baker_china,other,1
50307,OCEAN#16_SL,"Baker Beach West, Opposite Seacliff 2 Pumping Station",Baker Beach,Posting,Unknown,Unknown,2015-10-27,14:40,2015-10-28,07:32,,,0.0,0.0,0.0,1.0,Active,2015-10-27,37.78977,-122.48741,OCEAN#16_SL,baker_china,other,1
50399,BAY#202.4_SL,"Crissy Field, East",Crissy Field,Posting,Unknown,Unknown,2015-11-03,14:01,2015-11-04,08:31,,,1.0,0.0,0.0,0.0,Active,2015-11-03,37.8066,-122.4519,BAY#202.4_SL,north,other,1
50400,BAY#202.5_SL,Crissy Field West,Crissy Field,Posting,Unknown,Unknown,2015-11-03,14:02,2015-11-04,08:32,,,1.0,0.0,0.0,1.0,Active,2015-11-03,37.8069,-122.4683,BAY#202.5_SL,north,other,1
50401,BAY#210.1_SL,Hyde Street Pier,Aquatic Park,Posting,Unknown,Unknown,2015-11-03,14:02,2015-11-04,08:32,,,1.0,0.0,0.0,1.0,Active,2015-11-03,37.80899,-122.4212947,BAY#210.1_SL,north,other,1
50402,BAY#211_SL,Aquatic Park Beach,Aquatic Park,Posting,Unknown,Unknown,2015-11-03,14:03,2015-11-04,08:32,,,1.0,0.0,0.0,1.0,Active,2015-11-03,37.8078,-122.4221,BAY#211_SL,north,other,1
50404,BAY#301.1_SL,Windsurfer Circle,Candlestick Point,Posting,Unknown,Unknown,2015-11-03,14:04,2015-11-04,08:33,,,1.0,0.0,1.0,1.0,Active,2015-11-03,37.70917,-122.3823,BAY#301.1_SL,east,other,1
50405,BAY#320_SL,Islais creek at Islais Landing,Islais Creek Channel,Posting,Unknown Cause,Unknown,2015-11-03,14:50,2015-11-05,09:02,,,1.0,0.0,0.0,0.0,Active,2015-11-03,37.74703,-122.38793,BAY#320_SL,east,other,2
50403,OCEAN#15_SL,"Baker Beach, Lobos Creek at Lower Parking Lot",Baker Beach,Posting,Unknown,Unknown,2015-11-03,14:03,2015-11-04,08:33,,,1.0,0.0,1.0,1.0,Active,2015-11-03,37.7917,-122.484926,OCEAN#15_SL,baker_china,other,1
50434,BAY#300.1_SL,Sunnydale Cove,Candlestick Point,Posting,Unknown,Unknown,2015-11-10,08:30,2015-11-11,09:30,,,1.0,0.0,1.0,1.0,Active,2015-11-13,37.7096,-122.3899,BAY#300.1_SL,east,other,1
50435,BAY#301.1_SL,Windsurfer Circle,Candlestick Point,Posting,Unknown,Unknown,2015-11-10,08:30,2015-11-11,09:30,,,1.0,0.0,1.0,1.0,Active,2015-11-13,37.70917,-122.3823,BAY#301.1_SL,east,other,1
50433,BAY#320_SL,Islais creek at Islais Landing,Islais Creek Channel,Posting,Unknown,Unknown,2015-11-10,08:30,2015-11-12,09:30,,,1.0,0.0,1.0,0.0,Active,2015-11-13,37.74703,-122.38793,BAY#320_SL,east,other,2
50432,OCEAN#15EAST_SL,"Baker Beach East, Upper Parking Lot",Baker Beach,Posting,Unknown,Unknown,2015-11-10,08:30,2015-11-11,09:30,,,1.0,0.0,0.0,0.0,Active,2015-11-13,37.79258,-122.48465,OCEAN#15EAST_SL,baker_china,other,1
50431,OCEAN#15_SL,"Baker Beach, Lobos Creek at Lower Parking Lot",Baker Beach,Posting,Unknown,Unknown,2015-11-10,08:30,2015-11-11,09:30,,,1.0,0.0,0.0,0.0,Active,2015-11-13,37.7917,-122.484926,OCEAN#15_SL,baker_china,other,1
50468,BAY#320_SL,Islais creek at Islais Landing,Islais Creek Channel,Posting,Unknown Cause,Unknown,2015-11-17,12:36,2015-11-18,08:41,,,0.0,0.0,1.0,0.0,Active,2015-11-17,37.74703,-122.38793,BAY#320_SL,east,other,1
50494,BAY#202.4_SL,"Crissy Field, East",Crissy Field,Posting,Unknown,Unknown,2015-11-24,08:56,2015-11-26,09:00,,,1.0,0.0,0.0,1.0,Active,2015-11-24,37.8066,-122.4519,BAY#202.4_SL,north,other,2
50493,BAY#211_SL,Aquatic Park Beach,Aquatic Park,Posting,Unknown,Unknown,2015-11-24,08:56,2015-11-27,08:00,,,1.0,0.0,0.0,1.0,Active,2015-11-24,37.8078,-122.4221,BAY#211_SL,north,other,3
50495,BAY#300.1_SL,Sunnydale Cove,Candlestick Point,Posting,Unknown,Unknown,2015-11-24,08:56,2015-11-26,09:00,,,1.0,0.0,0.0,1.0,Active,2015-11-24,37.7096,-122.3899,BAY#300.1_SL,east,other,2
50496,BAY#301.1_SL,Windsurfer Circle,Candlestick Point,Posting,Unknown,Unknown,2015-11-24,08:56,2015-11-27,08:00,,,1.0,0.0,0.0,1.0,Active,2015-11-24,37.70917,-122.3823,BAY#301.1_SL,east,other,3
50571,BAY#202.4_SL,"Crissy Field, East",Crissy Field,Posting,Unknown,Unknown,2015-12-08,08:50,2015-12-09,07:51,,,1.0,0.0,0.0,0.0,Active,2015-12-08,37.8066,-122.4519,BAY#202.4_SL,north,other,1
50572,OCEAN#15EAST_SL,"Baker Beach East, Upper Parking Lot",Baker Beach,Posting,Unknown,Unknown,2015-12-08,08:50,2015-12-09,07:51,,,1.0,0.0,0.0,0.0,Active,2015-12-08,37.79258,-122.48465,OCEAN#15EAST_SL,baker_china,other,1
50573,OCEAN#15_SL,"Baker Beach, Lobos Creek at Lower Parking Lot",Baker Beach,Posting,Unknown,Unknown,2015-12-08,08:50,2015-12-09,08:00,,,1.0,0.0,0.0,0.0,Active,2015-12-08,37.7917,-122.484926,OCEAN#15_SL,baker_china,other,1
50574,OCEAN#16_SL,"Baker Beach West, Opposite Seacliff 2 Pumping Station",Baker Beach,Posting,Unknown,Unknown,2015-12-08,08:50,2015-12-09,08:00,,,1.0,0.0,0.0,0.0,Active,2015-12-08,37.78977,-122.48741,OCEAN#16_SL,baker_china,other,1
50599,BAY#320_SL,Islais creek at Islais Landing,Islais Creek Channel,Posting,Combined Sewer Overflow,Combined Sewer Discharge,2015-12-13,09:30,2015-12-16,08:17,,,0.0,0.0,0.0,0.0,Active,2015-12-15,37.74703,-122.38793,BAY#320_SL,east,cso,3
50612,OCEAN#15EAST_SL,"Baker Beach East, Upper Parking Lot",Baker Beach,Posting,Combined Sewer Overflow,Combined Sewer Discharge,2015-12-13,08:26,2015-12-14,,,,0.0,0.0,0.0,0.0,Active,2015-12-16,37.79258,-122.48465,OCEAN#15EAST_SL,baker_china,cso,1
50604,OCEAN#15_SL,"Baker Beach, Lobos Creek at Lower Parking Lot",Baker Beach,Posting,Combined Sewer Overflow,Combined Sewer Discharge,2015-12-13,09:30,2015-12-14,09:30,,,0.0,0.0,0.0,0.0,Active,2015-12-15,37.7917,-122.484926,OCEAN#15_SL,baker_china,cso,1
50614,OCEAN#16_SL,"Baker Beach West, Opposite Seacliff 2 Pumping Station",Baker Beach,Posting,Combined Sewer Overflow,Combined Sewer Discharge,2015-12-13,08:29,2015-12-14,,,,0.0,0.0,0.0,0.0,Active,2015-12-16,37.78977,-122.48741,OCEAN#16_SL,baker_china,cso,1
50600,OCEAN#18_SL,"Ocean Beach, at Balboa St.",Ocean Beach,Posting,Combined Sewer Overflow,Combined Sewer Discharge,2015-12-13,09:30,2015-12-14,09:30,,,0.0,0.0,0.0,0.0,Active,2015-12-15,37.77492,-122.51351,OCEAN#18_SL,ocean,cso,1
50601,OCEAN#19_SL,"Ocean Beach, at Lincoln Ave.",Ocean Beach,Posting,Combined Sewer Overflow,Combined Sewer Discharge,2015-12-13,09:30,2015-12-14,,,,0.0,0.0,0.0,0.0,Active,2015-12-15,37.7638,-122.511,OCEAN#19_SL,ocean,cso,1
50602,OCEAN#20_SL,"Ocean Beach, at Pacheco St.",Ocean Beach,Posting,Combined Sewer Overflow,Combined Sewer Discharge,2015-12-13,09:30,2015-12-14,,,,0.0,0.0,0.0,0.0,Active,2015-12-15,37.74891,-122.50996,OCEAN#20_SL,ocean,cso,1
50603,OCEAN#21.1_SL,"Ocean Beach, at Sloat Blvd.",Ocean Beach,Posting,Combined Sewer Overflow,Combined Sewer Discharge,2015-12-13,09:30,2015-12-14,,,,0.0,0.0,0.0,0.0,Active,2015-12-15,37.73567,-122.50769,OCEAN#21.1_SL,ocean,cso,1
50608,OCEAN#21_SL,Ocean Beach at Vicente St.,Ocean Beach,Posting,Combined Sewer Overflow,Combined Sewer Discharge,2015-12-13,08:20,2015-12-15,,,,0.0,0.0,0.0,0.0,Active,2015-12-16,37.73782,-122.50825,OCEAN#21_SL,ocean,cso,2
50609,OCEAN#22_SL,Fort Funston,Ocean Beach,Posting,Combined Sewer Overflow,Combined Sewer Discharge,2015-12-14,08:21,2015-12-15,,,,0.0,0.0,0.0,0.0,Active,2015-12-16,37.71526,-122.50476,OCEAN#22_SL,ocean,cso,1
50610,BAY#300.1_SL,Sunnydale Cove,Candlestick Point,Posting,Unknown,Unknown,2015-12-15,08:22,2015-12-16,,,,1.0,0.0,0.0,0.0,Active,2015-12-16,37.7096,-122.3899,BAY#300.1_SL,east,other,1
50611,BAY#301.1_SL,Windsurfer Circle,Candlestick Point,Posting,Unknown,Unknown,2015-12-15,08:26,2015-12-16,,,,0.0,0.0,1.0,0.0,Active,2015-12-16,37.70917,-122.3823,BAY#301.1_SL,east,other,1
50613,OCEAN#15_SL,"Baker Beach, Lobos Creek at Lower Parking Lot",Baker Beach,Posting,Unknown,Unknown,2015-12-15,08:29,2015-12-16,,,,0.0,0.0,1.0,0.0,Active,2015-12-16,37.7917,-122.484926,OCEAN#15_SL,baker_china,other,1
50621,BAY#320_SL,Islais creek at Islais Landing,Islais Creek Channel,Posting,Combined Sewer Overflow,Combined Sewer Discharge,2015-12-21,16:00,2015-12-25,,,,0.0,0.0,0.0,0.0,Active,2015-12-22,37.74703,-122.38793,BAY#320_SL,east,cso,4
50626,BAY#202.4_SL,"Crissy Field, East",Crissy Field,Posting,Unknown,Unknown,2015-12-22,08:45,2015-12-24,13:31,,,1.0,0.0,0.0,0.0,Active,2015-12-22,37.8066,-122.4519,BAY#202.4_SL,north,other,2
50627,BAY#300.1_SL,Sunnydale Cove,Candlestick Point,Posting,Unknown,Unknown,2015-12-22,08:45,2015-12-23,,,,1.0,0.0,0.0,1.0,Active,2015-12-22,37.7096,-122.3899,BAY#300.1_SL,east,other,1
50628,BAY#301.1_SL,Windsurfer Circle,Candlestick Point,Posting,Unknown,Unknown,2015-12-22,11:34,2015-12-24,13:31,,,1.0,0.0,1.0,1.0,Active,2015-12-22,37.70917,-122.3823,BAY#301.1_SL,east,other,2
50629,BAY#301.2_SL,Jack Rabbit Beach,Candlestick Point,Posting,Unknown,Unknown,2015-12-22,08:45,2015-12-23,,,,1.0,0.0,0.0,1.0,Active,2015-12-22,37.711025,-122.380136,BAY#301.2_SL,east,other,1
50681,BAY#202.4_SL,"Crissy Field, East",Crissy Field,Posting,Unknown,Unknown,2016-01-05,11:30,2016-01-07,,,,1.0,0.0,0.0,0.0,Active,2016-01-06,37.8066,-122.4519,BAY#202.4_SL,north,other,2
50680,BAY#301.1_SL,Windsurfer Circle,Candlestick Point,Posting,Unknown,Unknown,2016-01-05,11:30,2016-01-09,,,,1.0,0.0,0.0,0.0,Active,2016-01-06,37.70917,-122.3823,BAY#301.1_SL,east,other,4
50682,OCEAN#15EAST_SL,"Baker Beach East, Upper Parking Lot",Baker Beach,Posting,Combined Sewer Overflow,Combined Sewer Discharge,2016-01-05,11:30,2016-01-06,11:30,,,0.0,0.0,0.0,0.0,Active,2016-01-06,37.79258,-122.48465,OCEAN#15EAST_SL,baker_china,cso,1
50719,OCEAN#15_SL,"Baker Beach, Lobos Creek at Lower Parking Lot",Baker Beach,Posting,Combined Sewer Overflow,Combined Sewer Discharge,2016-01-05,07:16,2016-01-07,,,,0.0,0.0,0.0,0.0,Active,2016-01-13,37.7917,-122.484926,OCEAN#15_SL,baker_china,cso,2
50720,OCEAN#16_SL,"Baker Beach West, Opposite Seacliff 2 Pumping Station",Baker Beach,Posting,Combined Sewer Overflow,Combined Sewer Discharge,2016-01-05,07:25,2016-01-07,,,,0.0,0.0,0.0,0.0,Active,2016-01-13,37.78977,-122.48741,OCEAN#16_SL,baker_china,cso,2
50686,BAY#320_SL,Islais creek at Islais Landing,Islais Creek Channel,Posting,Combined Sewer Overflow,Combined Sewer Discharge,2016-01-06,11:32,2016-01-10,,,,0.0,0.0,0.0,0.0,Active,2016-01-06,37.74703,-122.38793,BAY#320_SL,east,cso,4
50721,OCEAN#18_SL,"Ocean Beach, at Balboa St.",Ocean Beach,Posting,Combined Sewer Overflow,Combined Sewer Discharge,2016-01-06,07:26,2016-01-07,,,,0.0,0.0,0.0,0.0,Active,2016-01-13,37.77492,-122.51351,OCEAN#18_SL,ocean,cso,1
50687,OCEAN#19_SL,"Ocean Beach, at Lincoln Ave.",Ocean Beach,Posting,Combined Sewer Overflow,Combined Sewer Discharge,2016-01-06,11:32,2016-01-07,,,,0.0,0.0,0.0,0.0,Active,2016-01-06,37.7638,-122.511,OCEAN#19_SL,ocean,cso,1
50722,OCEAN#20_SL,"Ocean Beach, at Pacheco St.",Ocean Beach,Posting,Combined Sewer Overflow,Combined Sewer Discharge,2016-01-06,07:26,2016-01-07,,,,0.0,0.0,0.0,0.0,Active,2016-01-13,37.74891,-122.50996,OCEAN#20_SL,ocean,cso,1
50723,OCEAN#21.1_SL,"Ocean Beach, at Sloat Blvd.",Ocean Beach,Posting,Combined Sewer Overflow,Combined Sewer Discharge,2016-01-06,07:28,2016-01-07,,,,0.0,0.0,0.0,0.0,Active,2016-01-13,37.73567,-122.50769,OCEAN#21.1_SL,ocean,cso,1
50688,OCEAN#21_SL,Ocean Beach at Vicente St.,Ocean Beach,Posting,Combined Sewer Overflow,Combined Sewer Discharge,2016-01-06,11:32,2016-01-07,,,,0.0,0.0,0.0,0.0,Active,2016-01-06,37.73782,-122.50825,OCEAN#21_SL,ocean,cso,1
50724,OCEAN#22_SL,Fort Funston,Ocean Beach,Posting,Combined Sewer Overflow,Combined Sewer Discharge,2016-01-06,07:30,2016-01-07,,,,0.0,0.0,0.0,0.0,Active,2016-01-13,37.71526,-122.50476,OCEAN#22_SL,ocean,cso,1
50749,BAY#320_SL,Islais creek at Islais Landing,Islais Creek Channel,Posting,Combined Sewer Overflow,Combined Sewer Discharge,2016-01-18,09:29,2016-01-23,,,,0.0,0.0,0.0,0.0,Active,2016-01-21,37.74703,-122.38793,BAY#320_SL,east,cso,5
50740,OCEAN#18_SL,"Ocean Beach, at Balboa St.",Ocean Beach,Posting,Combined Sewer Overflow,Combined Sewer Discharge,2016-01-18,09:00,2016-01-21,,,,0.0,0.0,0.0,0.0,Active,2016-01-21,37.77492,-122.51351,OCEAN#18_SL,ocean,cso,3
50742,OCEAN#19_SL,"Ocean Beach, at Lincoln Ave.",Ocean Beach,Posting,Combined Sewer Overflow,Combined Sewer Discharge,2016-01-18,09:00,2016-01-21,,,,0.0,0.0,0.0,0.0,Active,2016-01-21,37.7638,-122.511,OCEAN#19_SL,ocean,cso,3
50741,OCEAN#20_SL,"Ocean Beach, at Pacheco St.",Ocean Beach,Posting,Combined Sewer Overflow,Combined Sewer Discharge,2016-01-18,09:00,2016-01-21,,,,0.0,0.0,0.0,0.0,Active,2016-01-21,37.74891,-122.50996,OCEAN#20_SL,ocean,cso,3
50743,OCEAN#21.1_SL,"Ocean Beach, at Sloat Blvd.",Ocean Beach,Posting,Combined Sewer Overflow,Combined Sewer Discharge,2016-01-18,10:00,2016-01-21,,,,0.0,0.0,0.0,0.0,Active,2016-01-21,37.73567,-122.50769,OCEAN#21.1_SL,ocean,cso,3
50744,OCEAN#21_SL,Ocean Beach at Vicente St.,Ocean Beach,Posting,Combined Sewer Overflow,Combined Sewer Discharge,2016-01-18,10:00,2016-01-21,,,,0.0,0.0,0.0,0.0,Active,2016-01-21,37.73782,-122.50825,OCEAN#21_SL,ocean,cso,3
50733,BAY#202.4_SL,"Crissy Field, East",Crissy Field,Posting,Combined Sewer Overflow,Combined Sewer Discharge,2016-01-19,09:17,2016-01-21,,,,0.0,0.0,0.0,0.0,Active,2016-01-21,37.8066,-122.4519,BAY#202.4_SL,north,cso,2
50734,BAY#202.5_SL,Crissy Field West,Crissy Field,Posting,Combined Sewer Overflow,Combined Sewer Discharge,2016-01-19,09:19,2016-01-21,,,,0.0,0.0,0.0,0.0,Active,2016-01-21,37.8069,-122.4683,BAY#202.5_SL,north,cso,2
50735,BAY#210.1_SL,Hyde Street Pier,Aquatic Park,Posting,Combined Sewer Overflow,Combined Sewer Discharge,2016-01-19,09:19,2016-01-21,,,,0.0,0.0,0.0,0.0,Active,2016-01-21,37.80899,-122.4212947,BAY#210.1_SL,north,cso,2
50736,BAY#211_SL,Aquatic Park Beach,Aquatic Park,Posting,Combined Sewer Overflow,Combined Sewer Discharge,2016-01-19,09:19,2016-01-21,,,,0.0,0.0,0.0,0.0,Active,2016-01-21,37.8078,-122.4221,BAY#211_SL,north,cso,2
50748,BAY#301.2_SL,Jack Rabbit Beach,Candlestick Point,Posting,Combined Sewer Overflow,Combined Sewer Discharge,2016-01-19,09:28,2016-01-22,14:01,,,0.0,0.0,0.0,0.0,Active,2016-01-21,37.711025,-122.380136,BAY#301.2_SL,east,cso,3
50737,OCEAN#15EAST_SL,"Baker Beach East, Upper Parking Lot",Baker Beach,Posting,Combined Sewer Overflow,Combined Sewer Discharge,2016-01-19,09:20,2016-01-20,,,,0.0,0.0,0.0,0.0,Active,2016-01-21,37.79258,-122.48465,OCEAN#15EAST_SL,baker_china,cso,1
50738,OCEAN#15_SL,"Baker Beach, Lobos Creek at Lower Parking Lot",Baker Beach,Posting,Combined Sewer Overflow,Combined Sewer Discharge,2016-01-19,09:20,2016-01-20,,,,0.0,0.0,0.0,0.0,Active,2016-01-21,37.7917,-122.484926,OCEAN#15_SL,baker_china,cso,1
50739,OCEAN#16_SL,"Baker Beach West, Opposite Seacliff 2 Pumping Station",Baker Beach,Posting,Combined Sewer Overflow,Combined Sewer Discharge,2016-01-19,09:21,2016-01-20,,,,0.0,0.0,0.0,0.0,Active,2016-01-21,37.78977,-122.48741,OCEAN#16_SL,baker_china,cso,1
50745,OCEAN#22_SL,Fort Funston,Ocean Beach,Posting,Combined Sewer Overflow,Combined Sewer Discharge,2016-01-19,09:27,2016-01-21,,,,0.0,0.0,0.0,0.0,Active,2016-01-21,37.71526,-122.50476,OCEAN#22_SL,ocean,cso,2
50746,BAY#300.1_SL,Sunnydale Cove,Candlestick Point,Posting,Unknown,Unknown,2016-01-20,09:27,2016-01-22,14:00,,,1.0,0.0,0.0,1.0,Active,2016-01-21,37.7096,-122.3899,BAY#300.1_SL,east,other,2
50747,BAY#301.1_SL,Windsurfer Circle,Candlestick Point,Posting,Unknown,Unknown,2016-01-20,09:28,2016-01-22,14:01,,,1.0,0.0,0.0,0.0,Active,2016-01-21,37.70917,-122.3823,BAY#301.1_SL,east,other,2
50819,BAY#301.1_SL,Windsurfer Circle,Candlestick Point,Posting,Unknown,Unknown,2016-02-09,09:00,2016-02-10,07:35,,,1.0,0.0,0.0,1.0,Active,2016-02-09,37.70917,-122.3823,BAY#301.1_SL,east,other,1
50841,OCEAN#17_SL,China Beach,China Beach,Posting,Combined Sewer Overflow,Combined Sewer Discharge,2016-02-17,20:38,2016-02-19,,,,0.0,0.0,0.0,0.0,Active,2016-02-18,37.78816,-122.49136,OCEAN#17_SL,baker_china,cso,2
50857,OCEAN#15_SL,"Baker Beach, Lobos Creek at Lower Parking Lot",Baker Beach,Posting,Unknown,Unknown,2016-02-23,08:54,2016-02-24,07:31,,,0.0,0.0,0.0,1.0,Active,2016-02-23,37.7917,-122.484926,OCEAN#15_SL,baker_china,other,1
50869,BAY#320_SL,Islais creek at Islais Landing,Islais Creek Channel,Posting,Combined Sewer Overflow,Combined Sewer Discharge,2016-03-06,07:00,2016-03-17,07:53,,,0.0,0.0,0.0,0.0,Active,2016-03-07,37.74703,-122.38793,BAY#320_SL,east,cso,11
50870,OCEAN#18_SL,"Ocean Beach, at Balboa St.",Ocean Beach,Posting,Combined Sewer Overflow,Combined Sewer Discharge,2016-03-06,07:02,2016-03-07,,,,0.0,0.0,0.0,0.0,Active,2016-03-07,37.77492,-122.51351,OCEAN#18_SL,ocean,cso,1
50871,OCEAN#19_SL,"Ocean Beach, at Lincoln Ave.",Ocean Beach,Posting,Combined Sewer Overflow,Combined Sewer Discharge,2016-03-06,07:02,2016-03-07,,,,0.0,0.0,0.0,0.0,Active,2016-03-07,37.7638,-122.511,OCEAN#19_SL,ocean,cso,1
50872,OCEAN#20_SL,"Ocean Beach, at Pacheco St.",Ocean Beach,Posting,Combined Sewer Overflow,Combined Sewer Discharge,2016-03-06,07:02,2016-03-07,,,,0.0,0.0,0.0,0.0,Active,2016-03-07,37.74891,-122.50996,OCEAN#20_SL,ocean,cso,1
50873,OCEAN#21.1_SL,"Ocean Beach, at Sloat Blvd.",Ocean Beach,Posting,Combined Sewer Overflow,Combined Sewer Discharge,2016-03-06,07:03,2016-03-07,,,,0.0,0.0,0.0,0.0,Active,2016-03-07,37.73567,-122.50769,OCEAN#21.1_SL,ocean,cso,1
50874,OCEAN#21_SL,Ocean Beach at Vicente St.,Ocean Beach,Posting,Combined Sewer Overflow,Combined Sewer Discharge,2016-03-06,07:03,2016-03-07,,,,0.0,0.0,0.0,0.0,Active,2016-03-07,37.73782,-122.50825,OCEAN#21_SL,ocean,cso,1
50875,OCEAN#22_SL,Fort Funston,Ocean Beach,Posting,Combined Sewer Overflow,Combined Sewer Discharge,2016-03-06,07:03,2016-03-07,,,,0.0,0.0,0.0,0.0,Active,2016-03-07,37.71526,-122.50476,OCEAN#22_SL,ocean,cso,1
50878,OCEAN#15_SL,"Baker Beach, Lobos Creek at Lower Parking Lot",Baker Beach,Posting,Unknown,Unknown,2016-03-07,07:36,2016-03-09,09:21,,,0.0,0.0,1.0,0.0,Active,2016-03-08,37.7917,-122.484926,OCEAN#15_SL,baker_china,other,2
50882,BAY#202.4_SL,"Crissy Field, East",Crissy Field,Posting,Unknown,Unknown,2016-03-08,09:59,2016-03-09,09:21,,,1.0,0.0,0.0,0.0,Active,2016-03-08,37.8066,-122.4519,BAY#202.4_SL,north,other,1
50883,BAY#202.5_SL,Crissy Field West,Crissy Field,Posting,Unknown,Unknown,2016-03-08,09:59,2016-03-09,09:21,,,1.0,0.0,0.0,0.0,Active,2016-03-08,37.8069,-122.4683,BAY#202.5_SL,north,other,1
50884,BAY#300.1_SL,Sunnydale Cove,Candlestick Point,Posting,Unknown,Unknown,2016-03-08,09:59,2016-03-09,09:21,,,1.0,0.0,0.0,1.0,Active,2016-03-08,37.7096,-122.3899,BAY#300.1_SL,east,other,1
50879,OCEAN#16_SL,"Baker Beach West, Opposite Seacliff 2 Pumping Station",Baker Beach,Posting,Unknown,Unknown,2016-03-08,09:56,2016-03-09,09:20,,,1.0,0.0,0.0,0.0,Active,2016-03-08,37.78977,-122.48741,OCEAN#16_SL,baker_china,other,1
50880,OCEAN#18_SL,"Ocean Beach, at Balboa St.",Ocean Beach,Posting,Unknown,Unknown,2016-03-08,09:58,2016-03-09,09:20,,,1.0,0.0,0.0,0.0,Active,2016-03-08,37.77492,-122.51351,OCEAN#18_SL,ocean,other,1
50881,OCEAN#19_SL,"Ocean Beach, at Lincoln Ave.",Ocean Beach,Posting,Unknown,Unknown,2016-03-08,09:58,2016-03-09,09:21,,,1.0,0.0,0.0,1.0,Active,2016-03-08,37.7638,-122.511,OCEAN#19_SL,ocean,other,1
50958,OCEAN#18_SL,"Ocean Beach, at Balboa St.",Ocean Beach,Posting,Combined Sewer Overflow,Combined Sewer Discharge,2016-03-10,14:04,2016-03-12,,,,0.0,0.0,0.0,0.0,Active,2016-03-16,37.77492,-122.51351,OCEAN#18_SL,ocean,cso,2
50960,OCEAN#19_SL,"Ocean Beach, at Lincoln Ave.",Ocean Beach,Posting,Combined Sewer Overflow,Combined Sewer Discharge,2016-03-10,14:06,2016-03-15,,,,0.0,0.0,0.0,0.0,Active,2016-03-16,37.7638,-122.511,OCEAN#19_SL,ocean,cso,5
50961,OCEAN#20_SL,"Ocean Beach, at Pacheco St.",Ocean Beach,Posting,Combined Sewer Overflow,Combined Sewer Discharge,2016-03-10,14:07,2016-03-14,,,,0.0,0.0,0.0,0.0,Active,2016-03-16,37.74891,-122.50996,OCEAN#20_SL,ocean,cso,4
50962,OCEAN#21.1_SL,"Ocean Beach, at Sloat Blvd.",Ocean Beach,Posting,Combined Sewer Overflow,Combined Sewer Discharge,2016-03-10,14:09,2016-03-14,,,,0.0,0.0,0.0,0.0,Active,2016-03-16,37.73567,-122.50769,OCEAN#21.1_SL,ocean,cso,4
50963,OCEAN#21_SL,Ocean Beach at Vicente St.,Ocean Beach,Posting,Combined Sewer Overflow,Combined Sewer Discharge,2016-03-10,14:09,2016-03-12,,,,0.0,0.0,0.0,0.0,Active,2016-03-16,37.73782,-122.50825,OCEAN#21_SL,ocean,cso,2
50959,OCEAN#18_SL,"Ocean Beach, at Balboa St.",Ocean Beach,Posting,Combined Sewer Overflow,Combined Sewer Discharge,2016-03-13,14:06,2016-03-14,,,,0.0,0.0,0.0,0.0,Active,2016-03-16,37.77492,-122.51351,OCEAN#18_SL,ocean,cso,1
50964,OCEAN#21_SL,Ocean Beach at Vicente St.,Ocean Beach,Posting,Combined Sewer Overflow,Combined Sewer Discharge,2016-03-13,14:10,2016-03-15,,,,0.0,0.0,0.0,0.0,Active,2016-03-16,37.73782,-122.50825,OCEAN#21_SL,ocean,cso,2
50965,BAY#301.1_SL,Windsurfer Circle,Candlestick Point,Posting,Unknown,Unknown,2016-03-15,14:10,2016-03-16,,,,1.0,0.0,1.0,0.0,Active,2016-03-16,37.70917,-122.3823,BAY#301.1_SL,east,other,1
50956,OCEAN#17_SL,China Beach,China Beach,Posting,Other,Sewer Line / Stormdrain,2016-03-15,07:23,2016-03-16,11:53,,,0.0,0.0,0.0,0.0,Active,2016-03-16,37.78816,-122.49136,OCEAN#17_SL,baker_china,other,1
50969,BAY#300.1_SL,Sunnydale Cove,Candlestick Point,Posting,Unknown,Unknown,2016-03-22,06:50,2016-03-23,08:43,,,1.0,0.0,0.0,0.0,Active,2016-03-23,37.7096,-122.3899,BAY#300.1_SL,east,other,1
50970,BAY#301.1_SL,Windsurfer Circle,Candlestick Point,Posting,Unknown,Unknown,2016-03-22,06:51,2016-03-23,08:43,,,1.0,0.0,1.0,0.0,Active,2016-03-23,37.70917,-122.3823,BAY#301.1_SL,east,other,1
50967,OCEAN#15EAST_SL,"Baker Beach East, Upper Parking Lot",Baker Beach,Posting,Unknown,Unknown,2016-03-22,06:47,2016-03-23,08:43,,,1.0,0.0,0.0,1.0,Active,2016-03-23,37.79258,-122.48465,OCEAN#15EAST_SL,baker_china,other,1
50968,OCEAN#17_SL,China Beach,China Beach,Posting,Unknown,Unknown,2016-03-22,06:50,2016-03-23,08:43,,,1.0,0.0,0.0,1.0,Active,2016-03-23,37.78816,-122.49136,OCEAN#17_SL,baker_china,other,1
50992,BAY#301.1_SL,Windsurfer Circle,Candlestick Point,Posting,Unknown,Unknown,2016-04-05,12:48,2016-04-06,14:08,,,1.0,0.0,0.0,1.0,Active,2016-04-05,37.70917,-122.3823,BAY#301.1_SL,east,other,1
51006,BAY#300.1_SL,Sunnydale Cove,Candlestick Point,Posting,Unknown,Unknown,2016-04-12,11:19,2016-04-13,07:33,,,1.0,0.0,0.0,0.0,Active,2016-04-12,37.7096,-122.3899,BAY#300.1_SL,east,other,1
51005,BAY#301.1_SL,Windsurfer Circle,Candlestick Point,Posting,Unknown,Unknown,2016-04-12,11:19,2016-04-13,07:32,,,1.0,0.0,0.0,0.0,Active,2016-04-12,37.70917,-122.3823,BAY#301.1_SL,east,other,1
51119,OCEAN#15_SL,"Baker Beach, Lobos Creek at Lower Parking Lot",Baker Beach,Posting,Unknown,Unknown,2016-05-03,14:09,2016-05-04,08:49,,,0.0,0.0,1.0,0.0,Active,2016-05-03,37.7917,-122.484926,OCEAN#15_SL,baker_china,other,1
51127,BAY#202.4_SL,"Crissy Field, East",Crissy Field,Posting,Unknown,Unknown,2016-05-10,14:20,2016-05-11,08:43,,,1.0,0.0,0.0,0.0,Active,2016-05-10,37.8066,-122.4519,BAY#202.4_SL,north,other,1
51347,BAY#300.1_SL,Sunnydale Cove,Candlestick Point,Posting,Unknown,Unknown,2016-08-02,13:18,2016-08-03,07:23,,,1.0,0.0,0.0,1.0,Active,2016-08-02,37.7096,-122.3899,BAY#300.1_SL,east,other,1
51348,OCEAN#15_SL,"Baker Beach, Lobos Creek at Lower Parking Lot",Baker Beach,Posting,Unknown,Unknown,2016-08-02,13:18,2016-08-03,07:23,,,1.0,0.0,0.0,1.0,Active,2016-08-02,37.7917,-122.484926,OCEAN#15_SL,baker_china,other,1
51382,BAY#211_SL,Aquatic Park Beach,Aquatic Park,Posting,Unknown,Unknown,2016-08-16,09:04,2016-08-17,07:44,,,1.0,0.0,0.0,1.0,Active,2016-08-16,37.8078,-122.4221,BAY#211_SL,north,other,1
51427,OCEAN#15_SL,"Baker Beach, Lobos Creek at Lower Parking Lot",Baker Beach,Posting,Unknown,Unknown,2016-09-07,15:09,2016-09-09,,,,1.0,0.0,0.0,0.0,Active,2016-09-07,37.7917,-122.484926,OCEAN#15_SL,baker_china,other,2
51489,BAY#301.1_SL,Windsurfer Circle,Candlestick Point,Posting,Unknown,Unknown,2016-09-20,06:56,2016-09-23,07:52,,,0.0,0.0,1.0,0.0,Active,2016-09-23,37.70917,-122.3823,BAY#301.1_SL,east,other,3
51488,OCEAN#15_SL,"Baker Beach, Lobos Creek at Lower Parking Lot",Baker Beach,Posting,Unknown,Unknown,2016-09-20,06:55,2016-09-21,,,,0.0,0.0,0.0,1.0,Active,2016-09-23,37.7917,-122.484926,OCEAN#15_SL,baker_china,other,1
51491,BAY#301.1_SL,Windsurfer Circle,Candlestick Point,Posting,Unknown,Unknown,2016-09-27,09:15,2016-09-28,08:28,,,0.0,0.0,1.0,0.0,Active,2016-09-27,37.70917,-122.3823,BAY#301.1_SL,east,other,1
51519,BAY#320_SL,Islais creek at Islais Landing,Islais Creek Channel,Posting,Combined Sewer Overflow,Combined Sewer Discharge,2016-10-16,07:52,2016-10-21,09:27,,,0.0,0.0,0.0,0.0,Active,2016-10-18,37.74703,-122.38793,BAY#320_SL,east,cso,5
51520,OCEAN#15_SL,"Baker Beach, Lobos Creek at Lower Parking Lot",Baker Beach,Posting,Combined Sewer Overflow,Combined Sewer Discharge,2016-10-16,08:07,2016-10-18,08:09,,,0.0,0.0,0.0,0.0,Active,2016-10-18,37.7917,-122.484926,OCEAN#15_SL,baker_china,cso,2
51526,BAY#202.4_SL,"Crissy Field, East",Crissy Field,Posting,Unknown,Unknown,2016-10-18,07:10,2016-10-19,08:50,,,0.0,0.0,0.0,1.0,Active,2016-10-19,37.8066,-122.4519,BAY#202.4_SL,north,other,1
51524,BAY#300.1_SL,Sunnydale Cove,Candlestick Point,Posting,Unknown,Unknown,2016-10-18,07:07,2016-10-19,08:50,,,0.0,0.0,1.0,1.0,Active,2016-10-19,37.7096,-122.3899,BAY#300.1_SL,east,other,1
51525,BAY#301.1_SL,Windsurfer Circle,Candlestick Point,Posting,Unknown,Unknown,2016-10-18,07:10,2016-10-19,08:50,,,0.0,0.0,0.0,1.0,Active,2016-10-19,37.70917,-122.3823,BAY#301.1_SL,east,other,1
51565,BAY#301.1_SL,Windsurfer Circle,Candlestick Point,Posting,Unknown,Unknown,2016-10-25,08:56,2016-10-27,08:57,,,1.0,0.0,0.0,0.0,Active,2016-10-25,37.70917,-122.3823,BAY#301.1_SL,east,other,2
51585,BAY#320_SL,Islais creek at Islais Landing,Islais Creek Channel,Posting,Combined Sewer Overflow,Combined Sewer Discharge,2016-10-28,08:00,2016-11-02,08:28,,,0.0,0.0,0.0,0.0,Active,2016-10-28,37.74703,-122.38793,BAY#320_SL,east,cso,5
51624,BAY#202.4_SL,"Crissy Field, East",Crissy Field,Posting,Unknown,Unknown,2016-11-15,15:41,2016-11-16,09:38,,,1.0,0.0,0.0,0.0,Active,2016-11-15,37.8066,-122.4519,BAY#202.4_SL,north,other,1
51622,BAY#300.1_SL,Sunnydale Cove,Candlestick Point,Posting,Unknown,Unknown,2016-11-15,15:40,2016-11-16,09:38,,,1.0,0.0,0.0,0.0,Active,2016-11-15,37.7096,-122.3899,BAY#300.1_SL,east,other,1
51623,BAY#301.1_SL,Windsurfer Circle,Candlestick Point,Posting,Unknown,Unknown,2016-11-15,15:40,2016-11-17,08:00,,,1.0,0.0,0.0,0.0,Active,2016-11-15,37.70917,-122.3823,BAY#301.1_SL,east,other,2
51625,BAY#301.2_SL,Jack Rabbit Beach,Candlestick Point,Posting,Unknown,Unknown,2016-11-15,15:41,2016-11-16,09:38,,,1.0,0.0,0.0,1.0,Active,2016-11-15,37.711025,-122.380136,BAY#301.2_SL,east,other,1
51626,OCEAN#15_SL,"Baker Beach, Lobos Creek at Lower Parking Lot",Baker Beach,Posting,Unknown,Unknown,2016-11-15,15:42,2016-11-17,08:00,,,0.0,0.0,1.0,0.0,Active,2016-11-15,37.7917,-122.484926,OCEAN#15_SL,baker_china,other,2
51652,OCEAN#15EAST_SL,"Baker Beach East, Upper Parking Lot",Baker Beach,Posting,Combined Sewer Overflow,Combined Sewer Discharge,2016-11-21,08:29,2016-11-22,,,,0.0,0.0,0.0,0.0,Active,2016-11-22,37.79258,-122.48465,OCEAN#15EAST_SL,baker_china,cso,1
51651,OCEAN#15_SL,"Baker Beach, Lobos Creek at Lower Parking Lot",Baker Beach,Posting,Combined Sewer Overflow,Combined Sewer Discharge,2016-11-21,08:26,2016-11-22,,,,0.0,0.0,0.0,0.0,Active,2016-11-22,37.7917,-122.484926,OCEAN#15_SL,baker_china,cso,1
51653,OCEAN#16_SL,"Baker Beach West, Opposite Seacliff 2 Pumping Station",Baker Beach,Posting,Combined Sewer Overflow,Combined Sewer Discharge,2016-11-21,08:29,2016-11-22,,,,0.0,0.0,0.0,0.0,Active,2016-11-22,37.78977,-122.48741,OCEAN#16_SL,baker_china,cso,1
51655,BAY#320_SL,Islais creek at Islais Landing,Islais Creek Channel,Posting,Unknown,Unknown,2016-11-22,12:43,2016-11-24,,,,0.0,0.0,0.0,1.0,Active,2016-11-22,37.74703,-122.38793,BAY#320_SL,east,other,2
51670,OCEAN#15EAST_SL,"Baker Beach East, Upper Parking Lot",Baker Beach,Posting,Combined Sewer Overflow,Combined Sewer Discharge,2016-11-22,08:39,2016-11-24,,,,0.0,0.0,0.0,0.0,Active,2016-11-23,37.79258,-122.48465,OCEAN#15EAST_SL,baker_china,cso,2
51669,OCEAN#15_SL,"Baker Beach, Lobos Creek at Lower Parking Lot",Baker Beach,Posting,Combined Sewer Overflow,Combined Sewer Discharge,2016-11-22,08:37,2016-11-25,,,,0.0,0.0,0.0,0.0,Active,2016-11-23,37.7917,-122.484926,OCEAN#15_SL,baker_china,cso,3
51671,OCEAN#16_SL,"Baker Beach West, Opposite Seacliff 2 Pumping Station",Baker Beach,Posting,Combined Sewer Overflow,Combined Sewer Discharge,2016-11-22,08:39,2016-11-24,,,,0.0,0.0,0.0,0.0,Active,2016-11-23,37.78977,-122.48741,OCEAN#16_SL,baker_china,cso,2
51710,BAY#320_SL,Islais creek at Islais Landing,Islais Creek Channel,Posting,Combined Sewer Overflow,Combined Sewer Discharge,2016-12-08,13:05,2016-12-15,,,,0.0,0.0,0.0,0.0,Active,2016-12-08,37.74703,-122.38793,BAY#320_SL,east,cso,7
51712,OCEAN#22_SL,Fort Funston,Ocean Beach,Posting,Combined Sewer Overflow,Combined Sewer Discharge,2016-12-10,08:16,2016-12-14,08:26,,,0.0,0.0,0.0,0.0,Active,2016-12-12,37.71526,-122.50476,OCEAN#22_SL,ocean,cso,4
51717,BAY#300.1_SL,Sunnydale Cove,Candlestick Point,Posting,Unknown,Unknown,2016-12-13,09:34,2016-12-14,08:26,,,1.0,0.0,0.0,1.0,Active,2016-12-13,37.7096,-122.3899,BAY#300.1_SL,east,other,1
51718,BAY#301.1_SL,Windsurfer Circle,Candlestick Point,Posting,Unknown,Unknown,2016-12-13,09:35,2016-12-14,08:26,,,1.0,0.0,0.0,1.0,Active,2016-12-13,37.70917,-122.3823,BAY#301.1_SL,east,other,1
51719,BAY#301.2_SL,Jack Rabbit Beach,Candlestick Point,Posting,Unknown,Unknown,2016-12-13,09:36,2016-12-18,,,,1.0,0.0,0.0,1.0,Active,2016-12-13,37.711025,-122.380136,BAY#301.2_SL,east,other,5
51756,BAY#202.4_SL,"Crissy Field, East",Crissy Field,Posting,Combined Sewer Overflow,Combined Sewer Discharge,2016-12-16,08:02,2016-12-17,,,,0.0,0.0,0.0,0.0,Active,2016-12-16,37.8066,-122.4519,BAY#202.4_SL,north,cso,1
51757,BAY#202.5_SL,Crissy Field West,Crissy Field,Posting,Combined Sewer Overflow,Combined Sewer Discharge,2016-12-16,08:03,2016-12-17,,,,0.0,0.0,0.0,0.0,Active,2016-12-16,37.8069,-122.4683,BAY#202.5_SL,north,cso,1
51758,BAY#210.1_SL,Hyde Street Pier,Aquatic Park,Posting,Combined Sewer Overflow,Combined Sewer Discharge,2016-12-16,08:03,2016-12-17,,,,0.0,0.0,0.0,0.0,Active,2016-12-16,37.80899,-122.4212947,BAY#210.1_SL,north,cso,1
51759,BAY#211_SL,Aquatic Park Beach,Aquatic Park,Posting,Combined Sewer Overflow,Combined Sewer Discharge,2016-12-16,08:03,2016-12-17,,,,0.0,0.0,0.0,0.0,Active,2016-12-16,37.8078,-122.4221,BAY#211_SL,north,cso,1
51760,BAY#300.1_SL,Sunnydale Cove,Candlestick Point,Posting,Combined Sewer Overflow,Combined Sewer Discharge,2016-12-16,08:04,2016-12-22,07:19,,,0.0,0.0,0.0,0.0,Active,2016-12-16,37.7096,-122.3899,BAY#300.1_SL,east,cso,6
51761,BAY#301.1_SL,Windsurfer Circle,Candlestick Point,Posting,Combined Sewer Overflow,Combined Sewer Discharge,2016-12-16,08:04,2016-12-19,14:04,,,0.0,0.0,0.0,0.0,Active,2016-12-16,37.70917,-122.3823,BAY#301.1_SL,east,cso,3
51762,BAY#320_SL,Islais creek at Islais Landing,Islais Creek Channel,Posting,Combined Sewer Overflow,Combined Sewer Discharge,2016-12-16,08:04,2016-12-19,14:04,,,0.0,0.0,0.0,0.0,Active,2016-12-16,37.74703,-122.38793,BAY#320_SL,east,cso,3
51763,OCEAN#18_SL,"Ocean Beach, at Balboa St.",Ocean Beach,Posting,Combined Sewer Overflow,Combined Sewer Discharge,2016-12-16,08:05,2016-12-17,,,,0.0,0.0,0.0,0.0,Active,2016-12-16,37.77492,-122.51351,OCEAN#18_SL,ocean,cso,1
51764,OCEAN#19_SL,"Ocean Beach, at Lincoln Ave.",Ocean Beach,Posting,Combined Sewer Overflow,Combined Sewer Discharge,2016-12-16,08:05,2016-12-17,,,,0.0,0.0,0.0,0.0,Active,2016-12-16,37.7638,-122.511,OCEAN#19_SL,ocean,cso,1
51765,OCEAN#20_SL,"Ocean Beach, at Pacheco St.",Ocean Beach,Posting,Combined Sewer Overflow,Combined Sewer Discharge,2016-12-16,08:06,2016-12-17,,,,0.0,0.0,0.0,0.0,Active,2016-12-16,37.74891,-122.50996,OCEAN#20_SL,ocean,cso,1
51766,OCEAN#21.1_SL,"Ocean Beach, at Sloat Blvd.",Ocean Beach,Posting,Combined Sewer Overflow,Combined Sewer Discharge,2016-12-16,08:06,2016-12-17,,,,0.0,0.0,0.0,0.0,Active,2016-12-16,37.73567,-122.50769,OCEAN#21.1_SL,ocean,cso,1
51767,OCEAN#21_SL,Ocean Beach at Vicente St.,Ocean Beach,Posting,Combined Sewer Overflow,Combined Sewer Discharge,2016-12-16,08:06,2016-12-17,,,,0.0,0.0,0.0,0.0,Active,2016-12-16,37.73782,-122.50825,OCEAN#21_SL,ocean,cso,1
51768,OCEAN#22_SL,Fort Funston,Ocean Beach,Posting,Combined Sewer Overflow,Combined Sewer Discharge,2016-12-16,08:07,2016-12-17,,,,0.0,0.0,0.0,0.0,Active,2016-12-16,37.71526,-122.50476,OCEAN#22_SL,ocean,cso,1
51779,BAY#300.1_SL,Sunnydale Cove,Candlestick Point,Posting,Unknown,Unknown,2016-12-20,09:13,2016-12-22,07:19,,,1.0,0.0,0.0,0.0,Active,2016-12-20,37.7096,-122.3899,BAY#300.1_SL,east,other,2
51778,BAY#301.1_SL,Windsurfer Circle,Candlestick Point,Posting,Unknown,Unknown,2016-12-20,09:11,2016-12-21,08:52,,,0.0,0.0,0.0,1.0,Active,2016-12-20,37.70917,-122.3823,BAY#301.1_SL,east,other,1
51801,BAY#202.4_SL,"Crissy Field, East",Crissy Field,Posting,Combined Sewer Overflow,Combined Sewer Discharge,2016-12-23,09:22,2016-12-24,,,,0.0,0.0,0.0,0.0,Active,2016-12-23,37.8066,-122.4519,BAY#202.4_SL,north,cso,1
51802,BAY#202.5_SL,Crissy Field West,Crissy Field,Posting,Combined Sewer Overflow,Combined Sewer Discharge,2016-12-23,09:22,2016-12-24,,,,0.0,0.0,0.0,0.0,Active,2016-12-23,37.8069,-122.4683,BAY#202.5_SL,north,cso,1
51806,BAY#210.1_SL,Hyde Street Pier,Aquatic Park,Posting,Combined Sewer Overflow,Combined Sewer Discharge,2016-12-23,09:27,2016-12-24,,,,0.0,0.0,0.0,0.0,Active,2016-12-23,37.80899,-122.4212947,BAY#210.1_SL,north,cso,1
51805,BAY#211_SL,Aquatic Park Beach,Aquatic Park,Posting,Combined Sewer Overflow,Combined Sewer Discharge,2016-12-23,09:26,2016-12-24,,,,0.0,0.0,0.0,0.0,Active,2016-12-23,37.8078,-122.4221,BAY#211_SL,north,cso,1
51804,BAY#320_SL,Islais creek at Islais Landing,Islais Creek Channel,Posting,Combined Sewer Overflow,Combined Sewer Discharge,2016-12-23,09:26,2016-12-26,,,,0.0,0.0,0.0,0.0,Active,2016-12-23,37.74703,-122.38793,BAY#320_SL,east,cso,3
51803,OCEAN#22_SL,Fort Funston,Ocean Beach,Posting,Combined Sewer Overflow,Combined Sewer Discharge,2016-12-23,09:26,2016-12-25,,,,0.0,0.0,0.0,0.0,Active,2016-12-23,37.71526,-122.50476,OCEAN#22_SL,ocean,cso,2
51827,BAY#300.1_SL,Sunnydale Cove,Candlestick Point,Posting,Unknown,Unknown,2017-01-04,14:18,2017-01-05,12:32,,,1.0,0.0,0.0,0.0,Active,2017-01-04,37.7096,-122.3899,BAY#300.1_SL,east,other,1
51828,BAY#301.1_SL,Windsurfer Circle,Candlestick Point,Posting,Unknown,Unknown,2017-01-04,14:20,2017-01-06,10:01,,,1.0,0.0,0.0,0.0,Active,2017-01-04,37.70917,-122.3823,BAY#301.1_SL,east,other,2
51855,BAY#320_SL,Islais creek at Islais Landing,Islais Creek Channel,Posting,Combined Sewer Overflow,Combined Sewer Discharge,2017-01-08,08:39,2017-01-15,,,,0.0,0.0,0.0,0.0,Active,2017-01-09,37.74703,-122.38793,BAY#320_SL,east,cso,7
51856,OCEAN#18_SL,"Ocean Beach, at Balboa St.",Ocean Beach,Posting,Combined Sewer Overflow,Combined Sewer Discharge,2017-01-08,08:40,2017-01-10,12:49,,,0.0,0.0,0.0,0.0,Active,2017-01-09,37.77492,-122.51351,OCEAN#18_SL,ocean,cso,2
51857,OCEAN#19_SL,"Ocean Beach, at Lincoln Ave.",Ocean Beach,Posting,Combined Sewer Overflow,Combined Sewer Discharge,2017-01-08,08:41,2017-01-10,12:49,,,0.0,0.0,0.0,0.0,Active,2017-01-09,37.7638,-122.511,OCEAN#19_SL,ocean,cso,2
51858,OCEAN#20_SL,"Ocean Beach, at Pacheco St.",Ocean Beach,Posting,Combined Sewer Overflow,Combined Sewer Discharge,2017-01-08,08:41,2017-01-12,09:12,,,0.0,0.0,0.0,0.0,Active,2017-01-09,37.74891,-122.50996,OCEAN#20_SL,ocean,cso,4
51860,OCEAN#21.1_SL,"Ocean Beach, at Sloat Blvd.",Ocean Beach,Posting,Combined Sewer Overflow,Combined Sewer Discharge,2017-01-08,08:42,2017-01-10,12:49,,,0.0,0.0,0.0,0.0,Active,2017-01-09,37.73567,-122.50769,OCEAN#21.1_SL,ocean,cso,2
51859,OCEAN#21_SL,Ocean Beach at Vicente St.,Ocean Beach,Posting,Combined Sewer Overflow,Combined Sewer Discharge,2017-01-08,08:41,2017-01-12,09:12,,,0.0,0.0,0.0,0.0,Active,2017-01-09,37.73782,-122.50825,OCEAN#21_SL,ocean,cso,4
51861,OCEAN#22_SL,Fort Funston,Ocean Beach,Posting,Combined Sewer Overflow,Combined Sewer Discharge,2017-01-08,08:42,2017-01-12,09:12,,,0.0,0.0,0.0,0.0,Active,2017-01-09,37.71526,-122.50476,OCEAN#22_SL,ocean,cso,4
51862,OCEAN#15EAST_SL,"Baker Beach East, Upper Parking Lot",Baker Beach,Posting,Combined Sewer Overflow,Combined Sewer Discharge,2017-01-09,09:16,2017-01-10,12:48,,,0.0,0.0,0.0,0.0,Active,2017-01-09,37.79258,-122.48465,OCEAN#15EAST_SL,baker_china,cso,1
51863,OCEAN#15_SL,"Baker Beach, Lobos Creek at Lower Parking Lot",Baker Beach,Posting,Combined Sewer Overflow,Combined Sewer Discharge,2017-01-09,09:16,2017-01-10,12:48,,,0.0,0.0,0.0,0.0,Active,2017-01-09,37.7917,-122.484926,OCEAN#15_SL,baker_china,cso,1
51864,OCEAN#16_SL,"Baker Beach West, Opposite Seacliff 2 Pumping Station",Baker Beach,Posting,Combined Sewer Overflow,Combined Sewer Discharge,2017-01-09,09:16,2017-01-10,12:49,,,0.0,0.0,0.0,0.0,Active,2017-01-09,37.78977,-122.48741,OCEAN#16_SL,baker_china,cso,1
51867,BAY#202.4_SL,"Crissy Field, East",Crissy Field,Posting,Unknown,Unknown,2017-01-10,12:49,2017-01-13,,,,1.0,0.0,0.0,0.0,Active,2017-01-10,37.8066,-122.4519,BAY#202.4_SL,north,other,3
51868,BAY#300.1_SL,Sunnydale Cove,Candlestick Point,Posting,Unknown,Unknown,2017-01-10,12:55,2017-01-13,,,,1.0,0.0,0.0,0.0,Active,2017-01-10,37.7096,-122.3899,BAY#300.1_SL,east,other,3
51869,BAY#301.1_SL,Windsurfer Circle,Candlestick Point,Posting,Unknown,Unknown,2017-01-10,12:56,2017-01-14,,,,1.0,0.0,0.0,0.0,Active,2017-01-10,37.70917,-122.3823,BAY#301.1_SL,east,other,4
51870,BAY#202.5_SL,Crissy Field West,Crissy Field,Posting,Combined Sewer Overflow,Combined Sewer Discharge,2017-01-11,07:41,2017-01-12,09:12,,,0.0,0.0,0.0,0.0,Active,2017-01-11,37.8069,-122.4683,BAY#202.5_SL,north,cso,1
51871,BAY#210.1_SL,Hyde Street Pier,Aquatic Park,Posting,Combined Sewer Overflow,Combined Sewer Discharge,2017-01-11,07:42,2017-01-13,,,,0.0,0.0,0.0,0.0,Active,2017-01-11,37.80899,-122.4212947,BAY#210.1_SL,north,cso,2
51872,BAY#211_SL,Aquatic Park Beach,Aquatic Park,Posting,Combined Sewer Overflow,Combined Sewer Discharge,2017-01-11,07:43,2017-01-13,,,,0.0,0.0,0.0,0.0,Active,2017-01-11,37.8078,-122.4221,BAY#211_SL,north,cso,2
51873,BAY#301.2_SL,Jack Rabbit Beach,Candlestick Point,Posting,Combined Sewer Overflow,Combined Sewer Discharge,2017-01-11,07:43,2017-01-12,09:12,,,0.0,0.0,0.0,0.0,Active,2017-01-11,37.711025,-122.380136,BAY#301.2_SL,east,cso,1
51874,OCEAN#15EAST_SL,"Baker Beach East, Upper Parking Lot",Baker Beach,Posting,Combined Sewer Overflow,Combined Sewer Discharge,2017-01-11,07:44,2017-01-13,,,,0.0,0.0,0.0,0.0,Active,2017-01-11,37.79258,-122.48465,OCEAN#15EAST_SL,baker_china,cso,2
51875,OCEAN#15_SL,"Baker Beach, Lobos Creek at Lower Parking Lot",Baker Beach,Posting,Combined Sewer Overflow,Combined Sewer Discharge,2017-01-11,07:44,2017-01-13,,,,0.0,0.0,0.0,0.0,Active,2017-01-11,37.7917,-122.484926,OCEAN#15_SL,baker_china,cso,2
51876,OCEAN#16_SL,"Baker Beach West, Opposite Seacliff 2 Pumping Station",Baker Beach,Posting,Combined Sewer Overflow,Combined Sewer Discharge,2017-01-11,07:44,2017-01-12,09:12,,,0.0,0.0,0.0,0.0,Active,2017-01-11,37.78977,-122.48741,OCEAN#16_SL,baker_china,cso,1
51877,OCEAN#18_SL,"Ocean Beach, at Balboa St.",Ocean Beach,Posting,Combined Sewer Overflow,Combined Sewer Discharge,2017-01-11,07:44,2017-01-12,09:12,,,0.0,0.0,0.0,0.0,Active,2017-01-11,37.77492,-122.51351,OCEAN#18_SL,ocean,cso,1
51878,OCEAN#19_SL,"Ocean Beach, at Lincoln Ave.",Ocean Beach,Posting,Combined Sewer Overflow,Combined Sewer Discharge,2017-01-11,07:45,2017-01-14,,,,0.0,0.0,0.0,0.0,Active,2017-01-11,37.7638,-122.511,OCEAN#19_SL,ocean,cso,3
51879,OCEAN#21.1_SL,"Ocean Beach, at Sloat Blvd.",Ocean Beach,Posting,Combined Sewer Overflow,Combined Sewer Discharge,2017-01-11,07:46,2017-01-12,09:12,,,0.0,0.0,0.0,0.0,Active,2017-01-11,37.73567,-122.50769,OCEAN#21.1_SL,ocean,cso,1
51923,BAY#202.5_SL,Crissy Field West,Crissy Field,Posting,Unknown,Unknown,2017-01-18,12:42,2017-01-19,08:27,,,0.0,0.0,1.0,0.0,Active,2017-01-18,37.8069,-122.4683,BAY#202.5_SL,north,other,1
51929,BAY#300.1_SL,Sunnydale Cove,Candlestick Point,Posting,Unknown,Unknown,2017-01-19,08:27,2017-01-20,,,,1.0,0.0,0.0,1.0,Active,2017-01-19,37.7096,-122.3899,BAY#300.1_SL,east,other,1
51928,BAY#320_SL,Islais creek at Islais Landing,Islais Creek Channel,Posting,Combined Sewer Overflow,Combined Sewer Discharge,2017-01-19,08:27,2017-01-22,,,,0.0,0.0,0.0,0.0,Active,2017-01-19,37.74703,-122.38793,BAY#320_SL,east,cso,3
51930,OCEAN#15EAST_SL,"Baker Beach East, Upper Parking Lot",Baker Beach,Posting,Combined Sewer Overflow,Combined Sewer Discharge,2017-01-19,08:29,2017-01-20,08:19,,,0.0,0.0,0.0,0.0,Active,2017-01-19,37.79258,-122.48465,OCEAN#15EAST_SL,baker_china,cso,1
51931,OCEAN#15_SL,"Baker Beach, Lobos Creek at Lower Parking Lot",Baker Beach,Posting,Combined Sewer Overflow,Combined Sewer Discharge,2017-01-19,08:37,2017-01-20,08:19,,,0.0,0.0,0.0,0.0,Active,2017-01-19,37.7917,-122.484926,OCEAN#15_SL,baker_china,cso,1
51932,OCEAN#16_SL,"Baker Beach West, Opposite Seacliff 2 Pumping Station",Baker Beach,Posting,Combined Sewer Overflow,Combined Sewer Discharge,2017-01-19,08:38,2017-01-20,08:19,,,0.0,0.0,0.0,0.0,Active,2017-01-19,37.78977,-122.48741,OCEAN#16_SL,baker_china,cso,1
51963,BAY#202.4_SL,"Crissy Field, East",Crissy Field,Posting,Combined Sewer Overflow,Combined Sewer Discharge,2017-01-20,08:21,2017-01-21,,,,0.0,0.0,0.0,0.0,Active,2017-01-20,37.8066,-122.4519,BAY#202.4_SL,north,cso,1
51964,BAY#202.5_SL,Crissy Field West,Crissy Field,Posting,Combined Sewer Overflow,Combined Sewer Discharge,2017-01-20,08:21,2017-01-21,,,,0.0,0.0,0.0,0.0,Active,2017-01-20,37.8069,-122.4683,BAY#202.5_SL,north,cso,1
51966,BAY#210.1_SL,Hyde Street Pier,Aquatic Park,Posting,Combined Sewer Overflow,Combined Sewer Discharge,2017-01-20,08:22,2017-01-21,,,,0.0,0.0,0.0,0.0,Active,2017-01-20,37.80899,-122.4212947,BAY#210.1_SL,north,cso,1
51965,BAY#211_SL,Aquatic Park Beach,Aquatic Park,Posting,Combined Sewer Overflow,Combined Sewer Discharge,2017-01-20,08:21,2017-01-21,,,,0.0,0.0,0.0,0.0,Active,2017-01-20,37.8078,-122.4221,BAY#211_SL,north,cso,1
51962,BAY#301.2_SL,Jack Rabbit Beach,Candlestick Point,Posting,Combined Sewer Overflow,Combined Sewer Discharge,2017-01-20,08:20,2017-01-21,,,,0.0,0.0,0.0,0.0,Active,2017-01-20,37.711025,-122.380136,BAY#301.2_SL,east,cso,1
51959,OCEAN#15EAST_SL,"Baker Beach East, Upper Parking Lot",Baker Beach,Posting,Combined Sewer Overflow,Combined Sewer Discharge,2017-01-20,08:19,2017-01-21,,,,0.0,0.0,0.0,0.0,Active,2017-01-20,37.79258,-122.48465,OCEAN#15EAST_SL,baker_china,cso,1
51960,OCEAN#15_SL,"Baker Beach, Lobos Creek at Lower Parking Lot",Baker Beach,Posting,Combined Sewer Overflow,Combined Sewer Discharge,2017-01-20,08:20,2017-01-21,,,,0.0,0.0,0.0,0.0,Active,2017-01-20,37.7917,-122.484926,OCEAN#15_SL,baker_china,cso,1
51961,OCEAN#16_SL,"Baker Beach West, Opposite Seacliff 2 Pumping Station",Baker Beach,Posting,Combined Sewer Overflow,Combined Sewer Discharge,2017-01-20,08:20,2017-01-21,,,,0.0,0.0,0.0,0.0,Active,2017-01-20,37.78977,-122.48741,OCEAN#16_SL,baker_china,cso,1
51967,OCEAN#20_SL,"Ocean Beach, at Pacheco St.",Ocean Beach,Posting,Combined Sewer Overflow,Combined Sewer Discharge,2017-01-20,08:22,2017-01-21,,,,0.0,0.0,0.0,0.0,Active,2017-01-20,37.74891,-122.50996,OCEAN#20_SL,ocean,cso,1
51968,OCEAN#21.1_SL,"Ocean Beach, at Sloat Blvd.",Ocean Beach,Posting,Combined Sewer Overflow,Combined Sewer Discharge,2017-01-20,08:22,2017-01-21,,,,0.0,0.0,0.0,0.0,Active,2017-01-20,37.73567,-122.50769,OCEAN#21.1_SL,ocean,cso,1
51969,OCEAN#21_SL,Ocean Beach at Vicente St.,Ocean Beach,Posting,Combined Sewer Overflow,Combined Sewer Discharge,2017-01-20,08:23,2017-01-21,,,,0.0,0.0,0.0,0.0,Active,2017-01-20,37.73782,-122.50825,OCEAN#21_SL,ocean,cso,1
51970,OCEAN#22_SL,Fort Funston,Ocean Beach,Posting,Combined Sewer Overflow,Combined Sewer Discharge,2017-01-20,08:23,2017-01-22,,,,0.0,0.0,0.0,0.0,Active,2017-01-20,37.71526,-122.50476,OCEAN#22_SL,ocean,cso,2
52017,BAY#300.1_SL,Sunnydale Cove,Candlestick Point,Posting,Unknown,Unknown,2017-01-21,08:27,2017-01-23,,,,0.0,0.0,0.0,0.0,Active,2017-01-25,37.7096,-122.3899,BAY#300.1_SL,east,other,2
52002,BAY#320_SL,Islais creek at Islais Landing,Islais Creek Channel,Posting,Combined Sewer Overflow,Combined Sewer Discharge,2017-01-22,14:43,2017-01-26,08:15,,,0.0,0.0,0.0,0.0,Active,2017-01-24,37.74703,-122.38793,BAY#320_SL,east,cso,4
52019,OCEAN#15EAST_SL,"Baker Beach East, Upper Parking Lot",Baker Beach,Posting,Combined Sewer Overflow,Combined Sewer Discharge,2017-01-22,08:36,2017-01-23,,,,0.0,0.0,0.0,0.0,Active,2017-01-25,37.79258,-122.48465,OCEAN#15EAST_SL,baker_china,cso,1
52020,OCEAN#15_SL,"Baker Beach, Lobos Creek at Lower Parking Lot",Baker Beach,Posting,Combined Sewer Overflow,Combined Sewer Discharge,2017-01-22,08:37,2017-01-23,,,,0.0,0.0,0.0,0.0,Active,2017-01-25,37.7917,-122.484926,OCEAN#15_SL,baker_china,cso,1
52021,OCEAN#16_SL,"Baker Beach West, Opposite Seacliff 2 Pumping Station",Baker Beach,Posting,Combined Sewer Overflow,Combined Sewer Discharge,2017-01-22,08:37,2017-01-23,,,,0.0,0.0,0.0,0.0,Active,2017-01-25,37.78977,-122.48741,OCEAN#16_SL,baker_china,cso,1
52018,BAY#301.1_SL,Windsurfer Circle,Candlestick Point,Posting,Unknown,Unknown,2017-01-24,08:28,2017-01-25,,,,1.0,0.0,1.0,1.0,Active,2017-01-25,37.70917,-122.3823,BAY#301.1_SL,east,other,1
52126,BAY#202.4_SL,"Crissy Field, East",Crissy Field,Posting,Combined Sewer Overflow,Combined Sewer Discharge,2017-02-07,08:47,2017-02-09,,,,0.0,0.0,0.0,0.0,Active,2017-02-16,37.8066,-122.4519,BAY#202.4_SL,north,cso,2
52127,BAY#202.5_SL,Crissy Field West,Crissy Field,Posting,Combined Sewer Overflow,Combined Sewer Discharge,2017-02-07,08:47,2017-02-08,,,,0.0,0.0,0.0,0.0,Active,2017-02-16,37.8069,-122.4683,BAY#202.5_SL,north,cso,1
52128,BAY#210.1_SL,Hyde Street Pier,Aquatic Park,Posting,Combined Sewer Overflow,Combined Sewer Discharge,2017-02-07,08:48,2017-02-09,,,,0.0,0.0,0.0,0.0,Active,2017-02-16,37.80899,-122.4212947,BAY#210.1_SL,north,cso,2
52129,BAY#211_SL,Aquatic Park Beach,Aquatic Park,Posting,Combined Sewer Overflow,Combined Sewer Discharge,2017-02-07,08:48,2017-02-08,,,,0.0,0.0,0.0,0.0,Active,2017-02-16,37.8078,-122.4221,BAY#211_SL,north,cso,1
52066,BAY#300.1_SL,Sunnydale Cove,Candlestick Point,Posting,Unknown,Unknown,2017-02-07,07:37,2017-02-12,,,,1.0,0.0,0.0,1.0,Active,2017-02-07,37.7096,-122.3899,BAY#300.1_SL,east,other,5
52067,BAY#301.1_SL,Windsurfer Circle,Candlestick Point,Posting,Unknown,Unknown,2017-02-07,07:38,2017-02-10,,,,1.0,0.0,1.0,0.0,Active,2017-02-07,37.70917,-122.3823,BAY#301.1_SL,east,other,3
52072,BAY#320_SL,Islais creek at Islais Landing,Islais Creek Channel,Posting,Combined Sewer Overflow,Combined Sewer Discharge,2017-02-07,07:40,2017-02-12,,,,0.0,0.0,0.0,0.0,Active,2017-02-07,37.74703,-122.38793,BAY#320_SL,east,cso,5
52070,OCEAN#15EAST_SL,"Baker Beach East, Upper Parking Lot",Baker Beach,Posting,Combined Sewer Overflow,Combined Sewer Discharge,2017-02-07,07:39,2017-02-09,,,,0.0,0.0,0.0,0.0,Active,2017-02-07,37.79258,-122.48465,OCEAN#15EAST_SL,baker_china,cso,2
52069,OCEAN#15_SL,"Baker Beach, Lobos Creek at Lower Parking Lot",Baker Beach,Posting,Combined Sewer Overflow,Combined Sewer Discharge,2017-02-07,07:39,2017-02-09,,,,0.0,0.0,0.0,0.0,Active,2017-02-07,37.7917,-122.484926,OCEAN#15_SL,baker_china,cso,2
52071,OCEAN#16_SL,"Baker Beach West, Opposite Seacliff 2 Pumping Station",Baker Beach,Posting,Combined Sewer Overflow,Combined Sewer Discharge,2017-02-07,07:39,2017-02-09,,,,0.0,0.0,0.0,0.0,Active,2017-02-07,37.78977,-122.48741,OCEAN#16_SL,baker_china,cso,2
52130,OCEAN#18_SL,"Ocean Beach, at Balboa St.",Ocean Beach,Posting,Combined Sewer Overflow,Combined Sewer Discharge,2017-02-07,08:49,2017-02-09,,,,0.0,0.0,0.0,0.0,Active,2017-02-16,37.77492,-122.51351,OCEAN#18_SL,ocean,cso,2
52131,OCEAN#19_SL,"Ocean Beach, at Lincoln Ave.",Ocean Beach,Posting,Combined Sewer Overflow,Combined Sewer Discharge,2017-02-07,08:50,2017-02-09,,,,0.0,0.0,0.0,0.0,Active,2017-02-16,37.7638,-122.511,OCEAN#19_SL,ocean,cso,2
52132,OCEAN#20_SL,"Ocean Beach, at Pacheco St.",Ocean Beach,Posting,Combined Sewer Overflow,Combined Sewer Discharge,2017-02-07,08:50,2017-02-09,,,,0.0,0.0,0.0,0.0,Active,2017-02-16,37.74891,-122.50996,OCEAN#20_SL,ocean,cso,2
52133,OCEAN#21.1_SL,"Ocean Beach, at Sloat Blvd.",Ocean Beach,Posting,Combined Sewer Overflow,Combined Sewer Discharge,2017-02-07,08:51,2017-02-10,,,,0.0,0.0,0.0,0.0,Active,2017-02-16,37.73567,-122.50769,OCEAN#21.1_SL,ocean,cso,3
52134,OCEAN#21_SL,Ocean Beach at Vicente St.,Ocean Beach,Posting,Combined Sewer Overflow,Combined Sewer Discharge,2017-02-07,08:52,2017-02-09,,,,0.0,0.0,0.0,0.0,Active,2017-02-16,37.73782,-122.50825,OCEAN#21_SL,ocean,cso,2
52136,OCEAN#22_SL,Fort Funston,Ocean Beach,Posting,Combined Sewer Overflow,Combined Sewer Discharge,2017-02-07,08:52,2017-02-08,,,,0.0,0.0,0.0,0.0,Active,2017-02-16,37.71526,-122.50476,OCEAN#22_SL,ocean,cso,1
52137,BAY#202.4_SL,"Crissy Field, East",Crissy Field,Posting,Unknown,Unknown,2017-02-14,08:53,2017-02-15,,,,0.0,0.0,1.0,0.0,Active,2017-02-16,37.8066,-122.4519,BAY#202.4_SL,north,other,1
52145,OCEAN#15EAST_SL,"Baker Beach East, Upper Parking Lot",Baker Beach,Posting,Combined Sewer Overflow,Combined Sewer Discharge,2017-02-18,08:13,2017-02-19,,,,0.0,0.0,0.0,0.0,Active,2017-02-21,37.79258,-122.48465,OCEAN#15EAST_SL,baker_china,cso,1
52146,OCEAN#15_SL,"Baker Beach, Lobos Creek at Lower Parking Lot",Baker Beach,Posting,Combined Sewer Overflow,Combined Sewer Discharge,2017-02-18,08:14,2017-02-21,08:56,,,0.0,0.0,0.0,0.0,Active,2017-02-21,37.7917,-122.484926,OCEAN#15_SL,baker_china,cso,3
52147,OCEAN#16_SL,"Baker Beach West, Opposite Seacliff 2 Pumping Station",Baker Beach,Posting,Combined Sewer Overflow,Combined Sewer Discharge,2017-02-18,08:15,2017-02-19,,,,0.0,0.0,0.0,0.0,Active,2017-02-21,37.78977,-122.48741,OCEAN#16_SL,baker_china,cso,1
52149,BAY#202.4_SL,"Crissy Field, East",Crissy Field,Posting,Combined Sewer Overflow,Combined Sewer Discharge,2017-02-20,08:17,2017-02-23,08:04,,,0.0,0.0,0.0,0.0,Active,2017-02-21,37.8066,-122.4519,BAY#202.4_SL,north,cso,3
52150,BAY#202.5_SL,Crissy Field West,Crissy Field,Posting,Combined Sewer Overflow,Combined Sewer Discharge,2017-02-20,08:21,2017-02-22,13:08,,,0.0,0.0,0.0,0.0,Active,2017-02-21,37.8069,-122.4683,BAY#202.5_SL,north,cso,2
52151,BAY#210.1_SL,Hyde Street Pier,Aquatic Park,Posting,Combined Sewer Overflow,Combined Sewer Discharge,2017-02-20,08:22,2017-02-23,08:05,,,0.0,0.0,0.0,0.0,Active,2017-02-21,37.80899,-122.4212947,BAY#210.1_SL,north,cso,3
52152,BAY#211_SL,Aquatic Park Beach,Aquatic Park,Posting,Combined Sewer Overflow,Combined Sewer Discharge,2017-02-20,08:22,2017-02-23,08:04,,,0.0,0.0,0.0,0.0,Active,2017-02-21,37.8078,-122.4221,BAY#211_SL,north,cso,3
52153,OCEAN#15EAST_SL,"Baker Beach East, Upper Parking Lot",Baker Beach,Posting,Combined Sewer Overflow,Combined Sewer Discharge,2017-02-20,08:22,2017-02-21,08:55,,,0.0,0.0,0.0,0.0,Active,2017-02-21,37.79258,-122.48465,OCEAN#15EAST_SL,baker_china,cso,1
52154,OCEAN#15_SL,"Baker Beach, Lobos Creek at Lower Parking Lot",Baker Beach,Posting,Combined Sewer Overflow,Combined Sewer Discharge,2017-02-20,08:23,2017-02-21,08:55,,,0.0,0.0,0.0,0.0,Active,2017-02-21,37.7917,-122.484926,OCEAN#15_SL,baker_china,cso,1
52155,OCEAN#16_SL,"Baker Beach West, Opposite Seacliff 2 Pumping Station",Baker Beach,Posting,Combined Sewer Overflow,Combined Sewer Discharge,2017-02-20,08:24,2017-02-21,08:55,,,0.0,0.0,0.0,0.0,Active,2017-02-21,37.78977,-122.48741,OCEAN#16_SL,baker_china,cso,1
52156,OCEAN#18_SL,"Ocean Beach, at Balboa St.",Ocean Beach,Posting,Combined Sewer Overflow,Combined Sewer Discharge,2017-02-20,08:24,2017-02-22,13:08,,,0.0,0.0,0.0,0.0,Active,2017-02-21,37.77492,-122.51351,OCEAN#18_SL,ocean,cso,2
52157,OCEAN#19_SL,"Ocean Beach, at Lincoln Ave.",Ocean Beach,Posting,Combined Sewer Overflow,Combined Sewer Discharge,2017-02-20,08:24,2017-02-22,13:08,,,0.0,0.0,0.0,0.0,Active,2017-02-21,37.7638,-122.511,OCEAN#19_SL,ocean,cso,2
52158,OCEAN#20_SL,"Ocean Beach, at Pacheco St.",Ocean Beach,Posting,Combined Sewer Overflow,Combined Sewer Discharge,2017-02-20,08:25,2017-02-22,13:08,,,0.0,0.0,0.0,0.0,Active,2017-02-21,37.74891,-122.50996,OCEAN#20_SL,ocean,cso,2
52159,OCEAN#21.1_SL,"Ocean Beach, at Sloat Blvd.",Ocean Beach,Posting,Combined Sewer Overflow,Combined Sewer Discharge,2017-02-20,08:26,2017-02-22,13:08,,,0.0,0.0,0.0,0.0,Active,2017-02-21,37.73567,-122.50769,OCEAN#21.1_SL,ocean,cso,2
52161,OCEAN#21_SL,Ocean Beach at Vicente St.,Ocean Beach,Posting,Combined Sewer Overflow,Combined Sewer Discharge,2017-02-20,08:27,2017-02-22,13:09,,,0.0,0.0,0.0,0.0,Active,2017-02-21,37.73782,-122.50825,OCEAN#21_SL,ocean,cso,2
52160,OCEAN#22_SL,Fort Funston,Ocean Beach,Posting,Combined Sewer Overflow,Combined Sewer Discharge,2017-02-20,08:26,2017-02-22,13:09,,,0.0,0.0,0.0,0.0,Active,2017-02-21,37.71526,-122.50476,OCEAN#22_SL,ocean,cso,2
52148,BAY#320_SL,Islais creek at Islais Landing,Islais Creek Channel,Posting,Combined Sewer Overflow,Combined Sewer Discharge,2017-02-21,08:16,2017-02-26,,,,0.0,0.0,0.0,0.0,Active,2017-02-21,37.74703,-122.38793,BAY#320_SL,east,cso,5
52168,BAY#300.1_SL,Sunnydale Cove,Candlestick Point,Posting,Unknown,Unknown,2017-02-22,14:15,2017-02-23,08:05,,,1.0,0.0,0.0,0.0,Active,2017-02-22,37.7096,-122.3899,BAY#300.1_SL,east,other,1
52169,BAY#301.1_SL,Windsurfer Circle,Candlestick Point,Posting,Unknown,Unknown,2017-02-22,14:16,2017-02-23,08:05,,,1.0,0.0,1.0,1.0,Active,2017-02-22,37.70917,-122.3823,BAY#301.1_SL,east,other,1
52167,OCEAN#17_SL,China Beach,China Beach,Posting,Unknown,Unknown,2017-02-22,14:14,2017-02-23,08:03,,,1.0,0.0,0.0,0.0,Active,2017-02-22,37.78816,-122.49136,OCEAN#17_SL,baker_china,other,1
52195,BAY#320_SL,Islais creek at Islais Landing,Islais Creek Channel,Posting,Line Break,Sewer Line,2017-02-27,08:22,2017-03-03,,,,0.0,0.0,0.0,0.0,Active,2017-02-28,37.74703,-122.38793,BAY#320_SL,east,other,4
52250,BAY#320_SL,Islais creek at Islais Landing,Islais Creek Channel,Posting,Combined Sewer Overflow,Combined Sewer Discharge,2017-03-05,14:42,2017-03-09,,,,0.0,0.0,0.0,0.0,Active,2017-03-06,37.74703,-122.38793,BAY#320_SL,east,cso,4
52243,OCEAN#15EAST_SL,"Baker Beach East, Upper Parking Lot",Baker Beach,Posting,Combined Sewer Overflow,Combined Sewer Discharge,2017-03-05,14:36,2017-03-06,,,,0.0,0.0,0.0,0.0,Active,2017-03-06,37.79258,-122.48465,OCEAN#15EAST_SL,baker_china,cso,1
52245,OCEAN#15_SL,"Baker Beach, Lobos Creek at Lower Parking Lot",Baker Beach,Posting,Combined Sewer Overflow,Combined Sewer Discharge,2017-03-05,14:38,2017-03-06,,,,0.0,0.0,0.0,0.0,Active,2017-03-06,37.7917,-122.484926,OCEAN#15_SL,baker_china,cso,1
52244,OCEAN#16_SL,"Baker Beach West, Opposite Seacliff 2 Pumping Station",Baker Beach,Posting,Combined Sewer Overflow,Combined Sewer Discharge,2017-03-05,14:37,2017-03-06,,,,0.0,0.0,0.0,0.0,Active,2017-03-06,37.78977,-122.48741,OCEAN#16_SL,baker_china,cso,1
52246,OCEAN#18_SL,"Ocean Beach, at Balboa St.",Ocean Beach,Posting,Combined Sewer Overflow,Combined Sewer Discharge,2017-03-05,14:38,2017-03-06,,,,0.0,0.0,0.0,0.0,Active,2017-03-06,37.77492,-122.51351,OCEAN#18_SL,ocean,cso,1
52247,OCEAN#19_SL,"Ocean Beach, at Lincoln Ave.",Ocean Beach,Posting,Combined Sewer Overflow,Combined Sewer Discharge,2017-03-05,14:39,2017-03-07,09:54,,,0.0,0.0,0.0,0.0,Active,2017-03-06,37.7638,-122.511,OCEAN#19_SL,ocean,cso,2
52252,OCEAN#20_SL,"Ocean Beach, at Pacheco St.",Ocean Beach,Posting,Combined Sewer Overflow,Combined Sewer Discharge,2017-03-05,10:01,2017-03-06,,,,0.0,0.0,0.0,0.0,Active,2017-03-07,37.74891,-122.50996,OCEAN#20_SL,ocean,cso,1
52248,OCEAN#21.1_SL,"Ocean Beach, at Sloat Blvd.",Ocean Beach,Posting,Combined Sewer Overflow,Combined Sewer Discharge,2017-03-05,14:40,2017-03-07,,,,0.0,0.0,0.0,0.0,Active,2017-03-06,37.73567,-122.50769,OCEAN#21.1_SL,ocean,cso,2
52251,OCEAN#21_SL,Ocean Beach at Vicente St.,Ocean Beach,Posting,Combined Sewer Overflow,Combined Sewer Discharge,2017-03-05,09:49,2017-03-08,,,,0.0,0.0,0.0,0.0,Active,2017-03-07,37.73782,-122.50825,OCEAN#21_SL,ocean,cso,3
52249,OCEAN#22_SL,Fort Funston,Ocean Beach,Posting,Combined Sewer Overflow,Combined Sewer Discharge,2017-03-05,14:41,2017-03-06,,,,0.0,0.0,0.0,0.0,Active,2017-03-06,37.71526,-122.50476,OCEAN#22_SL,ocean,cso,1
52324,BAY#320_SL,Islais creek at Islais Landing,Islais Creek Channel,Posting,Line Break,Sewer Line,2017-03-17,13:30,2017-03-19,,,,0.0,0.0,0.0,0.0,Active,2017-03-17,37.74703,-122.38793,BAY#320_SL,east,other,2
52335,BAY#202.4_SL,"Crissy Field, East",Crissy Field,Posting,Combined Sewer Overflow,Combined Sewer Discharge,2017-03-21,08:25,2017-03-23,08:34,,,0.0,0.0,0.0,0.0,Active,2017-03-21,37.8066,-122.4519,BAY#202.4_SL,north,cso,2
52336,BAY#202.5_SL,Crissy Field West,Crissy Field,Posting,Combined Sewer Overflow,Combined Sewer Discharge,2017-03-21,08:25,2017-03-22,13:07,,,0.0,0.0,0.0,0.0,Active,2017-03-21,37.8069,-122.4683,BAY#202.5_SL,north,cso,1
52333,BAY#210.1_SL,Hyde Street Pier,Aquatic Park,Posting,Combined Sewer Overflow,Combined Sewer Discharge,2017-03-21,08:23,2017-03-22,13:06,,,0.0,0.0,0.0,0.0,Active,2017-03-21,37.80899,-122.4212947,BAY#210.1_SL,north,cso,1
52334,BAY#211_SL,Aquatic Park Beach,Aquatic Park,Posting,Combined Sewer Overflow,Combined Sewer Discharge,2017-03-21,08:24,2017-03-22,13:06,,,0.0,0.0,0.0,0.0,Active,2017-03-21,37.8078,-122.4221,BAY#211_SL,north,cso,1
52332,BAY#320_SL,Islais creek at Islais Landing,Islais Creek Channel,Posting,Combined Sewer Overflow,Combined Sewer Discharge,2017-03-21,08:21,2017-03-25,,,,0.0,0.0,0.0,0.0,Active,2017-03-21,37.74703,-122.38793,BAY#320_SL,east,cso,4
52337,OCEAN#15EAST_SL,"Baker Beach East, Upper Parking Lot",Baker Beach,Posting,Combined Sewer Overflow,Combined Sewer Discharge,2017-03-21,08:25,2017-03-23,08:34,,,0.0,0.0,0.0,0.0,Active,2017-03-21,37.79258,-122.48465,OCEAN#15EAST_SL,baker_china,cso,2
52339,OCEAN#15_SL,"Baker Beach, Lobos Creek at Lower Parking Lot",Baker Beach,Posting,Combined Sewer Overflow,Combined Sewer Discharge,2017-03-21,08:27,2017-03-23,08:34,,,0.0,0.0,0.0,0.0,Active,2017-03-21,37.7917,-122.484926,OCEAN#15_SL,baker_china,cso,2
52338,OCEAN#16_SL,"Baker Beach West, Opposite Seacliff 2 Pumping Station",Baker Beach,Posting,Combined Sewer Overflow,Combined Sewer Discharge,2017-03-21,08:27,2017-03-23,08:34,,,0.0,0.0,0.0,0.0,Active,2017-03-21,37.78977,-122.48741,OCEAN#16_SL,baker_china,cso,2
52326,OCEAN#18_SL,"Ocean Beach, at Balboa St.",Ocean Beach,Posting,Combined Sewer Overflow,Combined Sewer Discharge,2017-03-21,08:19,2017-03-22,13:06,,,0.0,0.0,0.0,0.0,Active,2017-03-21,37.77492,-122.51351,OCEAN#18_SL,ocean,cso,1
52327,OCEAN#19_SL,"Ocean Beach, at Lincoln Ave.",Ocean Beach,Posting,Combined Sewer Overflow,Combined Sewer Discharge,2017-03-21,08:20,2017-03-23,08:33,,,0.0,0.0,0.0,0.0,Active,2017-03-21,37.7638,-122.511,OCEAN#19_SL,ocean,cso,2
52328,OCEAN#20_SL,"Ocean Beach, at Pacheco St.",Ocean Beach,Posting,Combined Sewer Overflow,Combined Sewer Discharge,2017-03-21,08:20,2017-03-22,13:06,,,0.0,0.0,0.0,0.0,Active,2017-03-21,37.74891,-122.50996,OCEAN#20_SL,ocean,cso,1
52329,OCEAN#21.1_SL,"Ocean Beach, at Sloat Blvd.",Ocean Beach,Posting,Combined Sewer Overflow,Combined Sewer Discharge,2017-03-21,08:20,2017-03-22,13:06,,,0.0,0.0,0.0,0.0,Active,2017-03-21,37.73567,-122.50769,OCEAN#21.1_SL,ocean,cso,1
52330,OCEAN#21_SL,Ocean Beach at Vicente St.,Ocean Beach,Posting,Combined Sewer Overflow,Combined Sewer Discharge,2017-03-21,08:20,2017-03-22,13:06,,,0.0,0.0,0.0,0.0,Active,2017-03-21,37.73782,-122.50825,OCEAN#21_SL,ocean,cso,1
52331,OCEAN#22_SL,Fort Funston,Ocean Beach,Posting,Combined Sewer Overflow,Combined Sewer Discharge,2017-03-21,08:21,2017-03-22,13:07,,,0.0,0.0,0.0,0.0,Active,2017-03-21,37.71526,-122.50476,OCEAN#22_SL,ocean,cso,1
52343,BAY#301.1_SL,Windsurfer Circle,Candlestick Point,Posting,Other,Unknown,2017-03-22,13:01,2017-03-23,08:33,,,1.0,0.0,0.0,1.0,Active,2017-03-22,37.70917,-122.3823,BAY#301.1_SL,east,other,1
52369,OCEAN#17_SL,China Beach,China Beach,Posting,Power Failure,Combined Sewer Discharge,2017-03-24,09:30,2017-03-25,,,,0.0,0.0,0.0,0.0,Active,2017-03-28,37.78816,-122.49136,OCEAN#17_SL,baker_china,cso,1
52377,BAY#320_SL,Islais creek at Islais Landing,Islais Creek Channel,Posting,Line Break,Sewer Line,2017-04-05,08:25,2017-05-01,,,,0.0,0.0,0.0,0.0,Active,2017-04-05,37.74703,-122.38793,BAY#320_SL,east,other,26
52422,BAY#202.4_SL,"Crissy Field, East",Crissy Field,Posting,Combined Sewer Overflow,Combined Sewer Discharge,2017-04-07,15:08,2017-04-08,,,,0.0,0.0,0.0,0.0,Active,2017-04-07,37.8066,-122.4519,BAY#202.4_SL,north,cso,1
52423,BAY#202.5_SL,Crissy Field West,Crissy Field,Posting,Combined Sewer Overflow,Combined Sewer Discharge,2017-04-07,15:10,2017-04-08,,,,0.0,0.0,0.0,0.0,Active,2017-04-07,37.8069,-122.4683,BAY#202.5_SL,north,cso,1
52424,BAY#210.1_SL,Hyde Street Pier,Aquatic Park,Posting,Combined Sewer Overflow,Combined Sewer Discharge,2017-04-07,15:10,2017-04-09,,,,0.0,0.0,0.0,0.0,Active,2017-04-07,37.80899,-122.4212947,BAY#210.1_SL,north,cso,2
52425,BAY#211_SL,Aquatic Park Beach,Aquatic Park,Posting,Combined Sewer Overflow,Combined Sewer Discharge,2017-04-07,15:10,2017-04-09,,,,0.0,0.0,0.0,0.0,Active,2017-04-07,37.8078,-122.4221,BAY#211_SL,north,cso,2
52426,OCEAN#18_SL,"Ocean Beach, at Balboa St.",Ocean Beach,Posting,Combined Sewer Overflow,Combined Sewer Discharge,2017-04-07,15:10,2017-04-08,,,,0.0,0.0,0.0,0.0,Active,2017-04-07,37.77492,-122.51351,OCEAN#18_SL,ocean,cso,1
52427,OCEAN#19_SL,"Ocean Beach, at Lincoln Ave.",Ocean Beach,Posting,Combined Sewer Overflow,Combined Sewer Discharge,2017-04-07,15:11,2017-04-09,,,,0.0,0.0,0.0,0.0,Active,2017-04-07,37.7638,-122.511,OCEAN#19_SL,ocean,cso,2
52428,OCEAN#20_SL,"Ocean Beach, at Pacheco St.",Ocean Beach,Posting,Combined Sewer Overflow,Combined Sewer Discharge,2017-04-07,15:11,2017-04-08,,,,0.0,0.0,0.0,0.0,Active,2017-04-07,37.74891,-122.50996,OCEAN#20_SL,ocean,cso,1
52429,OCEAN#21.1_SL,"Ocean Beach, at Sloat Blvd.",Ocean Beach,Posting,Combined Sewer Overflow,Combined Sewer Discharge,2017-04-07,15:11,2017-04-08,,,,0.0,0.0,0.0,0.0,Active,2017-04-07,37.73567,-122.50769,OCEAN#21.1_SL,ocean,cso,1
52432,OCEAN#21_SL,Ocean Beach at Vicente St.,Ocean Beach,Posting,Combined Sewer Overflow,Combined Sewer Discharge,2017-04-07,15:13,2017-04-08,,,,0.0,0.0,0.0,0.0,Active,2017-04-07,37.73782,-122.50825,OCEAN#21_SL,ocean,cso,1
52430,OCEAN#22_SL,Fort Funston,Ocean Beach,Posting,Combined Sewer Overflow,Combined Sewer Discharge,2017-04-07,15:11,2017-04-08,,,,0.0,0.0,0.0,0.0,Active,2017-04-07,37.71526,-122.50476,OCEAN#22_SL,ocean,cso,1
52433,BAY#300.1_SL,Sunnydale Cove,Candlestick Point,Posting,Unknown,Unknown,2017-04-11,09:22,2017-04-16,,,,1.0,0.0,1.0,1.0,Active,2017-04-11,37.7096,-122.3899,BAY#300.1_SL,east,other,5
52434,BAY#301.2_SL,Jack Rabbit Beach,Candlestick Point,Posting,Unknown,Unknown,2017-04-11,09:23,2017-04-12,13:39,,,1.0,0.0,0.0,1.0,Active,2017-04-11,37.711025,-122.380136,BAY#301.2_SL,east,other,1
52556,BAY#301.1_SL,Windsurfer Circle,Candlestick Point,Posting,Unknown,Unknown,2017-05-23,06:56,2017-05-24,15:22,,,0.0,0.0,1.0,0.0,Active,2017-05-24,37.70917,-122.3823,BAY#301.1_SL,east,other,1
52718,OCEAN#15_SL,"Baker Beach, Lobos Creek at Lower Parking Lot",Baker Beach,Posting,Unknown,Unknown,2017-08-01,08:56,2017-08-02,15:10,,,1.0,0.0,0.0,0.0,Active,2017-08-01,37.7917,-122.484926,OCEAN#15_SL,baker_china,other,1
52819,OCEAN#15_SL,"Baker Beach, Lobos Creek at Lower Parking Lot",Baker Beach,Posting,Unknown,Unknown,2017-08-22,13:50,2017-08-23,09:09,,,1.0,0.0,0.0,0.0,Active,2017-08-22,37.7917,-122.484926,OCEAN#15_SL,baker_china,other,1
52906,BAY#320_SL,Islais creek at Islais Landing,Islais Creek Channel,Posting,Manhole Failure,Sewer Line,2017-09-14,14:15,2017-09-15,14:34,,,0.0,0.0,0.0,0.0,Active,2017-09-14,37.74703,-122.38793,BAY#320_SL,east,other,1
53012,BAY#301.2_SL,Jack Rabbit Beach,Candlestick Point,Posting,Unknown,Unknown,2017-10-03,13:36,2017-10-04,,,,1.0,0.0,0.0,1.0,Active,2017-10-03,37.711025,-122.380136,BAY#301.2_SL,east,other,1
53013,OCEAN#15_SL,"Baker Beach, Lobos Creek at Lower Parking Lot",Baker Beach,Posting,Unknown,Unknown,2017-10-03,13:36,2017-10-04,,,,1.0,0.0,0.0,0.0,Active,2017-10-03,37.7917,-122.484926,OCEAN#15_SL,baker_china,other,1
53054,BAY#301.1_SL,Windsurfer Circle,Candlestick Point,Posting,Unknown,Unknown,2017-10-17,09:26,2017-10-18,08:27,,,1.0,0.0,1.0,1.0,Active,2017-10-17,37.70917,-122.3823,BAY#301.1_SL,east,other,1
53063,BAY#320_SL,Islais creek at Islais Landing,Islais Creek Channel,Posting,Power Failure,Sewer Line,2017-10-20,08:40,2017-10-22,,,,0.0,0.0,0.0,0.0,Active,2017-10-20,37.74703,-122.38793,BAY#320_SL,east,other,2
53077,BAY#301.1_SL,Windsurfer Circle,Candlestick Point,Posting,Unknown,Unknown,2017-10-31,14:03,2017-11-03,08:29,,,1.0,0.0,1.0,1.0,Active,2017-10-31,37.70917,-122.3823,BAY#301.1_SL,east,other,3
53143,BAY#301.1_SL,Windsurfer Circle,Candlestick Point,Posting,Unknown,Unknown,2017-11-07,07:16,2017-11-11,,,,1.0,0.0,1.0,1.0,Active,2017-11-08,37.70917,-122.3823,BAY#301.1_SL,east,other,4
53144,BAY#301.2_SL,Jack Rabbit Beach,Candlestick Point,Posting,Unknown,Unknown,2017-11-07,07:17,2017-11-08,08:12,,,1.0,0.0,0.0,1.0,Active,2017-11-08,37.711025,-122.380136,BAY#301.2_SL,east,other,1
53203,BAY#300.1_SL,Sunnydale Cove,Candlestick Point,Posting,Unknown,Unknown,2017-11-14,08:27,2017-11-16,14:02,,,1.0,0.0,0.0,1.0,Active,2017-11-15,37.7096,-122.3899,BAY#300.1_SL,east,other,2
53204,BAY#301.1_SL,Windsurfer Circle,Candlestick Point,Posting,Unknown,Unknown,2017-11-14,08:29,2017-11-16,14:02,,,1.0,0.0,0.0,1.0,Active,2017-11-15,37.70917,-122.3823,BAY#301.1_SL,east,other,2
53202,OCEAN#15_SL,"Baker Beach, Lobos Creek at Lower Parking Lot",Baker Beach,Posting,Unknown,Unknown,2017-11-14,08:27,2017-11-15,,,,1.0,0.0,0.0,0.0,Active,2017-11-15,37.7917,-122.484926,OCEAN#15_SL,baker_china,other,1
53209,BAY#202.4_SL,"Crissy Field, East",Crissy Field,Posting,Combined Sewer Overflow,Combined Sewer Discharge,2017-11-16,14:02,2017-11-18,,,,0.0,0.0,0.0,0.0,Active,2017-11-16,37.8066,-122.4519,BAY#202.4_SL,north,cso,2
53210,BAY#202.5_SL,Crissy Field West,Crissy Field,Posting,Combined Sewer Overflow,Combined Sewer Discharge,2017-11-16,14:02,2017-11-18,,,,0.0,0.0,0.0,0.0,Active,2017-11-16,37.8069,-122.4683,BAY#202.5_SL,north,cso,2
53211,BAY#210.1_SL,Hyde Street Pier,Aquatic Park,Posting,Combined Sewer Overflow,Combined Sewer Discharge,2017-11-16,14:02,2017-11-17,,,,0.0,0.0,0.0,0.0,Active,2017-11-16,37.80899,-122.4212947,BAY#210.1_SL,north,cso,1
53212,BAY#211_SL,Aquatic Park Beach,Aquatic Park,Posting,Combined Sewer Overflow,Combined Sewer Discharge,2017-11-16,14:03,2017-11-18,,,,0.0,0.0,0.0,0.0,Active,2017-11-16,37.8078,-122.4221,BAY#211_SL,north,cso,2
53213,BAY#220_SL,Mission creek at kayak landing,Mission Bay Channel,Posting,Combined Sewer Overflow,Combined Sewer Discharge,2017-11-16,14:03,2017-11-20,12:56,,,0.0,0.0,0.0,0.0,Active,2017-11-16,37.7719,-122.3967,BAY#220_SL,east,cso,4
53214,BAY#320_SL,Islais creek at Islais Landing,Islais Creek Channel,Posting,Combined Sewer Overflow,Combined Sewer Discharge,2017-11-16,14:03,2017-11-21,13:21,,,0.0,0.0,0.0,0.0,Active,2017-11-16,37.74703,-122.38793,BAY#320_SL,east,cso,5
53215,OCEAN#15EAST_SL,"Baker Beach East, Upper Parking Lot",Baker Beach,Posting,Combined Sewer Overflow,Combined Sewer Discharge,2017-11-16,14:04,2017-11-18,,,,0.0,0.0,0.0,0.0,Active,2017-11-16,37.79258,-122.48465,OCEAN#15EAST_SL,baker_china,cso,2
53216,OCEAN#15_SL,"Baker Beach, Lobos Creek at Lower Parking Lot",Baker Beach,Posting,Combined Sewer Overflow,Combined Sewer Discharge,2017-11-16,14:04,2017-11-18,,,,0.0,0.0,0.0,0.0,Active,2017-11-16,37.7917,-122.484926,OCEAN#15_SL,baker_china,cso,2
53217,OCEAN#16_SL,"Baker Beach West, Opposite Seacliff 2 Pumping Station",Baker Beach,Posting,Combined Sewer Overflow,Combined Sewer Discharge,2017-11-16,14:04,2017-11-18,,,,0.0,0.0,0.0,0.0,Active,2017-11-16,37.78977,-122.48741,OCEAN#16_SL,baker_china,cso,2
53218,OCEAN#18_SL,"Ocean Beach, at Balboa St.",Ocean Beach,Posting,Combined Sewer Overflow,Combined Sewer Discharge,2017-11-16,14:04,2017-11-18,,,,0.0,0.0,0.0,0.0,Active,2017-11-16,37.77492,-122.51351,OCEAN#18_SL,ocean,cso,2
53219,OCEAN#19_SL,"Ocean Beach, at Lincoln Ave.",Ocean Beach,Posting,Combined Sewer Overflow,Combined Sewer Discharge,2017-11-16,14:05,2017-11-18,,,,0.0,0.0,0.0,0.0,Active,2017-11-16,37.7638,-122.511,OCEAN#19_SL,ocean,cso,2
53220,OCEAN#20_SL,"Ocean Beach, at Pacheco St.",Ocean Beach,Posting,Combined Sewer Overflow,Combined Sewer Discharge,2017-11-16,14:05,2017-11-18,,,,0.0,0.0,0.0,0.0,Active,2017-11-16,37.74891,-122.50996,OCEAN#20_SL,ocean,cso,2
53222,OCEAN#21.1_SL,"Ocean Beach, at Sloat Blvd.",Ocean Beach,Posting,Combined Sewer Overflow,Combined Sewer Discharge,2017-11-16,14:06,2017-11-18,,,,0.0,0.0,0.0,0.0,Active,2017-11-16,37.73567,-122.50769,OCEAN#21.1_SL,ocean,cso,2
53221,OCEAN#21_SL,Ocean Beach at Vicente St.,Ocean Beach,Posting,Combined Sewer Overflow,Combined Sewer Discharge,2017-11-16,14:06,2017-11-18,,,,0.0,0.0,0.0,0.0,Active,2017-11-16,37.73782,-122.50825,OCEAN#21_SL,ocean,cso,2
53223,OCEAN#22_SL,Fort Funston,Ocean Beach,Posting,Combined Sewer Overflow,Combined Sewer Discharge,2017-11-16,14:06,2017-11-18,,,,0.0,0.0,0.0,0.0,Active,2017-11-16,37.71526,-122.50476,OCEAN#22_SL,ocean,cso,2
53260,BAY#202.4_SL,"Crissy Field, East",Crissy Field,Posting,Unknown,Unknown,2017-11-21,13:21,2017-11-22,,,,1.0,0.0,0.0,0.0,Active,2017-11-21,37.8066,-122.4519,BAY#202.4_SL,north,other,1
53323,OCEAN#15_SL,"Baker Beach, Lobos Creek at Lower Parking Lot",Baker Beach,Posting,Unknown,Unknown,2017-12-05,09:10,2017-12-07,,,,0.0,0.0,1.0,0.0,Active,2017-12-06,37.7917,-122.484926,OCEAN#15_SL,baker_china,other,2
53365,OCEAN#15_SL,"Baker Beach, Lobos Creek at Lower Parking Lot",Baker Beach,Posting,Unknown,Unknown,2017-12-27,07:15,2017-12-28,,,,1.0,0.0,0.0,0.0,Active,2018-01-02,37.7917,-122.484926,OCEAN#15_SL,baker_china,other,1
53380,BAY#301.1_SL,Windsurfer Circle,Candlestick Point,Posting,Unknown,Unknown,2018-01-03,15:32,2018-01-04,,,,1.0,0.0,0.0,0.0,Active,2018-01-03,37.70917,-122.3823,BAY#301.1_SL,east,other,1
53381,OCEAN#15_SL,"Baker Beach, Lobos Creek at Lower Parking Lot",Baker Beach,Posting,Unknown,Unknown,2018-01-03,15:34,2018-01-05,13:00,,,1.0,0.0,0.0,0.0,Active,2018-01-03,37.7917,-122.484926,OCEAN#15_SL,baker_china,other,2
53406,BAY#202.4_SL,"Crissy Field, East",Crissy Field,Posting,Combined Sewer Overflow,Combined Sewer Discharge,2018-01-08,14:16,2018-01-11,,,,0.0,0.0,0.0,0.0,Active,2018-01-08,37.8066,-122.4519,BAY#202.4_SL,north,cso,3
53407,BAY#202.5_SL,Crissy Field West,Crissy Field,Posting,Combined Sewer Overflow,Combined Sewer Discharge,2018-01-08,14:17,2018-01-10,15:18,,,0.0,0.0,0.0,0.0,Active,2018-01-08,37.8069,-122.4683,BAY#202.5_SL,north,cso,2
53408,BAY#210.1_SL,Hyde Street Pier,Aquatic Park,Posting,Combined Sewer Overflow,Combined Sewer Discharge,2018-01-08,14:19,2018-01-10,,,,0.0,0.0,0.0,0.0,Active,2018-01-08,37.80899,-122.4212947,BAY#210.1_SL,north,cso,2
53409,BAY#211_SL,Aquatic Park Beach,Aquatic Park,Posting,Combined Sewer Overflow,Combined Sewer Discharge,2018-01-08,14:19,2018-01-09,09:50,,,0.0,0.0,0.0,0.0,Active,2018-01-08,37.8078,-122.4221,BAY#211_SL,north,cso,1
53410,BAY#220_SL,Mission creek at kayak landing,Mission Bay Channel,Posting,Combined Sewer Overflow,Combined Sewer Discharge,2018-01-08,14:20,2018-01-11,,,,0.0,0.0,0.0,0.0,Active,2018-01-08,37.7719,-122.3967,BAY#220_SL,east,cso,3
53419,BAY#300.1_SL,Sunnydale Cove,Candlestick Point,Posting,Combined Sewer Overflow,Combined Sewer Discharge,2018-01-08,09:50,2018-01-10,15:19,,,0.0,0.0,0.0,0.0,Active,2018-01-09,37.7096,-122.3899,BAY#300.1_SL,east,cso,2
53420,BAY#301.1_SL,Windsurfer Circle,Candlestick Point,Posting,Combined Sewer Overflow,Combined Sewer Discharge,2018-01-08,09:51,2018-01-14,,,,0.0,0.0,0.0,0.0,Active,2018-01-09,37.70917,-122.3823,BAY#301.1_SL,east,cso,6
53411,BAY#320_SL,Islais creek at Islais Landing,Islais Creek Channel,Posting,Combined Sewer Overflow,Combined Sewer Discharge,2018-01-08,14:21,2018-01-13,,,,0.0,0.0,0.0,0.0,Active,2018-01-08,37.74703,-122.38793,BAY#320_SL,east,cso,5
53412,OCEAN#18_SL,"Ocean Beach, at Balboa St.",Ocean Beach,Posting,Combined Sewer Overflow,Combined Sewer Discharge,2018-01-08,14:21,2018-01-09,09:50,,,0.0,0.0,0.0,0.0,Active,2018-01-08,37.77492,-122.51351,OCEAN#18_SL,ocean,cso,1
53413,OCEAN#19_SL,"Ocean Beach, at Lincoln Ave.",Ocean Beach,Posting,Combined Sewer Overflow,Combined Sewer Discharge,2018-01-08,14:22,2018-01-11,,,,0.0,0.0,0.0,0.0,Active,2018-01-08,37.7638,-122.511,OCEAN#19_SL,ocean,cso,3
53414,OCEAN#20_SL,"Ocean Beach, at Pacheco St.",Ocean Beach,Posting,Combined Sewer Overflow,Combined Sewer Discharge,2018-01-08,14:22,2018-01-10,15:20,,,0.0,0.0,0.0,0.0,Active,2018-01-08,37.74891,-122.50996,OCEAN#20_SL,ocean,cso,2
53415,OCEAN#21.1_SL,"Ocean Beach, at Sloat Blvd.",Ocean Beach,Posting,Combined Sewer Overflow,Combined Sewer Discharge,2018-01-08,14:23,2018-01-11,,,,0.0,0.0,0.0,0.0,Active,2018-01-08,37.73567,-122.50769,OCEAN#21.1_SL,ocean,cso,3
53416,OCEAN#21_SL,Ocean Beach at Vicente St.,Ocean Beach,Posting,Combined Sewer Overflow,Combined Sewer Discharge,2018-01-08,14:24,2018-01-12,15:12,,,0.0,0.0,0.0,0.0,Active,2018-01-08,37.73782,-122.50825,OCEAN#21_SL,ocean,cso,4
53417,OCEAN#22_SL,Fort Funston,Ocean Beach,Posting,Combined Sewer Overflow,Combined Sewer Discharge,2018-01-08,14:25,2018-01-10,15:21,,,0.0,0.0,0.0,0.0,Active,2018-01-08,37.71526,-122.50476,OCEAN#22_SL,ocean,cso,2
53421,BAY#301.2_SL,Jack Rabbit Beach,Candlestick Point,Posting,Combined Sewer Overflow,Combined Sewer Discharge,2018-01-09,09:52,2018-01-11,,,,0.0,0.0,0.0,0.0,Active,2018-01-09,37.711025,-122.380136,BAY#301.2_SL,east,cso,2
53422,OCEAN#15_SL,"Baker Beach, Lobos Creek at Lower Parking Lot",Baker Beach,Posting,Unknown,Rain,2018-01-09,09:55,2018-01-13,,,,1.0,0.0,1.0,1.0,Active,2018-01-09,37.7917,-122.484926,OCEAN#15_SL,baker_china,other,4
53431,BAY#202.5_SL,Crissy Field West,Crissy Field,Posting,Combined Sewer Overflow,Combined Sewer Discharge,2018-01-10,06:58,2018-01-12,15:12,,,0.0,0.0,0.0,0.0,Active,2018-01-11,37.8069,-122.4683,BAY#202.5_SL,north,cso,2
53452,BAY#202.4_SL,"Crissy Field, East",Crissy Field,Posting,Unknown,Unknown,2018-01-17,15:02,2018-01-20,,,,1.0,0.0,0.0,1.0,Active,2018-01-17,37.8066,-122.4519,BAY#202.4_SL,north,other,3
53509,BAY#220_SL,Mission creek at kayak landing,Mission Bay Channel,Posting,Unknown,Unknown,2018-01-23,09:41,2018-01-24,12:07,,,1.0,0.0,1.0,0.0,Active,2018-01-23,37.7719,-122.3967,BAY#220_SL,east,other,1
53510,OCEAN#15_SL,"Baker Beach, Lobos Creek at Lower Parking Lot",Baker Beach,Posting,Unknown,Unknown,2018-01-23,09:41,2018-01-24,12:07,,,1.0,0.0,0.0,0.0,Active,2018-01-23,37.7917,-122.484926,OCEAN#15_SL,baker_china,other,1
53533,OCEAN#15EAST_SL,"Baker Beach East, Upper Parking Lot",Baker Beach,Closure,Combined Sewer Overflow,Combined Sewer Discharge,2018-01-24,06:51,2018-01-25,13:19,,,0.0,0.0,0.0,0.0,Active,2018-01-25,37.79258,-122.48465,OCEAN#15EAST_SL,baker_china,cso,1
53534,OCEAN#15_SL,"Baker Beach, Lobos Creek at Lower Parking Lot",Baker Beach,Posting,Combined Sewer Overflow,Combined Sewer Discharge,2018-01-24,06:52,2018-01-26,13:20,,,0.0,0.0,0.0,0.0,Active,2018-01-25,37.7917,-122.484926,OCEAN#15_SL,baker_china,cso,2
53535,OCEAN#16_SL,"Baker Beach West, Opposite Seacliff 2 Pumping Station",Baker Beach,Posting,Combined Sewer Overflow,Combined Sewer Discharge,2018-01-24,06:52,2018-01-25,13:19,,,0.0,0.0,0.0,0.0,Active,2018-01-25,37.78977,-122.48741,OCEAN#16_SL,baker_china,cso,1
53552,BAY#300.1_SL,Sunnydale Cove,Candlestick Point,Posting,Unknown,Unknown,2018-01-30,09:17,2018-01-31,,,,1.0,0.0,0.0,0.0,Active,2018-01-30,37.7096,-122.3899,BAY#300.1_SL,east,other,1
53553,BAY#301.1_SL,Windsurfer Circle,Candlestick Point,Posting,Unknown,Unknown,2018-01-30,09:17,2018-01-31,,,,1.0,0.0,0.0,0.0,Active,2018-01-30,37.70917,-122.3823,BAY#301.1_SL,east,other,1
53686,BAY#202.4_SL,"Crissy Field, East",Crissy Field,Posting,Unknown,Unknown,2018-02-06,14:08,2018-02-07,,,,1.0,0.0,0.0,0.0,Active,2018-02-12,37.8066,-122.4519,BAY#202.4_SL,north,other,1
53687,BAY#202.4_SL,"Crissy Field, East",Crissy Field,Posting,Unknown,Unknown,2018-02-13,09:23,2018-02-14,10:38,,,0.0,0.0,0.0,1.0,Active,2018-02-13,37.8066,-122.4519,BAY#202.4_SL,north,other,1
53738,BAY#202.4_SL,"Crissy Field, East",Crissy Field,Posting,Unknown,Unknown,2018-02-27,12:05,2018-02-28,12:20,,,1.0,0.0,0.0,0.0,Active,2018-02-27,37.8066,-122.4519,BAY#202.4_SL,north,other,1
53739,BAY#211_SL,Aquatic Park Beach,Aquatic Park,Posting,Unknown,Unknown,2018-02-27,12:05,2018-02-28,12:20,,,1.0,0.0,0.0,1.0,Active,2018-02-27,37.8078,-122.4221,BAY#211_SL,north,other,1
53740,BAY#300.1_SL,Sunnydale Cove,Candlestick Point,Posting,Unknown,Unknown,2018-02-27,12:06,2018-03-03,,,,1.0,0.0,0.0,0.0,Active,2018-02-27,37.7096,-122.3899,BAY#300.1_SL,east,other,4
53741,BAY#301.1_SL,Windsurfer Circle,Candlestick Point,Posting,Unknown,Unknown,2018-02-27,12:06,2018-02-28,12:21,,,1.0,0.0,1.0,0.0,Active,2018-02-27,37.70917,-122.3823,BAY#301.1_SL,east,other,1
53742,BAY#301.2_SL,Jack Rabbit Beach,Candlestick Point,Posting,Unknown,Unknown,2018-02-27,12:07,2018-02-28,12:20,,,1.0,0.0,0.0,0.0,Active,2018-02-27,37.711025,-122.380136,BAY#301.2_SL,east,other,1
53750,OCEAN#15EAST_SL,"Baker Beach East, Upper Parking Lot",Baker Beach,Posting,Combined Sewer Overflow,Combined Sewer Discharge,2018-03-01,14:36,2018-03-02,,,,0.0,0.0,0.0,0.0,Active,2018-03-02,37.79258,-122.48465,OCEAN#15EAST_SL,baker_china,cso,1
53751,OCEAN#15_SL,"Baker Beach, Lobos Creek at Lower Parking Lot",Baker Beach,Posting,Combined Sewer Overflow,Combined Sewer Discharge,2018-03-01,14:37,2018-03-06,09:14,,,0.0,0.0,0.0,0.0,Active,2018-03-02,37.7917,-122.484926,OCEAN#15_SL,baker_china,cso,5
53752,OCEAN#16_SL,"Baker Beach West, Opposite Seacliff 2 Pumping Station",Baker Beach,Posting,Combined Sewer Overflow,Combined Sewer Discharge,2018-03-01,14:37,2018-03-02,,,,0.0,0.0,0.0,0.0,Active,2018-03-02,37.78977,-122.48741,OCEAN#16_SL,baker_china,cso,1
53747,OCEAN#17_SL,China Beach,China Beach,Posting,Combined Sewer Overflow,Combined Sewer Discharge,2018-03-01,07:46,2018-03-02,14:24,,,0.0,0.0,0.0,0.0,Active,2018-03-02,37.78816,-122.49136,OCEAN#17_SL,baker_china,cso,1
53759,OCEAN#15EAST_SL,"Baker Beach East, Upper Parking Lot",Baker Beach,Posting,Unknown,Unknown,2018-03-03,08:30,2018-03-04,,,,1.0,0.0,0.0,0.0,Active,2018-03-07,37.79258,-122.48465,OCEAN#15EAST_SL,baker_china,other,1
53755,OCEAN#15EAST_SL,"Baker Beach East, Upper Parking Lot",Baker Beach,Posting,Unknown,Unknown,2018-03-05,09:20,2018-03-06,,,,1.0,0.0,0.0,0.0,Active,2018-03-06,37.79258,-122.48465,OCEAN#15EAST_SL,baker_china,other,1
53790,BAY#320_SL,Islais creek at Islais Landing,Islais Creek Channel,Posting,Sewage Spill,Sewer Line,2018-03-13,09:30,2018-03-15,14:05,,,0.0,0.0,0.0,0.0,Active,2018-03-13,37.74703,-122.38793,BAY#320_SL,east,other,2
53834,OCEAN#15EAST_SL,"Baker Beach East, Upper Parking Lot",Baker Beach,Posting,Unknown,Unknown,2018-04-03,08:08,2018-04-04,,,,1.0,0.0,0.0,0.0,Active,2018-04-05,37.79258,-122.48465,OCEAN#15EAST_SL,baker_china,other,1
53835,OCEAN#15_SL,"Baker Beach, Lobos Creek at Lower Parking Lot",Baker Beach,Posting,Unknown,Unknown,2018-04-03,08:10,2018-04-04,,,,1.0,0.0,0.0,0.0,Active,2018-04-05,37.7917,-122.484926,OCEAN#15_SL,baker_china,other,1
53836,OCEAN#16_SL,"Baker Beach West, Opposite Seacliff 2 Pumping Station",Baker Beach,Posting,Unknown,Unknown,2018-04-03,08:10,2018-04-04,,,,1.0,0.0,0.0,0.0,Active,2018-04-05,37.78977,-122.48741,OCEAN#16_SL,baker_china,other,1
53850,BAY#220_SL,Mission creek at kayak landing,Mission Bay Channel,Posting,Combined Sewer Overflow,Combined Sewer Discharge,2018-04-06,12:49,2018-04-09,,,,0.0,0.0,0.0,0.0,Active,2018-04-09,37.7719,-122.3967,BAY#220_SL,east,cso,3
53851,BAY#202.4_SL,"Crissy Field, East",Crissy Field,Posting,Combined Sewer Overflow,Combined Sewer Discharge,2018-04-07,12:50,2018-04-09,,,,0.0,0.0,0.0,0.0,Active,2018-04-09,37.8066,-122.4519,BAY#202.4_SL,north,cso,2
53852,BAY#202.5_SL,Crissy Field West,Crissy Field,Posting,Combined Sewer Overflow,Combined Sewer Discharge,2018-04-07,12:50,2018-04-09,,,,0.0,0.0,0.0,0.0,Active,2018-04-09,37.8069,-122.4683,BAY#202.5_SL,north,cso,2
53853,BAY#210.1_SL,Hyde Street Pier,Aquatic Park,Posting,Combined Sewer Overflow,Combined Sewer Discharge,2018-04-07,12:51,2018-04-08,,,,0.0,0.0,0.0,0.0,Active,2018-04-09,37.80899,-122.4212947,BAY#210.1_SL,north,cso,1
53854,BAY#211_SL,Aquatic Park Beach,Aquatic Park,Posting,Combined Sewer Overflow,Combined Sewer Discharge,2018-04-07,12:53,2018-04-08,,,,0.0,0.0,0.0,0.0,Active,2018-04-09,37.8078,-122.4221,BAY#211_SL,north,cso,1
53867,BAY#300.1_SL,Sunnydale Cove,Candlestick Point,Posting,Combined Sewer Overflow,Combined Sewer Discharge,2018-04-07,13:15,2018-04-09,,,,0.0,0.0,0.0,0.0,Active,2018-04-10,37.7096,-122.3899,BAY#300.1_SL,east,cso,2
53871,BAY#301.1_SL,Windsurfer Circle,Candlestick Point,Posting,Combined Sewer Overflow,Combined Sewer Discharge,2018-04-07,13:19,2018-04-18,08:56,,,0.0,0.0,0.0,0.0,Active,2018-04-10,37.70917,-122.3823,BAY#301.1_SL,east,cso,11
53870,BAY#301.2_SL,Jack Rabbit Beach,Candlestick Point,Posting,Combined Sewer Overflow,Combined Sewer Discharge,2018-04-07,13:18,2018-04-09,,,,0.0,0.0,0.0,0.0,Active,2018-04-10,37.711025,-122.380136,BAY#301.2_SL,east,cso,2
53872,BAY#320_SL,Islais creek at Islais Landing,Islais Creek Channel,Posting,Combined Sewer Overflow,Combined Sewer Discharge,2018-04-07,13:24,2018-04-10,,,,0.0,0.0,0.0,0.0,Active,2018-04-10,37.74703,-122.38793,BAY#320_SL,east,cso,3
53855,OCEAN#15EAST_SL,"Baker Beach East, Upper Parking Lot",Baker Beach,Posting,Combined Sewer Overflow,Combined Sewer Discharge,2018-04-07,12:59,2018-04-08,,,,0.0,0.0,0.0,0.0,Active,2018-04-09,37.79258,-122.48465,OCEAN#15EAST_SL,baker_china,cso,1
53856,OCEAN#15_SL,"Baker Beach, Lobos Creek at Lower Parking Lot",Baker Beach,Posting,Combined Sewer Overflow,Combined Sewer Discharge,2018-04-07,13:01,2018-04-10,13:23,,,0.0,0.0,0.0,0.0,Active,2018-04-09,37.7917,-122.484926,OCEAN#15_SL,baker_china,cso,3
53862,OCEAN#16_SL,"Baker Beach West, Opposite Seacliff 2 Pumping Station",Baker Beach,Posting,Combined Sewer Overflow,Combined Sewer Discharge,2018-04-07,13:07,2018-04-09,,,,0.0,0.0,0.0,0.0,Active,2018-04-10,37.78977,-122.48741,OCEAN#16_SL,baker_china,cso,2
53863,OCEAN#18_SL,"Ocean Beach, at Balboa St.",Ocean Beach,Posting,Combined Sewer Overflow,Combined Sewer Discharge,2018-04-07,13:08,2018-04-09,,,,0.0,0.0,0.0,0.0,Active,2018-04-10,37.77492,-122.51351,OCEAN#18_SL,ocean,cso,2
53864,OCEAN#19_SL,"Ocean Beach, at Lincoln Ave.",Ocean Beach,Posting,Combined Sewer Overflow,Combined Sewer Discharge,2018-04-07,13:10,2018-04-09,,,,0.0,0.0,0.0,0.0,Active,2018-04-10,37.7638,-122.511,OCEAN#19_SL,ocean,cso,2
53865,OCEAN#20_SL,"Ocean Beach, at Pacheco St.",Ocean Beach,Posting,Combined Sewer Overflow,Combined Sewer Discharge,2018-04-07,13:11,2018-04-09,,,,0.0,0.0,0.0,0.0,Active,2018-04-10,37.74891,-122.50996,OCEAN#20_SL,ocean,cso,2
53866,OCEAN#21.1_SL,"Ocean Beach, at Sloat Blvd.",Ocean Beach,Posting,Combined Sewer Overflow,Combined Sewer Discharge,2018-04-07,13:14,2018-04-08,,,,0.0,0.0,0.0,0.0,Active,2018-04-10,37.73567,-122.50769,OCEAN#21.1_SL,ocean,cso,1
53868,OCEAN#21_SL,Ocean Beach at Vicente St.,Ocean Beach,Posting,Combined Sewer Overflow,Combined Sewer Discharge,2018-04-07,13:17,2018-04-08,,,,0.0,0.0,0.0,0.0,Active,2018-04-10,37.73782,-122.50825,OCEAN#21_SL,ocean,cso,1
53869,OCEAN#22_SL,Fort Funston,Ocean Beach,Posting,Combined Sewer Overflow,Combined Sewer Discharge,2018-04-07,13:17,2018-04-08,,,,0.0,0.0,0.0,0.0,Active,2018-04-10,37.71526,-122.50476,OCEAN#22_SL,ocean,cso,1
53902,BAY#202.5_SL,Crissy Field West,Crissy Field,Posting,Unknown,Unknown,2018-04-17,12:57,2018-04-18,08:55,,,1.0,0.0,0.0,0.0,Active,2018-04-17,37.8069,-122.4683,BAY#202.5_SL,north,other,1
53903,BAY#320_SL,Islais creek at Islais Landing,Islais Creek Channel,Posting,Unknown,Unknown,2018-04-17,12:58,2018-04-18,08:55,,,0.0,0.0,0.0,1.0,Active,2018-04-17,37.74703,-122.38793,BAY#320_SL,east,other,1
53916,BAY#301.1_SL,Windsurfer Circle,Candlestick Point,Posting,Unknown,Unknown,2018-04-24,09:14,2018-04-25,08:26,,,1.0,0.0,0.0,0.0,Active,2018-04-24,37.70917,-122.3823,BAY#301.1_SL,east,other,1
53944,OCEAN#15_SL,"Baker Beach, Lobos Creek at Lower Parking Lot",Baker Beach,Posting,Unknown,Unknown,2018-05-01,14:21,2018-05-02,14:27,,,1.0,0.0,0.0,0.0,Active,2018-05-02,37.7917,-122.484926,OCEAN#15_SL,baker_china,other,1
53998,BAY#300.1_SL,Sunnydale Cove,Candlestick Point,Posting,Unknown,Unknown,2018-05-15,09:17,2018-05-17,08:54,,,0.0,0.0,0.0,1.0,Active,2018-05-15,37.7096,-122.3899,BAY#300.1_SL,east,other,2
53999,BAY#301.1_SL,Windsurfer Circle,Candlestick Point,Posting,Unknown,Unknown,2018-05-15,09:18,2018-05-16,08:55,,,1.0,0.0,0.0,0.0,Active,2018-05-15,37.70917,-122.3823,BAY#301.1_SL,east,other,1
54076,BAY#301.2_SL,Jack Rabbit Beach,Candlestick Point,Posting,Unknown,Unknown,2018-06-12,09:34,2018-06-12,,,,0.0,0.0,0.0,1.0,Active,2018-06-12,37.711025,-122.380136,BAY#301.2_SL,east,other,0
54257,OCEAN#15_SL,"Baker Beach, Lobos Creek at Lower Parking Lot",Baker Beach,Posting,Unknown,Unknown,2018-07-24,15:24,2018-07-25,,,,1.0,0.0,0.0,0.0,Active,2018-08-06,37.7917,-122.484926,OCEAN#15_SL,baker_china,other,1
54259,BAY#301.1_SL,Windsurfer Circle,Candlestick Point,Posting,Unknown,Unknown,2018-08-07,06:58,2018-08-08,,,,1.0,0.0,1.0,1.0,Active,2018-08-09,37.70917,-122.3823,BAY#301.1_SL,east,other,1
54267,BAY#320_SL,Islais creek at Islais Landing,Islais Creek Channel,Posting,Unknown,Unknown,2018-08-14,11:51,2018-08-20,13:02,,,0.0,0.0,1.0,1.0,Active,2018-08-14,37.74703,-122.38793,BAY#320_SL,east,other,6
54282,BAY#211_SL,Aquatic Park Beach,Aquatic Park,Posting,Unknown,Unknown,2018-08-21,10:09,2018-08-22,,,,1.0,0.0,0.0,1.0,Active,2018-08-21,37.8078,-122.4221,BAY#211_SL,north,other,1
54290,BAY#300.1_SL,Sunnydale Cove,Candlestick Point,Posting,Unknown,Unknown,2018-08-29,07:22,2018-08-29,09:13,,,1.0,0.0,0.0,0.0,Active,2018-08-29,37.7096,-122.3899,BAY#300.1_SL,east,other,0
54420,BAY#211_SL,Aquatic Park Beach,Aquatic Park,Posting,Unknown Cause,Unknown,2018-10-02,10:38,2018-10-03,,,,1.0,0.0,0.0,1.0,Active,2018-10-11,37.8078,-122.4221,BAY#211_SL,north,other,1
54421,BAY#220_SL,Mission creek at kayak landing,Mission Bay Channel,Posting,Unknown,Unknown,2018-10-02,10:40,2018-10-03,,,,0.0,0.0,0.0,1.0,Active,2018-10-11,37.7719,-122.3967,BAY#220_SL,east,other,1
54422,BAY#301.1_SL,Windsurfer Circle,Candlestick Point,Posting,Unknown,Unknown,2018-10-02,10:40,2018-10-03,,,,0.0,0.0,0.0,1.0,Active,2018-10-11,37.70917,-122.3823,BAY#301.1_SL,east,other,1
54437,BAY#320_SL,Islais creek at Islais Landing,Islais Creek Channel,Posting,Other,Sewer Line,2018-10-18,07:45,2018-10-30,,,,0.0,0.0,0.0,0.0,Active,2018-10-19,37.74703,-122.38793,BAY#320_SL,east,other,12
54459,OCEAN#15_SL,"Baker Beach, Lobos Creek at Lower Parking Lot",Baker Beach,Posting,Unknown,Unknown,2018-10-30,07:30,2018-10-31,,,,1.0,0.0,0.0,0.0,Active,2018-10-31,37.7917,-122.484926,OCEAN#15_SL,baker_china,other,1
54535,BAY#202.4_SL,"Crissy Field, East",Crissy Field,Posting,Unknown,Unknown,2018-11-19,14:02,2018-11-21,,,,1.0,0.0,0.0,0.0,Active,2018-11-27,37.8066,-122.4519,BAY#202.4_SL,north,other,2
54534,BAY#202.4_SL,"Crissy Field, East",Crissy Field,Posting,Combined Sewer Overflow,Combined Sewer Discharge,2018-11-21,14:01,2018-11-23,,,,0.0,0.0,0.0,0.0,Active,2018-11-27,37.8066,-122.4519,BAY#202.4_SL,north,cso,2
54537,BAY#202.5_SL,Crissy Field West,Crissy Field,Posting,Combined Sewer Overflow,Combined Sewer Discharge,2018-11-21,14:14,2018-11-24,,,,0.0,0.0,0.0,0.0,Active,2018-11-27,37.8069,-122.4683,BAY#202.5_SL,north,cso,3
54538,BAY#210.1_SL,Hyde Street Pier,Aquatic Park,Posting,Combined Sewer Overflow,Combined Sewer Discharge,2018-11-21,14:15,2018-11-23,,,,0.0,0.0,0.0,0.0,Active,2018-11-27,37.80899,-122.4212947,BAY#210.1_SL,north,cso,2
54539,BAY#211_SL,Aquatic Park Beach,Aquatic Park,Posting,Combined Sewer Overflow,Combined Sewer Discharge,2018-11-21,14:16,2018-11-22,,,,0.0,0.0,0.0,0.0,Active,2018-11-27,37.8078,-122.4221,BAY#211_SL,north,cso,1
54540,BAY#220_SL,Mission creek at kayak landing,Mission Bay Channel,Posting,Combined Sewer Overflow,Combined Sewer Discharge,2018-11-21,14:17,2018-11-26,,,,0.0,0.0,0.0,0.0,Active,2018-11-27,37.7719,-122.3967,BAY#220_SL,east,cso,5
54550,BAY#320_SL,Islais creek at Islais Landing,Islais Creek Channel,Posting,Combined Sewer Overflow,Combined Sewer Discharge,2018-11-21,14:34,2018-11-28,08:46,,,0.0,0.0,0.0,0.0,Active,2018-11-27,37.74703,-122.38793,BAY#320_SL,east,cso,7
54541,OCEAN#15EAST_SL,"Baker Beach East, Upper Parking Lot",Baker Beach,Posting,Combined Sewer Overflow,Combined Sewer Discharge,2018-11-22,14:22,2018-11-24,,,,0.0,0.0,0.0,0.0,Active,2018-11-27,37.79258,-122.48465,OCEAN#15EAST_SL,baker_china,cso,2
54542,OCEAN#15_SL,"Baker Beach, Lobos Creek at Lower Parking Lot",Baker Beach,Posting,Combined Sewer Overflow,Combined Sewer Discharge,2018-11-22,14:27,2018-11-26,,,,0.0,0.0,0.0,0.0,Active,2018-11-27,37.7917,-122.484926,OCEAN#15_SL,baker_china,cso,4
54543,OCEAN#16_SL,"Baker Beach West, Opposite Seacliff 2 Pumping Station",Baker Beach,Posting,Combined Sewer Overflow,Combined Sewer Discharge,2018-11-22,14:27,2018-11-24,,,,0.0,0.0,0.0,0.0,Active,2018-11-27,37.78977,-122.48741,OCEAN#16_SL,baker_china,cso,2
54544,OCEAN#18_SL,"Ocean Beach, at Balboa St.",Ocean Beach,Posting,Combined Sewer Overflow,Combined Sewer Discharge,2018-11-22,14:28,2018-11-25,,,,0.0,0.0,0.0,0.0,Active,2018-11-27,37.77492,-122.51351,OCEAN#18_SL,ocean,cso,3
54545,OCEAN#19_SL,"Ocean Beach, at Lincoln Ave.",Ocean Beach,Posting,Combined Sewer Overflow,Combined Sewer Discharge,2018-11-22,14:29,2018-11-25,,,,0.0,0.0,0.0,0.0,Active,2018-11-27,37.7638,-122.511,OCEAN#19_SL,ocean,cso,3
54546,OCEAN#20_SL,"Ocean Beach, at Pacheco St.",Ocean Beach,Posting,Combined Sewer Overflow,Combined Sewer Discharge,2018-11-22,14:30,2018-11-26,,,,0.0,0.0,0.0,0.0,Active,2018-11-27,37.74891,-122.50996,OCEAN#20_SL,ocean,cso,4
54547,OCEAN#21.1_SL,"Ocean Beach, at Sloat Blvd.",Ocean Beach,Posting,Combined Sewer Overflow,Combined Sewer Discharge,2018-11-22,14:32,2018-11-25,,,,0.0,0.0,0.0,0.0,Active,2018-11-27,37.73567,-122.50769,OCEAN#21.1_SL,ocean,cso,3
54548,OCEAN#21_SL,Ocean Beach at Vicente St.,Ocean Beach,Posting,Combined Sewer Overflow,Combined Sewer Discharge,2018-11-22,14:33,2018-11-27,,,,0.0,0.0,0.0,0.0,Active,2018-11-27,37.73782,-122.50825,OCEAN#21_SL,ocean,cso,5
54549,OCEAN#22_SL,Fort Funston,Ocean Beach,Posting,Combined Sewer Overflow,Combined Sewer Discharge,2018-11-22,14:34,2018-11-25,,,,0.0,0.0,0.0,0.0,Active,2018-11-27,37.71526,-122.50476,OCEAN#22_SL,ocean,cso,3
54536,BAY#202.4_SL,"Crissy Field, East",Crissy Field,Posting,Unknown,Unknown,2018-11-27,14:13,2018-11-27,,,,0.0,0.0,1.0,1.0,Active,2018-11-27,37.8066,-122.4519,BAY#202.4_SL,north,other,0
54554,BAY#202.4_SL,"Crissy Field, East",Crissy Field,Posting,Combined Sewer Overflow,Combined Sewer Discharge,2018-11-29,07:28,2018-12-01,,,,0.0,0.0,0.0,0.0,Active,2018-11-29,37.8066,-122.4519,BAY#202.4_SL,north,cso,2
54556,BAY#202.5_SL,Crissy Field West,Crissy Field,Posting,Combined Sewer Overflow,Combined Sewer Discharge,2018-11-29,07:29,2018-11-30,,,,0.0,0.0,0.0,0.0,Active,2018-11-29,37.8069,-122.4683,BAY#202.5_SL,north,cso,1
54558,BAY#210.1_SL,Hyde Street Pier,Aquatic Park,Posting,Combined Sewer Overflow,Combined Sewer Discharge,2018-11-29,07:31,2018-11-30,,,,0.0,0.0,0.0,0.0,Active,2018-11-29,37.80899,-122.4212947,BAY#210.1_SL,north,cso,1
54559,BAY#211_SL,Aquatic Park Beach,Aquatic Park,Posting,Combined Sewer Overflow,Combined Sewer Discharge,2018-11-29,07:36,2018-11-30,,,,0.0,0.0,0.0,0.0,Active,2018-11-29,37.8078,-122.4221,BAY#211_SL,north,cso,1
54560,BAY#220_SL,Mission creek at kayak landing,Mission Bay Channel,Posting,Combined Sewer Overflow,Combined Sewer Discharge,2018-11-29,07:37,2018-12-03,12:48,,,0.0,0.0,0.0,0.0,Active,2018-11-29,37.7719,-122.3967,BAY#220_SL,east,cso,4
54561,BAY#301.2_SL,Jack Rabbit Beach,Candlestick Point,Posting,Combined Sewer Overflow,Combined Sewer Discharge,2018-11-29,07:38,2018-12-01,,,,0.0,0.0,0.0,0.0,Active,2018-11-29,37.711025,-122.380136,BAY#301.2_SL,east,cso,2
54562,BAY#320_SL,Islais creek at Islais Landing,Islais Creek Channel,Posting,Combined Sewer Overflow,Combined Sewer Discharge,2018-11-29,07:38,2018-12-03,12:48,,,0.0,0.0,0.0,0.0,Active,2018-11-29,37.74703,-122.38793,BAY#320_SL,east,cso,4
54563,OCEAN#15EAST_SL,"Baker Beach East, Upper Parking Lot",Baker Beach,Posting,Combined Sewer Overflow,Combined Sewer Discharge,2018-11-29,07:39,2018-11-30,,,,0.0,0.0,0.0,0.0,Active,2018-11-29,37.79258,-122.48465,OCEAN#15EAST_SL,baker_china,cso,1
54564,OCEAN#15_SL,"Baker Beach, Lobos Creek at Lower Parking Lot",Baker Beach,Posting,Combined Sewer Overflow,Combined Sewer Discharge,2018-11-29,07:40,2018-11-30,,,,0.0,0.0,0.0,0.0,Active,2018-11-29,37.7917,-122.484926,OCEAN#15_SL,baker_china,cso,1
54565,OCEAN#16_SL,"Baker Beach West, Opposite Seacliff 2 Pumping Station",Baker Beach,Posting,Combined Sewer Overflow,Combined Sewer Discharge,2018-11-29,07:40,2018-11-30,,,,0.0,0.0,0.0,0.0,Active,2018-11-29,37.78977,-122.48741,OCEAN#16_SL,baker_china,cso,1
54566,OCEAN#18_SL,"Ocean Beach, at Balboa St.",Ocean Beach,Posting,Combined Sewer Overflow,Combined Sewer Discharge,2018-11-29,07:41,2018-11-30,,,,0.0,0.0,0.0,0.0,Active,2018-11-29,37.77492,-122.51351,OCEAN#18_SL,ocean,cso,1
54567,OCEAN#19_SL,"Ocean Beach, at Lincoln Ave.",Ocean Beach,Posting,Combined Sewer Overflow,Combined Sewer Discharge,2018-11-29,07:42,2018-11-30,,,,0.0,0.0,0.0,0.0,Active,2018-11-29,37.7638,-122.511,OCEAN#19_SL,ocean,cso,1
54568,OCEAN#20_SL,"Ocean Beach, at Pacheco St.",Ocean Beach,Posting,Combined Sewer Overflow,Combined Sewer Discharge,2018-11-29,07:42,2018-11-30,,,,0.0,0.0,0.0,0.0,Active,2018-11-29,37.74891,-122.50996,OCEAN#20_SL,ocean,cso,1
54569,OCEAN#21.1_SL,"Ocean Beach, at Sloat Blvd.",Ocean Beach,Posting,Combined Sewer Overflow,Combined Sewer Discharge,2018-11-29,07:43,2018-11-30,,,,0.0,0.0,0.0,0.0,Active,2018-11-29,37.73567,-122.50769,OCEAN#21.1_SL,ocean,cso,1
54570,OCEAN#21_SL,Ocean Beach at Vicente St.,Ocean Beach,Posting,Combined Sewer Overflow,Combined Sewer Discharge,2018-11-29,07:43,2018-11-30,,,,0.0,0.0,0.0,0.0,Active,2018-11-29,37.73782,-122.50825,OCEAN#21_SL,ocean,cso,1
54571,OCEAN#22_SL,Fort Funston,Ocean Beach,Posting,Combined Sewer Overflow,Combined Sewer Discharge,2018-11-29,07:44,2018-11-30,,,,0.0,0.0,0.0,0.0,Active,2018-11-29,37.71526,-122.50476,OCEAN#22_SL,ocean,cso,1
54589,BAY#202.5_SL,Crissy Field West,Crissy Field,Posting,Combined Sewer Overflow,Combined Sewer Discharge,2018-12-01,12:48,2018-12-03,,,,0.0,0.0,0.0,0.0,Active,2018-12-03,37.8069,-122.4683,BAY#202.5_SL,north,cso,2
54590,BAY#301.2_SL,Jack Rabbit Beach,Candlestick Point,Posting,Unknown,Unknown,2018-12-04,09:21,2018-12-05,12:31,,,1.0,0.0,1.0,1.0,Active,2018-12-04,37.711025,-122.380136,BAY#301.2_SL,east,other,1
54656,BAY#220_SL,Mission creek at kayak landing,Mission Bay Channel,Posting,Combined Sewer Overflow,Combined Sewer Discharge,2018-12-17,14:33,2018-12-19,12:13,,,0.0,0.0,0.0,0.0,Active,2018-12-18,37.7719,-122.3967,BAY#220_SL,east,cso,2
54657,BAY#301.2_SL,Jack Rabbit Beach,Candlestick Point,Posting,Combined Sewer Overflow,Combined Sewer Discharge,2018-12-17,14:34,2018-12-19,12:13,,,0.0,0.0,0.0,0.0,Active,2018-12-18,37.711025,-122.380136,BAY#301.2_SL,east,cso,2
54660,OCEAN#15EAST_SL,"Baker Beach East, Upper Parking Lot",Baker Beach,Posting,Combined Sewer Overflow,Combined Sewer Discharge,2018-12-17,14:37,2018-12-19,12:14,,,0.0,0.0,0.0,0.0,Active,2018-12-18,37.79258,-122.48465,OCEAN#15EAST_SL,baker_china,cso,2
54659,OCEAN#15_SL,"Baker Beach, Lobos Creek at Lower Parking Lot",Baker Beach,Posting,Combined Sewer Overflow,Combined Sewer Discharge,2018-12-17,14:36,2018-12-19,,,,0.0,0.0,0.0,0.0,Active,2018-12-18,37.7917,-122.484926,OCEAN#15_SL,baker_china,cso,2
54658,OCEAN#16_SL,"Baker Beach West, Opposite Seacliff 2 Pumping Station",Baker Beach,Posting,Combined Sewer Overflow,Combined Sewer Discharge,2018-12-17,14:35,2018-12-20,07:24,,,0.0,0.0,0.0,0.0,Active,2018-12-18,37.78977,-122.48741,OCEAN#16_SL,baker_china,cso,3
54661,BAY#300.1_SL,Sunnydale Cove,Candlestick Point,Posting,Unknown,Unknown,2018-12-18,14:38,2018-12-19,12:13,,,1.0,0.0,0.0,1.0,Active,2018-12-18,37.7096,-122.3899,BAY#300.1_SL,east,other,1
54662,BAY#301.1_SL,Windsurfer Circle,Candlestick Point,Posting,Unknown,Unknown,2018-12-18,14:39,2018-12-19,12:13,,,1.0,0.0,1.0,1.0,Active,2018-12-18,37.70917,-122.3823,BAY#301.1_SL,east,other,1
54685,BAY#301.1_SL,Windsurfer Circle,Candlestick Point,Posting,Unknown,Unknown,2018-12-25,07:13,2018-12-26,13:20,,,1.0,0.0,0.0,0.0,Active,2018-12-26,37.70917,-122.3823,BAY#301.1_SL,east,other,1
54769,BAY#202.4_SL,"Crissy Field, East",Crissy Field,Posting,Combined Sewer Overflow,Combined Sewer Discharge,2019-01-06,14:24,2019-01-08,09:44,,,0.0,0.0,0.0,0.0,Active,2019-01-07,37.8066,-122.4519,BAY#202.4_SL,north,cso,2
54770,BAY#202.5_SL,Crissy Field West,Crissy Field,Posting,Combined Sewer Overflow,Combined Sewer Discharge,2019-01-06,14:26,2019-01-08,09:44,,,0.0,0.0,0.0,0.0,Active,2019-01-07,37.8069,-122.4683,BAY#202.5_SL,north,cso,2
54771,BAY#210.1_SL,Hyde Street Pier,Aquatic Park,Posting,Combined Sewer Overflow,Combined Sewer Discharge,2019-01-06,14:26,2019-01-08,09:44,,,0.0,0.0,0.0,0.0,Active,2019-01-07,37.80899,-122.4212947,BAY#210.1_SL,north,cso,2
54772,BAY#211_SL,Aquatic Park Beach,Aquatic Park,Posting,Combined Sewer Overflow,Combined Sewer Discharge,2019-01-06,14:27,2019-01-08,09:44,,,0.0,0.0,0.0,0.0,Active,2019-01-07,37.8078,-122.4221,BAY#211_SL,north,cso,2
54774,BAY#220_SL,Mission creek at kayak landing,Mission Bay Channel,Posting,Combined Sewer Overflow,Combined Sewer Discharge,2019-01-06,14:28,2019-01-09,15:19,,,0.0,0.0,0.0,0.0,Active,2019-01-07,37.7719,-122.3967,BAY#220_SL,east,cso,3
54773,BAY#320_SL,Islais creek at Islais Landing,Islais Creek Channel,Posting,Combined Sewer Overflow,Combined Sewer Discharge,2019-01-06,14:27,2019-01-12,,,,0.0,0.0,0.0,0.0,Active,2019-01-07,37.74703,-122.38793,BAY#320_SL,east,cso,6
54779,OCEAN#18_SL,"Ocean Beach, at Balboa St.",Ocean Beach,Posting,Combined Sewer Overflow,Combined Sewer Discharge,2019-01-06,14:31,2019-01-08,09:45,,,0.0,0.0,0.0,0.0,Active,2019-01-07,37.77492,-122.51351,OCEAN#18_SL,ocean,cso,2
54780,OCEAN#19_SL,"Ocean Beach, at Lincoln Ave.",Ocean Beach,Posting,Combined Sewer Overflow,Combined Sewer Discharge,2019-01-06,14:32,2019-01-08,09:45,,,0.0,0.0,0.0,0.0,Active,2019-01-07,37.7638,-122.511,OCEAN#19_SL,ocean,cso,2
54778,OCEAN#20_SL,"Ocean Beach, at Pacheco St.",Ocean Beach,Posting,Combined Sewer Overflow,Combined Sewer Discharge,2019-01-06,14:31,2019-01-08,09:45,,,0.0,0.0,0.0,0.0,Active,2019-01-07,37.74891,-122.50996,OCEAN#20_SL,ocean,cso,2
54777,OCEAN#21.1_SL,"Ocean Beach, at Sloat Blvd.",Ocean Beach,Posting,Combined Sewer Overflow,Combined Sewer Discharge,2019-01-06,14:30,2019-01-08,09:45,,,0.0,0.0,0.0,0.0,Active,2019-01-07,37.73567,-122.50769,OCEAN#21.1_SL,ocean,cso,2
54776,OCEAN#21_SL,Ocean Beach at Vicente St.,Ocean Beach,Posting,Combined Sewer Overflow,Combined Sewer Discharge,2019-01-06,14:29,2019-01-08,09:45,,,0.0,0.0,0.0,0.0,Active,2019-01-07,37.73782,-122.50825,OCEAN#21_SL,ocean,cso,2
54775,OCEAN#22_SL,Fort Funston,Ocean Beach,Posting,Combined Sewer Overflow,Combined Sewer Discharge,2019-01-06,14:28,2019-01-08,09:46,,,0.0,0.0,0.0,0.0,Active,2019-01-07,37.71526,-122.50476,OCEAN#22_SL,ocean,cso,2
54783,BAY#300.1_SL,Sunnydale Cove,Candlestick Point,Posting,Unknown,Unknown,2019-01-08,09:49,2019-01-14,12:17,,,1.0,0.0,0.0,0.0,Active,2019-01-08,37.7096,-122.3899,BAY#300.1_SL,east,other,6
54782,BAY#301.1_SL,Windsurfer Circle,Candlestick Point,Posting,Unknown,Unknown,2019-01-08,09:46,2019-01-11,12:49,,,1.0,0.0,0.0,0.0,Active,2019-01-08,37.70917,-122.3823,BAY#301.1_SL,east,other,3
54831,BAY#301.1_SL,Windsurfer Circle,Candlestick Point,Posting,Unknown,Unknown,2019-01-15,14:21,2019-01-20,,,,1.0,0.0,0.0,0.0,Active,2019-01-15,37.70917,-122.3823,BAY#301.1_SL,east,other,5
54838,BAY#220_SL,Mission creek at kayak landing,Mission Bay Channel,Posting,Combined Sewer Overflow,Combined Sewer Discharge,2019-01-16,09:04,2019-01-20,,,,0.0,0.0,0.0,0.0,Active,2019-01-16,37.7719,-122.3967,BAY#220_SL,east,cso,4
54841,BAY#300.1_SL,Sunnydale Cove,Candlestick Point,Posting,Combined Sewer Overflow,Combined Sewer Discharge,2019-01-17,08:59,2019-01-17,,,,0.0,0.0,0.0,0.0,Active,2019-01-17,37.7096,-122.3899,BAY#300.1_SL,east,cso,0
54842,BAY#301.2_SL,Jack Rabbit Beach,Candlestick Point,Posting,Combined Sewer Overflow,Combined Sewer Discharge,2019-01-17,09:01,2019-01-18,12:48,,,0.0,0.0,0.0,0.0,Active,2019-01-17,37.711025,-122.380136,BAY#301.2_SL,east,cso,1
54843,BAY#320_SL,Islais creek at Islais Landing,Islais Creek Channel,Posting,Combined Sewer Overflow,Combined Sewer Discharge,2019-01-17,09:02,2019-01-21,,,,0.0,0.0,0.0,0.0,Active,2019-01-17,37.74703,-122.38793,BAY#320_SL,east,cso,4
54844,OCEAN#15EAST_SL,"Baker Beach East, Upper Parking Lot",Baker Beach,Posting,Combined Sewer Overflow,Combined Sewer Discharge,2019-01-17,09:02,2019-01-18,12:46,,,0.0,0.0,0.0,0.0,Active,2019-01-17,37.79258,-122.48465,OCEAN#15EAST_SL,baker_china,cso,1
54845,OCEAN#15_SL,"Baker Beach, Lobos Creek at Lower Parking Lot",Baker Beach,Posting,Combined Sewer Overflow,Combined Sewer Discharge,2019-01-17,09:02,2019-01-18,12:46,,,0.0,0.0,0.0,0.0,Active,2019-01-17,37.7917,-122.484926,OCEAN#15_SL,baker_china,cso,1
54846,OCEAN#16_SL,"Baker Beach West, Opposite Seacliff 2 Pumping Station",Baker Beach,Posting,Combined Sewer Overflow,Combined Sewer Discharge,2019-01-17,09:03,2019-01-18,12:46,,,0.0,0.0,0.0,0.0,Active,2019-01-17,37.78977,-122.48741,OCEAN#16_SL,baker_china,cso,1
54847,OCEAN#17_SL,China Beach,China Beach,Posting,Combined Sewer Overflow,Combined Sewer Discharge,2019-01-17,09:04,2019-01-20,,,,0.0,0.0,0.0,0.0,Active,2019-01-17,37.78816,-122.49136,OCEAN#17_SL,baker_china,cso,3
54848,OCEAN#18_SL,"Ocean Beach, at Balboa St.",Ocean Beach,Posting,Combined Sewer Overflow,Combined Sewer Discharge,2019-01-17,09:04,2019-01-18,12:47,,,0.0,0.0,0.0,0.0,Active,2019-01-17,37.77492,-122.51351,OCEAN#18_SL,ocean,cso,1
54849,OCEAN#19_SL,"Ocean Beach, at Lincoln Ave.",Ocean Beach,Posting,Combined Sewer Overflow,Combined Sewer Discharge,2019-01-17,09:05,2019-01-18,12:47,,,0.0,0.0,0.0,0.0,Active,2019-01-17,37.7638,-122.511,OCEAN#19_SL,ocean,cso,1
54850,OCEAN#20_SL,"Ocean Beach, at Pacheco St.",Ocean Beach,Posting,Combined Sewer Overflow,Combined Sewer Discharge,2019-01-17,09:05,2019-01-19,,,,0.0,0.0,0.0,0.0,Active,2019-01-17,37.74891,-122.50996,OCEAN#20_SL,ocean,cso,2
54851,OCEAN#21.1_SL,"Ocean Beach, at Sloat Blvd.",Ocean Beach,Posting,Combined Sewer Overflow,Combined Sewer Discharge,2019-01-17,09:05,2019-01-18,12:48,,,0.0,0.0,0.0,0.0,Active,2019-01-17,37.73567,-122.50769,OCEAN#21.1_SL,ocean,cso,1
54852,OCEAN#21_SL,Ocean Beach at Vicente St.,Ocean Beach,Posting,Combined Sewer Overflow,Combined Sewer Discharge,2019-01-17,09:06,2019-01-19,,,,0.0,0.0,0.0,0.0,Active,2019-01-17,37.73782,-122.50825,OCEAN#21_SL,ocean,cso,2
54853,OCEAN#22_SL,Fort Funston,Ocean Beach,Posting,Combined Sewer Overflow,Combined Sewer Discharge,2019-01-17,09:06,2019-01-19,,,,0.0,0.0,0.0,0.0,Active,2019-01-17,37.71526,-122.50476,OCEAN#22_SL,ocean,cso,2
54911,BAY#211_SL,Aquatic Park Beach,Aquatic Park,Posting,Unknown,Unknown,2019-01-29,13:57,2019-01-30,08:24,,,1.0,0.0,0.0,1.0,Active,2019-01-29,37.8078,-122.4221,BAY#211_SL,north,other,1
54922,BAY#220_SL,Mission creek at kayak landing,Mission Bay Channel,Posting,Combined Sewer Overflow,Combined Sewer Discharge,2019-01-31,06:55,2019-02-01,,,,0.0,0.0,0.0,0.0,Active,2019-01-31,37.7719,-122.3967,BAY#220_SL,east,cso,1
54939,OCEAN#15EAST_SL,"Baker Beach East, Upper Parking Lot",Baker Beach,Posting,Combined Sewer Overflow,Combined Sewer Discharge,2019-02-02,14:22,2019-02-03,,,,0.0,0.0,0.0,0.0,Active,2019-02-04,37.79258,-122.48465,OCEAN#15EAST_SL,baker_china,cso,1
54940,OCEAN#15_SL,"Baker Beach, Lobos Creek at Lower Parking Lot",Baker Beach,Posting,Combined Sewer Overflow,Combined Sewer Discharge,2019-02-02,14:22,2019-02-03,,,,0.0,0.0,0.0,0.0,Active,2019-02-04,37.7917,-122.484926,OCEAN#15_SL,baker_china,cso,1
54941,OCEAN#16_SL,"Baker Beach West, Opposite Seacliff 2 Pumping Station",Baker Beach,Posting,Combined Sewer Overflow,Combined Sewer Discharge,2019-02-02,14:23,2019-02-03,,,,0.0,0.0,0.0,0.0,Active,2019-02-04,37.78977,-122.48741,OCEAN#16_SL,baker_china,cso,1
54956,BAY#220_SL,Mission creek at kayak landing,Mission Bay Channel,Posting,Unknown,Unknown,2019-02-05,09:51,2019-02-06,08:28,,,1.0,0.0,0.0,1.0,Active,2019-02-05,37.7719,-122.3967,BAY#220_SL,east,other,1
54957,BAY#301.2_SL,Jack Rabbit Beach,Candlestick Point,Posting,Unknown,Unknown,2019-02-05,11:06,2019-02-06,08:28,,,1.0,0.0,0.0,0.0,Active,2019-02-05,37.711025,-122.380136,BAY#301.2_SL,east,other,1
54955,BAY#320_SL,Islais creek at Islais Landing,Islais Creek Channel,Posting,Unknown,Unknown,2019-02-05,09:50,2019-02-06,08:28,,,0.0,0.0,1.0,0.0,Active,2019-02-05,37.74703,-122.38793,BAY#320_SL,east,other,1
55006,BAY#202.4_SL,"Crissy Field, East",Crissy Field,Posting,Combined Sewer Overflow,Combined Sewer Discharge,2019-02-13,14:31,2019-02-16,,,,0.0,0.0,0.0,0.0,Active,2019-02-13,37.8066,-122.4519,BAY#202.4_SL,north,cso,3
55007,BAY#202.5_SL,Crissy Field West,Crissy Field,Posting,Combined Sewer Overflow,Combined Sewer Discharge,2019-02-13,14:32,2019-02-16,,,,0.0,0.0,0.0,0.0,Active,2019-02-13,37.8069,-122.4683,BAY#202.5_SL,north,cso,3
55008,BAY#210.1_SL,Hyde Street Pier,Aquatic Park,Posting,Combined Sewer Overflow,Combined Sewer Discharge,2019-02-13,14:33,2019-02-14,,,,0.0,0.0,0.0,0.0,Active,2019-02-13,37.80899,-122.4212947,BAY#210.1_SL,north,cso,1
55009,BAY#211_SL,Aquatic Park Beach,Aquatic Park,Posting,Combined Sewer Overflow,Combined Sewer Discharge,2019-02-13,14:33,2019-02-14,,,,0.0,0.0,0.0,0.0,Active,2019-02-13,37.8078,-122.4221,BAY#211_SL,north,cso,1
55010,BAY#220_SL,Mission creek at kayak landing,Mission Bay Channel,Posting,Combined Sewer Overflow,Combined Sewer Discharge,2019-02-13,14:33,2019-02-19,,,,0.0,0.0,0.0,0.0,Active,2019-02-13,37.7719,-122.3967,BAY#220_SL,east,cso,6
55011,BAY#300.1_SL,Sunnydale Cove,Candlestick Point,Posting,Combined Sewer Overflow,Combined Sewer Discharge,2019-02-13,14:34,2019-02-17,,,,0.0,0.0,0.0,0.0,Active,2019-02-13,37.7096,-122.3899,BAY#300.1_SL,east,cso,4
55012,BAY#301.1_SL,Windsurfer Circle,Candlestick Point,Posting,Combined Sewer Overflow,Combined Sewer Discharge,2019-02-13,14:34,2019-02-17,,,,0.0,0.0,0.0,0.0,Active,2019-02-13,37.70917,-122.3823,BAY#301.1_SL,east,cso,4
55013,BAY#301.2_SL,Jack Rabbit Beach,Candlestick Point,Posting,Combined Sewer Overflow,Combined Sewer Discharge,2019-02-13,14:34,2019-02-15,11:09,,,0.0,0.0,0.0,0.0,Active,2019-02-13,37.711025,-122.380136,BAY#301.2_SL,east,cso,2
55014,BAY#320_SL,Islais creek at Islais Landing,Islais Creek Channel,Posting,Combined Sewer Overflow,Combined Sewer Discharge,2019-02-13,14:35,2019-02-18,,,,0.0,0.0,0.0,0.0,Active,2019-02-13,37.74703,-122.38793,BAY#320_SL,east,cso,5
55015,OCEAN#15EAST_SL,"Baker Beach East, Upper Parking Lot",Baker Beach,Posting,Combined Sewer Overflow,Combined Sewer Discharge,2019-02-13,14:36,2019-02-15,11:06,,,0.0,0.0,0.0,0.0,Active,2019-02-13,37.79258,-122.48465,OCEAN#15EAST_SL,baker_china,cso,2
55016,OCEAN#15_SL,"Baker Beach, Lobos Creek at Lower Parking Lot",Baker Beach,Posting,Combined Sewer Overflow,Combined Sewer Discharge,2019-02-13,14:36,2019-02-15,11:06,,,0.0,0.0,0.0,0.0,Active,2019-02-13,37.7917,-122.484926,OCEAN#15_SL,baker_china,cso,2
55017,OCEAN#16_SL,"Baker Beach West, Opposite Seacliff 2 Pumping Station",Baker Beach,Posting,Combined Sewer Overflow,Combined Sewer Discharge,2019-02-13,14:37,2019-02-15,11:06,,,0.0,0.0,0.0,0.0,Active,2019-02-13,37.78977,-122.48741,OCEAN#16_SL,baker_china,cso,2
55018,OCEAN#17_SL,China Beach,China Beach,Posting,Combined Sewer Overflow,Combined Sewer Discharge,2019-02-13,14:38,2019-02-15,11:06,,,0.0,0.0,0.0,0.0,Active,2019-02-13,37.78816,-122.49136,OCEAN#17_SL,baker_china,cso,2
55019,OCEAN#18_SL,"Ocean Beach, at Balboa St.",Ocean Beach,Posting,Combined Sewer Overflow,Combined Sewer Discharge,2019-02-13,14:38,2019-02-15,11:08,,,0.0,0.0,0.0,0.0,Active,2019-02-13,37.77492,-122.51351,OCEAN#18_SL,ocean,cso,2
55020,OCEAN#19_SL,"Ocean Beach, at Lincoln Ave.",Ocean Beach,Posting,Combined Sewer Overflow,Combined Sewer Discharge,2019-02-13,14:39,2019-02-15,11:08,,,0.0,0.0,0.0,0.0,Active,2019-02-13,37.7638,-122.511,OCEAN#19_SL,ocean,cso,2
55021,OCEAN#20_SL,"Ocean Beach, at Pacheco St.",Ocean Beach,Posting,Combined Sewer Overflow,Combined Sewer Discharge,2019-02-13,14:39,2019-02-15,11:08,,,0.0,0.0,0.0,0.0,Active,2019-02-13,37.74891,-122.50996,OCEAN#20_SL,ocean,cso,2
55022,OCEAN#21.1_SL,"Ocean Beach, at Sloat Blvd.",Ocean Beach,Posting,Combined Sewer Overflow,Combined Sewer Discharge,2019-02-13,14:40,2019-02-15,11:08,,,0.0,0.0,0.0,0.0,Active,2019-02-13,37.73567,-122.50769,OCEAN#21.1_SL,ocean,cso,2
55023,OCEAN#21_SL,Ocean Beach at Vicente St.,Ocean Beach,Posting,Combined Sewer Overflow,Combined Sewer Discharge,2019-02-13,14:40,2019-02-15,11:08,,,0.0,0.0,0.0,0.0,Active,2019-02-13,37.73782,-122.50825,OCEAN#21_SL,ocean,cso,2
55024,OCEAN#22_SL,Fort Funston,Ocean Beach,Posting,Combined Sewer Overflow,Combined Sewer Discharge,2019-02-13,14:40,2019-02-16,,,,0.0,0.0,0.0,0.0,Active,2019-02-13,37.71526,-122.50476,OCEAN#22_SL,ocean,cso,3
55056,BAY#320_SL,Islais creek at Islais Landing,Islais Creek Channel,Posting,Unknown,Unknown,2019-02-20,10:19,2019-02-21,,,,1.0,0.0,0.0,1.0,Active,2019-02-20,37.74703,-122.38793,BAY#320_SL,east,other,1
55093,BAY#300.1_SL,Sunnydale Cove,Candlestick Point,Posting,Unknown,Unknown,2019-02-26,09:51,2019-03-01,08:52,,,1.0,0.0,0.0,1.0,Active,2019-02-26,37.7096,-122.3899,BAY#300.1_SL,east,other,3
55111,BAY#320_SL,Islais creek at Islais Landing,Islais Creek Channel,Posting,Unknown,Unknown,2019-02-26,16:47,2019-03-02,,,,1.0,0.0,0.0,0.0,Active,2019-02-26,37.74703,-122.38793,BAY#320_SL,east,other,4
55092,OCEAN#19_SL,"Ocean Beach, at Lincoln Ave.",Ocean Beach,Posting,Unknown,Unknown,2019-02-26,09:50,2019-02-27,14:19,,,1.0,0.0,0.0,1.0,Active,2019-02-26,37.7638,-122.511,OCEAN#19_SL,ocean,other,1
55113,OCEAN#15EAST_SL,"Baker Beach East, Upper Parking Lot",Baker Beach,Posting,Combined Sewer Overflow,Combined Sewer Discharge,2019-02-27,06:58,2019-02-28,08:31,,,0.0,0.0,0.0,0.0,Active,2019-02-27,37.79258,-122.48465,OCEAN#15EAST_SL,baker_china,cso,1
55114,OCEAN#15_SL,"Baker Beach, Lobos Creek at Lower Parking Lot",Baker Beach,Posting,Combined Sewer Overflow,Combined Sewer Discharge,2019-02-27,06:59,2019-02-28,08:31,,,0.0,0.0,0.0,0.0,Active,2019-02-27,37.7917,-122.484926,OCEAN#15_SL,baker_china,cso,1
55115,OCEAN#16_SL,"Baker Beach West, Opposite Seacliff 2 Pumping Station",Baker Beach,Posting,Combined Sewer Overflow,Combined Sewer Discharge,2019-02-27,06:59,2019-02-28,08:31,,,0.0,0.0,0.0,0.0,Active,2019-02-27,37.78977,-122.48741,OCEAN#16_SL,baker_china,cso,1
55112,OCEAN#17_SL,China Beach,China Beach,Posting,Combined Sewer Overflow,Combined Sewer Discharge,2019-02-27,06:58,2019-02-28,08:31,,,0.0,0.0,0.0,0.0,Active,2019-02-27,37.78816,-122.49136,OCEAN#17_SL,baker_china,cso,1
55170,BAY#220_SL,Mission creek at kayak landing,Mission Bay Channel,Posting,Combined Sewer Overflow,Combined Sewer Discharge,2019-03-06,07:07,2019-03-09,,,,0.0,0.0,0.0,0.0,Active,2019-03-06,37.7719,-122.3967,BAY#220_SL,east,cso,3
55169,BAY#320_SL,Islais creek at Islais Landing,Islais Creek Channel,Posting,Combined Sewer Overflow,Combined Sewer Discharge,2019-03-06,07:06,2019-03-10,,,,0.0,0.0,0.0,0.0,Active,2019-03-06,37.74703,-122.38793,BAY#320_SL,east,cso,4
55166,OCEAN#15EAST_SL,"Baker Beach East, Upper Parking Lot",Baker Beach,Posting,Combined Sewer Overflow,Combined Sewer Discharge,2019-03-06,07:04,2019-03-07,13:05,,,0.0,0.0,0.0,0.0,Active,2019-03-06,37.79258,-122.48465,OCEAN#15EAST_SL,baker_china,cso,1
55167,OCEAN#15_SL,"Baker Beach, Lobos Creek at Lower Parking Lot",Baker Beach,Posting,Combined Sewer Overflow,Combined Sewer Discharge,2019-03-06,07:05,2019-03-07,13:05,,,0.0,0.0,0.0,0.0,Active,2019-03-06,37.7917,-122.484926,OCEAN#15_SL,baker_china,cso,1
55168,OCEAN#16_SL,"Baker Beach West, Opposite Seacliff 2 Pumping Station",Baker Beach,Posting,Combined Sewer Overflow,Combined Sewer Discharge,2019-03-06,07:06,2019-03-07,13:05,,,0.0,0.0,0.0,0.0,Active,2019-03-06,37.78977,-122.48741,OCEAN#16_SL,baker_china,cso,1
55171,OCEAN#17_SL,China Beach,China Beach,Posting,Combined Sewer Overflow,Combined Sewer Discharge,2019-03-06,07:07,2019-03-07,13:05,,,0.0,0.0,0.0,0.0,Active,2019-03-06,37.78816,-122.49136,OCEAN#17_SL,baker_china,cso,1
55223,BAY#301.1_SL,Windsurfer Circle,Candlestick Point,Posting,Unknown,Unknown,2019-03-19,10:34,2019-03-20,11:48,,,1.0,0.0,1.0,1.0,Active,2019-03-19,37.70917,-122.3823,BAY#301.1_SL,east,other,1
55238,BAY#220_SL,Mission creek at kayak landing,Mission Bay Channel,Posting,Combined Sewer Overflow,Combined Sewer Discharge,2019-03-20,11:46,2019-03-22,09:34,,,0.0,0.0,0.0,0.0,Active,2019-03-20,37.7719,-122.3967,BAY#220_SL,east,cso,2
55313,BAY#300.1_SL,Sunnydale Cove,Candlestick Point,Posting,Unknown,Unknown,2019-03-26,15:56,2019-03-29,14:35,,,1.0,0.0,0.0,0.0,Active,2019-03-26,37.7096,-122.3899,BAY#300.1_SL,east,other,3
55312,BAY#301.1_SL,Windsurfer Circle,Candlestick Point,Posting,Unknown,Unknown,2019-03-26,15:48,2019-03-27,10:44,,,1.0,0.0,0.0,0.0,Active,2019-03-26,37.70917,-122.3823,BAY#301.1_SL,east,other,1
55330,OCEAN#15EAST_SL,"Baker Beach East, Upper Parking Lot",Baker Beach,Posting,Combined Sewer Overflow,Combined Sewer Discharge,2019-03-27,11:08,2019-03-28,,,,0.0,0.0,0.0,0.0,Active,2019-03-28,37.79258,-122.48465,OCEAN#15EAST_SL,baker_china,cso,1
55331,OCEAN#15_SL,"Baker Beach, Lobos Creek at Lower Parking Lot",Baker Beach,Posting,Combined Sewer Overflow,Combined Sewer Discharge,2019-03-27,11:09,2019-03-29,14:35,,,0.0,0.0,0.0,0.0,Active,2019-03-28,37.7917,-122.484926,OCEAN#15_SL,baker_china,cso,2
55332,OCEAN#16_SL,"Baker Beach West, Opposite Seacliff 2 Pumping Station",Baker Beach,Posting,Combined Sewer Overflow,Combined Sewer Discharge,2019-03-27,11:10,2019-03-28,,,,0.0,0.0,0.0,0.0,Active,2019-03-28,37.78977,-122.48741,OCEAN#16_SL,baker_china,cso,1
55423,BAY#202.4_SL,"Crissy Field, East",Crissy Field,Posting,Unknown,Unknown,2019-04-02,06:58,2019-04-04,08:32,,,0.0,0.0,0.0,1.0,Active,2019-04-03,37.8066,-122.4519,BAY#202.4_SL,north,other,2
55424,BAY#320_SL,Islais creek at Islais Landing,Islais Creek Channel,Posting,Unknown,Unknown,2019-04-02,06:59,2019-04-03,11:57,,,0.0,0.0,0.0,1.0,Active,2019-04-03,37.74703,-122.38793,BAY#320_SL,east,other,1
55547,BAY#300.1_SL,Sunnydale Cove,Candlestick Point,Posting,Unknown,Unknown,2019-04-16,13:54,2019-04-17,,,,1.0,0.0,0.0,0.0,Active,2019-04-16,37.7096,-122.3899,BAY#300.1_SL,east,other,1
55548,BAY#301.1_SL,Windsurfer Circle,Candlestick Point,Posting,Unknown,Unknown,2019-04-16,13:55,2019-04-18,13:30,,,0.0,0.0,0.0,1.0,Active,2019-04-16,37.70917,-122.3823,BAY#301.1_SL,east,other,2
55705,BAY#320_SL,Islais creek at Islais Landing,Islais Creek Channel,Posting,Unknown,Unknown,2019-05-14,07:28,2019-05-15,12:30,,,0.0,0.0,0.0,1.0,Active,2019-05-15,37.74703,-122.38793,BAY#320_SL,east,other,1
55727,BAY#301.2_SL,Jack Rabbit Beach,Candlestick Point,Posting,Combined Sewer Overflow,Combined Sewer Discharge,2019-05-19,14:36,2019-05-21,09:14,,,0.0,0.0,0.0,0.0,Active,2019-05-20,37.711025,-122.380136,BAY#301.2_SL,east,cso,2
55728,BAY#301.1_SL,Windsurfer Circle,Candlestick Point,Posting,Unknown,Unknown,2019-05-20,14:36,2019-05-21,09:14,,,1.0,0.0,0.0,0.0,Active,2019-05-20,37.70917,-122.3823,BAY#301.1_SL,east,other,1
55833,BAY#301.2_SL,Jack Rabbit Beach,Candlestick Point,Posting,Unknown,Unknown,2019-06-11,12:27,2019-06-12,08:43,,,1.0,0.0,0.0,1.0,Active,2019-06-11,37.711025,-122.380136,BAY#301.2_SL,east,other,1
55859,OCEAN#15_SL,"Baker Beach, Lobos Creek at Lower Parking Lot",Baker Beach,Posting,Unknown,Unknown,2019-06-18,12:09,2019-06-19,11:59,,,1.0,0.0,0.0,0.0,Active,2019-06-18,37.7917,-122.484926,OCEAN#15_SL,baker_china,other,1
55885,BAY#220_SL,Mission creek at kayak landing,Mission Bay Channel,Posting,Unknown,Unknown,2019-06-25,14:59,2019-06-26,09:14,,,1.0,0.0,0.0,0.0,Active,2019-06-25,37.7719,-122.3967,BAY#220_SL,east,other,1
55884,BAY#301.2_SL,Jack Rabbit Beach,Candlestick Point,Posting,Unknown,Unknown,2019-06-25,14:57,2019-06-26,09:14,,,1.0,0.0,1.0,1.0,Active,2019-06-25,37.711025,-122.380136,BAY#301.2_SL,east,other,1
55949,BAY#211_SL,Aquatic Park Beach,Aquatic Park,Posting,Unknown,Unknown,2019-07-02,07:09,2019-07-04,,,,1.0,0.0,0.0,1.0,Active,2019-07-05,37.8078,-122.4221,BAY#211_SL,north,other,2
55950,OCEAN#15_SL,"Baker Beach, Lobos Creek at Lower Parking Lot",Baker Beach,Posting,Unknown,Unknown,2019-07-02,07:11,2019-07-03,,,,1.0,0.0,0.0,0.0,Active,2019-07-05,37.7917,-122.484926,OCEAN#15_SL,baker_china,other,1
55967,OCEAN#15_SL,"Baker Beach, Lobos Creek at Lower Parking Lot",Baker Beach,Posting,Unknown,Unknown,2019-07-09,11:13,2019-07-10,08:18,,,1.0,0.0,0.0,0.0,Active,2019-07-09,37.7917,-122.484926,OCEAN#15_SL,baker_china,other,1
56262,BAY#202.5_SL,Crissy Field West,Crissy Field,Posting,Unknown,Unknown,2019-09-17,09:29,2019-09-18,08:38,,,1.0,0.0,0.0,0.0,Active,2019-09-17,37.8069,-122.4683,BAY#202.5_SL,north,other,1
56341,BAY#202.4_SL,"Crissy Field, East",Crissy Field,Posting,Unknown,Unknown,2019-10-01,08:29,2019-10-02,,,,0.0,0.0,0.0,1.0,Active,2019-10-02,37.8066,-122.4519,BAY#202.4_SL,north,other,1
56342,BAY#211_SL,Aquatic Park Beach,Aquatic Park,Posting,Unknown,Unknown,2019-10-01,08:30,2019-10-02,,,,1.0,0.0,0.0,1.0,Active,2019-10-02,37.8078,-122.4221,BAY#211_SL,north,other,1
56388,BAY#211_SL,Aquatic Park Beach,Aquatic Park,Posting,Unknown,Unknown,2019-10-16,12:36,2019-10-17,,,,1.0,0.0,0.0,1.0,Active,2019-10-16,37.8078,-122.4221,BAY#211_SL,north,other,1
56389,BAY#301.1_SL,Windsurfer Circle,Candlestick Point,Posting,Unknown,Unknown,2019-10-16,12:37,2019-10-17,,,,0.0,0.0,1.0,0.0,Active,2019-10-16,37.70917,-122.3823,BAY#301.1_SL,east,other,1
56387,OCEAN#15_SL,"Baker Beach, Lobos Creek at Lower Parking Lot",Baker Beach,Posting,Unknown,Unknown,2019-10-16,12:35,2019-10-18,14:15,,,1.0,0.0,0.0,0.0,Active,2019-10-16,37.7917,-122.484926,OCEAN#15_SL,baker_china,other,2
56447,BAY#300.1_SL,Sunnydale Cove,Candlestick Point,Posting,Unknown,Unknown,2019-10-29,07:53,2019-10-30,14:54,,,1.0,0.0,0.0,1.0,Active,2019-10-30,37.7096,-122.3899,BAY#300.1_SL,east,other,1
56448,BAY#301.1_SL,Windsurfer Circle,Candlestick Point,Posting,Unknown,Unknown,2019-10-29,07:53,2019-11-01,14:46,,,1.0,0.0,0.0,0.0,Active,2019-10-30,37.70917,-122.3823,BAY#301.1_SL,east,other,3
56496,BAY#202.4_SL,"Crissy Field, East",Crissy Field,Posting,Unknown,Unknown,2019-11-05,09:31,2019-11-07,08:54,,,1.0,0.0,0.0,0.0,Active,2019-11-05,37.8066,-122.4519,BAY#202.4_SL,north,other,2
56573,BAY#211_SL,Aquatic Park Beach,Aquatic Park,Posting,Unknown,Unknown,2019-11-26,10:29,2019-11-26,,,,1.0,0.0,0.0,0.0,Active,2019-11-26,37.8078,-122.4221,BAY#211_SL,north,other,0
56574,BAY#301.1_SL,Windsurfer Circle,Candlestick Point,Posting,Unknown,Unknown,2019-11-26,10:29,2019-11-27,,,,1.0,0.0,0.0,0.0,Active,2019-11-26,37.70917,-122.3823,BAY#301.1_SL,east,other,1
56613,BAY#220_SL,Mission creek at kayak landing,Mission Bay Channel,Posting,Combined Sewer Overflow,Combined Sewer Discharge,2019-11-27,13:39,2019-12-01,,,,0.0,0.0,0.0,0.0,Active,2019-12-02,37.7719,-122.3967,BAY#220_SL,east,cso,4
56624,BAY#320_SL,Islais creek at Islais Landing,Islais Creek Channel,Posting,Combined Sewer Overflow,Combined Sewer Discharge,2019-11-27,13:56,2019-12-02,,,,0.0,0.0,0.0,0.0,Active,2019-12-02,37.74703,-122.38793,BAY#320_SL,east,cso,5
56614,OCEAN#15EAST_SL,"Baker Beach East, Upper Parking Lot",Baker Beach,Posting,Combined Sewer Overflow,Combined Sewer Discharge,2019-11-27,13:41,2019-11-29,,,,0.0,0.0,0.0,0.0,Active,2019-12-02,37.79258,-122.48465,OCEAN#15EAST_SL,baker_china,cso,2
56615,OCEAN#15_SL,"Baker Beach, Lobos Creek at Lower Parking Lot",Baker Beach,Posting,Combined Sewer Overflow,Combined Sewer Discharge,2019-11-27,13:42,2019-11-28,,,,0.0,0.0,0.0,0.0,Active,2019-12-02,37.7917,-122.484926,OCEAN#15_SL,baker_china,cso,1
56616,OCEAN#16_SL,"Baker Beach West, Opposite Seacliff 2 Pumping Station",Baker Beach,Posting,Combined Sewer Overflow,Combined Sewer Discharge,2019-11-27,13:43,2019-11-29,,,,0.0,0.0,0.0,0.0,Active,2019-12-02,37.78977,-122.48741,OCEAN#16_SL,baker_china,cso,2
56617,OCEAN#17_SL,China Beach,China Beach,Posting,Combined Sewer Overflow,Combined Sewer Discharge,2019-11-27,13:44,2019-11-29,,,,0.0,0.0,0.0,0.0,Active,2019-12-02,37.78816,-122.49136,OCEAN#17_SL,baker_china,cso,2
56618,OCEAN#18_SL,"Ocean Beach, at Balboa St.",Ocean Beach,Posting,Combined Sewer Overflow,Combined Sewer Discharge,2019-11-27,13:45,2019-11-28,,,,0.0,0.0,0.0,0.0,Active,2019-12-02,37.77492,-122.51351,OCEAN#18_SL,ocean,cso,1
56619,OCEAN#20_SL,"Ocean Beach, at Pacheco St.",Ocean Beach,Posting,Combined Sewer Overflow,Combined Sewer Discharge,2019-11-27,13:51,2019-11-29,,,,0.0,0.0,0.0,0.0,Active,2019-12-02,37.74891,-122.50996,OCEAN#20_SL,ocean,cso,2
56620,OCEAN#21.1_SL,"Ocean Beach, at Sloat Blvd.",Ocean Beach,Posting,Combined Sewer Overflow,Combined Sewer Discharge,2019-11-27,13:52,2019-11-28,,,,0.0,0.0,0.0,0.0,Active,2019-12-02,37.73567,-122.50769,OCEAN#21.1_SL,ocean,cso,1
56621,OCEAN#21_SL,Ocean Beach at Vicente St.,Ocean Beach,Posting,Combined Sewer Overflow,Combined Sewer Discharge,2019-11-27,13:53,2019-11-28,,,,0.0,0.0,0.0,0.0,Active,2019-12-02,37.73782,-122.50825,OCEAN#21_SL,ocean,cso,1
56623,OCEAN#22_SL,Fort Funston,Ocean Beach,Posting,Combined Sewer Overflow,Combined Sewer Discharge,2019-11-27,13:55,2019-11-29,,,,0.0,0.0,0.0,0.0,Active,2019-12-02,37.71526,-122.50476,OCEAN#22_SL,ocean,cso,2
56622,OCEAN#21_SL,Ocean Beach at Vicente St.,Ocean Beach,Posting,Combined Sewer Overflow,Combined Sewer Discharge,2019-11-29,13:54,2019-11-30,,,,0.0,0.0,0.0,0.0,Active,2019-12-02,37.73782,-122.50825,OCEAN#21_SL,ocean,cso,1
56625,BAY#320_SL,Islais creek at Islais Landing,Islais Creek Channel,Posting,Unknown,Unknown,2019-12-02,14:55,2019-12-02,,,,1.0,0.0,0.0,0.0,Active,2019-12-02,37.74703,-122.38793,BAY#320_SL,east,other,0
56630,BAY#220_SL,Mission creek at kayak landing,Mission Bay Channel,Posting,Unknown,Unknown,2019-12-03,07:33,2019-12-04,09:08,,,1.0,0.0,0.0,0.0,Active,2019-12-04,37.7719,-122.3967,BAY#220_SL,east,other,1
56631,BAY#300.1_SL,Sunnydale Cove,Candlestick Point,Posting,Unknown,Unknown,2019-12-03,07:35,2019-12-04,15:00,,,1.0,0.0,0.0,0.0,Active,2019-12-04,37.7096,-122.3899,BAY#300.1_SL,east,other,1
56632,BAY#301.1_SL,Windsurfer Circle,Candlestick Point,Posting,Unknown,Unknown,2019-12-03,07:36,2019-12-04,09:08,,,1.0,0.0,0.0,0.0,Active,2019-12-04,37.70917,-122.3823,BAY#301.1_SL,east,other,1
56672,BAY#202.4_SL,"Crissy Field, East",Crissy Field,Posting,Combined Sewer Overflow,Combined Sewer Discharge,2019-12-07,14:34,2019-12-10,09:32,,,0.0,0.0,0.0,0.0,Active,2019-12-09,37.8066,-122.4519,BAY#202.4_SL,north,cso,3
56673,BAY#202.5_SL,Crissy Field West,Crissy Field,Posting,Combined Sewer Overflow,Combined Sewer Discharge,2019-12-07,14:35,2019-12-09,,,,0.0,0.0,0.0,0.0,Active,2019-12-09,37.8069,-122.4683,BAY#202.5_SL,north,cso,2
56674,BAY#210.1_SL,Hyde Street Pier,Aquatic Park,Posting,Combined Sewer Overflow,Combined Sewer Discharge,2019-12-07,14:36,2019-12-10,,,,0.0,0.0,0.0,0.0,Active,2019-12-09,37.80899,-122.4212947,BAY#210.1_SL,north,cso,3
56675,BAY#211_SL,Aquatic Park Beach,Aquatic Park,Posting,Combined Sewer Overflow,Combined Sewer Discharge,2019-12-07,14:37,2019-12-10,09:32,,,0.0,0.0,0.0,0.0,Active,2019-12-09,37.8078,-122.4221,BAY#211_SL,north,cso,3
56678,OCEAN#15EAST_SL,"Baker Beach East, Upper Parking Lot",Baker Beach,Posting,Combined Sewer Overflow,Combined Sewer Discharge,2019-12-07,14:39,2019-12-09,,,,0.0,0.0,0.0,0.0,Active,2019-12-09,37.79258,-122.48465,OCEAN#15EAST_SL,baker_china,cso,2
56679,OCEAN#15_SL,"Baker Beach, Lobos Creek at Lower Parking Lot",Baker Beach,Posting,Combined Sewer Overflow,Combined Sewer Discharge,2019-12-07,14:41,2019-12-09,,,,0.0,0.0,0.0,0.0,Active,2019-12-09,37.7917,-122.484926,OCEAN#15_SL,baker_china,cso,2
56681,OCEAN#16_SL,"Baker Beach West, Opposite Seacliff 2 Pumping Station",Baker Beach,Posting,Combined Sewer Overflow,Combined Sewer Discharge,2019-12-07,14:43,2019-12-09,,,,0.0,0.0,0.0,0.0,Active,2019-12-09,37.78977,-122.48741,OCEAN#16_SL,baker_china,cso,2
56682,OCEAN#17_SL,China Beach,China Beach,Posting,Combined Sewer Overflow,Combined Sewer Discharge,2019-12-07,14:43,2019-12-09,,,,0.0,0.0,0.0,0.0,Active,2019-12-09,37.78816,-122.49136,OCEAN#17_SL,baker_china,cso,2
56683,OCEAN#18_SL,"Ocean Beach, at Balboa St.",Ocean Beach,Posting,Combined Sewer Overflow,Combined Sewer Discharge,2019-12-07,14:44,2019-12-09,,,,0.0,0.0,0.0,0.0,Active,2019-12-09,37.77492,-122.51351,OCEAN#18_SL,ocean,cso,2
56680,OCEAN#19_SL,"Ocean Beach, at Lincoln Ave.",Ocean Beach,Posting,Combined Sewer Overflow,Combined Sewer Discharge,2019-12-07,14:41,2019-12-10,09:32,,,0.0,0.0,0.0,0.0,Active,2019-12-09,37.7638,-122.511,OCEAN#19_SL,ocean,cso,3
56684,OCEAN#20_SL,"Ocean Beach, at Pacheco St.",Ocean Beach,Posting,Combined Sewer Overflow,Combined Sewer Discharge,2019-12-07,14:45,2019-12-09,,,,0.0,0.0,0.0,0.0,Active,2019-12-09,37.74891,-122.50996,OCEAN#20_SL,ocean,cso,2
56686,OCEAN#21.1_SL,"Ocean Beach, at Sloat Blvd.",Ocean Beach,Posting,Combined Sewer Overflow,Combined Sewer Discharge,2019-12-07,14:47,2019-12-09,,,,0.0,0.0,0.0,0.0,Active,2019-12-09,37.73567,-122.50769,OCEAN#21.1_SL,ocean,cso,2
56685,OCEAN#21_SL,Ocean Beach at Vicente St.,Ocean Beach,Posting,Combined Sewer Overflow,Combined Sewer Discharge,2019-12-07,14:46,2019-12-09,,,,0.0,0.0,0.0,0.0,Active,2019-12-09,37.73782,-122.50825,OCEAN#21_SL,ocean,cso,2
56687,OCEAN#22_SL,Fort Funston,Ocean Beach,Posting,Combined Sewer Overflow,Combined Sewer Discharge,2019-12-07,14:47,2019-12-09,,,,0.0,0.0,0.0,0.0,Active,2019-12-09,37.71526,-122.50476,OCEAN#22_SL,ocean,cso,2
56676,BAY#220_SL,Mission creek at kayak landing,Mission Bay Channel,Posting,Combined Sewer Overflow,Combined Sewer Discharge,2019-12-08,14:38,2019-12-11,14:16,,,0.0,0.0,0.0,0.0,Active,2019-12-09,37.7719,-122.3967,BAY#220_SL,east,cso,3
56677,BAY#320_SL,Islais creek at Islais Landing,Islais Creek Channel,Posting,Combined Sewer Overflow,Combined Sewer Discharge,2019-12-08,14:38,2019-12-13,12:42,,,0.0,0.0,0.0,0.0,Active,2019-12-09,37.74703,-122.38793,BAY#320_SL,east,cso,5
56729,OCEAN#15EAST_SL,"Baker Beach East, Upper Parking Lot",Baker Beach,Posting,Combined Sewer Overflow,Combined Sewer Discharge,2019-12-18,08:06,2019-12-19,08:22,,,0.0,0.0,0.0,0.0,Active,2019-12-18,37.79258,-122.48465,OCEAN#15EAST_SL,baker_china,cso,1
56730,OCEAN#15_SL,"Baker Beach, Lobos Creek at Lower Parking Lot",Baker Beach,Posting,Combined Sewer Overflow,Combined Sewer Discharge,2019-12-18,08:07,2019-12-19,08:22,,,0.0,0.0,0.0,0.0,Active,2019-12-18,37.7917,-122.484926,OCEAN#15_SL,baker_china,cso,1
56731,OCEAN#16_SL,"Baker Beach West, Opposite Seacliff 2 Pumping Station",Baker Beach,Posting,Combined Sewer Overflow,Combined Sewer Discharge,2019-12-18,08:07,2019-12-19,08:22,,,0.0,0.0,0.0,0.0,Active,2019-12-18,37.78977,-122.48741,OCEAN#16_SL,baker_china,cso,1
56728,OCEAN#22_SL,Fort Funston,Ocean Beach,Posting,Combined Sewer Overflow,Combined Sewer Discharge,2019-12-18,08:06,2019-12-19,,,,0.0,0.0,0.0,0.0,Active,2019-12-18,37.71526,-122.50476,OCEAN#22_SL,ocean,cso,1
56768,BAY#300.1_SL,Sunnydale Cove,Candlestick Point,Posting,Unknown,Unknown,2019-12-24,07:39,2019-12-25,,,,1.0,0.0,0.0,0.0,Active,2019-12-30,37.7096,-122.3899,BAY#300.1_SL,east,other,1
56769,BAY#301.1_SL,Windsurfer Circle,Candlestick Point,Posting,Unknown,Unknown,2019-12-24,07:39,2019-12-25,,,,1.0,0.0,0.0,0.0,Active,2019-12-30,37.70917,-122.3823,BAY#301.1_SL,east,other,1
56770,BAY#320_SL,Islais creek at Islais Landing,Islais Creek Channel,Posting,Unknown,Unknown,2019-12-24,07:40,2019-12-25,,,,1.0,0.0,0.0,0.0,Active,2019-12-30,37.74703,-122.38793,BAY#320_SL,east,other,1
56771,BAY#320_SL,Islais creek at Islais Landing,Islais Creek Channel,Posting,Combined Sewer Overflow,Combined Sewer Discharge,2019-12-30,07:41,2019-12-31,09:13,,,0.0,0.0,0.0,0.0,Active,2019-12-30,37.74703,-122.38793,BAY#320_SL,east,cso,1
56795,BAY#300.1_SL,Sunnydale Cove,Candlestick Point,Posting,Unknown,Unknown,2020-01-01,10:30,2020-01-02,23:59,,,1.0,0.0,0.0,0.0,Active,2020-01-02,37.7096,-122.3899,BAY#300.1_SL,east,other,1
56846,BAY#300.1_SL,Sunnydale Cove,Candlestick Point,Posting,Unknown,Unknown,2020-01-08,08:37,2020-01-09,08:28,,,1.0,0.0,0.0,0.0,Active,2020-01-08,37.7096,-122.3899,BAY#300.1_SL,east,other,1
56980,BAY#202.4_SL,"Crissy Field, East",Crissy Field,Posting,Combined Sewer Overflow,Combined Sewer Discharge,2020-01-16,08:56,2020-01-19,00:00,,,0.0,0.0,0.0,0.0,Active,2020-01-17,37.8066,-122.4519,BAY#202.4_SL,north,cso,3
56981,BAY#202.5_SL,Crissy Field West,Crissy Field,Posting,Combined Sewer Overflow,Combined Sewer Discharge,2020-01-16,08:58,2020-01-18,23:59,,,0.0,0.0,0.0,0.0,Active,2020-01-17,37.8069,-122.4683,BAY#202.5_SL,north,cso,2
56986,BAY#211_SL,Aquatic Park Beach,Aquatic Park,Posting,Combined Sewer Overflow,Combined Sewer Discharge,2020-01-16,13:15,2020-01-17,23:59,,,0.0,0.0,0.0,0.0,Active,2020-01-17,37.8078,-122.4221,BAY#211_SL,north,cso,1
56964,BAY#220_SL,Mission creek at kayak landing,Mission Bay Channel,Posting,Combined Sewer Overflow,Combined Sewer Discharge,2020-01-16,13:05,2020-01-21,23:59,,,0.0,0.0,0.0,0.0,Active,2020-01-16,37.7719,-122.3967,BAY#220_SL,east,cso,5
56966,BAY#320_SL,Islais creek at Islais Landing,Islais Creek Channel,Posting,Combined Sewer Overflow,Combined Sewer Discharge,2020-01-16,13:07,2020-01-21,15:23,,,0.0,0.0,0.0,0.0,Active,2020-01-16,37.74703,-122.38793,BAY#320_SL,east,cso,5
56962,OCEAN#17_SL,China Beach,China Beach,Posting,Combined Sewer Overflow,Combined Sewer Discharge,2020-01-16,13:04,2020-01-18,23:59,,,0.0,0.0,0.0,0.0,Active,2020-01-16,37.78816,-122.49136,OCEAN#17_SL,baker_china,cso,2
56982,OCEAN#18_SL,"Ocean Beach, at Balboa St.",Ocean Beach,Posting,Combined Sewer Overflow,Combined Sewer Discharge,2020-01-16,08:59,2020-01-18,23:59,,,0.0,0.0,0.0,0.0,Active,2020-01-17,37.77492,-122.51351,OCEAN#18_SL,ocean,cso,2
56967,OCEAN#19_SL,"Ocean Beach, at Lincoln Ave.",Ocean Beach,Posting,Combined Sewer Overflow,Combined Sewer Discharge,2020-01-16,13:07,2020-01-19,00:00,,,0.0,0.0,0.0,0.0,Active,2020-01-16,37.7638,-122.511,OCEAN#19_SL,ocean,cso,3
56984,OCEAN#20_SL,"Ocean Beach, at Pacheco St.",Ocean Beach,Posting,Combined Sewer Overflow,Combined Sewer Discharge,2020-01-16,09:00,2020-01-18,23:59,,,0.0,0.0,0.0,0.0,Active,2020-01-17,37.74891,-122.50996,OCEAN#20_SL,ocean,cso,2
56983,OCEAN#21.1_SL,"Ocean Beach, at Sloat Blvd.",Ocean Beach,Posting,Combined Sewer Overflow,Combined Sewer Discharge,2020-01-16,08:59,2020-01-18,23:59,,,0.0,0.0,0.0,0.0,Active,2020-01-17,37.73567,-122.50769,OCEAN#21.1_SL,ocean,cso,2
56965,OCEAN#21_SL,Ocean Beach at Vicente St.,Ocean Beach,Posting,Combined Sewer Overflow,Combined Sewer Discharge,2020-01-16,13:06,2020-01-18,23:59,,,0.0,0.0,0.0,0.0,Active,2020-01-16,37.73782,-122.50825,OCEAN#21_SL,ocean,cso,2
56963,OCEAN#22_SL,Fort Funston,Ocean Beach,Posting,Combined Sewer Overflow,Combined Sewer Discharge,2020-01-16,13:05,2020-01-18,23:59,,,0.0,0.0,0.0,0.0,Active,2020-01-16,37.71526,-122.50476,OCEAN#22_SL,ocean,cso,2
56998,BAY#202.4_SL,"Crissy Field, East",Crissy Field,Posting,Unknown,Unknown,2020-01-22,07:14,2020-01-24,08:56,,,1.0,0.0,0.0,0.0,Active,2020-01-23,37.8066,-122.4519,BAY#202.4_SL,north,other,2
56999,BAY#320_SL,Islais creek at Islais Landing,Islais Creek Channel,Posting,Unknown,Unknown,2020-01-23,07:14,2020-01-23,11:45,,,1.0,0.0,0.0,0.0,Active,2020-01-23,37.74703,-122.38793,BAY#320_SL,east,other,0
57020,BAY#202.4_SL,"Crissy Field, East",Crissy Field,Posting,Unknown,Unknown,2020-01-28,09:38,2020-01-29,08:53,,,1.0,0.0,0.0,0.0,Active,2020-01-28,37.8066,-122.4519,BAY#202.4_SL,north,other,1
57072,BAY#202.4_SL,"Crissy Field, East",Crissy Field,Posting,Unknown,Unknown,2020-02-04,06:39,2020-02-05,08:16,,,1.0,0.0,0.0,0.0,Active,2020-02-05,37.8066,-122.4519,BAY#202.4_SL,north,other,1
57117,BAY#320_SL,Islais creek at Islais Landing,Islais Creek Channel,Posting,Unknown,Unknown,2020-02-25,09:30,2020-02-26,08:34,,,0.0,0.0,1.0,0.0,Active,2020-02-25,37.74703,-122.38793,BAY#320_SL,east,other,1
57146,BAY#320_SL,Islais creek at Islais Landing,Islais Creek Channel,Posting,Unknown,Unknown,2020-03-03,14:30,2020-03-04,08:19,,,1.0,0.0,0.0,0.0,Active,2020-03-03,37.74703,-122.38793,BAY#320_SL,east,other,1
57172,BAY#301.1_SL,Windsurfer Circle,Candlestick Point,Posting,Unknown,Unknown,2020-03-10,09:23,2020-03-12,15:22,,,1.0,0.0,0.0,0.0,Active,2020-03-10,37.70917,-122.3823,BAY#301.1_SL,east,other,2
57196,BAY#320_SL,Islais creek at Islais Landing,Islais Creek Channel,Posting,Unknown,Unknown,2020-03-17,11:58,2020-03-18,09:09,,,1.0,0.0,1.0,0.0,Active,2020-03-17,37.74703,-122.38793,BAY#320_SL,east,other,1
57278,BAY#301.1_SL,Windsurfer Circle,Candlestick Point,Posting,Unknown,Unknown,2020-04-07,10:19,2020-04-09,10:00,,,1.0,0.0,0.0,0.0,Active,2020-04-07,37.70917,-122.3823,BAY#301.1_SL,east,other,2
57277,BAY#320_SL,Islais creek at Islais Landing,Islais Creek Channel,Posting,Unknown,Unknown,2020-04-07,10:19,2020-04-09,10:00,,,1.0,0.0,1.0,1.0,Active,2020-04-07,37.74703,-122.38793,BAY#320_SL,east,other,2
57307,BAY#301.1_SL,Windsurfer Circle,Candlestick Point,Posting,Unknown,Unknown,2020-04-14,15:36,2020-04-16,09:11,,,0.0,0.0,1.0,0.0,Active,2020-04-14,37.70917,-122.3823,BAY#301.1_SL,east,other,2
57381,OCEAN#15EAST_SL,"Baker Beach East, Upper Parking Lot",Baker Beach,Posting,Unknown,Unknown,2020-04-28,08:24,2020-04-29,23:59,,,1.0,0.0,0.0,0.0,Active,2020-04-29,37.79258,-122.48465,OCEAN#15EAST_SL,baker_china,other,1
57382,OCEAN#15_SL,"Baker Beach, Lobos Creek at Lower Parking Lot",Baker Beach,Posting,Unknown,Unknown,2020-04-28,08:25,2020-04-29,00:00,,,1.0,0.0,0.0,1.0,Active,2020-04-29,37.7917,-122.484926,OCEAN#15_SL,baker_china,other,1
57404,BAY#301.1_SL,Windsurfer Circle,Candlestick Point,Posting,Unknown,Unknown,2020-05-05,09:50,2020-05-08,10:31,,,0.0,0.0,0.0,1.0,Active,2020-05-05,37.70917,-122.3823,BAY#301.1_SL,east,other,3
57552,BAY#202.4_SL,"Crissy Field, East",Crissy Field,Posting,Unknown,Unknown,2020-06-16,10:07,2020-06-17,00:00,,,1.0,0.0,0.0,0.0,Active,2020-06-16,37.8066,-122.4519,BAY#202.4_SL,north,other,1
57553,BAY#202.5_SL,Crissy Field West,Crissy Field,Posting,Unknown,Unknown,2020-06-16,10:08,2020-06-17,23:59,,,1.0,0.0,0.0,0.0,Active,2020-06-16,37.8069,-122.4683,BAY#202.5_SL,north,other,1
57554,BAY#301.1_SL,Windsurfer Circle,Candlestick Point,Posting,Unknown,Unknown,2020-06-16,10:09,2020-06-17,23:59,,,0.0,0.0,0.0,1.0,Active,2020-06-16,37.70917,-122.3823,BAY#301.1_SL,east,other,1
57652,BAY#301.1_SL,Windsurfer Circle,Candlestick Point,Posting,Unknown,Unknown,2020-07-07,09:58,2020-07-08,23:59,,,0.0,0.0,1.0,1.0,Active,2020-07-07,37.70917,-122.3823,BAY#301.1_SL,east,other,1
57752,BAY#301.1_SL,Windsurfer Circle,Candlestick Point,Posting,Unknown,Unknown,2020-08-04,10:18,2020-08-06,10:34,,,0.0,0.0,1.0,0.0,Active,2020-08-04,37.70917,-122.3823,BAY#301.1_SL,east,other,2
57807,BAY#301.1_SL,Windsurfer Circle,Candlestick Point,Posting,Unknown,Unknown,2020-08-18,11:31,2020-08-20,10:58,,,1.0,0.0,0.0,1.0,Active,2020-08-18,37.70917,-122.3823,BAY#301.1_SL,east,other,2
57806,BAY#320_SL,Islais creek at Islais Landing,Islais Creek Channel,Posting,Unknown,Unknown,2020-08-18,11:30,2020-08-19,11:28,,,1.0,0.0,0.0,0.0,Active,2020-08-18,37.74703,-122.38793,BAY#320_SL,east,other,1
57888,OCEAN#15_SL,"Baker Beach, Lobos Creek at Lower Parking Lot",Baker Beach,Posting,Unknown,Unknown,2020-09-01,13:08,2020-09-03,14:48,,,1.0,0.0,0.0,0.0,Active,2020-09-01,37.7917,-122.484926,OCEAN#15_SL,baker_china,other,2
57945,BAY#301.1_SL,Windsurfer Circle,Candlestick Point,Posting,Unknown,Unknown,2020-09-15,15:49,2020-09-16,08:26,,,0.0,0.0,1.0,0.0,Active,2020-09-15,37.70917,-122.3823,BAY#301.1_SL,east,other,1
57946,OCEAN#15EAST_SL,"Baker Beach East, Upper Parking Lot",Baker Beach,Posting,Unknown,Unknown,2020-09-15,15:51,2020-09-16,08:26,,,1.0,0.0,0.0,0.0,Active,2020-09-15,37.79258,-122.48465,OCEAN#15EAST_SL,baker_china,other,1
57947,OCEAN#15_SL,"Baker Beach, Lobos Creek at Lower Parking Lot",Baker Beach,Posting,Unknown,Unknown,2020-09-15,15:51,2020-09-16,08:26,,,1.0,0.0,0.0,0.0,Active,2020-09-15,37.7917,-122.484926,OCEAN#15_SL,baker_china,other,1
58008,BAY#301.1_SL,Windsurfer Circle,Candlestick Point,Posting,Unknown,Unknown,2020-09-22,11:11,2020-09-23,13:03,,,0.0,0.0,1.0,0.0,Active,2020-09-22,37.70917,-122.3823,BAY#301.1_SL,east,other,1
58031,BAY#301.1_SL,Windsurfer Circle,Candlestick Point,Posting,Unknown,Unknown,2020-09-29,09:25,2020-09-30,08:25,,,0.0,0.0,1.0,1.0,Active,2020-09-29,37.70917,-122.3823,BAY#301.1_SL,east,other,1
58105,BAY#300.1_SL,Sunnydale Cove,Candlestick Point,Posting,Unknown,Unknown,2020-10-14,11:16,2020-10-15,10:28,,,0.0,0.0,1.0,1.0,Active,2020-10-14,37.7096,-122.3899,BAY#300.1_SL,east,other,1
58104,BAY#301.1_SL,Windsurfer Circle,Candlestick Point,Posting,Unknown,Unknown,2020-10-14,11:14,2020-10-16,09:31,,,0.0,0.0,1.0,1.0,Active,2020-10-14,37.70917,-122.3823,BAY#301.1_SL,east,other,2
58159,BAY#301.1_SL,Windsurfer Circle,Candlestick Point,Posting,Unknown,Unknown,2020-10-27,16:27,2020-10-28,16:13,,,0.0,0.0,1.0,0.0,Active,2020-10-27,37.70917,-122.3823,BAY#301.1_SL,east,other,1
58205,OCEAN#15_SL,"Baker Beach, Lobos Creek at Lower Parking Lot",Baker Beach,Posting,Unknown,Unknown,2020-11-10,08:46,2020-11-11,23:59,,,1.0,0.0,0.0,0.0,Active,2020-11-10,37.7917,-122.484926,OCEAN#15_SL,baker_china,other,1
58240,BAY#300.1_SL,Sunnydale Cove,Candlestick Point,Posting,Unknown,Unknown,2020-11-11,13:37,2020-11-12,23:59,,,0.0,0.0,1.0,0.0,Active,2020-11-16,37.7096,-122.3899,BAY#300.1_SL,east,other,1
58248,BAY#202.4_SL,"Crissy Field, East",Crissy Field,Posting,Unknown,Unknown,2020-11-17,15:18,2020-11-19,00:00,,,1.0,0.0,0.0,0.0,Active,2020-11-17,37.8066,-122.4519,BAY#202.4_SL,north,other,2
58247,BAY#301.1_SL,Windsurfer Circle,Candlestick Point,Posting,Unknown,Unknown,2020-11-17,15:17,2020-11-21,23:59,,,1.0,0.0,0.0,0.0,Active,2020-11-17,37.70917,-122.3823,BAY#301.1_SL,east,other,4
58241,OCEAN#15_SL,"Baker Beach, Lobos Creek at Lower Parking Lot",Baker Beach,Posting,Unknown,Unknown,2020-11-17,09:04,2020-11-18,23:59,,,1.0,0.0,0.0,0.0,Active,2020-11-17,37.7917,-122.484926,OCEAN#15_SL,baker_china,other,1
58297,BAY#300.1_SL,Sunnydale Cove,Candlestick Point,Posting,Unknown,Unknown,2020-11-24,06:50,2020-11-25,23:59,,,1.0,0.0,0.0,0.0,Active,2020-11-30,37.7096,-122.3899,BAY#300.1_SL,east,other,1
58298,BAY#301.1_SL,Windsurfer Circle,Candlestick Point,Posting,Unknown,Unknown,2020-11-24,06:51,2020-11-25,23:59,,,1.0,0.0,0.0,0.0,Active,2020-11-30,37.70917,-122.3823,BAY#301.1_SL,east,other,1
58365,BAY#202.4_SL,"Crissy Field, East",Crissy Field,Posting,Combined Sewer Overflow,Combined Sewer Discharge,2020-12-13,07:25,2020-12-14,15:06,,,0.0,0.0,0.0,0.0,Active,2020-12-14,37.8066,-122.4519,BAY#202.4_SL,north,cso,1
58366,BAY#202.5_SL,Crissy Field West,Crissy Field,Posting,Combined Sewer Overflow,Combined Sewer Discharge,2020-12-13,07:43,2020-12-14,15:07,,,0.0,0.0,0.0,0.0,Active,2020-12-14,37.8069,-122.4683,BAY#202.5_SL,north,cso,1
58367,BAY#210.1_SL,Hyde Street Pier,Aquatic Park,Posting,Combined Sewer Overflow,Combined Sewer Discharge,2020-12-13,07:44,2020-12-14,15:07,,,0.0,0.0,0.0,0.0,Active,2020-12-14,37.80899,-122.4212947,BAY#210.1_SL,north,cso,1
58368,BAY#211_SL,Aquatic Park Beach,Aquatic Park,Posting,Combined Sewer Overflow,Combined Sewer Discharge,2020-12-13,07:45,2020-12-14,15:07,,,0.0,0.0,0.0,0.0,Active,2020-12-14,37.8078,-122.4221,BAY#211_SL,north,cso,1
58385,BAY#320_SL,Islais creek at Islais Landing,Islais Creek Channel,Posting,Unknown,Unknown,2020-12-15,14:37,2020-12-16,08:35,,,1.0,0.0,1.0,0.0,Active,2020-12-15,37.74703,-122.38793,BAY#320_SL,east,other,1
58431,BAY#301.2_SL,Jack Rabbit Beach,Candlestick Point,Posting,Other - Unkown,Unknown,2020-12-23,12:42,2020-12-24,08:37,,,0.0,0.0,0.0,1.0,Active,2020-12-23,37.711025,-122.380136,BAY#301.2_SL,east,other,1
58470,BAY#301.1_SL,Windsurfer Circle,Candlestick Point,Posting,Unknown,Unknown,2020-12-29,08:42,2020-12-30,23:59,,,1.0,0.0,0.0,0.0,Active,2020-12-30,37.70917,-122.3823,BAY#301.1_SL,east,other,1
58490,BAY#300.1_SL,Sunnydale Cove,Candlestick Point,Posting,Unknown,Unknown,2021-01-05,10:35,2021-01-06,09:06,,,1.0,0.0,0.0,0.0,Active,2021-01-05,37.7096,-122.3899,BAY#300.1_SL,east,other,1
58491,BAY#301.1_SL,Windsurfer Circle,Candlestick Point,Posting,Unknown,Unknown,2021-01-05,10:36,2021-01-06,09:06,,,1.0,0.0,0.0,1.0,Active,2021-01-05,37.70917,-122.3823,BAY#301.1_SL,east,other,1
58524,BAY#301.1_SL,Windsurfer Circle,Candlestick Point,Posting,Unknown,Unknown,2021-01-12,09:03,2021-01-14,23:59,,,1.0,0.0,0.0,1.0,Active,2021-01-12,37.70917,-122.3823,BAY#301.1_SL,east,other,2
58651,BAY#301.1_SL,Windsurfer Circle,Candlestick Point,Posting,Unknown,Unknown,2021-01-26,08:43,2021-01-31,23:59,,,1.0,0.0,0.0,0.0,Active,2021-01-26,37.70917,-122.3823,BAY#301.1_SL,east,other,5
58675,BAY#202.4_SL,"Crissy Field, East",Crissy Field,Posting,Combined Sewer Overflow,Combined Sewer Discharge,2021-01-27,10:40,2021-01-28,23:59,,,0.0,0.0,0.0,0.0,Active,2021-01-27,37.8066,-122.4519,BAY#202.4_SL,north,cso,1
58676,BAY#202.5_SL,Crissy Field West,Crissy Field,Posting,Combined Sewer Overflow,Combined Sewer Discharge,2021-01-27,10:40,2021-01-28,23:59,,,0.0,0.0,0.0,0.0,Active,2021-01-27,37.8069,-122.4683,BAY#202.5_SL,north,cso,1
58674,BAY#211_SL,Aquatic Park Beach,Aquatic Park,Posting,Combined Sewer Overflow,Combined Sewer Discharge,2021-01-27,10:39,2021-01-29,23:59,,,0.0,0.0,0.0,0.0,Active,2021-01-27,37.8078,-122.4221,BAY#211_SL,north,cso,2
58673,BAY#220_SL,Mission creek at kayak landing,Mission Bay Channel,Posting,Combined Sewer Overflow,Combined Sewer Discharge,2021-01-27,10:38,2021-02-01,08:22,,,0.0,0.0,0.0,0.0,Active,2021-01-27,37.7719,-122.3967,BAY#220_SL,east,cso,5
58672,BAY#230_SL,Crane Cove Park,Crane Cove Park,Posting,Combined Sewer Overflow,Combined Sewer Discharge,2021-01-27,10:38,2021-01-28,23:59,,,0.0,0.0,0.0,0.0,Active,2021-01-27,37.763431,-122.386861,BAY#230_SL,east,cso,1
58682,BAY#320_SL,Islais creek at Islais Landing,Islais Creek Channel,Posting,Combined Sewer Overflow,Combined Sewer Discharge,2021-01-27,07:05,2021-02-01,08:22,,,0.0,0.0,0.0,0.0,Active,2021-02-01,37.74703,-122.38793,BAY#320_SL,east,cso,5
58671,OCEAN#22_SL,Fort Funston,Ocean Beach,Posting,Combined Sewer Overflow,Combined Sewer Discharge,2021-01-27,10:35,2021-01-28,23:59,,,0.0,0.0,0.0,0.0,Active,2021-01-27,37.71526,-122.50476,OCEAN#22_SL,ocean,cso,1
58681,BAY#230_SL,Crane Cove Park,Crane Cove Park,Posting,Combined Sewer Overflow,Combined Sewer Discharge,2021-01-29,06:56,2021-01-30,,,,0.0,0.0,0.0,0.0,Active,2021-02-01,37.763431,-122.386861,BAY#230_SL,east,cso,1
58713,BAY#300.1_SL,Sunnydale Cove,Candlestick Point,Posting,Unknown,Unknown,2021-02-03,12:04,2021-02-04,23:59,,,1.0,0.0,0.0,0.0,Active,2021-02-03,37.7096,-122.3899,BAY#300.1_SL,east,other,1
58722,BAY#211_SL,Aquatic Park Beach,Aquatic Park,Posting,Unknown,Unknown,2021-02-09,09:07,2021-02-10,09:42,,,1.0,0.0,0.0,1.0,Active,2021-02-09,37.8078,-122.4221,BAY#211_SL,north,other,1
58828,BAY#301.1_SL,Windsurfer Circle,Candlestick Point,Posting,Unknown,Unknown,2021-03-02,10:38,2021-03-03,23:49,,,1.0,0.0,0.0,1.0,Active,2021-03-02,37.70917,-122.3823,BAY#301.1_SL,east,other,1
58860,BAY#301.1_SL,Windsurfer Circle,Candlestick Point,Posting,Unknown,Unknown,2021-03-09,09:17,2021-03-12,23:49,,,1.0,0.0,0.0,0.0,Active,2021-03-17,37.70917,-122.3823,BAY#301.1_SL,east,other,3
58855,BAY#320_SL,Islais creek at Islais Landing,Islais Creek Channel,Posting,Unknown,Unknown,2021-03-16,08:39,2021-03-17,23:49,,,1.0,0.0,0.0,0.0,Active,2021-03-16,37.74703,-122.38793,BAY#320_SL,east,other,1
58934,BAY#320_SL,Islais creek at Islais Landing,Islais Creek Channel,Posting,Unknown,Unknown,2021-03-30,10:22,2021-03-31,09:12,,,0.0,0.0,1.0,0.0,Active,2021-03-30,37.74703,-122.38793,BAY#320_SL,east,other,1
58959,BAY#211_SL,Aquatic Park Beach,Aquatic Park,Posting,Unknown,Unknown,2021-04-06,09:03,2021-04-07,10:33,,,1.0,1.0,0.0,0.0,Active,2021-04-06,37.8078,-122.4221,BAY#211_SL,north,other,1
58958,BAY#301.1_SL,Windsurfer Circle,Candlestick Point,Posting,Unknown,Unknown,2021-04-06,09:02,2021-04-08,08:32,,,1.0,0.0,0.0,0.0,Active,2021-04-06,37.70917,-122.3823,BAY#301.1_SL,east,other,2
59104,BAY#301.1_SL,Windsurfer Circle,Candlestick Point,Posting,Unknown,Unknown,2021-05-18,08:35,2021-05-19,08:23,,,1.0,1.0,0.0,0.0,Active,2021-05-18,37.70917,-122.3823,BAY#301.1_SL,east,other,1
59169,BAY#301.1_SL,Windsurfer Circle,Candlestick Point,Posting,Unknown,Unknown,2021-06-02,08:43,2021-06-03,,,,1.0,0.0,0.0,0.0,Active,2021-06-02,37.70917,-122.3823,BAY#301.1_SL,east,other,1
59327,BAY#320_SL,Islais creek at Islais Landing,Islais Creek Channel,Posting,Unknown,Unknown,2021-06-22,10:14,2021-06-23,,,,0.0,1.0,1.0,0.0,Active,2021-07-14,37.74703,-122.38793,BAY#320_SL,east,other,1
59331,BAY#202.4_SL,"Crissy Field, East",Crissy Field,Posting,Unknown,Unknown,2021-06-29,10:16,2021-06-30,,,,1.0,0.0,0.0,0.0,Active,2021-07-14,37.8066,-122.4519,BAY#202.4_SL,north,other,1
59329,BAY#301.1_SL,Windsurfer Circle,Candlestick Point,Posting,Unknown,Unknown,2021-06-29,10:15,2021-06-30,,,,1.0,0.0,0.0,0.0,Active,2021-07-14,37.70917,-122.3823,BAY#301.1_SL,east,other,1
59332,OCEAN#17_SL,China Beach,China Beach,Posting,Other,.,2021-07-01,10:17,2021-07-02,12:29,,,0.0,0.0,0.0,0.0,Active,2021-07-14,37.78816,-122.49136,OCEAN#17_SL,baker_china,other,1
59333,BAY#202.4_SL,"Crissy Field, East",Crissy Field,Posting,Unknown,Unknown,2021-07-07,10:25,2021-07-08,,,,1.0,0.0,0.0,0.0,Active,2021-07-14,37.8066,-122.4519,BAY#202.4_SL,north,other,1
59390,BAY#202.4_SL,"Crissy Field, East",Crissy Field,Posting,Unknown,Unknown,2021-07-27,09:32,2021-07-30,,,,0.0,1.0,0.0,0.0,Active,2021-07-27,37.8066,-122.4519,BAY#202.4_SL,north,other,3
59462,BAY#320_SL,Islais creek at Islais Landing,Islais Creek Channel,Posting,Power Failure,Combined Sewer Discharge,2021-08-05,06:34,2021-08-06,,,,0.0,0.0,0.0,0.0,Active,2021-08-09,37.74703,-122.38793,BAY#320_SL,east,cso,1
59491,OCEAN#15_SL,"Baker Beach, Lobos Creek at Lower Parking Lot",Baker Beach,Posting,Unknown,Unknown,2021-08-17,10:03,2021-08-18,08:39,,,0.0,0.0,1.0,0.0,Active,2021-08-17,37.7917,-122.484926,OCEAN#15_SL,baker_china,other,1
59517,OCEAN#21.1_SL,"Ocean Beach, at Sloat Blvd.",Ocean Beach,Posting,Unknown,Unknown,2021-08-25,09:15,2021-08-26,08:24,,,1.0,1.0,0.0,0.0,Active,2021-08-25,37.73567,-122.50769,OCEAN#21.1_SL,ocean,other,1
59542,OCEAN#21.1_SL,"Ocean Beach, at Sloat Blvd.",Ocean Beach,Posting,Unknown,Unknown,2021-08-31,14:24,2021-09-01,09:14,,,1.0,0.0,1.0,0.0,Active,2021-08-31,37.73567,-122.50769,OCEAN#21.1_SL,ocean,other,1
59596,OCEAN#15_SL,"Baker Beach, Lobos Creek at Lower Parking Lot",Baker Beach,Posting,Unknown,Unknown,2021-09-14,10:00,2021-09-15,,,,1.0,1.0,1.0,0.0,Active,2021-09-14,37.7917,-122.484926,OCEAN#15_SL,baker_china,other,1
59620,BAY#230_SL,Crane Cove Park,Crane Cove Park,Posting,Unknown,Unknown,2021-09-21,09:04,2021-09-22,08:35,,,0.0,1.0,0.0,0.0,Active,2021-09-21,37.763431,-122.386861,BAY#230_SL,east,other,1
59669,BAY#230_SL,Crane Cove Park,Crane Cove Park,Posting,Unknown,Unknown,2021-10-05,14:39,2021-10-06,09:12,,,1.0,0.0,0.0,0.0,Active,2021-10-05,37.763431,-122.386861,BAY#230_SL,east,other,1
59692,BAY#202.5_SL,Crissy Field West,Crissy Field,Posting,Unknown,Unknown,2021-10-13,08:42,2021-10-14,08:39,,,1.0,1.0,1.0,0.0,Active,2021-10-13,37.8069,-122.4683,BAY#202.5_SL,north,other,1
59755,BAY#230_SL,Crane Cove Park,Crane Cove Park,Posting,Combined Sewer Overflow,Combined Sewer Discharge,2021-10-21,15:03,2021-10-23,,,,0.0,0.0,0.0,0.0,Active,2021-10-25,37.763431,-122.386861,BAY#230_SL,east,cso,2
59769,BAY#320_SL,Islais creek at Islais Landing,Islais Creek Channel,Posting,Combined Sewer Overflow,Coastal outlets,2021-10-21,07:34,2021-10-28,08:34,,,0.0,0.0,0.0,0.0,Active,2021-10-26,37.74703,-122.38793,BAY#320_SL,east,cso,7
59760,OCEAN#18_SL,"Ocean Beach, at Balboa St.",Ocean Beach,Posting,Combined Sewer Overflow,Combined Sewer Discharge,2021-10-21,15:12,2021-10-22,,,,0.0,0.0,0.0,0.0,Active,2021-10-25,37.77492,-122.51351,OCEAN#18_SL,ocean,cso,1
59761,OCEAN#19_SL,"Ocean Beach, at Lincoln Ave.",Ocean Beach,Posting,Combined Sewer Overflow,Combined Sewer Discharge,2021-10-21,15:20,2021-10-22,,,,0.0,0.0,0.0,0.0,Active,2021-10-25,37.7638,-122.511,OCEAN#19_SL,ocean,cso,1
59768,OCEAN#21.1_SL,"Ocean Beach, at Sloat Blvd.",Ocean Beach,Posting,Combined Sewer Overflow,Combined Sewer Discharge,2021-10-21,07:33,2021-10-27,12:56,,,0.0,0.0,0.0,0.0,Active,2021-10-26,37.73567,-122.50769,OCEAN#21.1_SL,ocean,cso,6
59767,OCEAN#21_SL,Ocean Beach at Vicente St.,Ocean Beach,Posting,Combined Sewer Overflow,Combined Sewer Discharge,2021-10-21,07:31,2021-10-27,12:55,,,0.0,0.0,0.0,0.0,Active,2021-10-26,37.73782,-122.50825,OCEAN#21_SL,ocean,cso,6
59766,OCEAN#22_SL,Fort Funston,Ocean Beach,Posting,Combined Sewer Overflow,Combined Sewer Discharge,2021-10-21,07:30,2021-10-26,13:03,,,0.0,0.0,0.0,0.0,Active,2021-10-26,37.71526,-122.50476,OCEAN#22_SL,ocean,cso,5
59762,OCEAN#15EAST_SL,"Baker Beach East, Upper Parking Lot",Baker Beach,Posting,Combined Sewer Overflow,Combined Sewer Discharge,2021-10-22,06:57,2021-10-23,,,,0.0,0.0,0.0,0.0,Active,2021-10-26,37.79258,-122.48465,OCEAN#15EAST_SL,baker_china,cso,1
59763,OCEAN#15_SL,"Baker Beach, Lobos Creek at Lower Parking Lot",Baker Beach,Posting,Combined Sewer Overflow,Combined Sewer Discharge,2021-10-22,06:59,2021-10-24,,,,0.0,0.0,0.0,0.0,Active,2021-10-26,37.7917,-122.484926,OCEAN#15_SL,baker_china,cso,2
59764,OCEAN#16_SL,"Baker Beach West, Opposite Seacliff 2 Pumping Station",Baker Beach,Posting,Combined Sewer Overflow,Combined Sewer Discharge,2021-10-22,07:00,2021-10-24,,,,0.0,0.0,0.0,0.0,Active,2021-10-26,37.78977,-122.48741,OCEAN#16_SL,baker_china,cso,2
59756,BAY#202.4_SL,"Crissy Field, East",Crissy Field,Posting,Combined Sewer Overflow,Combined Sewer Discharge,2021-10-24,15:04,2021-10-27,12:49,,,0.0,0.0,0.0,0.0,Active,2021-10-25,37.8066,-122.4519,BAY#202.4_SL,north,cso,3
59757,BAY#202.5_SL,Crissy Field West,Crissy Field,Posting,Combined Sewer Overflow,Combined Sewer Discharge,2021-10-24,15:06,2021-10-27,12:50,,,0.0,0.0,0.0,0.0,Active,2021-10-25,37.8069,-122.4683,BAY#202.5_SL,north,cso,3
59758,BAY#210.1_SL,Hyde Street Pier,Aquatic Park,Posting,Combined Sewer Overflow,Combined Sewer Discharge,2021-10-24,15:07,2021-10-25,,,,0.0,0.0,0.0,0.0,Active,2021-10-25,37.80899,-122.4212947,BAY#210.1_SL,north,cso,1
59759,BAY#211_SL,Aquatic Park Beach,Aquatic Park,Posting,Combined Sewer Overflow,Combined Sewer Discharge,2021-10-24,15:10,2021-10-27,12:50,,,0.0,0.0,0.0,0.0,Active,2021-10-25,37.8078,-122.4221,BAY#211_SL,north,cso,3
59770,BAY#220_SL,Mission creek at kayak landing,Mission Bay Channel,Posting,Combined Sewer Overflow,Combined Sewer Discharge,2021-10-24,07:35,2021-10-28,08:34,,,0.0,0.0,0.0,0.0,Active,2021-10-26,37.7719,-122.3967,BAY#220_SL,east,cso,4
59771,BAY#230_SL,Crane Cove Park,Crane Cove Park,Posting,Combined Sewer Overflow,Combined Sewer Discharge,2021-10-24,07:36,2021-10-27,12:50,,,0.0,0.0,0.0,0.0,Active,2021-10-26,37.763431,-122.386861,BAY#230_SL,east,cso,3
59778,BAY#300.1_SL,Sunnydale Cove,Candlestick Point,Posting,Combined Sewer Overflow,Combined Sewer Discharge,2021-10-24,07:41,2021-10-30,23:59,,,0.0,0.0,0.0,0.0,Active,2021-10-26,37.7096,-122.3899,BAY#300.1_SL,east,cso,6
59779,BAY#301.1_SL,Windsurfer Circle,Candlestick Point,Posting,Combined Sewer Overflow,Combined Sewer Discharge,2021-10-24,07:42,2021-11-03,13:28,,,0.0,0.0,0.0,0.0,Active,2021-10-26,37.70917,-122.3823,BAY#301.1_SL,east,cso,10
59780,BAY#301.2_SL,Jack Rabbit Beach,Candlestick Point,Posting,Combined Sewer Overflow,Combined Sewer Discharge,2021-10-24,07:43,2021-10-28,08:34,,,0.0,0.0,0.0,0.0,Active,2021-10-26,37.711025,-122.380136,BAY#301.2_SL,east,cso,4
59772,OCEAN#15EAST_SL,"Baker Beach East, Upper Parking Lot",Baker Beach,Posting,Combined Sewer Overflow,Combined Sewer Discharge,2021-10-24,07:37,2021-10-27,12:54,,,0.0,0.0,0.0,0.0,Active,2021-10-26,37.79258,-122.48465,OCEAN#15EAST_SL,baker_china,cso,3
59773,OCEAN#15_SL,"Baker Beach, Lobos Creek at Lower Parking Lot",Baker Beach,Posting,Combined Sewer Overflow,Combined Sewer Discharge,2021-10-24,07:38,2021-10-28,2359,,,0.0,0.0,0.0,0.0,Active,2021-10-26,37.7917,-122.484926,OCEAN#15_SL,baker_china,cso,4
59774,OCEAN#16_SL,"Baker Beach West, Opposite Seacliff 2 Pumping Station",Baker Beach,Posting,Combined Sewer Overflow,Combined Sewer Discharge,2021-10-24,07:39,2021-10-27,12:54,,,0.0,0.0,0.0,0.0,Active,2021-10-26,37.78977,-122.48741,OCEAN#16_SL,baker_china,cso,3
59775,OCEAN#17_SL,China Beach,China Beach,Posting,Combined Sewer Overflow,Combined Sewer Discharge,2021-10-24,07:39,2021-10-27,12:50,,,0.0,0.0,0.0,0.0,Active,2021-10-26,37.78816,-122.49136,OCEAN#17_SL,baker_china,cso,3
59776,OCEAN#18_SL,"Ocean Beach, at Balboa St.",Ocean Beach,Posting,Combined Sewer Overflow,Combined Sewer Discharge,2021-10-24,07:40,2021-10-27,12:55,,,0.0,0.0,0.0,0.0,Active,2021-10-26,37.77492,-122.51351,OCEAN#18_SL,ocean,cso,3
59777,OCEAN#19_SL,"Ocean Beach, at Lincoln Ave.",Ocean Beach,Posting,Combined Sewer Overflow,Combined Sewer Discharge,2021-10-24,07:41,2021-10-27,12:56,,,0.0,0.0,0.0,0.0,Active,2021-10-26,37.7638,-122.511,OCEAN#19_SL,ocean,cso,3
59765,OCEAN#20_SL,"Ocean Beach, at Pacheco St.",Ocean Beach,Posting,Combined Sewer Overflow,Combined Sewer Discharge,2021-10-24,07:00,2021-10-27,12:56,,,0.0,0.0,0.0,0.0,Active,2021-10-26,37.74891,-122.50996,OCEAN#20_SL,ocean,cso,3
59830,BAY#220_SL,Mission creek at kayak landing,Mission Bay Channel,Posting,Unknown,Unknown,2021-11-02,08:58,2021-11-04,09:34,,,1.0,0.0,0.0,0.0,Active,2021-11-02,37.7719,-122.3967,BAY#220_SL,east,other,2
59831,BAY#300.1_SL,Sunnydale Cove,Candlestick Point,Posting,Unknown,Unknown,2021-11-02,09:00,2021-11-03,13:28,,,1.0,1.0,1.0,0.0,Active,2021-11-02,37.7096,-122.3899,BAY#300.1_SL,east,other,1
59829,OCEAN#15_SL,"Baker Beach, Lobos Creek at Lower Parking Lot",Baker Beach,Posting,Unknown Cause,Unknown,2021-11-02,08:58,2021-11-05,23:59,,,1.0,0.0,0.0,0.0,Active,2021-11-02,37.7917,-122.484926,OCEAN#15_SL,baker_china,other,3
59883,BAY#220_SL,Mission creek at kayak landing,Mission Bay Channel,Posting,Combined Sewer Overflow,Combined Sewer Discharge,2021-11-09,08:55,2021-11-11,,,,0.0,0.0,0.0,0.0,Active,2021-11-09,37.7719,-122.3967,BAY#220_SL,east,cso,2
59885,BAY#230_SL,Crane Cove Park,Crane Cove Park,Posting,Combined Sewer Overflow,Combined Sewer Discharge,2021-11-09,08:58,2021-11-11,,,,0.0,0.0,0.0,0.0,Active,2021-11-09,37.763431,-122.386861,BAY#230_SL,east,cso,2
59884,BAY#320_SL,Islais creek at Islais Landing,Islais Creek Channel,Posting,Combined Sewer Overflow,Combined Sewer Discharge,2021-11-09,08:57,2021-11-11,,,,0.0,0.0,0.0,0.0,Active,2021-11-09,37.74703,-122.38793,BAY#320_SL,east,cso,2
59886,OCEAN#22_SL,Fort Funston,Ocean Beach,Posting,Combined Sewer Overflow,Combined Sewer Discharge,2021-11-09,08:58,2021-11-11,,,,0.0,0.0,0.0,0.0,Active,2021-11-09,37.71526,-122.50476,OCEAN#22_SL,ocean,cso,2
59905,BAY#301.1_SL,Windsurfer Circle,Candlestick Point,Posting,Unknown,Unknown,2021-11-16,09:23,2021-11-22,08:36,,,1.0,0.0,0.0,0.0,Active,2021-11-16,37.70917,-122.3823,BAY#301.1_SL,east,other,6
59982,BAY#320_SL,Islais creek at Islais Landing,Islais Creek Channel,Posting,Unknown,Unknown,2021-12-07,13:09,2021-12-08,08:14,,,0.0,1.0,0.0,0.0,Active,2021-12-07,37.74703,-122.38793,BAY#320_SL,east,other,1
60004,BAY#202.4_SL,"Crissy Field, East",Crissy Field,Posting,Rain,Combined Sewer Discharge,2021-12-13,07:44,2021-12-15,13:32,,,0.0,0.0,0.0,0.0,Active,2021-12-13,37.8066,-122.4519,BAY#202.4_SL,north,cso,2
60005,BAY#202.5_SL,Crissy Field West,Crissy Field,Posting,Rain,Combined Sewer Discharge,2021-12-13,07:45,2021-12-15,13:32,,,0.0,0.0,0.0,0.0,Active,2021-12-13,37.8069,-122.4683,BAY#202.5_SL,north,cso,2
60007,BAY#210.1_SL,Hyde Street Pier,Aquatic Park,Posting,Rain,Combined Sewer Discharge,2021-12-13,15:26,2021-12-14,10:20,,,0.0,0.0,0.0,0.0,Active,2021-12-13,37.80899,-122.4212947,BAY#210.1_SL,north,cso,1
60008,BAY#211_SL,Aquatic Park Beach,Aquatic Park,Posting,Rain,Combined Sewer Discharge,2021-12-13,15:27,2021-12-15,13:32,,,0.0,0.0,0.0,0.0,Active,2021-12-13,37.8078,-122.4221,BAY#211_SL,north,cso,2
60009,BAY#220_SL,Mission creek at kayak landing,Mission Bay Channel,Posting,Rain,Combined Sewer Discharge,2021-12-13,15:28,2021-12-18,,,,0.0,0.0,0.0,0.0,Active,2021-12-13,37.7719,-122.3967,BAY#220_SL,east,cso,5
60010,BAY#230_SL,Crane Cove Park,Crane Cove Park,Posting,Rain,Combined Sewer Discharge,2021-12-13,15:43,2021-12-17,,,,0.0,0.0,0.0,0.0,Active,2021-12-13,37.763431,-122.386861,BAY#230_SL,east,cso,4
60011,BAY#320_SL,Islais creek at Islais Landing,Islais Creek Channel,Posting,Rain,Combined Sewer Discharge,2021-12-13,15:43,2021-12-20,13:46,,,0.0,0.0,0.0,0.0,Active,2021-12-13,37.74703,-122.38793,BAY#320_SL,east,cso,7
60012,OCEAN#15EAST_SL,"Baker Beach East, Upper Parking Lot",Baker Beach,Posting,Rain,Combined Sewer Discharge,2021-12-13,15:44,2021-12-15,13:33,,,0.0,0.0,0.0,0.0,Active,2021-12-13,37.79258,-122.48465,OCEAN#15EAST_SL,baker_china,cso,2
60013,OCEAN#15_SL,"Baker Beach, Lobos Creek at Lower Parking Lot",Baker Beach,Posting,Rain,Combined Sewer Discharge,2021-12-13,15:44,2021-12-15,13:33,,,0.0,0.0,0.0,0.0,Active,2021-12-13,37.7917,-122.484926,OCEAN#15_SL,baker_china,cso,2
60014,OCEAN#16_SL,"Baker Beach West, Opposite Seacliff 2 Pumping Station",Baker Beach,Posting,Rain,Combined Sewer Discharge,2021-12-13,15:45,2021-12-14,15:31,,,0.0,0.0,0.0,0.0,Active,2021-12-13,37.78977,-122.48741,OCEAN#16_SL,baker_china,cso,1
60015,OCEAN#18_SL,"Ocean Beach, at Balboa St.",Ocean Beach,Posting,Rain,Combined Sewer Discharge,2021-12-13,15:48,2021-12-15,13:33,,,0.0,0.0,0.0,0.0,Active,2021-12-13,37.77492,-122.51351,OCEAN#18_SL,ocean,cso,2
60016,OCEAN#19_SL,"Ocean Beach, at Lincoln Ave.",Ocean Beach,Posting,Rain,Combined Sewer Discharge,2021-12-13,15:58,2021-12-15,13:33,,,0.0,0.0,0.0,0.0,Active,2021-12-13,37.7638,-122.511,OCEAN#19_SL,ocean,cso,2
60017,OCEAN#20_SL,"Ocean Beach, at Pacheco St.",Ocean Beach,Posting,Rain,Combined Sewer Discharge,2021-12-13,16:47,2021-12-15,13:32,,,0.0,0.0,0.0,0.0,Active,2021-12-13,37.74891,-122.50996,OCEAN#20_SL,ocean,cso,2
60018,OCEAN#21.1_SL,"Ocean Beach, at Sloat Blvd.",Ocean Beach,Posting,Rain,Combined Sewer Discharge,2021-12-13,16:49,2021-12-15,13:32,,,0.0,0.0,0.0,0.0,Active,2021-12-13,37.73567,-122.50769,OCEAN#21.1_SL,ocean,cso,2
60019,OCEAN#21_SL,Ocean Beach at Vicente St.,Ocean Beach,Posting,Rain,Combined Sewer Discharge,2021-12-13,16:50,2021-12-16,12:03,,,0.0,0.0,0.0,0.0,Active,2021-12-13,37.73782,-122.50825,OCEAN#21_SL,ocean,cso,3
60020,OCEAN#22_SL,Fort Funston,Ocean Beach,Posting,Rain,Combined Sewer Discharge,2021-12-13,16:50,2021-12-15,13:32,,,0.0,0.0,0.0,0.0,Active,2021-12-13,37.71526,-122.50476,OCEAN#22_SL,ocean,cso,2
60023,BAY#300.1_SL,Sunnydale Cove,Candlestick Point,Posting,Unknown,Unknown,2021-12-14,10:20,2021-12-15,13:31,,,1.0,1.0,0.0,0.0,Active,2021-12-14,37.7096,-122.3899,BAY#300.1_SL,east,other,1
60028,OCEAN#17_SL,China Beach,China Beach,Posting,Unknown,Unknown,2021-12-14,13:38,2021-12-15,,,,1.0,0.0,0.0,0.0,Active,2021-12-15,37.78816,-122.49136,OCEAN#17_SL,baker_china,other,1
60032,OCEAN#15EAST_SL,"Baker Beach East, Upper Parking Lot",Baker Beach,Posting,Rain,Combined Sewer Discharge,2021-12-16,12:12,2021-12-17,,,,0.0,0.0,0.0,0.0,Active,2021-12-16,37.79258,-122.48465,OCEAN#15EAST_SL,baker_china,cso,1
60033,OCEAN#15_SL,"Baker Beach, Lobos Creek at Lower Parking Lot",Baker Beach,Posting,Rain,Combined Sewer Discharge,2021-12-16,12:12,2021-12-17,,,,0.0,0.0,0.0,0.0,Active,2021-12-16,37.7917,-122.484926,OCEAN#15_SL,baker_china,cso,1
60034,OCEAN#16_SL,"Baker Beach West, Opposite Seacliff 2 Pumping Station",Baker Beach,Posting,Rain,Combined Sewer Discharge,2021-12-16,12:13,2021-12-17,,,,0.0,0.0,0.0,0.0,Active,2021-12-16,37.78977,-122.48741,OCEAN#16_SL,baker_china,cso,1
60031,OCEAN#22_SL,Fort Funston,Ocean Beach,Posting,Rain,Combined Sewer Discharge,2021-12-16,12:11,2021-12-17,,,,0.0,0.0,0.0,0.0,Active,2021-12-16,37.71526,-122.50476,OCEAN#22_SL,ocean,cso,1
60056,BAY#301.1_SL,Windsurfer Circle,Candlestick Point,Posting,Unknown,Unknown,2021-12-20,13:46,2021-12-22,,,,1.0,0.0,0.0,0.0,Active,2021-12-20,37.70917,-122.3823,BAY#301.1_SL,east,other,2
60064,BAY#300.1_SL,Sunnydale Cove,Candlestick Point,Posting,Unknown,Unknown,2021-12-21,12:04,2021-12-22,,,,1.0,0.0,0.0,0.0,Active,2021-12-21,37.7096,-122.3899,BAY#300.1_SL,east,other,1
60160,BAY#202.4_SL,"Crissy Field, East",Crissy Field,Posting,Rain,Combined Sewer Discharge,2021-12-23,09:51,2021-12-24,,,,0.0,0.0,0.0,0.0,Active,2022-01-04,37.8066,-122.4519,BAY#202.4_SL,north,cso,1
60161,BAY#202.5_SL,Crissy Field West,Crissy Field,Posting,Rain,Combined Sewer Discharge,2021-12-23,09:58,2021-12-24,,,,0.0,0.0,0.0,0.0,Active,2022-01-04,37.8069,-122.4683,BAY#202.5_SL,north,cso,1
60163,BAY#210.1_SL,Hyde Street Pier,Aquatic Park,Posting,Rain,Combined Sewer Discharge,2021-12-23,09:59,2021-12-24,,,,0.0,0.0,0.0,0.0,Active,2022-01-04,37.80899,-122.4212947,BAY#210.1_SL,north,cso,1
60162,BAY#211_SL,Aquatic Park Beach,Aquatic Park,Posting,Rain,Combined Sewer Discharge,2021-12-23,09:58,2021-12-24,,,,0.0,0.0,0.0,0.0,Active,2022-01-04,37.8078,-122.4221,BAY#211_SL,north,cso,1
60152,BAY#220_SL,Mission creek at kayak landing,Mission Bay Channel,Posting,Rain,Combined Sewer Discharge,2021-12-23,09:37,2021-12-26,,,,0.0,0.0,0.0,0.0,Active,2022-01-04,37.7719,-122.3967,BAY#220_SL,east,cso,3
60153,BAY#230_SL,Crane Cove Park,Crane Cove Park,Posting,Rain,Combined Sewer Discharge,2021-12-23,09:39,2021-12-24,,,,0.0,0.0,0.0,0.0,Active,2022-01-04,37.763431,-122.386861,BAY#230_SL,east,cso,1
60151,BAY#320_SL,Islais creek at Islais Landing,Islais Creek Channel,Posting,Rain,Combined Sewer Discharge,2021-12-23,09:35,2021-12-26,,,,0.0,0.0,0.0,0.0,Active,2022-01-04,37.74703,-122.38793,BAY#320_SL,east,cso,3
60157,OCEAN#18_SL,"Ocean Beach, at Balboa St.",Ocean Beach,Posting,Rain,Combined Sewer Discharge,2021-12-23,09:48,2021-12-24,,,,0.0,0.0,0.0,0.0,Active,2022-01-04,37.77492,-122.51351,OCEAN#18_SL,ocean,cso,1
60154,OCEAN#19_SL,"Ocean Beach, at Lincoln Ave.",Ocean Beach,Posting,Rain,Combined Sewer Discharge,2021-12-23,09:44,2021-12-25,,,,0.0,0.0,0.0,0.0,Active,2022-01-04,37.7638,-122.511,OCEAN#19_SL,ocean,cso,2
60159,OCEAN#20_SL,"Ocean Beach, at Pacheco St.",Ocean Beach,Posting,Rain,Combined Sewer Discharge,2021-12-23,09:50,2021-12-24,,,,0.0,0.0,0.0,0.0,Active,2022-01-04,37.74891,-122.50996,OCEAN#20_SL,ocean,cso,1
60158,OCEAN#21.1_SL,"Ocean Beach, at Sloat Blvd.",Ocean Beach,Posting,Rain,Combined Sewer Discharge,2021-12-23,09:49,2021-12-24,,,,0.0,0.0,0.0,0.0,Active,2022-01-04,37.73567,-122.50769,OCEAN#21.1_SL,ocean,cso,1
60155,OCEAN#21_SL,Ocean Beach at Vicente St.,Ocean Beach,Posting,Rain,Combined Sewer Discharge,2021-12-23,09:46,2021-12-25,,,,0.0,0.0,0.0,0.0,Active,2022-01-04,37.73782,-122.50825,OCEAN#21_SL,ocean,cso,2
60156,OCEAN#22_SL,Fort Funston,Ocean Beach,Posting,Rain,Combined Sewer Discharge,2021-12-23,09:47,2021-12-25,,,,0.0,0.0,0.0,0.0,Active,2022-01-04,37.71526,-122.50476,OCEAN#22_SL,ocean,cso,2
60148,BAY#320_SL,Islais creek at Islais Landing,Islais Creek Channel,Posting,Unknown,Unknown,2021-12-27,09:29,2021-12-29,,,,1.0,0.0,0.0,0.0,Active,2022-01-04,37.74703,-122.38793,BAY#320_SL,east,other,2
60150,BAY#202.5_SL,Crissy Field West,Crissy Field,Posting,Unknown,Unknown,2021-12-28,09:34,2021-12-29,,,,1.0,0.0,0.0,0.0,Active,2022-01-04,37.8069,-122.4683,BAY#202.5_SL,north,other,1
60149,BAY#220_SL,Mission creek at kayak landing,Mission Bay Channel,Posting,Unknown,Unknown,2021-12-28,09:31,2021-12-29,,,,1.0,1.0,1.0,0.0,Active,2022-01-04,37.7719,-122.3967,BAY#220_SL,east,other,1
60146,BAY#300.1_SL,Sunnydale Cove,Candlestick Point,Posting,Unknown,Unknown,2022-01-04,09:27,2022-01-06,08:08,,,1.0,0.0,0.0,0.0,Active,2022-01-04,37.7096,-122.3899,BAY#300.1_SL,east,other,2
60147,BAY#301.1_SL,Windsurfer Circle,Candlestick Point,Posting,Unknown,Unknown,2022-01-04,09:28,2022-01-06,08:08,,,1.0,1.0,0.0,0.0,Active,2022-01-04,37.70917,-122.3823,BAY#301.1_SL,east,other,2
60239,BAY#202.4_SL,"Crissy Field, East",Crissy Field,Posting,Unknown,Unknown,2022-01-19,10:25,2022-01-20,08:16,,,1.0,0.0,0.0,0.0,Active,2022-01-19,37.8066,-122.4519,BAY#202.4_SL,north,other,1
60240,BAY#320_SL,Islais creek at Islais Landing,Islais Creek Channel,Posting,Unknown,Unknown,2022-01-19,10:57,2022-01-20,08:16,,,1.0,0.0,0.0,0.0,Active,2022-01-19,37.74703,-122.38793,BAY#320_SL,east,other,1
60312,BAY#202.4_SL,"Crissy Field, East",Crissy Field,Posting,Unknown,Unknown,2022-02-01,08:28,2022-02-03,12:20,,,1.0,1.0,0.0,0.0,Active,2022-02-01,37.8066,-122.4519,BAY#202.4_SL,north,other,2
60313,BAY#301.1_SL,Windsurfer Circle,Candlestick Point,Posting,Unknown,Unknown,2022-02-01,08:30,2022-02-02,08:16,,,1.0,0.0,0.0,0.0,Active,2022-02-01,37.70917,-122.3823,BAY#301.1_SL,east,other,1
60374,BAY#202.4_SL,"Crissy Field, East",Crissy Field,Posting,Unknown,Unknown,2022-02-15,14:12,2022-02-16,08:27,,,1.0,0.0,0.0,0.0,Active,2022-02-15,37.8066,-122.4519,BAY#202.4_SL,north,other,1
60373,BAY#301.1_SL,Windsurfer Circle,Candlestick Point,Posting,Unknown,Unknown,2022-02-15,14:11,2022-02-16,08:27,,,1.0,0.0,0.0,0.0,Active,2022-02-15,37.70917,-122.3823,BAY#301.1_SL,east,other,1
60421,BAY#202.4_SL,"Crissy Field, East",Crissy Field,Posting,Unknown,Unknown,2022-03-01,09:19,2022-03-03,08:58,,,1.0,0.0,0.0,0.0,Active,2022-03-01,37.8066,-122.4519,BAY#202.4_SL,north,other,2
60478,BAY#202.4_SL,"Crissy Field, East",Crissy Field,Posting,Unknown,Unknown,2022-03-15,08:47,2022-03-16,08:58,,,1.0,0.0,0.0,0.0,Active,2022-03-15,37.8066,-122.4519,BAY#202.4_SL,north,other,1
60533,BAY#202.4_SL,"Crissy Field, East",Crissy Field,Posting,Unknown,Unknown,2022-03-29,15:19,2022-03-30,08:55,,,1.0,0.0,0.0,0.0,Active,2022-03-29,37.8066,-122.4519,BAY#202.4_SL,north,other,1
60534,BAY#211_SL,Aquatic Park Beach,Aquatic Park,Posting,Unknown,Unknown,2022-03-29,15:21,2022-03-30,08:55,,,1.0,1.0,0.0,0.0,Active,2022-03-29,37.8078,-122.4221,BAY#211_SL,north,other,1
60613,BAY#301.1_SL,Windsurfer Circle,Candlestick Point,Posting,Unknown,Unknown,2022-04-19,13:33,2022-04-20,08:11,,,1.0,0.0,0.0,0.0,Active,2022-04-19,37.70917,-122.3823,BAY#301.1_SL,east,other,1
60838,BAY#230_SL,Crane Cove Park,Crane Cove Park,Posting,Unknown,Unknown,2022-06-28,08:53,2022-06-29,08:22,,,1.0,0.0,0.0,0.0,Active,2022-06-28,37.763431,-122.386861,BAY#230_SL,east,other,1
60957,BAY#202.5_SL,Crissy Field West,Crissy Field,Posting,Unknown,Unknown,2022-07-26,14:03,2022-07-27,08:26,,,1.0,0.0,0.0,0.0,Active,2022-07-26,37.8069,-122.4683,BAY#202.5_SL,north,other,1
60993,OCEAN#15_SL,"Baker Beach, Lobos Creek at Lower Parking Lot",Baker Beach,Posting,Unknown,Unknown,2022-08-02,14:23,2022-08-03,08:34,,,1.0,1.0,0.0,0.0,Active,2022-08-02,37.7917,-122.484926,OCEAN#15_SL,baker_china,other,1
61023,BAY#202.4_SL,"Crissy Field, East",Crissy Field,Posting,Unknown,Unknown,2022-08-09,08:40,2022-08-10,08:30,,,1.0,0.0,0.0,0.0,Active,2022-08-09,37.8066,-122.4519,BAY#202.4_SL,north,other,1
61022,OCEAN#15EAST_SL,"Baker Beach East, Upper Parking Lot",Baker Beach,Posting,Unknown,Unknown,2022-08-09,08:40,2022-08-10,08:30,,,1.0,1.0,0.0,0.0,Active,2022-08-09,37.79258,-122.48465,OCEAN#15EAST_SL,baker_china,other,1
61021,OCEAN#15_SL,"Baker Beach, Lobos Creek at Lower Parking Lot",Baker Beach,Posting,Unknown,Unknown,2022-08-09,08:39,2022-08-10,08:30,,,0.0,1.0,0.0,0.0,Active,2022-08-09,37.7917,-122.484926,OCEAN#15_SL,baker_china,other,1
61311,BAY#230_SL,Crane Cove Park,Crane Cove Park,Posting,Unknown,Unknown,2022-09-20,08:10,2022-09-21,,,,0.0,0.0,0.0,0.0,Active,2022-10-03,37.763431,-122.386861,BAY#230_SL,east,other,1
61308,BAY#300.1_SL,Sunnydale Cove,Candlestick Point,Posting,Unknown,Unknown,2022-09-20,08:04,2022-09-21,,,,0.0,1.0,1.0,0.0,Active,2022-10-03,37.7096,-122.3899,BAY#300.1_SL,east,other,1
61310,BAY#320_SL,Islais creek at Islais Landing,Islais Creek Channel,Posting,Unknown,Unknown,2022-09-20,08:09,2022-09-23,,,,1.0,0.0,0.0,0.0,Active,2022-10-03,37.74703,-122.38793,BAY#320_SL,east,other,3
61309,OCEAN#15_SL,"Baker Beach, Lobos Creek at Lower Parking Lot",Baker Beach,Posting,Unknown,Unknown,2022-09-27,08:08,2022-09-28,,,,1.0,0.0,0.0,0.0,Active,2022-10-03,37.7917,-122.484926,OCEAN#15_SL,baker_china,other,1
61466,BAY#211_SL,Aquatic Park Beach,Aquatic Park,Posting,Unknown,Unknown,2022-11-09,14:22,2022-11-10,08:07,,,1.0,0.0,0.0,0.0,Active,2022-11-09,37.8078,-122.4221,BAY#211_SL,north,other,1
61465,BAY#300.1_SL,Sunnydale Cove,Candlestick Point,Posting,Unknown,Unknown,2022-11-09,14:18,2022-11-10,08:07,,,1.0,1.0,0.0,0.0,Active,2022-11-09,37.7096,-122.3899,BAY#300.1_SL,east,other,1
61541,BAY#202.4_SL,"Crissy Field, East",Crissy Field,Posting,Unknown,Unknown,2022-11-29,09:12,2022-11-30,08:17,,,1.0,0.0,0.0,0.0,Active,2022-11-29,37.8066,-122.4519,BAY#202.4_SL,north,other,1
61567,BAY#202.4_SL,"Crissy Field, East",Crissy Field,Posting,Rain,Combined Sewer Discharge,2022-12-01,14:47,2022-12-02,,,,0.0,0.0,0.0,0.0,Active,2022-12-01,37.8066,-122.4519,BAY#202.4_SL,north,cso,1
61568,BAY#202.5_SL,Crissy Field West,Crissy Field,Posting,Rain,Combined Sewer Discharge,2022-12-01,14:48,2022-12-02,,,,0.0,0.0,0.0,0.0,Active,2022-12-01,37.8069,-122.4683,BAY#202.5_SL,north,cso,1
61585,BAY#210.1_SL,Hyde Street Pier,Aquatic Park,Posting,Rain,Combined Sewer Discharge,2022-12-01,06:47,2022-12-02,,,,0.0,0.0,0.0,0.0,Active,2022-12-05,37.80899,-122.4212947,BAY#210.1_SL,north,cso,1
61569,BAY#211_SL,Aquatic Park Beach,Aquatic Park,Posting,Rain,Combined Sewer Discharge,2022-12-01,14:49,2022-12-02,,,,0.0,0.0,0.0,0.0,Active,2022-12-01,37.8078,-122.4221,BAY#211_SL,north,cso,1
61563,BAY#220_SL,Mission creek at kayak landing,Mission Bay Channel,Posting,Rain,Combined Sewer Discharge,2022-12-01,14:44,2022-12-06,08:32,,,0.0,0.0,0.0,0.0,Active,2022-12-01,37.7719,-122.3967,BAY#220_SL,east,cso,5
61562,BAY#230_SL,Crane Cove Park,Crane Cove Park,Posting,Rain,Combined Sewer Discharge,2022-12-01,14:42,2022-12-03,,,,0.0,0.0,0.0,0.0,Active,2022-12-01,37.763431,-122.386861,BAY#230_SL,east,cso,2
61565,OCEAN#15EAST_SL,"Baker Beach East, Upper Parking Lot",Baker Beach,Posting,Rain,Combined Sewer Discharge,2022-12-01,14:46,2022-12-02,,,,0.0,0.0,0.0,0.0,Active,2022-12-01,37.79258,-122.48465,OCEAN#15EAST_SL,baker_china,cso,1
61566,OCEAN#15_SL,"Baker Beach, Lobos Creek at Lower Parking Lot",Baker Beach,Posting,Rain,Combined Sewer Discharge,2022-12-01,14:47,2022-12-03,,,,0.0,0.0,0.0,0.0,Active,2022-12-01,37.7917,-122.484926,OCEAN#15_SL,baker_china,cso,2
61564,OCEAN#16_SL,"Baker Beach West, Opposite Seacliff 2 Pumping Station",Baker Beach,Posting,Rain,Combined Sewer Discharge,2022-12-01,14:45,2022-12-03,,,,0.0,0.0,0.0,0.0,Active,2022-12-01,37.78977,-122.48741,OCEAN#16_SL,baker_china,cso,2
61590,BAY#300.1_SL,Sunnydale Cove,Candlestick Point,Posting,Unknown,Unknown,2022-12-06,15:01,2022-12-08,08:22,,,1.0,0.0,0.0,0.0,Active,2022-12-06,37.7096,-122.3899,BAY#300.1_SL,east,other,2
61591,BAY#301.1_SL,Windsurfer Circle,Candlestick Point,Posting,Unknown,Unknown,2022-12-06,15:12,2022-12-08,08:22,,,1.0,0.0,0.0,0.0,Active,2022-12-06,37.70917,-122.3823,BAY#301.1_SL,east,other,2
61592,BAY#320_SL,Islais creek at Islais Landing,Islais Creek Channel,Posting,Unknown,Unknown,2022-12-06,15:13,2022-12-07,08:55,,,0.0,0.0,0.0,0.0,Active,2022-12-06,37.74703,-122.38793,BAY#320_SL,east,other,1
61639,BAY#320_SL,Islais creek at Islais Landing,Islais Creek Channel,Posting,Unknown,Unknown,2022-12-13,08:40,2022-12-14,08:06,,,1.0,1.0,1.0,0.0,Active,2022-12-13,37.74703,-122.38793,BAY#320_SL,east,other,1
61712,BAY#202.4_SL,"Crissy Field, East",Crissy Field,Posting,Combined Sewer Overflow,Combined Sewer Discharge,2022-12-27,06:59,2022-12-28,,,,0.0,0.0,0.0,0.0,Active,2023-01-03,37.8066,-122.4519,BAY#202.4_SL,north,cso,1
61713,BAY#202.5_SL,Crissy Field West,Crissy Field,Posting,Combined Sewer Overflow,Combined Sewer Discharge,2022-12-27,07:00,2022-12-29,,,,0.0,0.0,0.0,0.0,Active,2023-01-03,37.8069,-122.4683,BAY#202.5_SL,north,cso,2
61714,BAY#210.1_SL,Hyde Street Pier,Aquatic Park,Posting,Combined Sewer Overflow,Combined Sewer Discharge,2022-12-27,07:01,2022-12-28,,,,0.0,0.0,0.0,0.0,Active,2023-01-03,37.80899,-122.4212947,BAY#210.1_SL,north,cso,1
61715,BAY#211_SL,Aquatic Park Beach,Aquatic Park,Posting,Combined Sewer Overflow,Combined Sewer Discharge,2022-12-27,07:03,2022-12-28,,,,0.0,0.0,0.0,0.0,Active,2023-01-03,37.8078,-122.4221,BAY#211_SL,north,cso,1
61716,BAY#220_SL,Mission creek at kayak landing,Mission Bay Channel,Posting,Combined Sewer Overflow,Combined Sewer Discharge,2022-12-27,07:04,2022-12-31,23:59,,,0.0,0.0,0.0,0.0,Active,2023-01-03,37.7719,-122.3967,BAY#220_SL,east,cso,4
61717,BAY#230_SL,Crane Cove Park,Crane Cove Park,Posting,Combined Sewer Overflow,Combined Sewer Discharge,2022-12-27,07:07,2022-12-29,,,,0.0,0.0,0.0,0.0,Active,2023-01-03,37.763431,-122.386861,BAY#230_SL,east,cso,2
61729,BAY#320_SL,Islais creek at Islais Landing,Islais Creek Channel,Posting,Combined Sewer Overflow,Combined Sewer Discharge,2022-12-27,08:15,2022-12-31,23:59,,,0.0,0.0,0.0,0.0,Active,2023-01-03,37.74703,-122.38793,BAY#320_SL,east,cso,4
61718,OCEAN#15EAST_SL,"Baker Beach East, Upper Parking Lot",Baker Beach,Posting,Combined Sewer Overflow,Combined Sewer Discharge,2022-12-27,07:07,2022-12-28,,,,0.0,0.0,0.0,0.0,Active,2023-01-03,37.79258,-122.48465,OCEAN#15EAST_SL,baker_china,cso,1
61719,OCEAN#15_SL,"Baker Beach, Lobos Creek at Lower Parking Lot",Baker Beach,Posting,Combined Sewer Overflow,Combined Sewer Discharge,2022-12-27,08:01,2022-12-28,,,,0.0,0.0,0.0,0.0,Active,2023-01-03,37.7917,-122.484926,OCEAN#15_SL,baker_china,cso,1
61720,OCEAN#16_SL,"Baker Beach West, Opposite Seacliff 2 Pumping Station",Baker Beach,Posting,Combined Sewer Overflow,Combined Sewer Discharge,2022-12-27,08:02,2022-12-28,,,,0.0,0.0,0.0,0.0,Active,2023-01-03,37.78977,-122.48741,OCEAN#16_SL,baker_china,cso,1
61721,OCEAN#18_SL,"Ocean Beach, at Balboa St.",Ocean Beach,Posting,Combined Sewer Overflow,Combined Sewer Discharge,2022-12-27,08:03,2022-12-29,,,,0.0,0.0,0.0,0.0,Active,2023-01-03,37.77492,-122.51351,OCEAN#18_SL,ocean,cso,2
61722,OCEAN#19_SL,"Ocean Beach, at Lincoln Ave.",Ocean Beach,Posting,Combined Sewer Overflow,Combined Sewer Discharge,2022-12-27,08:04,2022-12-29,,,,0.0,0.0,0.0,0.0,Active,2023-01-03,37.7638,-122.511,OCEAN#19_SL,ocean,cso,2
61724,OCEAN#20_SL,"Ocean Beach, at Pacheco St.",Ocean Beach,Posting,Combined Sewer Overflow,Combined Sewer Discharge,2022-12-27,08:08,2022-12-28,,,,0.0,0.0,0.0,0.0,Active,2023-01-03,37.74891,-122.50996,OCEAN#20_SL,ocean,cso,1
61723,OCEAN#21.1_SL,"Ocean Beach, at Sloat Blvd.",Ocean Beach,Posting,Combined Sewer Overflow,Combined Sewer Discharge,2022-12-27,08:05,2022-12-28,,,,0.0,0.0,0.0,0.0,Active,2023-01-03,37.73567,-122.50769,OCEAN#21.1_SL,ocean,cso,1
61725,OCEAN#21_SL,Ocean Beach at Vicente St.,Ocean Beach,Posting,Combined Sewer Overflow,Combined Sewer Discharge,2022-12-27,08:10,2022-12-29,,,,0.0,0.0,0.0,0.0,Active,2023-01-03,37.73782,-122.50825,OCEAN#21_SL,ocean,cso,2
61726,OCEAN#22_SL,Fort Funston,Ocean Beach,Posting,Combined Sewer Overflow,Combined Sewer Discharge,2022-12-27,08:11,2022-12-29,,,,0.0,0.0,0.0,0.0,Active,2023-01-03,37.71526,-122.50476,OCEAN#22_SL,ocean,cso,2
61727,BAY#300.1_SL,Sunnydale Cove,Candlestick Point,Posting,Unknown,Unknown,2022-12-28,08:12,2022-12-31,23:59,,,1.0,0.0,0.0,0.0,Active,2023-01-03,37.7096,-122.3899,BAY#300.1_SL,east,other,3
61728,BAY#301.1_SL,Windsurfer Circle,Candlestick Point,Posting,Unknown,Unknown,2022-12-28,08:13,2022-12-31,23:59,,,1.0,0.0,0.0,0.0,Active,2023-01-03,37.70917,-122.3823,BAY#301.1_SL,east,other,3
61757,BAY#202.4_SL,"Crissy Field, East",Crissy Field,Posting,Combined Sewer Overflow,Combined Sewer Discharge,2022-12-31,09:24,2022-12-31,23:59,,,0.0,0.0,0.0,0.0,Active,2023-01-04,37.8066,-122.4519,BAY#202.4_SL,north,cso,0
61759,BAY#202.5_SL,Crissy Field West,Crissy Field,Posting,Combined Sewer Overflow,Combined Sewer Discharge,2022-12-31,09:29,2022-12-31,23:59,,,0.0,0.0,0.0,0.0,Active,2023-01-04,37.8069,-122.4683,BAY#202.5_SL,north,cso,0
61761,BAY#210.1_SL,Hyde Street Pier,Aquatic Park,Posting,Combined Sewer Overflow,Combined Sewer Discharge,2022-12-31,09:32,2022-12-31,23:59,,,0.0,0.0,0.0,0.0,Active,2023-01-04,37.80899,-122.4212947,BAY#210.1_SL,north,cso,0
61763,BAY#211_SL,Aquatic Park Beach,Aquatic Park,Posting,Combined Sewer Overflow,Combined Sewer Discharge,2022-12-31,09:37,2022-12-31,23:59,,,0.0,0.0,0.0,0.0,Active,2023-01-04,37.8078,-122.4221,BAY#211_SL,north,cso,0
61765,BAY#230_SL,Crane Cove Park,Crane Cove Park,Posting,Combined Sewer Overflow,Combined Sewer Discharge,2022-12-31,09:39,2022-12-31,23:59,,,0.0,0.0,0.0,0.0,Active,2023-01-04,37.763431,-122.386861,BAY#230_SL,east,cso,0
61767,BAY#301.2_SL,Jack Rabbit Beach,Candlestick Point,Posting,Combined Sewer Overflow,Combined Sewer Discharge,2022-12-31,09:47,2022-12-31,23:59,,,0.0,0.0,0.0,0.0,Active,2023-01-04,37.711025,-122.380136,BAY#301.2_SL,east,cso,0
61775,OCEAN#15EAST_SL,"Baker Beach East, Upper Parking Lot",Baker Beach,Posting,Combined Sewer Overflow,Combined Sewer Discharge,2022-12-31,09:53,2022-12-31,23:59,,,0.0,0.0,0.0,0.0,Active,2023-01-04,37.79258,-122.48465,OCEAN#15EAST_SL,baker_china,cso,0
61771,OCEAN#15_SL,"Baker Beach, Lobos Creek at Lower Parking Lot",Baker Beach,Posting,Combined Sewer Overflow,Combined Sewer Discharge,2022-12-31,09:51,2022-12-31,23:59,,,0.0,0.0,0.0,0.0,Active,2023-01-04,37.7917,-122.484926,OCEAN#15_SL,baker_china,cso,0
61777,OCEAN#16_SL,"Baker Beach West, Opposite Seacliff 2 Pumping Station",Baker Beach,Posting,Combined Sewer Overflow,Combined Sewer Discharge,2022-12-31,09:55,2022-12-31,23:59,,,0.0,0.0,0.0,0.0,Active,2023-01-04,37.78977,-122.48741,OCEAN#16_SL,baker_china,cso,0
61781,OCEAN#18_SL,"Ocean Beach, at Balboa St.",Ocean Beach,Posting,Combined Sewer Overflow,Combined Sewer Discharge,2022-12-31,09:57,2022-12-31,23:59,,,0.0,0.0,0.0,0.0,Active,2023-01-04,37.77492,-122.51351,OCEAN#18_SL,ocean,cso,0
61783,OCEAN#19_SL,"Ocean Beach, at Lincoln Ave.",Ocean Beach,Posting,Combined Sewer Overflow,Combined Sewer Discharge,2022-12-31,09:59,2022-12-31,23:59,,,0.0,0.0,0.0,0.0,Active,2023-01-04,37.7638,-122.511,OCEAN#19_SL,ocean,cso,0
61786,OCEAN#20_SL,"Ocean Beach, at Pacheco St.",Ocean Beach,Posting,Combined Sewer Overflow,Combined Sewer Discharge,2022-12-31,10:01,2022-12-31,23:59,,,0.0,0.0,0.0,0.0,Active,2023-01-04,37.74891,-122.50996,OCEAN#20_SL,ocean,cso,0
61788,OCEAN#21.1_SL,"Ocean Beach, at Sloat Blvd.",Ocean Beach,Posting,Combined Sewer Overflow,Combined Sewer Discharge,2022-12-31,10:03,2022-12-31,23:59,,,0.0,0.0,0.0,0.0,Active,2023-01-04,37.73567,-122.50769,OCEAN#21.1_SL,ocean,cso,0
61790,OCEAN#21_SL,Ocean Beach at Vicente St.,Ocean Beach,Posting,Combined Sewer Overflow,Combined Sewer Discharge,2022-12-31,10:05,2022-12-31,23:59,,,0.0,0.0,0.0,0.0,Active,2023-01-04,37.73782,-122.50825,OCEAN#21_SL,ocean,cso,0
61792,OCEAN#22_SL,Fort Funston,Ocean Beach,Posting,Combined Sewer Overflow,Combined Sewer Discharge,2022-12-31,10:07,2022-12-31,23:59,,,0.0,0.0,0.0,0.0,Active,2023-01-04,37.71526,-122.50476,OCEAN#22_SL,ocean,cso,0
61758,BAY#202.4_SL,"Crissy Field, East",Crissy Field,Posting,Combined Sewer Overflow,Combined Sewer Discharge,2023-01-01,00:01,2023-01-02,10:00,,,0.0,0.0,0.0,0.0,Active,2023-01-04,37.8066,-122.4519,BAY#202.4_SL,north,cso,1
61760,BAY#202.5_SL,Crissy Field West,Crissy Field,Posting,Combined Sewer Overflow,Combined Sewer Discharge,2023-01-01,00:01,2023-01-02,10:00,,,0.0,0.0,0.0,0.0,Active,2023-01-04,37.8069,-122.4683,BAY#202.5_SL,north,cso,1
61762,BAY#210.1_SL,Hyde Street Pier,Aquatic Park,Posting,Combined Sewer Overflow,Combined Sewer Discharge,2023-01-01,00:01,2023-01-01,10:00,,,0.0,0.0,0.0,0.0,Active,2023-01-04,37.80899,-122.4212947,BAY#210.1_SL,north,cso,0
61764,BAY#211_SL,Aquatic Park Beach,Aquatic Park,Posting,Combined Sewer Overflow,Combined Sewer Discharge,2023-01-01,00:01,2023-01-02,10:00,,,0.0,0.0,0.0,0.0,Active,2023-01-04,37.8078,-122.4221,BAY#211_SL,north,cso,1
61753,BAY#220_SL,Mission creek at kayak landing,Mission Bay Channel,Posting,Combined Sewer Overflow,Combined Sewer Discharge,2023-01-01,00:01,2023-01-23,10:00,,,0.0,0.0,0.0,0.0,Active,2023-01-04,37.7719,-122.3967,BAY#220_SL,east,cso,22
61766,BAY#230_SL,Crane Cove Park,Crane Cove Park,Posting,Combined Sewer Overflow,Combined Sewer Discharge,2023-01-01,00:01,2023-01-07,10:00,,,0.0,0.0,0.0,0.0,Active,2023-01-04,37.763431,-122.386861,BAY#230_SL,east,cso,6
61927,BAY#300.1_SL,Sunnydale Cove,Candlestick Point,Posting,Unknown,Unknown,2023-01-01,00:01,2023-01-03,10:00,,,1.0,0.0,0.0,0.0,Active,2023-01-09,37.7096,-122.3899,BAY#300.1_SL,east,other,2
61928,BAY#301.1_SL,Windsurfer Circle,Candlestick Point,Posting,Unknown,Unknown,2023-01-01,00:01,2023-01-01,10:00,,,1.0,0.0,0.0,0.0,Active,2023-01-09,37.70917,-122.3823,BAY#301.1_SL,east,other,0
61769,BAY#301.2_SL,Jack Rabbit Beach,Candlestick Point,Posting,Combined Sewer Overflow,Combined Sewer Discharge,2023-01-01,00:01,2023-01-01,10:00,,,0.0,0.0,0.0,0.0,Active,2023-01-04,37.711025,-122.380136,BAY#301.2_SL,east,cso,0
61755,BAY#320_SL,Islais creek at Islais Landing,Islais Creek Channel,Posting,Combined Sewer Overflow,Combined Sewer Discharge,2023-01-01,00:01,2023-01-20,10:00,,,0.0,0.0,0.0,0.0,Active,2023-01-04,37.74703,-122.38793,BAY#320_SL,east,cso,19
61776,OCEAN#15EAST_SL,"Baker Beach East, Upper Parking Lot",Baker Beach,Posting,Combined Sewer Overflow,Combined Sewer Discharge,2023-01-01,00:01,2023-01-01,10:00,,,0.0,0.0,0.0,0.0,Active,2023-01-04,37.79258,-122.48465,OCEAN#15EAST_SL,baker_china,cso,0
61773,OCEAN#15_SL,"Baker Beach, Lobos Creek at Lower Parking Lot",Baker Beach,Posting,Combined Sewer Overflow,Combined Sewer Discharge,2023-01-01,00:01,2023-01-02,10:00,,,0.0,0.0,0.0,0.0,Active,2023-01-04,37.7917,-122.484926,OCEAN#15_SL,baker_china,cso,1
61778,OCEAN#16_SL,"Baker Beach West, Opposite Seacliff 2 Pumping Station",Baker Beach,Posting,Combined Sewer Overflow,Combined Sewer Discharge,2023-01-01,00:01,2023-01-02,10:00,,,0.0,0.0,0.0,0.0,Active,2023-01-04,37.78977,-122.48741,OCEAN#16_SL,baker_china,cso,1
61782,OCEAN#18_SL,"Ocean Beach, at Balboa St.",Ocean Beach,Posting,Combined Sewer Overflow,Combined Sewer Discharge,2023-01-01,00:01,2023-01-01,10:00,,,0.0,0.0,0.0,0.0,Active,2023-01-04,37.77492,-122.51351,OCEAN#18_SL,ocean,cso,0
61785,OCEAN#19_SL,"Ocean Beach, at Lincoln Ave.",Ocean Beach,Posting,Combined Sewer Overflow,Combined Sewer Discharge,2023-01-01,00:01,2023-01-02,10:00,,,0.0,0.0,0.0,0.0,Active,2023-01-04,37.7638,-122.511,OCEAN#19_SL,ocean,cso,1
61787,OCEAN#20_SL,"Ocean Beach, at Pacheco St.",Ocean Beach,Posting,Combined Sewer Overflow,Combined Sewer Discharge,2023-01-01,00:01,2023-01-02,10:00,,,0.0,0.0,0.0,0.0,Active,2023-01-04,37.74891,-122.50996,OCEAN#20_SL,ocean,cso,1
61789,OCEAN#21.1_SL,"Ocean Beach, at Sloat Blvd.",Ocean Beach,Posting,Combined Sewer Overflow,Combined Sewer Discharge,2023-01-01,00:01,2023-01-02,10:00,,,0.0,0.0,0.0,0.0,Active,2023-01-04,37.73567,-122.50769,OCEAN#21.1_SL,ocean,cso,1
61791,OCEAN#21_SL,Ocean Beach at Vicente St.,Ocean Beach,Posting,Combined Sewer Overflow,Combined Sewer Discharge,2023-01-01,00:01,2023-01-02,10:00,,,0.0,0.0,0.0,0.0,Active,2023-01-04,37.73782,-122.50825,OCEAN#21_SL,ocean,cso,1
61794,OCEAN#22_SL,Fort Funston,Ocean Beach,Posting,Combined Sewer Overflow,Combined Sewer Discharge,2023-01-01,00:01,2023-01-02,10:00,,,0.0,0.0,0.0,0.0,Active,2023-01-04,37.71526,-122.50476,OCEAN#22_SL,ocean,cso,1
61936,BAY#202.5_SL,Crissy Field West,Crissy Field,Posting,Combined Sewer Overflow,Combined Sewer Discharge,2023-01-02,07:54,2023-01-04,10:00,,,0.0,0.0,0.0,0.0,Active,2023-01-10,37.8069,-122.4683,BAY#202.5_SL,north,cso,2
61937,OCEAN#22_SL,Fort Funston,Ocean Beach,Posting,Unknown,Unknown,2023-01-02,07:55,2023-01-04,10:00,,,1.0,0.0,0.0,0.0,Active,2023-01-10,37.71526,-122.50476,OCEAN#22_SL,ocean,other,2
61942,BAY#202.4_SL,"Crissy Field, East",Crissy Field,Posting,Combined Sewer Overflow,Combined Sewer Discharge,2023-01-03,14:39,2023-01-04,10:00,,,0.0,0.0,0.0,0.0,Active,2023-01-10,37.8066,-122.4519,BAY#202.4_SL,north,cso,1
61943,BAY#210.1_SL,Hyde Street Pier,Aquatic Park,Posting,Combined Sewer Overflow,Combined Sewer Discharge,2023-01-03,14:39,2023-01-04,10:00,,,0.0,0.0,0.0,0.0,Active,2023-01-10,37.80899,-122.4212947,BAY#210.1_SL,north,cso,1
61944,BAY#211_SL,Aquatic Park Beach,Aquatic Park,Posting,Combined Sewer Overflow,Combined Sewer Discharge,2023-01-03,14:45,2023-01-04,10:00,,,0.0,0.0,0.0,0.0,Active,2023-01-10,37.8078,-122.4221,BAY#211_SL,north,cso,1
61949,BAY#300.1_SL,Sunnydale Cove,Candlestick Point,Posting,Unknown,Unknown,2023-01-04,08:46,2023-01-08,10:00,,,1.0,0.0,0.0,0.0,Active,2023-01-11,37.7096,-122.3899,BAY#300.1_SL,east,other,4
61950,BAY#301.1_SL,Windsurfer Circle,Candlestick Point,Posting,Unknown,Unknown,2023-01-04,08:47,2023-01-11,09:03,,,1.0,0.0,0.0,0.0,Active,2023-01-11,37.70917,-122.3823,BAY#301.1_SL,east,other,7
61951,BAY#230_SL,Crane Cove Park,Crane Cove Park,Posting,Combined Sewer Overflow,Combined Sewer Discharge,2023-01-08,08:48,2023-01-10,10:00,,,0.0,0.0,0.0,0.0,Active,2023-01-11,37.763431,-122.386861,BAY#230_SL,east,cso,2
62000,OCEAN#15EAST_SL,"Baker Beach East, Upper Parking Lot",Baker Beach,Posting,Combined Sewer Overflow,Combined Sewer Discharge,2023-01-08,12:51,2023-01-13,10:00,,,0.0,0.0,0.0,0.0,Active,2023-01-12,37.79258,-122.48465,OCEAN#15EAST_SL,baker_china,cso,5
62001,OCEAN#15_SL,"Baker Beach, Lobos Creek at Lower Parking Lot",Baker Beach,Posting,Combined Sewer Overflow,Combined Sewer Discharge,2023-01-08,12:51,2023-01-13,10:00,,,0.0,0.0,0.0,0.0,Active,2023-01-12,37.7917,-122.484926,OCEAN#15_SL,baker_china,cso,5
62002,OCEAN#16_SL,"Baker Beach West, Opposite Seacliff 2 Pumping Station",Baker Beach,Posting,Combined Sewer Overflow,Combined Sewer Discharge,2023-01-08,12:52,2023-01-13,10:00,,,0.0,0.0,0.0,0.0,Active,2023-01-12,37.78977,-122.48741,OCEAN#16_SL,baker_china,cso,5
61966,BAY#202.4_SL,"Crissy Field, East",Crissy Field,Posting,Combined Sewer Overflow,Combined Sewer Discharge,2023-01-09,06:56,2023-01-12,08:35,,,0.0,0.0,0.0,0.0,Active,2023-01-12,37.8066,-122.4519,BAY#202.4_SL,north,cso,3
61967,BAY#202.5_SL,Crissy Field West,Crissy Field,Posting,Combined Sewer Overflow,Combined Sewer Discharge,2023-01-09,06:57,2023-01-13,10:00,,,0.0,0.0,0.0,0.0,Active,2023-01-12,37.8069,-122.4683,BAY#202.5_SL,north,cso,4
61968,BAY#300.1_SL,Sunnydale Cove,Candlestick Point,Posting,Combined Sewer Overflow,Combined Sewer Discharge,2023-01-09,06:58,2023-01-12,10:00,,,0.0,0.0,0.0,0.0,Active,2023-01-12,37.7096,-122.3899,BAY#300.1_SL,east,cso,3
61969,BAY#301.2_SL,Jack Rabbit Beach,Candlestick Point,Posting,Combined Sewer Overflow,Combined Sewer Discharge,2023-01-09,06:59,2023-01-11,10:00,,,0.0,0.0,0.0,0.0,Active,2023-01-12,37.711025,-122.380136,BAY#301.2_SL,east,cso,2
61970,OCEAN#18_SL,"Ocean Beach, at Balboa St.",Ocean Beach,Posting,Combined Sewer Overflow,Combined Sewer Discharge,2023-01-09,07:00,2023-01-12,08:35,,,0.0,0.0,0.0,0.0,Active,2023-01-12,37.77492,-122.51351,OCEAN#18_SL,ocean,cso,3
61971,OCEAN#19_SL,"Ocean Beach, at Lincoln Ave.",Ocean Beach,Posting,Combined Sewer Overflow,Combined Sewer Discharge,2023-01-09,07:01,2023-01-12,08:35,,,0.0,0.0,0.0,0.0,Active,2023-01-12,37.7638,-122.511,OCEAN#19_SL,ocean,cso,3
61973,OCEAN#21.1_SL,"Ocean Beach, at Sloat Blvd.",Ocean Beach,Posting,Combined Sewer Overflow,Combined Sewer Discharge,2023-01-09,07:03,2023-01-11,10:00,,,0.0,0.0,0.0,0.0,Active,2023-01-12,37.73567,-122.50769,OCEAN#21.1_SL,ocean,cso,2
61972,OCEAN#21_SL,Ocean Beach at Vicente St.,Ocean Beach,Posting,Combined Sewer Overflow,Combined Sewer Discharge,2023-01-09,07:02,2023-01-12,08:36,,,0.0,0.0,0.0,0.0,Active,2023-01-12,37.73782,-122.50825,OCEAN#21_SL,ocean,cso,3
61974,OCEAN#22_SL,Fort Funston,Ocean Beach,Posting,Combined Sewer Overflow,Combined Sewer Discharge,2023-01-09,08:38,2023-01-12,10:00,,,0.0,0.0,0.0,0.0,Active,2023-01-12,37.71526,-122.50476,OCEAN#22_SL,ocean,cso,3
61952,BAY#230_SL,Crane Cove Park,Crane Cove Park,Posting,Combined Sewer Overflow,Combined Sewer Discharge,2023-01-10,08:49,2023-01-12,08:36,,,0.0,0.0,0.0,0.0,Active,2023-01-11,37.763431,-122.386861,BAY#230_SL,east,cso,2
61953,OCEAN#17_SL,China Beach,China Beach,Posting,Unknown,Unknown,2023-01-10,08:50,2023-01-11,10:00,,,1.0,0.0,0.0,0.0,Active,2023-01-11,37.78816,-122.49136,OCEAN#17_SL,baker_china,other,1
62020,BAY#202.4_SL,"Crissy Field, East",Crissy Field,Posting,Combined Sewer Overflow,Combined Sewer Discharge,2023-01-14,06:55,2023-01-15,10:00,,,0.0,0.0,0.0,0.0,Active,2023-01-17,37.8066,-122.4519,BAY#202.4_SL,north,cso,1
62022,BAY#202.5_SL,Crissy Field West,Crissy Field,Posting,Combined Sewer Overflow,Combined Sewer Discharge,2023-01-14,06:56,2023-01-18,09:11,,,0.0,0.0,0.0,0.0,Active,2023-01-17,37.8069,-122.4683,BAY#202.5_SL,north,cso,4
62023,BAY#210.1_SL,Hyde Street Pier,Aquatic Park,Posting,Combined Sewer Overflow,Combined Sewer Discharge,2023-01-14,06:59,2023-01-15,10:00,,,0.0,0.0,0.0,0.0,Active,2023-01-17,37.80899,-122.4212947,BAY#210.1_SL,north,cso,1
62025,BAY#211_SL,Aquatic Park Beach,Aquatic Park,Posting,Combined Sewer Overflow,Combined Sewer Discharge,2023-01-14,07:00,2023-01-15,10:00,,,0.0,0.0,0.0,0.0,Active,2023-01-17,37.8078,-122.4221,BAY#211_SL,north,cso,1
62019,BAY#230_SL,Crane Cove Park,Crane Cove Park,Posting,Combined Sewer Overflow,Combined Sewer Discharge,2023-01-14,06:54,2023-01-18,09:11,,,0.0,0.0,0.0,0.0,Active,2023-01-17,37.763431,-122.386861,BAY#230_SL,east,cso,4
62021,BAY#202.4_SL,"Crissy Field, East",Crissy Field,Posting,Combined Sewer Overflow,Combined Sewer Discharge,2023-01-16,06:55,2023-01-18,09:11,,,0.0,0.0,0.0,0.0,Active,2023-01-17,37.8066,-122.4519,BAY#202.4_SL,north,cso,2
62024,BAY#210.1_SL,Hyde Street Pier,Aquatic Park,Posting,Combined Sewer Overflow,Combined Sewer Discharge,2023-01-16,07:00,2023-01-17,10:00,,,0.0,0.0,0.0,0.0,Active,2023-01-17,37.80899,-122.4212947,BAY#210.1_SL,north,cso,1
62026,BAY#211_SL,Aquatic Park Beach,Aquatic Park,Posting,Combined Sewer Overflow,Combined Sewer Discharge,2023-01-16,07:01,2023-01-17,10:00,,,0.0,0.0,0.0,0.0,Active,2023-01-17,37.8078,-122.4221,BAY#211_SL,north,cso,1
62031,OCEAN#18_SL,"Ocean Beach, at Balboa St.",Ocean Beach,Posting,Combined Sewer Overflow,Combined Sewer Discharge,2023-01-16,07:05,2023-01-17,10:00,,,0.0,0.0,0.0,0.0,Active,2023-01-17,37.77492,-122.51351,OCEAN#18_SL,ocean,cso,1
62032,OCEAN#19_SL,"Ocean Beach, at Lincoln Ave.",Ocean Beach,Posting,Combined Sewer Overflow,Combined Sewer Discharge,2023-01-16,07:05,2023-01-18,09:12,,,0.0,0.0,0.0,0.0,Active,2023-01-17,37.7638,-122.511,OCEAN#19_SL,ocean,cso,2
62030,OCEAN#20_SL,"Ocean Beach, at Pacheco St.",Ocean Beach,Posting,Combined Sewer Overflow,Combined Sewer Discharge,2023-01-16,07:04,2023-01-17,10:00,,,0.0,0.0,0.0,0.0,Active,2023-01-17,37.74891,-122.50996,OCEAN#20_SL,ocean,cso,1
62029,OCEAN#21.1_SL,"Ocean Beach, at Sloat Blvd.",Ocean Beach,Posting,Combined Sewer Overflow,Combined Sewer Discharge,2023-01-16,07:03,2023-01-17,10:00,,,0.0,0.0,0.0,0.0,Active,2023-01-17,37.73567,-122.50769,OCEAN#21.1_SL,ocean,cso,1
62028,OCEAN#21_SL,Ocean Beach at Vicente St.,Ocean Beach,Posting,Combined Sewer Overflow,Combined Sewer Discharge,2023-01-16,07:03,2023-01-18,09:12,,,0.0,0.0,0.0,0.0,Active,2023-01-17,37.73782,-122.50825,OCEAN#21_SL,ocean,cso,2
62027,OCEAN#22_SL,Fort Funston,Ocean Beach,Posting,Combined Sewer Overflow,Combined Sewer Discharge,2023-01-16,07:02,2023-01-18,09:12,,,0.0,0.0,0.0,0.0,Active,2023-01-17,37.71526,-122.50476,OCEAN#22_SL,ocean,cso,2
62057,BAY#220_SL,Mission creek at kayak landing,Mission Bay Channel,Posting,Unknown,Unknown,2023-01-23,14:01,2023-01-24,08:32,,,1.0,0.0,0.0,0.0,Active,2023-01-23,37.7719,-122.3967,BAY#220_SL,east,other,1
62109,BAY#202.4_SL,"Crissy Field, East",Crissy Field,Posting,Unknown,Unknown,2023-02-07,13:49,2023-02-08,08:21,,,1.0,0.0,0.0,0.0,Active,2023-02-07,37.8066,-122.4519,BAY#202.4_SL,north,other,1
62110,BAY#230_SL,Crane Cove Park,Crane Cove Park,Posting,Unknown,Unknown,2023-02-07,13:51,2023-02-08,08:21,,,0.0,1.0,0.0,0.0,Active,2023-02-07,37.763431,-122.386861,BAY#230_SL,east,other,1
62188,BAY#202.4_SL,"Crissy Field, East",Crissy Field,Posting,Combined Sewer Overflow,Combined Sewer Discharge,2023-02-24,08:08,2023-02-26,10:00,,,0.0,0.0,0.0,0.0,Active,2023-02-27,37.8066,-122.4519,BAY#202.4_SL,north,cso,2
62189,BAY#202.5_SL,Crissy Field West,Crissy Field,Posting,Combined Sewer Overflow,Combined Sewer Discharge,2023-02-24,08:09,2023-02-26,10:00,,,0.0,0.0,0.0,0.0,Active,2023-02-27,37.8069,-122.4683,BAY#202.5_SL,north,cso,2
62190,BAY#210.1_SL,Hyde Street Pier,Aquatic Park,Posting,Combined Sewer Overflow,Combined Sewer Discharge,2023-02-24,08:10,2023-02-25,10:00,,,0.0,0.0,0.0,0.0,Active,2023-02-27,37.80899,-122.4212947,BAY#210.1_SL,north,cso,1
62185,BAY#220_SL,Mission creek at kayak landing,Mission Bay Channel,Posting,Combined Sewer Overflow,Combined Sewer Discharge,2023-02-24,08:06,2023-02-26,10:00,,,0.0,0.0,0.0,0.0,Active,2023-02-27,37.7719,-122.3967,BAY#220_SL,east,cso,2
62187,BAY#230_SL,Crane Cove Park,Crane Cove Park,Posting,Combined Sewer Overflow,Combined Sewer Discharge,2023-02-24,08:07,2023-02-26,10:00,,,0.0,0.0,0.0,0.0,Active,2023-02-27,37.763431,-122.386861,BAY#230_SL,east,cso,2
62186,BAY#320_SL,Islais creek at Islais Landing,Islais Creek Channel,Posting,Combined Sewer Overflow,Combined Sewer Discharge,2023-02-24,08:07,2023-03-03,10:00,,,0.0,0.0,0.0,0.0,Active,2023-02-27,37.74703,-122.38793,BAY#320_SL,east,cso,7
62193,OCEAN#18_SL,"Ocean Beach, at Balboa St.",Ocean Beach,Posting,Combined Sewer Overflow,Combined Sewer Discharge,2023-02-24,14:31,2023-02-26,10:00,,,0.0,0.0,0.0,0.0,Active,2023-02-27,37.77492,-122.51351,OCEAN#18_SL,ocean,cso,2
62194,OCEAN#19_SL,"Ocean Beach, at Lincoln Ave.",Ocean Beach,Posting,Combined Sewer Overflow,Combined Sewer Discharge,2023-02-24,15:09,2023-02-26,10:00,,,0.0,0.0,0.0,0.0,Active,2023-02-27,37.7638,-122.511,OCEAN#19_SL,ocean,cso,2
62198,OCEAN#20_SL,"Ocean Beach, at Pacheco St.",Ocean Beach,Posting,Combined Sewer Overflow,Combined Sewer Discharge,2023-02-24,15:15,2023-02-25,10:00,,,0.0,0.0,0.0,0.0,Active,2023-02-27,37.74891,-122.50996,OCEAN#20_SL,ocean,cso,1
62195,OCEAN#21.1_SL,"Ocean Beach, at Sloat Blvd.",Ocean Beach,Posting,Combined Sewer Overflow,Combined Sewer Discharge,2023-02-24,15:10,2023-02-25,10:00,,,0.0,0.0,0.0,0.0,Active,2023-02-27,37.73567,-122.50769,OCEAN#21.1_SL,ocean,cso,1
62196,OCEAN#21_SL,Ocean Beach at Vicente St.,Ocean Beach,Posting,Combined Sewer Overflow,Combined Sewer Discharge,2023-02-24,15:11,2023-02-26,10:00,,,0.0,0.0,0.0,0.0,Active,2023-02-27,37.73782,-122.50825,OCEAN#21_SL,ocean,cso,2
62197,OCEAN#22_SL,Fort Funston,Ocean Beach,Posting,Combined Sewer Overflow,Combined Sewer Discharge,2023-02-24,15:13,2023-02-25,10:00,,,0.0,0.0,0.0,0.0,Active,2023-02-27,37.71526,-122.50476,OCEAN#22_SL,ocean,cso,1
62192,BAY#220_SL,Mission creek at kayak landing,Mission Bay Channel,Posting,Unknown,Unknown,2023-02-27,14:29,2023-03-02,09:06,,,1.0,0.0,0.0,0.0,Active,2023-02-27,37.7719,-122.3967,BAY#220_SL,east,other,3
62203,BAY#202.5_SL,Crissy Field West,Crissy Field,Posting,Unknown,Unknown,2023-02-28,08:59,2023-03-01,08:49,,,1.0,1.0,0.0,0.0,Active,2023-02-28,37.8069,-122.4683,BAY#202.5_SL,north,other,1
62201,BAY#230_SL,Crane Cove Park,Crane Cove Park,Posting,Unknown,Unknown,2023-02-28,08:57,2023-03-01,08:11,,,1.0,0.0,0.0,0.0,Active,2023-02-28,37.763431,-122.386861,BAY#230_SL,east,other,1
62202,BAY#300.1_SL,Sunnydale Cove,Candlestick Point,Posting,Unknown,Unknown,2023-02-28,08:58,2023-03-02,09:06,,,1.0,1.0,0.0,0.0,Active,2023-02-28,37.7096,-122.3899,BAY#300.1_SL,east,other,2
62200,BAY#301.1_SL,Windsurfer Circle,Candlestick Point,Posting,Unknown,Unknown,2023-02-28,08:54,2023-03-02,09:06,,,1.0,0.0,0.0,0.0,Active,2023-02-28,37.70917,-122.3823,BAY#301.1_SL,east,other,2
62210,BAY#301.2_SL,Jack Rabbit Beach,Candlestick Point,Posting,Unknown,Unknown,2023-03-01,08:49,2023-03-02,09:06,,,1.0,0.0,0.0,0.0,Active,2023-03-01,37.711025,-122.380136,BAY#301.2_SL,east,other,1
62221,BAY#320_SL,Islais creek at Islais Landing,Islais Creek Channel,Posting,Unknown,Unknown,2023-03-07,14:20,2023-03-08,13:35,,,1.0,0.0,0.0,0.0,Active,2023-03-07,37.74703,-122.38793,BAY#320_SL,east,other,1
62243,BAY#220_SL,Mission creek at kayak landing,Mission Bay Channel,Posting,Combined Sewer Overflow,Combined Sewer Discharge,2023-03-10,06:56,2023-03-16,08:46,,,0.0,0.0,0.0,0.0,Active,2023-03-13,37.7719,-122.3967,BAY#220_SL,east,cso,6
62242,BAY#230_SL,Crane Cove Park,Crane Cove Park,Posting,Combined Sewer Overflow,Combined Sewer Discharge,2023-03-10,06:53,2023-03-12,10:00,,,0.0,0.0,0.0,0.0,Active,2023-03-13,37.763431,-122.386861,BAY#230_SL,east,cso,2
62244,BAY#320_SL,Islais creek at Islais Landing,Islais Creek Channel,Posting,Combined Sewer Overflow,Combined Sewer Discharge,2023-03-10,06:57,2023-03-17,10:00,,,0.0,0.0,0.0,0.0,Active,2023-03-13,37.74703,-122.38793,BAY#320_SL,east,cso,7
62249,BAY#202.4_SL,"Crissy Field, East",Crissy Field,Posting,Combined Sewer Overflow,Combined Sewer Discharge,2023-03-14,10:56,2023-03-16,08:45,,,0.0,0.0,0.0,0.0,Active,2023-03-14,37.8066,-122.4519,BAY#202.4_SL,north,cso,2
62250,BAY#202.5_SL,Crissy Field West,Crissy Field,Posting,Combined Sewer Overflow,Combined Sewer Discharge,2023-03-14,10:57,2023-03-15,15:46,,,0.0,0.0,0.0,0.0,Active,2023-03-14,37.8069,-122.4683,BAY#202.5_SL,north,cso,1
62247,BAY#210.1_SL,Hyde Street Pier,Aquatic Park,Posting,Combined Sewer Overflow,Combined Sewer Discharge,2023-03-14,10:54,2023-03-16,08:45,,,0.0,0.0,0.0,0.0,Active,2023-03-14,37.80899,-122.4212947,BAY#210.1_SL,north,cso,2
62248,BAY#211_SL,Aquatic Park Beach,Aquatic Park,Posting,Combined Sewer Overflow,Combined Sewer Discharge,2023-03-14,10:55,2023-03-15,11:09,,,0.0,0.0,0.0,0.0,Active,2023-03-14,37.8078,-122.4221,BAY#211_SL,north,cso,1
62245,BAY#230_SL,Crane Cove Park,Crane Cove Park,Posting,Combined Sewer Overflow,Combined Sewer Discharge,2023-03-14,10:52,2023-03-16,08:45,,,0.0,0.0,0.0,0.0,Active,2023-03-14,37.763431,-122.386861,BAY#230_SL,east,cso,2
62246,OCEAN#15_SL,"Baker Beach, Lobos Creek at Lower Parking Lot",Baker Beach,Posting,Unknown,Unknown,2023-03-14,10:52,2023-03-15,11:09,,,1.0,0.0,0.0,0.0,Active,2023-03-14,37.7917,-122.484926,OCEAN#15_SL,baker_china,other,1
62251,OCEAN#18_SL,"Ocean Beach, at Balboa St.",Ocean Beach,Posting,Combined Sewer Overflow,Combined Sewer Discharge,2023-03-14,10:57,2023-03-16,08:45,,,0.0,0.0,0.0,0.0,Active,2023-03-14,37.77492,-122.51351,OCEAN#18_SL,ocean,cso,2
62252,OCEAN#19_SL,"Ocean Beach, at Lincoln Ave.",Ocean Beach,Posting,Combined Sewer Overflow,Combined Sewer Discharge,2023-03-14,10:58,2023-03-16,08:45,,,0.0,0.0,0.0,0.0,Active,2023-03-14,37.7638,-122.511,OCEAN#19_SL,ocean,cso,2
62253,OCEAN#20_SL,"Ocean Beach, at Pacheco St.",Ocean Beach,Posting,Combined Sewer Overflow,Combined Sewer Discharge,2023-03-14,10:59,2023-03-16,08:46,,,0.0,0.0,0.0,0.0,Active,2023-03-14,37.74891,-122.50996,OCEAN#20_SL,ocean,cso,2
62256,OCEAN#21.1_SL,"Ocean Beach, at Sloat Blvd.",Ocean Beach,Posting,Combined Sewer Overflow,Combined Sewer Discharge,2023-03-14,11:01,2023-03-16,08:44,,,0.0,0.0,0.0,0.0,Active,2023-03-14,37.73567,-122.50769,OCEAN#21.1_SL,ocean,cso,2
62255,OCEAN#21_SL,Ocean Beach at Vicente St.,Ocean Beach,Posting,Combined Sewer Overflow,Combined Sewer Discharge,2023-03-14,11:00,2023-03-16,08:44,,,0.0,0.0,0.0,0.0,Active,2023-03-14,37.73782,-122.50825,OCEAN#21_SL,ocean,cso,2
62254,OCEAN#22_SL,Fort Funston,Ocean Beach,Posting,Combined Sewer Overflow,Combined Sewer Discharge,2023-03-14,10:59,2023-03-15,11:09,,,0.0,0.0,0.0,0.0,Active,2023-03-14,37.71526,-122.50476,OCEAN#22_SL,ocean,cso,1
62278,BAY#220_SL,Mission creek at kayak landing,Mission Bay Channel,Posting,Combined Sewer Overflow,Combined Sewer Discharge,2023-03-19,06:46,2023-03-21,09:10,,,0.0,0.0,0.0,0.0,Active,2023-03-20,37.7719,-122.3967,BAY#220_SL,east,cso,2
62279,BAY#230_SL,Crane Cove Park,Crane Cove Park,Posting,Combined Sewer Overflow,Combined Sewer Discharge,2023-03-19,06:47,2023-03-21,09:10,,,0.0,0.0,0.0,0.0,Active,2023-03-20,37.763431,-122.386861,BAY#230_SL,east,cso,2
62280,BAY#320_SL,Islais creek at Islais Landing,Islais Creek Channel,Posting,Combined Sewer Overflow,Combined Sewer Discharge,2023-03-19,06:48,2023-03-28,14:16,,,0.0,0.0,0.0,0.0,Active,2023-03-20,37.74703,-122.38793,BAY#320_SL,east,cso,9
62313,BAY#220_SL,Mission creek at kayak landing,Mission Bay Channel,Posting,Combined Sewer Overflow,Combined Sewer Discharge,2023-03-22,06:59,2023-03-26,10:00,,,0.0,0.0,0.0,0.0,Active,2023-03-23,37.7719,-122.3967,BAY#220_SL,east,cso,4
62314,BAY#230_SL,Crane Cove Park,Crane Cove Park,Posting,Combined Sewer Overflow,Combined Sewer Discharge,2023-03-22,07:00,2023-03-24,10:00,,,0.0,0.0,0.0,0.0,Active,2023-03-23,37.763431,-122.386861,BAY#230_SL,east,cso,2
62320,BAY#220_SL,Mission creek at kayak landing,Mission Bay Channel,Posting,Combined Sewer Overflow,Combined Sewer Discharge,2023-03-28,15:19,2023-03-31,10:00,,,0.0,0.0,0.0,0.0,Active,2023-03-28,37.7719,-122.3967,BAY#220_SL,east,cso,3
62321,BAY#230_SL,Crane Cove Park,Crane Cove Park,Posting,Combined Sewer Overflow,Combined Sewer Discharge,2023-03-28,15:20,2023-03-30,08:12,,,0.0,0.0,0.0,0.0,Active,2023-03-28,37.763431,-122.386861,BAY#230_SL,east,cso,2
62322,BAY#320_SL,Islais creek at Islais Landing,Islais Creek Channel,Posting,Combined Sewer Overflow,Combined Sewer Discharge,2023-03-28,15:20,2023-04-02,10:00,,,0.0,0.0,0.0,0.0,Active,2023-03-28,37.74703,-122.38793,BAY#320_SL,east,cso,5
62323,OCEAN#22_SL,Fort Funston,Ocean Beach,Posting,Combined Sewer Overflow,Combined Sewer Discharge,2023-03-28,15:21,2023-03-30,08:12,,,0.0,0.0,0.0,0.0,Active,2023-03-28,37.71526,-122.50476,OCEAN#22_SL,ocean,cso,2
62368,BAY#202.4_SL,"Crissy Field, East",Crissy Field,Posting,Unknown,Unknown,2023-04-11,08:32,2023-04-12,08:08,,,1.0,1.0,0.0,0.0,Active,2023-04-11,37.8066,-122.4519,BAY#202.4_SL,north,other,1
62367,OCEAN#15_SL,"Baker Beach, Lobos Creek at Lower Parking Lot",Baker Beach,Posting,Unknown,Unknown,2023-04-11,08:28,2023-04-12,08:08,,,0.0,0.0,1.0,0.0,Active,2023-04-11,37.7917,-122.484926,OCEAN#15_SL,baker_china,other,1
62419,BAY#202.4_SL,"Crissy Field, East",Crissy Field,Posting,Unknown,Unknown,2023-04-25,08:51,2023-04-26,08:13,,,1.0,0.0,0.0,0.0,Active,2023-04-25,37.8066,-122.4519,BAY#202.4_SL,north,other,1
62476,OCEAN#15_SL,"Baker Beach, Lobos Creek at Lower Parking Lot",Baker Beach,Posting,Unknown,Unknown,2023-05-09,13:38,2023-05-10,08:06,,,1.0,0.0,0.0,0.0,Active,2023-05-09,37.7917,-122.484926,OCEAN#15_SL,baker_china,other,1
62539,OCEAN#15_SL,"Baker Beach, Lobos Creek at Lower Parking Lot",Baker Beach,Posting,Unknown,Unknown,2023-05-23,09:05,2023-05-24,08:04,,,1.0,0.0,0.0,0.0,Active,2023-05-23,37.7917,-122.484926,OCEAN#15_SL,baker_china,other,1
62692,BAY#301.2_SL,Jack Rabbit Beach,Candlestick Point,Posting,Unknown,Unknown,2023-06-21,08:20,2023-06-22,08:33,,,0.0,1.0,1.0,0.0,Active,2023-06-21,37.711025,-122.380136,BAY#301.2_SL,east,other,1
62804,OCEAN#15_SL,"Baker Beach, Lobos Creek at Lower Parking Lot",Baker Beach,Posting,Unknown,Unknown,2023-07-04,08:10,2023-07-06,,,,1.0,0.0,0.0,0.0,Active,2023-07-18,37.7917,-122.484926,OCEAN#15_SL,baker_china,other,2
62805,OCEAN#15_SL,"Baker Beach, Lobos Creek at Lower Parking Lot",Baker Beach,Posting,Unknown,Unknown,2023-07-11,08:11,2023-07-12,10:00,,,1.0,0.0,0.0,0.0,Active,2023-07-18,37.7917,-122.484926,OCEAN#15_SL,baker_china,other,1
62850,BAY#230_SL,Crane Cove Park,Crane Cove Park,Posting,Unknown,Unknown,2023-08-01,08:18,2023-08-02,10:00,,,0.0,1.0,0.0,0.0,Active,2023-08-01,37.763431,-122.386861,BAY#230_SL,east,other,1
62880,BAY#320_SL,Islais creek at Islais Landing,Islais Creek Channel,Posting,Unknown,Unknown,2023-08-08,08:31,2023-08-09,08:06,,,1.0,0.0,0.0,0.0,Active,2023-08-08,37.74703,-122.38793,BAY#320_SL,east,other,1
62961,OCEAN#15_SL,"Baker Beach, Lobos Creek at Lower Parking Lot",Baker Beach,Posting,Unknown,Unknown,2023-08-29,15:21,2023-08-30,08:28,,,1.0,1.0,0.0,0.0,Active,2023-08-29,37.7917,-122.484926,OCEAN#15_SL,baker_china,other,1
63012,BAY#320_SL,Islais creek at Islais Landing,Islais Creek Channel,Posting,Unknown,Unknown,2023-09-12,13:49,2023-09-13,08:07,,,1.0,1.0,0.0,0.0,Active,2023-09-12,37.74703,-122.38793,BAY#320_SL,east,other,1
63070,BAY#301.1_SL,Windsurfer Circle,Candlestick Point,Posting,Unknown,Unknown,2023-09-26,06:38,2023-09-27,10:00,,,0.0,0.0,1.0,0.0,Active,2023-10-02,37.70917,-122.3823,BAY#301.1_SL,east,other,1
63071,OCEAN#15_SL,"Baker Beach, Lobos Creek at Lower Parking Lot",Baker Beach,Posting,Unknown,Unknown,2023-09-26,06:41,2023-09-28,10:00,,,1.0,0.0,1.0,0.0,Active,2023-10-02,37.7917,-122.484926,OCEAN#15_SL,baker_china,other,2
63164,BAY#230_SL,Crane Cove Park,Crane Cove Park,Posting,Unknown,Unknown,2023-10-18,14:57,2023-10-19,08:09,,,1.0,0.0,0.0,0.0,Active,2023-10-18,37.763431,-122.386861,BAY#230_SL,east,other,1
63180,BAY#320_SL,Islais creek at Islais Landing,Islais Creek Channel,Posting,Unknown,Unknown,2023-10-24,08:54,2023-10-25,08:14,,,1.0,0.0,0.0,0.0,Active,2023-10-24,37.74703,-122.38793,BAY#320_SL,east,other,1
63181,OCEAN#15_SL,"Baker Beach, Lobos Creek at Lower Parking Lot",Baker Beach,Posting,Unknown,Unknown,2023-10-24,08:54,2023-10-25,08:14,,,1.0,0.0,1.0,0.0,Active,2023-10-24,37.7917,-122.484926,OCEAN#15_SL,baker_china,other,1
63206,OCEAN#21.1_SL,"Ocean Beach, at Sloat Blvd.",Ocean Beach,Posting,Unknown,Unknown,2023-10-31,09:00,2023-11-01,08:17,,,1.0,1.0,0.0,0.0,Active,2023-10-31,37.73567,-122.50769,OCEAN#21.1_SL,ocean,other,1
63218,BAY#301.1_SL,Windsurfer Circle,Candlestick Point,Posting,Unknown,Unknown,2023-11-07,14:55,2023-11-08,08:52,,,1.0,0.0,0.0,0.0,Active,2023-11-07,37.70917,-122.3823,BAY#301.1_SL,east,other,1
63219,OCEAN#15_SL,"Baker Beach, Lobos Creek at Lower Parking Lot",Baker Beach,Posting,Unknown,Unknown,2023-11-07,14:56,2023-11-08,15:56,,,1.0,0.0,0.0,0.0,Active,2023-11-07,37.7917,-122.484926,OCEAN#15_SL,baker_china,other,1
63261,BAY#202.4_SL,"Crissy Field, East",Crissy Field,Posting,Combined Sewer Overflow,Combined Sewer Discharge,2023-11-18,15:01,2023-11-19,10:00,,,0.0,0.0,0.0,0.0,Active,2023-11-20,37.8066,-122.4519,BAY#202.4_SL,north,cso,1
63262,BAY#202.5_SL,Crissy Field West,Crissy Field,Posting,Combined Sewer Overflow,Combined Sewer Discharge,2023-11-18,15:02,2023-11-20,10:00,,,0.0,0.0,0.0,0.0,Active,2023-11-20,37.8069,-122.4683,BAY#202.5_SL,north,cso,2
63263,BAY#210.1_SL,Hyde Street Pier,Aquatic Park,Posting,Combined Sewer Overflow,Combined Sewer Discharge,2023-11-18,15:03,2023-11-20,10:00,,,0.0,0.0,0.0,0.0,Active,2023-11-20,37.80899,-122.4212947,BAY#210.1_SL,north,cso,2
63264,BAY#211_SL,Aquatic Park Beach,Aquatic Park,Posting,Combined Sewer Overflow,Combined Sewer Discharge,2023-11-18,15:04,2023-11-20,10:00,,,0.0,0.0,0.0,0.0,Active,2023-11-20,37.8078,-122.4221,BAY#211_SL,north,cso,2
63265,BAY#220_SL,Mission creek at kayak landing,Mission Bay Channel,Posting,Combined Sewer Overflow,Combined Sewer Discharge,2023-11-18,15:05,2023-11-20,10:00,,,0.0,0.0,0.0,0.0,Active,2023-11-20,37.7719,-122.3967,BAY#220_SL,east,cso,2
63266,BAY#230_SL,Crane Cove Park,Crane Cove Park,Posting,Combined Sewer Overflow,Combined Sewer Discharge,2023-11-18,15:06,2023-11-20,10:00,,,0.0,0.0,0.0,0.0,Active,2023-11-20,37.763431,-122.386861,BAY#230_SL,east,cso,2
63270,BAY#320_SL,Islais creek at Islais Landing,Islais Creek Channel,Posting,Combined Sewer Overflow,Combined Sewer Discharge,2023-11-18,15:10,2023-11-23,10:00,,,0.0,0.0,0.0,0.0,Active,2023-11-20,37.74703,-122.38793,BAY#320_SL,east,cso,5
63267,OCEAN#15EAST_SL,"Baker Beach East, Upper Parking Lot",Baker Beach,Posting,Combined Sewer Overflow,Combined Sewer Discharge,2023-11-18,15:07,2023-11-19,10:00,,,0.0,0.0,0.0,0.0,Active,2023-11-20,37.79258,-122.48465,OCEAN#15EAST_SL,baker_china,cso,1
63268,OCEAN#15_SL,"Baker Beach, Lobos Creek at Lower Parking Lot",Baker Beach,Posting,Combined Sewer Overflow,Combined Sewer Discharge,2023-11-18,15:07,2023-11-21,08:36,,,0.0,0.0,0.0,0.0,Active,2023-11-20,37.7917,-122.484926,OCEAN#15_SL,baker_china,cso,3
63269,OCEAN#16_SL,"Baker Beach West, Opposite Seacliff 2 Pumping Station",Baker Beach,Posting,Combined Sewer Overflow,Combined Sewer Discharge,2023-11-18,15:09,2023-11-19,10:00,,,0.0,0.0,0.0,0.0,Active,2023-11-20,37.78977,-122.48741,OCEAN#16_SL,baker_china,cso,1
63271,OCEAN#18_SL,"Ocean Beach, at Balboa St.",Ocean Beach,Posting,Combined Sewer Overflow,Combined Sewer Discharge,2023-11-18,15:11,2023-11-20,10:00,,,0.0,0.0,0.0,0.0,Active,2023-11-20,37.77492,-122.51351,OCEAN#18_SL,ocean,cso,2
63272,OCEAN#19_SL,"Ocean Beach, at Lincoln Ave.",Ocean Beach,Posting,Combined Sewer Overflow,Combined Sewer Discharge,2023-11-18,15:12,2023-11-20,10:00,,,0.0,0.0,0.0,0.0,Active,2023-11-20,37.7638,-122.511,OCEAN#19_SL,ocean,cso,2
63273,OCEAN#20_SL,"Ocean Beach, at Pacheco St.",Ocean Beach,Posting,Combined Sewer Overflow,Combined Sewer Discharge,2023-11-18,15:13,2023-11-20,10:00,,,0.0,0.0,0.0,0.0,Active,2023-11-20,37.74891,-122.50996,OCEAN#20_SL,ocean,cso,2
63274,OCEAN#21.1_SL,"Ocean Beach, at Sloat Blvd.",Ocean Beach,Posting,Combined Sewer Overflow,Combined Sewer Discharge,2023-11-18,15:13,2023-11-20,10:00,,,0.0,0.0,0.0,0.0,Active,2023-11-20,37.73567,-122.50769,OCEAN#21.1_SL,ocean,cso,2
63275,OCEAN#21_SL,Ocean Beach at Vicente St.,Ocean Beach,Posting,Combined Sewer Overflow,Combined Sewer Discharge,2023-11-18,15:14,2023-11-20,10:00,,,0.0,0.0,0.0,0.0,Active,2023-11-20,37.73782,-122.50825,OCEAN#21_SL,ocean,cso,2
63276,OCEAN#22_SL,Fort Funston,Ocean Beach,Posting,Combined Sewer Overflow,Combined Sewer Discharge,2023-11-18,15:15,2023-11-20,10:00,,,0.0,0.0,0.0,0.0,Active,2023-11-20,37.71526,-122.50476,OCEAN#22_SL,ocean,cso,2
63284,OCEAN#15EAST_SL,"Baker Beach East, Upper Parking Lot",Baker Beach,Posting,Combined Sewer Overflow,Combined Sewer Discharge,2023-11-28,14:35,2023-11-29,14:44,,,0.0,0.0,0.0,0.0,Active,2023-11-28,37.79258,-122.48465,OCEAN#15EAST_SL,baker_china,cso,1
63285,OCEAN#15_SL,"Baker Beach, Lobos Creek at Lower Parking Lot",Baker Beach,Posting,Combined Sewer Overflow,Combined Sewer Discharge,2023-11-28,14:40,2023-11-30,14:44,,,0.0,0.0,0.0,0.0,Active,2023-11-28,37.7917,-122.484926,OCEAN#15_SL,baker_china,cso,2
63286,OCEAN#16_SL,"Baker Beach West, Opposite Seacliff 2 Pumping Station",Baker Beach,Posting,Combined Sewer Overflow,Combined Sewer Discharge,2023-11-28,14:41,2023-11-29,09:10,,,0.0,0.0,0.0,0.0,Active,2023-11-28,37.78977,-122.48741,OCEAN#16_SL,baker_china,cso,1
63307,OCEAN#15_SL,"Baker Beach, Lobos Creek at Lower Parking Lot",Baker Beach,Posting,Unknown,Unknown,2023-12-05,08:25,2023-12-08,10:00,,,1.0,0.0,0.0,0.0,Active,2023-12-05,37.7917,-122.484926,OCEAN#15_SL,baker_china,other,3
63318,OCEAN#15EAST_SL,"Baker Beach East, Upper Parking Lot",Baker Beach,Posting,Unknown,Unknown,2023-12-07,06:42,2023-12-08,10:00,,,1.0,0.0,0.0,0.0,Active,2023-12-11,37.79258,-122.48465,OCEAN#15EAST_SL,baker_china,other,1
63325,BAY#230_SL,Crane Cove Park,Crane Cove Park,Posting,Unknown,Unknown,2023-12-12,10:20,2023-12-13,08:10,,,1.0,0.0,0.0,0.0,Active,2023-12-12,37.763431,-122.386861,BAY#230_SL,east,other,1
63353,BAY#202.4_SL,"Crissy Field, East",Crissy Field,Posting,Combined Sewer Overflow,Combined Sewer Discharge,2023-12-18,08:43,2023-12-22,10:00,,,0.0,0.0,0.0,0.0,Active,2023-12-19,37.8066,-122.4519,BAY#202.4_SL,north,cso,4
63354,BAY#202.5_SL,Crissy Field West,Crissy Field,Posting,Combined Sewer Overflow,Combined Sewer Discharge,2023-12-18,08:44,2023-12-19,09:53,,,0.0,0.0,0.0,0.0,Active,2023-12-19,37.8069,-122.4683,BAY#202.5_SL,north,cso,1
63355,BAY#210.1_SL,Hyde Street Pier,Aquatic Park,Posting,Combined Sewer Overflow,Combined Sewer Discharge,2023-12-18,08:46,2023-12-19,09:54,,,0.0,0.0,0.0,0.0,Active,2023-12-19,37.80899,-122.4212947,BAY#210.1_SL,north,cso,1
63356,BAY#211_SL,Aquatic Park Beach,Aquatic Park,Posting,Combined Sewer Overflow,Combined Sewer Discharge,2023-12-18,08:47,2023-12-19,09:53,,,0.0,0.0,0.0,0.0,Active,2023-12-19,37.8078,-122.4221,BAY#211_SL,north,cso,1
63358,BAY#220_SL,Mission creek at kayak landing,Mission Bay Channel,Posting,Combined Sewer Overflow,Combined Sewer Discharge,2023-12-18,08:48,2023-12-26,10:00,,,0.0,0.0,0.0,0.0,Active,2023-12-19,37.7719,-122.3967,BAY#220_SL,east,cso,8
63357,BAY#230_SL,Crane Cove Park,Crane Cove Park,Posting,Combined Sewer Overflow,Combined Sewer Discharge,2023-12-18,08:47,2023-12-22,10:00,,,0.0,0.0,0.0,0.0,Active,2023-12-19,37.763431,-122.386861,BAY#230_SL,east,cso,4
63360,BAY#320_SL,Islais creek at Islais Landing,Islais Creek Channel,Posting,Combined Sewer Overflow,Combined Sewer Discharge,2023-12-18,08:50,2023-12-24,10:00,,,0.0,0.0,0.0,0.0,Active,2023-12-19,37.74703,-122.38793,BAY#320_SL,east,cso,6
63361,OCEAN#15EAST_SL,"Baker Beach East, Upper Parking Lot",Baker Beach,Posting,Combined Sewer Overflow,Combined Sewer Discharge,2023-12-18,08:50,2023-12-19,09:53,,,0.0,0.0,0.0,0.0,Active,2023-12-19,37.79258,-122.48465,OCEAN#15EAST_SL,baker_china,cso,1
63363,OCEAN#15_SL,"Baker Beach, Lobos Creek at Lower Parking Lot",Baker Beach,Posting,Combined Sewer Overflow,Combined Sewer Discharge,2023-12-18,08:52,2023-12-19,09:53,,,0.0,0.0,0.0,0.0,Active,2023-12-19,37.7917,-122.484926,OCEAN#15_SL,baker_china,cso,1
63362,OCEAN#16_SL,"Baker Beach West, Opposite Seacliff 2 Pumping Station",Baker Beach,Posting,Combined Sewer Overflow,Combined Sewer Discharge,2023-12-18,08:51,2023-12-19,09:53,,,0.0,0.0,0.0,0.0,Active,2023-12-19,37.78977,-122.48741,OCEAN#16_SL,baker_china,cso,1
63359,OCEAN#22_SL,Fort Funston,Ocean Beach,Posting,Combined Sewer Overflow,Combined Sewer Discharge,2023-12-18,08:49,2023-12-20,08:25,,,0.0,0.0,0.0,0.0,Active,2023-12-19,37.71526,-122.50476,OCEAN#22_SL,ocean,cso,2
63366,BAY#300.1_SL,Sunnydale Cove,Candlestick Point,Posting,Unknown,Unknown,2023-12-19,09:54,2023-12-23,10:00,,,1.0,1.0,1.0,0.0,Active,2023-12-19,37.7096,-122.3899,BAY#300.1_SL,east,other,4
63385,BAY#202.5_SL,Crissy Field West,Crissy Field,Posting,Combined Sewer Overflow,Combined Sewer Discharge,2023-12-20,10:15,2023-12-22,10:00,,,0.0,0.0,0.0,0.0,Active,2023-12-20,37.8069,-122.4683,BAY#202.5_SL,north,cso,2
63386,BAY#210.1_SL,Hyde Street Pier,Aquatic Park,Posting,Combined Sewer Overflow,Combined Sewer Discharge,2023-12-20,10:15,2023-12-22,10:00,,,0.0,0.0,0.0,0.0,Active,2023-12-20,37.80899,-122.4212947,BAY#210.1_SL,north,cso,2
63387,BAY#211_SL,Aquatic Park Beach,Aquatic Park,Posting,Combined Sewer Overflow,Combined Sewer Discharge,2023-12-20,10:16,2023-12-21,,,,0.0,0.0,0.0,0.0,Active,2023-12-20,37.8078,-122.4221,BAY#211_SL,north,cso,1
63381,OCEAN#18_SL,"Ocean Beach, at Balboa St.",Ocean Beach,Posting,Combined Sewer Overflow,Combined Sewer Discharge,2023-12-20,10:13,2023-12-21,23:59,,,0.0,0.0,0.0,0.0,Active,2023-12-20,37.77492,-122.51351,OCEAN#18_SL,ocean,cso,1
63382,OCEAN#19_SL,"Ocean Beach, at Lincoln Ave.",Ocean Beach,Posting,Combined Sewer Overflow,Combined Sewer Discharge,2023-12-20,10:13,2023-12-23,11:00,,,0.0,0.0,0.0,0.0,Active,2023-12-20,37.7638,-122.511,OCEAN#19_SL,ocean,cso,3
63383,OCEAN#20_SL,"Ocean Beach, at Pacheco St.",Ocean Beach,Posting,Combined Sewer Overflow,Combined Sewer Discharge,2023-12-20,10:14,2023-12-22,10:00,,,0.0,0.0,0.0,0.0,Active,2023-12-20,37.74891,-122.50996,OCEAN#20_SL,ocean,cso,2
63453,OCEAN#21.1_SL,"Ocean Beach, at Sloat Blvd.",Ocean Beach,Posting,Combined Sewer Overflow,Combined Sewer Discharge,2023-12-20,07:29,2023-12-22,10:00,,,0.0,0.0,0.0,0.0,Active,2024-01-02,37.73567,-122.50769,OCEAN#21.1_SL,ocean,cso,2
63384,OCEAN#21_SL,Ocean Beach at Vicente St.,Ocean Beach,Posting,Combined Sewer Overflow,Combined Sewer Discharge,2023-12-20,10:14,2023-12-23,10:00,,,0.0,0.0,0.0,0.0,Active,2023-12-20,37.73782,-122.50825,OCEAN#21_SL,ocean,cso,3
63380,OCEAN#22_SL,Fort Funston,Ocean Beach,Posting,Combined Sewer Overflow,Combined Sewer Discharge,2023-12-20,10:12,2023-12-22,10:00,,,0.0,0.0,0.0,0.0,Active,2023-12-20,37.71526,-122.50476,OCEAN#22_SL,ocean,cso,2
63454,OCEAN#15EAST_SL,"Baker Beach East, Upper Parking Lot",Baker Beach,Posting,Unknown,Unknown,2023-12-27,07:51,2023-12-28,,,,1.0,0.0,0.0,0.0,Active,2024-01-02,37.79258,-122.48465,OCEAN#15EAST_SL,baker_china,other,1
63455,OCEAN#15_SL,"Baker Beach, Lobos Creek at Lower Parking Lot",Baker Beach,Posting,Unknown,Unknown,2023-12-27,07:52,2023-12-28,10:00,,,1.0,1.0,0.0,0.0,Active,2024-01-02,37.7917,-122.484926,OCEAN#15_SL,baker_china,other,1
63456,OCEAN#19_SL,"Ocean Beach, at Lincoln Ave.",Ocean Beach,Posting,Unknown,Unknown,2023-12-27,07:53,2023-12-28,10:00,,,1.0,1.0,0.0,0.0,Active,2024-01-02,37.7638,-122.511,OCEAN#19_SL,ocean,other,1
63458,BAY#220_SL,Mission creek at kayak landing,Mission Bay Channel,Posting,Combined Sewer Overflow,Combined Sewer Discharge,2023-12-30,08:08,2023-12-31,23:59,,,0.0,0.0,0.0,0.0,Active,2024-01-02,37.7719,-122.3967,BAY#220_SL,east,cso,1
63459,BAY#230_SL,Crane Cove Park,Crane Cove Park,Posting,Combined Sewer Overflow,Combined Sewer Discharge,2023-12-30,08:08,2023-12-31,23:59,,,0.0,0.0,0.0,0.0,Active,2024-01-02,37.763431,-122.386861,BAY#230_SL,east,cso,1
63457,BAY#320_SL,Islais creek at Islais Landing,Islais Creek Channel,Posting,Combined Sewer Overflow,Combined Sewer Discharge,2023-12-30,08:06,2023-12-31,23:59,,,0.0,0.0,0.0,0.0,Active,2024-01-02,37.74703,-122.38793,BAY#320_SL,east,cso,1
63562,BAY#220_SL,Mission creek at kayak landing,Mission Bay Channel,Posting,Combined Sewer Overflow,Combined Sewer Discharge,2024-01-01,00:00,2024-01-02,10:00,,,0.0,0.0,0.0,0.0,Active,2024-01-04,37.7719,-122.3967,BAY#220_SL,east,cso,1
63563,BAY#230_SL,Crane Cove Park,Crane Cove Park,Posting,Combined Sewer Overflow,Combined Sewer Discharge,2024-01-01,00:00,2024-01-02,10:00,,,0.0,0.0,0.0,0.0,Active,2024-01-04,37.763431,-122.386861,BAY#230_SL,east,cso,1
63561,BAY#320_SL,Islais creek at Islais Landing,Islais Creek Channel,Posting,Combined Sewer Overflow,Combined Sewer Discharge,2024-01-01,00:00,2024-01-03,10:00,,,0.0,0.0,0.0,0.0,Active,2024-01-04,37.74703,-122.38793,BAY#320_SL,east,cso,2
63496,OCEAN#15_SL,"Baker Beach, Lobos Creek at Lower Parking Lot",Baker Beach,Posting,Unknown,Unknown,2024-01-03,08:52,2024-01-04,08:13,,,1.0,0.0,0.0,0.0,Active,2024-01-03,37.7917,-122.484926,OCEAN#15_SL,baker_china,other,1
63587,BAY#301.1_SL,Windsurfer Circle,Candlestick Point,Posting,Unknown,Unknown,2024-01-09,14:17,2024-01-10,08:10,,,1.0,0.0,0.0,0.0,Active,2024-01-09,37.70917,-122.3823,BAY#301.1_SL,east,other,1
63633,BAY#202.4_SL,"Crissy Field, East",Crissy Field,Posting,Combined Sewer Overflow,Combined Sewer Discharge,2024-01-14,07:01,2024-01-15,10:00,,,0.0,0.0,0.0,0.0,Active,2024-01-16,37.8066,-122.4519,BAY#202.4_SL,north,cso,1
63634,BAY#202.5_SL,Crissy Field West,Crissy Field,Posting,Combined Sewer Overflow,Combined Sewer Discharge,2024-01-14,07:06,2024-01-15,10:00,,,0.0,0.0,0.0,0.0,Active,2024-01-16,37.8069,-122.4683,BAY#202.5_SL,north,cso,1
63635,BAY#210.1_SL,Hyde Street Pier,Aquatic Park,Posting,Combined Sewer Overflow,Combined Sewer Discharge,2024-01-14,07:39,2024-01-15,10:00,,,0.0,0.0,0.0,0.0,Active,2024-01-16,37.80899,-122.4212947,BAY#210.1_SL,north,cso,1
63636,BAY#211_SL,Aquatic Park Beach,Aquatic Park,Posting,Combined Sewer Overflow,Combined Sewer Discharge,2024-01-14,07:40,2024-01-15,10:00,,,0.0,0.0,0.0,0.0,Active,2024-01-16,37.8078,-122.4221,BAY#211_SL,north,cso,1
63637,BAY#220_SL,Mission creek at kayak landing,Mission Bay Channel,Posting,Combined Sewer Overflow,Combined Sewer Discharge,2024-01-14,07:42,2024-01-17,14:43,,,0.0,0.0,0.0,0.0,Active,2024-01-16,37.7719,-122.3967,BAY#220_SL,east,cso,3
63638,BAY#230_SL,Crane Cove Park,Crane Cove Park,Posting,Combined Sewer Overflow,Combined Sewer Discharge,2024-01-14,07:43,2024-01-16,08:18,,,0.0,0.0,0.0,0.0,Active,2024-01-16,37.763431,-122.386861,BAY#230_SL,east,cso,2
63639,BAY#320_SL,Islais creek at Islais Landing,Islais Creek Channel,Posting,Combined Sewer Overflow,Combined Sewer Discharge,2024-01-14,07:43,2024-01-27,10:00,,,0.0,0.0,0.0,0.0,Active,2024-01-16,37.74703,-122.38793,BAY#320_SL,east,cso,13
63642,OCEAN#18_SL,"Ocean Beach, at Balboa St.",Ocean Beach,Posting,Combined Sewer Overflow,Combined Sewer Discharge,2024-01-14,07:48,2024-01-15,10:00,,,0.0,0.0,0.0,0.0,Active,2024-01-16,37.77492,-122.51351,OCEAN#18_SL,ocean,cso,1
63643,OCEAN#19_SL,"Ocean Beach, at Lincoln Ave.",Ocean Beach,Posting,Combined Sewer Overflow,Combined Sewer Discharge,2024-01-14,07:49,2024-01-15,10:00,,,0.0,0.0,0.0,0.0,Active,2024-01-16,37.7638,-122.511,OCEAN#19_SL,ocean,cso,1
63641,OCEAN#21.1_SL,"Ocean Beach, at Sloat Blvd.",Ocean Beach,Posting,Combined Sewer Overflow,Combined Sewer Discharge,2024-01-14,07:47,2024-01-15,10:00,,,0.0,0.0,0.0,0.0,Active,2024-01-16,37.73567,-122.50769,OCEAN#21.1_SL,ocean,cso,1
63644,OCEAN#21_SL,Ocean Beach at Vicente St.,Ocean Beach,Posting,Combined Sewer Overflow,Combined Sewer Discharge,2024-01-14,07:50,2024-01-15,10:00,,,0.0,0.0,0.0,0.0,Active,2024-01-16,37.73782,-122.50825,OCEAN#21_SL,ocean,cso,1
63640,OCEAN#22_SL,Fort Funston,Ocean Beach,Posting,Combined Sewer Overflow,Combined Sewer Discharge,2024-01-14,07:44,2024-01-15,10:00,,,0.0,0.0,0.0,0.0,Active,2024-01-16,37.71526,-122.50476,OCEAN#22_SL,ocean,cso,1
63653,BAY#300.1_SL,Sunnydale Cove,Candlestick Point,Posting,Unknown,Unknown,2024-01-18,08:41,2024-01-19,10:00,,,1.0,0.0,0.0,0.0,Active,2024-01-18,37.7096,-122.3899,BAY#300.1_SL,east,other,1
63666,BAY#220_SL,Mission creek at kayak landing,Mission Bay Channel,Posting,Combined Sewer Overflow,Combined Sewer Discharge,2024-01-22,07:00,2024-01-26,10:00,,,0.0,0.0,0.0,0.0,Active,2024-01-22,37.7719,-122.3967,BAY#220_SL,east,cso,4
63667,BAY#230_SL,Crane Cove Park,Crane Cove Park,Posting,Combined Sewer Overflow,Combined Sewer Discharge,2024-01-22,07:01,2024-01-24,08:18,,,0.0,0.0,0.0,0.0,Active,2024-01-22,37.763431,-122.386861,BAY#230_SL,east,cso,2
63684,BAY#202.5_SL,Crissy Field West,Crissy Field,Posting,Unknown,Unknown,2024-01-23,14:11,2024-01-24,08:17,,,1.0,0.0,1.0,0.0,Active,2024-01-23,37.8069,-122.4683,BAY#202.5_SL,north,other,1
63685,BAY#300.1_SL,Sunnydale Cove,Candlestick Point,Posting,Unknown,Unknown,2024-01-23,14:13,2024-01-24,08:17,,,1.0,0.0,0.0,0.0,Active,2024-01-23,37.7096,-122.3899,BAY#300.1_SL,east,other,1
63686,BAY#301.1_SL,Windsurfer Circle,Candlestick Point,Posting,Unknown,Unknown,2024-01-23,14:14,2024-01-24,08:17,,,1.0,0.0,0.0,0.0,Active,2024-01-23,37.70917,-122.3823,BAY#301.1_SL,east,other,1
63698,BAY#230_SL,Crane Cove Park,Crane Cove Park,Posting,Combined Sewer Overflow,Combined Sewer Discharge,2024-01-24,13:16,2024-01-25,10:00,,,0.0,0.0,0.0,0.0,Active,2024-01-24,37.763431,-122.386861,BAY#230_SL,east,cso,1
63742,BAY#202.4_SL,"Crissy Field, East",Crissy Field,Posting,Combined Sewer Overflow,Combined Sewer Discharge,2024-02-01,06:42,2024-02-03,10:00,,,0.0,0.0,0.0,0.0,Active,2024-02-01,37.8066,-122.4519,BAY#202.4_SL,north,cso,2
63743,BAY#202.5_SL,Crissy Field West,Crissy Field,Posting,Combined Sewer Overflow,Coastal outlets,2024-02-01,06:43,2024-02-03,10:00,,,0.0,0.0,0.0,0.0,Active,2024-02-01,37.8069,-122.4683,BAY#202.5_SL,north,cso,2
63744,BAY#210.1_SL,Hyde Street Pier,Aquatic Park,Posting,Combined Sewer Overflow,Combined Sewer Discharge,2024-02-01,06:44,2024-02-02,10:00,,,0.0,0.0,0.0,0.0,Active,2024-02-01,37.80899,-122.4212947,BAY#210.1_SL,north,cso,1
63745,BAY#211_SL,Aquatic Park Beach,Aquatic Park,Posting,Combined Sewer Overflow,Coastal outlets,2024-02-01,06:45,2024-02-03,10:00,,,0.0,0.0,0.0,0.0,Active,2024-02-01,37.8078,-122.4221,BAY#211_SL,north,cso,2
63746,BAY#220_SL,Mission creek at kayak landing,Mission Bay Channel,Posting,Combined Sewer Overflow,Combined Sewer Discharge,2024-02-01,06:45,2024-02-02,10:00,,,0.0,0.0,0.0,0.0,Active,2024-02-01,37.7719,-122.3967,BAY#220_SL,east,cso,1
63747,BAY#230_SL,Crane Cove Park,Crane Cove Park,Posting,Combined Sewer Overflow,Combined Sewer Discharge,2024-02-01,06:46,2024-02-03,10:00,,,0.0,0.0,0.0,0.0,Active,2024-02-01,37.763431,-122.386861,BAY#230_SL,east,cso,2
63748,BAY#301.2_SL,Jack Rabbit Beach,Candlestick Point,Posting,Combined Sewer Overflow,Combined Sewer Discharge,2024-02-01,06:46,2024-02-03,10:00,,,0.0,0.0,0.0,0.0,Active,2024-02-01,37.711025,-122.380136,BAY#301.2_SL,east,cso,2
63749,BAY#320_SL,Islais creek at Islais Landing,Islais Creek Channel,Posting,Combined Sewer Overflow,Combined Sewer Discharge,2024-02-01,06:47,2024-02-10,10:00,,,0.0,0.0,0.0,0.0,Active,2024-02-01,37.74703,-122.38793,BAY#320_SL,east,cso,9
63750,OCEAN#15EAST_SL,"Baker Beach East, Upper Parking Lot",Baker Beach,Posting,Combined Sewer Overflow,Combined Sewer Discharge,2024-02-01,06:48,2024-02-03,10:00,,,0.0,0.0,0.0,0.0,Active,2024-02-01,37.79258,-122.48465,OCEAN#15EAST_SL,baker_china,cso,2
63751,OCEAN#15_SL,"Baker Beach, Lobos Creek at Lower Parking Lot",Baker Beach,Posting,Combined Sewer Overflow,Combined Sewer Discharge,2024-02-01,06:49,2024-02-02,10:00,,,0.0,0.0,0.0,0.0,Active,2024-02-01,37.7917,-122.484926,OCEAN#15_SL,baker_china,cso,1
63752,OCEAN#16_SL,"Baker Beach West, Opposite Seacliff 2 Pumping Station",Baker Beach,Posting,Combined Sewer Overflow,Combined Sewer Discharge,2024-02-01,06:50,2024-02-02,10:00,,,0.0,0.0,0.0,0.0,Active,2024-02-01,37.78977,-122.48741,OCEAN#16_SL,baker_china,cso,1
63756,OCEAN#18_SL,"Ocean Beach, at Balboa St.",Ocean Beach,Posting,Combined Sewer Overflow,Combined Sewer Discharge,2024-02-01,06:53,2024-02-03,10:00,,,0.0,0.0,0.0,0.0,Active,2024-02-01,37.77492,-122.51351,OCEAN#18_SL,ocean,cso,2
63757,OCEAN#19_SL,"Ocean Beach, at Lincoln Ave.",Ocean Beach,Posting,Combined Sewer Overflow,Combined Sewer Discharge,2024-02-01,06:54,2024-02-04,10:00,,,0.0,0.0,0.0,0.0,Active,2024-02-01,37.7638,-122.511,OCEAN#19_SL,ocean,cso,3
63755,OCEAN#20_SL,"Ocean Beach, at Pacheco St.",Ocean Beach,Posting,Combined Sewer Overflow,Combined Sewer Discharge,2024-02-01,06:52,2024-02-02,10:00,,,0.0,0.0,0.0,0.0,Active,2024-02-01,37.74891,-122.50996,OCEAN#20_SL,ocean,cso,1
63758,OCEAN#21.1_SL,"Ocean Beach, at Sloat Blvd.",Ocean Beach,Posting,Combined Sewer Overflow,Combined Sewer Discharge,2024-02-01,06:54,2024-02-02,10:00,,,0.0,0.0,0.0,0.0,Active,2024-02-01,37.73567,-122.50769,OCEAN#21.1_SL,ocean,cso,1
63754,OCEAN#21_SL,Ocean Beach at Vicente St.,Ocean Beach,Posting,Combined Sewer Overflow,Combined Sewer Discharge,2024-02-01,06:51,2024-02-04,10:00,,,0.0,0.0,0.0,0.0,Active,2024-02-01,37.73782,-122.50825,OCEAN#21_SL,ocean,cso,3
63753,OCEAN#22_SL,Fort Funston,Ocean Beach,Posting,Combined Sewer Overflow,Combined Sewer Discharge,2024-02-01,06:50,2024-02-03,10:00,,,0.0,0.0,0.0,0.0,Active,2024-02-01,37.71526,-122.50476,OCEAN#22_SL,ocean,cso,2
63773,BAY#220_SL,Mission creek at kayak landing,Mission Bay Channel,Posting,Unknown,Unknown,2024-02-02,06:44,2024-02-05,13:17,,,1.0,0.0,0.0,0.0,Active,2024-02-05,37.7719,-122.3967,BAY#220_SL,east,other,3
63775,BAY#202.4_SL,"Crissy Field, East",Crissy Field,Posting,Combined Sewer Overflow,Combined Sewer Discharge,2024-02-04,06:56,2024-02-05,13:14,,,0.0,0.0,0.0,0.0,Active,2024-02-05,37.8066,-122.4519,BAY#202.4_SL,north,cso,1
63776,BAY#202.5_SL,Crissy Field West,Crissy Field,Posting,Combined Sewer Overflow,Combined Sewer Discharge,2024-02-04,06:57,2024-02-05,13:14,,,0.0,0.0,0.0,0.0,Active,2024-02-05,37.8069,-122.4683,BAY#202.5_SL,north,cso,1
63785,BAY#210.1_SL,Hyde Street Pier,Aquatic Park,Posting,Combined Sewer Overflow,Combined Sewer Discharge,2024-02-04,13:16,2024-02-05,10:00,,,0.0,0.0,0.0,0.0,Active,2024-02-05,37.80899,-122.4212947,BAY#210.1_SL,north,cso,1
63777,BAY#211_SL,Aquatic Park Beach,Aquatic Park,Posting,Combined Sewer Overflow,Combined Sewer Discharge,2024-02-04,06:59,2024-02-05,13:18,,,0.0,0.0,0.0,0.0,Active,2024-02-05,37.8078,-122.4221,BAY#211_SL,north,cso,1
63774,BAY#230_SL,Crane Cove Park,Crane Cove Park,Posting,Combined Sewer Overflow,Combined Sewer Discharge,2024-02-04,06:55,2024-02-08,08:30,,,0.0,0.0,0.0,0.0,Active,2024-02-05,37.763431,-122.386861,BAY#230_SL,east,cso,4
63786,BAY#220_SL,Mission creek at kayak landing,Mission Bay Channel,Posting,Combined Sewer Overflow,Combined Sewer Discharge,2024-02-05,13:20,2024-02-07,08:46,,,0.0,0.0,0.0,0.0,Active,2024-02-05,37.7719,-122.3967,BAY#220_SL,east,cso,2
63781,OCEAN#18_SL,"Ocean Beach, at Balboa St.",Ocean Beach,Posting,Combined Sewer Overflow,Combined Sewer Discharge,2024-02-05,07:46,2024-02-07,08:45,,,0.0,0.0,0.0,0.0,Active,2024-02-05,37.77492,-122.51351,OCEAN#18_SL,ocean,cso,2
63780,OCEAN#19_SL,"Ocean Beach, at Lincoln Ave.",Ocean Beach,Posting,Combined Sewer Overflow,Combined Sewer Discharge,2024-02-05,07:45,2024-02-07,08:45,,,0.0,0.0,0.0,0.0,Active,2024-02-05,37.7638,-122.511,OCEAN#19_SL,ocean,cso,2
63782,OCEAN#20_SL,"Ocean Beach, at Pacheco St.",Ocean Beach,Posting,Combined Sewer Overflow,Coastal outlets,2024-02-05,07:46,2024-02-06,16:40,,,0.0,0.0,0.0,0.0,Active,2024-02-05,37.74891,-122.50996,OCEAN#20_SL,ocean,cso,1
63779,OCEAN#21.1_SL,"Ocean Beach, at Sloat Blvd.",Ocean Beach,Posting,Combined Sewer Overflow,Combined Sewer Discharge,2024-02-05,07:44,2024-02-06,16:40,,,0.0,0.0,0.0,0.0,Active,2024-02-05,37.73567,-122.50769,OCEAN#21.1_SL,ocean,cso,1
63778,OCEAN#21_SL,Ocean Beach at Vicente St.,Ocean Beach,Posting,Combined Sewer Overflow,Combined Sewer Discharge,2024-02-05,07:43,2024-02-06,16:40,,,0.0,0.0,0.0,0.0,Active,2024-02-05,37.73782,-122.50825,OCEAN#21_SL,ocean,cso,1
63798,BAY#202.4_SL,"Crissy Field, East",Crissy Field,Posting,Unknown,Unknown,2024-02-06,16:37,2024-02-07,08:45,,,1.0,0.0,0.0,0.0,Active,2024-02-06,37.8066,-122.4519,BAY#202.4_SL,north,other,1
63800,BAY#300.1_SL,Sunnydale Cove,Candlestick Point,Posting,Unknown,Unknown,2024-02-06,16:39,2024-02-07,14:30,,,1.0,0.0,0.0,0.0,Active,2024-02-06,37.7096,-122.3899,BAY#300.1_SL,east,other,1
63799,BAY#301.1_SL,Windsurfer Circle,Candlestick Point,Posting,Unknown,Unknown,2024-02-06,16:38,2024-02-07,08:47,,,1.0,0.0,0.0,0.0,Active,2024-02-06,37.70917,-122.3823,BAY#301.1_SL,east,other,1
63816,BAY#220_SL,Mission creek at kayak landing,Mission Bay Channel,Posting,Unknown,Unknown,2024-02-08,08:31,2024-02-09,10:00,,,1.0,0.0,0.0,0.0,Active,2024-02-08,37.7719,-122.3967,BAY#220_SL,east,other,1
63853,BAY#202.4_SL,"Crissy Field, East",Crissy Field,Posting,Combined Sewer Overflow,Combined Sewer Discharge,2024-02-20,14:46,2024-02-21,15:38,,,0.0,0.0,0.0,0.0,Active,2024-02-20,37.8066,-122.4519,BAY#202.4_SL,north,cso,1
63854,BAY#202.5_SL,Crissy Field West,Crissy Field,Posting,Combined Sewer Overflow,Combined Sewer Discharge,2024-02-20,14:47,2024-02-22,08:16,,,0.0,0.0,0.0,0.0,Active,2024-02-20,37.8069,-122.4683,BAY#202.5_SL,north,cso,2
63857,BAY#210.1_SL,Hyde Street Pier,Aquatic Park,Posting,Combined Sewer Overflow,Combined Sewer Discharge,2024-02-20,15:22,2024-02-22,08:16,,,0.0,0.0,0.0,0.0,Active,2024-02-20,37.80899,-122.4212947,BAY#210.1_SL,north,cso,2
63855,BAY#211_SL,Aquatic Park Beach,Aquatic Park,Posting,Combined Sewer Overflow,Combined Sewer Discharge,2024-02-20,14:47,2024-02-22,08:16,,,0.0,0.0,0.0,0.0,Active,2024-02-20,37.8078,-122.4221,BAY#211_SL,north,cso,2
63851,BAY#220_SL,Mission creek at kayak landing,Mission Bay Channel,Posting,Combined Sewer Overflow,Combined Sewer Discharge,2024-02-20,14:44,2024-02-23,10:00,,,0.0,0.0,0.0,0.0,Active,2024-02-20,37.7719,-122.3967,BAY#220_SL,east,cso,3
63852,BAY#230_SL,Crane Cove Park,Crane Cove Park,Posting,Combined Sewer Overflow,Combined Sewer Discharge,2024-02-20,14:45,2024-02-23,10:00,,,0.0,0.0,0.0,0.0,Active,2024-02-20,37.763431,-122.386861,BAY#230_SL,east,cso,3
63856,BAY#320_SL,Islais creek at Islais Landing,Islais Creek Channel,Posting,Combined Sewer Overflow,Combined Sewer Discharge,2024-02-20,15:21,2024-02-24,10:00,,,0.0,0.0,0.0,0.0,Active,2024-02-20,37.74703,-122.38793,BAY#320_SL,east,cso,4
63860,BAY#300.1_SL,Sunnydale Cove,Candlestick Point,Posting,Unknown,Unknown,2024-02-21,15:54,2024-02-22,08:17,,,1.0,0.0,0.0,0.0,Active,2024-02-21,37.7096,-122.3899,BAY#300.1_SL,east,other,1
63861,BAY#301.1_SL,Windsurfer Circle,Candlestick Point,Posting,Unknown,Unknown,2024-02-21,15:55,2024-02-22,13:13,,,1.0,0.0,0.0,0.0,Active,2024-02-21,37.70917,-122.3823,BAY#301.1_SL,east,other,1
63862,BAY#301.2_SL,Jack Rabbit Beach,Candlestick Point,Posting,Unknown,Unknown,2024-02-21,15:56,2024-02-23,10:00,,,1.0,0.0,0.0,0.0,Active,2024-02-21,37.711025,-122.380136,BAY#301.2_SL,east,other,2
63887,BAY#301.1_SL,Windsurfer Circle,Candlestick Point,Posting,Unknown,Unknown,2024-02-27,08:45,2024-02-28,08:28,,,1.0,0.0,0.0,0.0,Active,2024-02-27,37.70917,-122.3823,BAY#301.1_SL,east,other,1
63905,BAY#220_SL,Mission creek at kayak landing,Mission Bay Channel,Posting,Combined Sewer Overflow,Combined Sewer Discharge,2024-03-02,07:23,2024-03-04,08:24,,,0.0,0.0,0.0,0.0,Active,2024-03-04,37.7719,-122.3967,BAY#220_SL,east,cso,2
63906,BAY#230_SL,Crane Cove Park,Crane Cove Park,Posting,Combined Sewer Overflow,Combined Sewer Discharge,2024-03-02,07:24,2024-03-03,10:00,,,0.0,0.0,0.0,0.0,Active,2024-03-04,37.763431,-122.386861,BAY#230_SL,east,cso,1
63916,BAY#320_SL,Islais creek at Islais Landing,Islais Creek Channel,Posting,Unknown,Unknown,2024-03-05,08:49,2024-03-06,08:29,,,1.0,0.0,1.0,0.0,Active,2024-03-05,37.74703,-122.38793,BAY#320_SL,east,other,1
63999,BAY#320_SL,Islais creek at Islais Landing,Islais Creek Channel,Posting,Unknown,Unknown,2024-03-26,08:36,2024-03-27,12:29,,,0.0,1.0,0.0,0.0,Active,2024-03-26,37.74703,-122.38793,BAY#320_SL,east,other,1
64115,BAY#320_SL,Islais creek at Islais Landing,Islais Creek Channel,Posting,Unknown,Unknown,2024-04-23,13:40,2024-04-24,08:54,,,1.0,1.0,0.0,0.0,Active,2024-04-23,37.74703,-122.38793,BAY#320_SL,east,other,1
64172,BAY#202.4_SL,"Crissy Field, East",Crissy Field,Posting,Combined Sewer Overflow,Combined Sewer Discharge,2024-05-04,06:51,2024-05-05,08:00,,,0.0,0.0,0.0,0.0,Active,2024-05-06,37.8066,-122.4519,BAY#202.4_SL,north,cso,1
64174,BAY#202.5_SL,Crissy Field West,Crissy Field,Posting,Combined Sewer Overflow,Combined Sewer Discharge,2024-05-04,07:00,2024-05-06,08:45,,,0.0,0.0,0.0,0.0,Active,2024-05-06,37.8069,-122.4683,BAY#202.5_SL,north,cso,2
64175,BAY#210.1_SL,Hyde Street Pier,Aquatic Park,Posting,Combined Sewer Overflow,Combined Sewer Discharge,2024-05-04,07:03,2024-05-05,08:00,,,0.0,0.0,0.0,0.0,Active,2024-05-06,37.80899,-122.4212947,BAY#210.1_SL,north,cso,1
64173,BAY#211_SL,Aquatic Park Beach,Aquatic Park,Posting,Combined Sewer Overflow,Combined Sewer Discharge,2024-05-04,07:00,2024-05-05,08:00,,,0.0,0.0,0.0,0.0,Active,2024-05-06,37.8078,-122.4221,BAY#211_SL,north,cso,1
64176,BAY#220_SL,Mission creek at kayak landing,Mission Bay Channel,Posting,Combined Sewer Overflow,Combined Sewer Discharge,2024-05-04,07:04,2024-05-07,09:21,,,0.0,0.0,0.0,0.0,Active,2024-05-06,37.7719,-122.3967,BAY#220_SL,east,cso,3
64177,BAY#230_SL,Crane Cove Park,Crane Cove Park,Posting,Combined Sewer Overflow,Combined Sewer Discharge,2024-05-04,07:05,2024-05-07,08:33,,,0.0,0.0,0.0,0.0,Active,2024-05-06,37.763431,-122.386861,BAY#230_SL,east,cso,3
64178,BAY#320_SL,Islais creek at Islais Landing,Islais Creek Channel,Posting,Combined Sewer Overflow,Combined Sewer Discharge,2024-05-04,07:06,2024-05-07,08:33,,,0.0,0.0,0.0,0.0,Active,2024-05-06,37.74703,-122.38793,BAY#320_SL,east,cso,3
64231,BAY#230_SL,Crane Cove Park,Crane Cove Park,Posting,Unknown,Unknown,2024-05-14,09:10,2024-05-15,08:17,,,1.0,0.0,0.0,0.0,Active,2024-05-14,37.763431,-122.386861,BAY#230_SL,east,other,1
64248,BAY#320_SL,Islais creek at Islais Landing,Islais Creek Channel,Posting,Unknown,Unknown,2024-05-21,12:23,2024-05-22,08:34,,,1.0,0.0,0.0,0.0,Active,2024-05-21,37.74703,-122.38793,BAY#320_SL,east,other,1
64340,BAY#320_SL,Islais creek at Islais Landing,Islais Creek Channel,Posting,Unknown,Unknown,2024-06-18,08:42,2024-06-19,08:00,,,1.0,0.0,0.0,0.0,Active,2024-06-18,37.74703,-122.38793,BAY#320_SL,east,other,1
64409,BAY#220_SL,Mission creek at kayak landing,Mission Bay Channel,Posting,Unknown,Unknown,2024-07-02,14:58,2024-07-03,15:39,,,1.0,0.0,0.0,0.0,Active,2024-07-02,37.7719,-122.3967,BAY#220_SL,east,other,1
64408,OCEAN#15_SL,"Baker Beach, Lobos Creek at Lower Parking Lot",Baker Beach,Posting,Unknown,Unknown,2024-07-02,13:54,2024-07-03,08:00,,,1.0,0.0,1.0,0.0,Active,2024-07-02,37.7917,-122.484926,OCEAN#15_SL,baker_china,other,1
64629,OCEAN#15_SL,"Baker Beach, Lobos Creek at Lower Parking Lot",Baker Beach,Posting,Unknown,Unknown,2024-08-27,08:50,2024-08-29,08:10,,,1.0,1.0,0.0,0.0,Active,2024-08-27,37.7917,-122.484926,OCEAN#15_SL,baker_china,other,2
64641,BAY#202.4_SL,"Crissy Field, East",Crissy Field,Posting,Unknown,Unknown,2024-09-04,14:44,2024-09-05,08:26,,,1.0,0.0,0.0,0.0,Active,2024-09-04,37.8066,-122.4519,BAY#202.4_SL,north,other,1
64716,OCEAN#15_SL,"Baker Beach, Lobos Creek at Lower Parking Lot",Baker Beach,Posting,Unknown,Unknown,2024-10-01,08:41,2024-10-02,08:36,,,1.0,0.0,0.0,0.0,Active,2024-10-01,37.7917,-122.484926,OCEAN#15_SL,baker_china,other,1
64739,BAY#202.5_SL,Crissy Field West,Crissy Field,Posting,Unknown,Unknown,2024-10-08,08:42,2024-10-09,08:30,,,1.0,0.0,0.0,0.0,Active,2024-10-08,37.8069,-122.4683,BAY#202.5_SL,north,other,1
64740,OCEAN#15_SL,"Baker Beach, Lobos Creek at Lower Parking Lot",Baker Beach,Posting,Unknown,Unknown,2024-10-08,08:43,2024-10-09,08:30,,,1.0,0.0,0.0,0.0,Active,2024-10-08,37.7917,-122.484926,OCEAN#15_SL,baker_china,other,1
64778,OCEAN#15EAST_SL,"Baker Beach East, Upper Parking Lot",Baker Beach,Posting,Unknown,Unknown,2024-10-16,14:40,2024-10-17,08:12,,,1.0,0.0,0.0,0.0,Active,2024-10-16,37.79258,-122.48465,OCEAN#15EAST_SL,baker_china,other,1
64777,OCEAN#15_SL,"Baker Beach, Lobos Creek at Lower Parking Lot",Baker Beach,Posting,Unknown,Unknown,2024-10-16,14:40,2024-10-17,08:12,,,1.0,0.0,0.0,0.0,Active,2024-10-16,37.7917,-122.484926,OCEAN#15_SL,baker_china,other,1
64779,OCEAN#16_SL,"Baker Beach West, Opposite Seacliff 2 Pumping Station",Baker Beach,Posting,Unknown,Unknown,2024-10-16,14:41,2024-10-17,08:11,,,1.0,0.0,0.0,0.0,Active,2024-10-16,37.78977,-122.48741,OCEAN#16_SL,baker_china,other,1
64780,OCEAN#21.1_SL,"Ocean Beach, at Sloat Blvd.",Ocean Beach,Posting,Unknown,Unknown,2024-10-16,14:42,2024-10-18,10,,,1.0,0.0,1.0,0.0,Active,2024-10-16,37.73567,-122.50769,OCEAN#21.1_SL,ocean,other,2
64832,OCEAN#15_SL,"Baker Beach, Lobos Creek at Lower Parking Lot",Baker Beach,Posting,Unknown,Unknown,2024-10-29,08:56,2024-10-31,10:05,,,1.0,0.0,0.0,0.0,Active,2024-10-29,37.7917,-122.484926,OCEAN#15_SL,baker_china,other,2
64833,OCEAN#16_SL,"Baker Beach West, Opposite Seacliff 2 Pumping Station",Baker Beach,Posting,Unknown,Unknown,2024-10-29,08:57,2024-10-30,08:00,,,1.0,0.0,0.0,0.0,Active,2024-10-29,37.78977,-122.48741,OCEAN#16_SL,baker_china,other,1
64891,BAY#301.1_SL,Windsurfer Circle,Candlestick Point,Posting,Unknown,Unknown,2024-11-05,13:35,2024-11-06,08:43,,,1.0,0.0,0.0,0.0,Active,2024-11-05,37.70917,-122.3823,BAY#301.1_SL,east,other,1
64928,BAY#202.4_SL,"Crissy Field, East",Crissy Field,Posting,Unknown,Unknown,2024-11-13,15:54,2024-11-14,08:00,,,1.0,0.0,0.0,0.0,Active,2024-11-13,37.8066,-122.4519,BAY#202.4_SL,north,other,1
64927,BAY#301.1_SL,Windsurfer Circle,Candlestick Point,Posting,Unknown,Unknown,2024-11-13,15:53,2024-11-15,08:00,,,1.0,0.0,1.0,0.0,Active,2024-11-13,37.70917,-122.3823,BAY#301.1_SL,east,other,2
64968,BAY#202.4_SL,"Crissy Field, East",Crissy Field,Posting,Combined Sewer Overflow,Combined Sewer Discharge,2024-11-22,07:03,2024-11-25,15:42,,,0.0,0.0,0.0,0.0,Active,2024-11-25,37.8066,-122.4519,BAY#202.4_SL,north,cso,3
64969,BAY#202.5_SL,Crissy Field West,Crissy Field,Posting,Combined Sewer Overflow,Combined Sewer Discharge,2024-11-22,07:04,2024-11-24,08:00,,,0.0,0.0,0.0,0.0,Active,2024-11-25,37.8069,-122.4683,BAY#202.5_SL,north,cso,2
64973,BAY#210.1_SL,Hyde Street Pier,Aquatic Park,Posting,Combined Sewer Overflow,Combined Sewer Discharge,2024-11-22,07:08,2024-11-24,10,,,0.0,0.0,0.0,0.0,Active,2024-11-25,37.80899,-122.4212947,BAY#210.1_SL,north,cso,2
64976,BAY#211_SL,Aquatic Park Beach,Aquatic Park,Posting,Combined Sewer Overflow,Combined Sewer Discharge,2024-11-22,07:42,2024-11-25,15:42,,,0.0,0.0,0.0,0.0,Active,2024-11-25,37.8078,-122.4221,BAY#211_SL,north,cso,3
64975,BAY#220_SL,Mission creek at kayak landing,Mission Bay Channel,Posting,Combined Sewer Overflow,Combined Sewer Discharge,2024-11-22,07:41,2024-11-25,15:42,,,0.0,0.0,0.0,0.0,Active,2024-11-25,37.7719,-122.3967,BAY#220_SL,east,cso,3
64979,BAY#230_SL,Crane Cove Park,Crane Cove Park,Posting,Combined Sewer Overflow,Combined Sewer Discharge,2024-11-22,07:45,2024-11-26,15:54,,,0.0,0.0,0.0,0.0,Active,2024-11-25,37.763431,-122.386861,BAY#230_SL,east,cso,4
64970,BAY#301.2_SL,Jack Rabbit Beach,Candlestick Point,Posting,Combined Sewer Overflow,Combined Sewer Discharge,2024-11-22,07:05,2024-11-25,15:42,,,0.0,0.0,0.0,0.0,Active,2024-11-25,37.711025,-122.380136,BAY#301.2_SL,east,cso,3
64974,BAY#320_SL,Islais creek at Islais Landing,Islais Creek Channel,Posting,Combined Sewer Overflow,Combined Sewer Discharge,2024-11-22,07:41,2024-11-28,08:00,,,0.0,0.0,0.0,0.0,Active,2024-11-25,37.74703,-122.38793,BAY#320_SL,east,cso,6
64977,OCEAN#15EAST_SL,"Baker Beach East, Upper Parking Lot",Baker Beach,Posting,Combined Sewer Overflow,Combined Sewer Discharge,2024-11-22,07:43,2024-11-24,08:00,,,0.0,0.0,0.0,0.0,Active,2024-11-25,37.79258,-122.48465,OCEAN#15EAST_SL,baker_china,cso,2
64980,OCEAN#15_SL,"Baker Beach, Lobos Creek at Lower Parking Lot",Baker Beach,Posting,Combined Sewer Overflow,Combined Sewer Discharge,2024-11-22,07:46,2024-11-26,15:54,,,0.0,0.0,0.0,0.0,Active,2024-11-25,37.7917,-122.484926,OCEAN#15_SL,baker_china,cso,4
64978,OCEAN#16_SL,"Baker Beach West, Opposite Seacliff 2 Pumping Station",Baker Beach,Posting,Combined Sewer Overflow,Combined Sewer Discharge,2024-11-22,07:44,2024-11-25,15:41,,,0.0,0.0,0.0,0.0,Active,2024-11-25,37.78977,-122.48741,OCEAN#16_SL,baker_china,cso,3
64982,OCEAN#18_SL,"Ocean Beach, at Balboa St.",Ocean Beach,Posting,Combined Sewer Overflow,Combined Sewer Discharge,2024-11-22,07:49,2024-11-24,08:00,,,0.0,0.0,0.0,0.0,Active,2024-11-25,37.77492,-122.51351,OCEAN#18_SL,ocean,cso,2
64983,OCEAN#19_SL,"Ocean Beach, at Lincoln Ave.",Ocean Beach,Posting,Combined Sewer Overflow,Combined Sewer Discharge,2024-11-22,07:50,2024-11-25,15:41,,,0.0,0.0,0.0,0.0,Active,2024-11-25,37.7638,-122.511,OCEAN#19_SL,ocean,cso,3
64986,OCEAN#20_SL,"Ocean Beach, at Pacheco St.",Ocean Beach,Posting,Combined Sewer Overflow,Combined Sewer Discharge,2024-11-22,08:04,2024-11-25,15:41,,,0.0,0.0,0.0,0.0,Active,2024-11-25,37.74891,-122.50996,OCEAN#20_SL,ocean,cso,3
64984,OCEAN#21.1_SL,"Ocean Beach, at Sloat Blvd.",Ocean Beach,Posting,Combined Sewer Overflow,Combined Sewer Discharge,2024-11-22,08:02,2024-11-24,08:00,,,0.0,0.0,0.0,0.0,Active,2024-11-25,37.73567,-122.50769,OCEAN#21.1_SL,ocean,cso,2
64985,OCEAN#21_SL,Ocean Beach at Vicente St.,Ocean Beach,Posting,Combined Sewer Overflow,Combined Sewer Discharge,2024-11-22,08:03,2024-11-26,15:55,,,0.0,0.0,0.0,0.0,Active,2024-11-25,37.73782,-122.50825,OCEAN#21_SL,ocean,cso,4
64981,OCEAN#22_SL,Fort Funston,Ocean Beach,Posting,Combined Sewer Overflow,Combined Sewer Discharge,2024-11-22,07:48,2024-11-25,15:41,,,0.0,0.0,0.0,0.0,Active,2024-11-25,37.71526,-122.50476,OCEAN#22_SL,ocean,cso,3
64972,BAY#300.1_SL,Sunnydale Cove,Candlestick Point,Posting,Combined Sewer Overflow,Combined Sewer Discharge,2024-11-25,07:07,2024-11-28,08:00,,,0.0,0.0,0.0,0.0,Active,2024-11-25,37.7096,-122.3899,BAY#300.1_SL,east,cso,3
64971,BAY#301.1_SL,Windsurfer Circle,Candlestick Point,Posting,Combined Sewer Overflow,Combined Sewer Discharge,2024-11-25,07:07,2024-11-25,15:42,,,0.0,0.0,0.0,0.0,Active,2024-11-25,37.70917,-122.3823,BAY#301.1_SL,east,cso,0
64991,BAY#220_SL,Mission creek at kayak landing,Mission Bay Channel,Posting,Unknown,Unknown,2024-11-26,15:51,2024-11-29,08:00,,,1.0,1.0,1.0,0.0,Active,2024-11-26,37.7719,-122.3967,BAY#220_SL,east,other,3
64992,BAY#301.1_SL,Windsurfer Circle,Candlestick Point,Posting,Unknown,Unknown,2024-11-26,15:53,2024-11-27,13:53,,,1.0,0.0,0.0,0.0,Active,2024-11-26,37.70917,-122.3823,BAY#301.1_SL,east,other,1
65010,OCEAN#15_SL,"Baker Beach, Lobos Creek at Lower Parking Lot",Baker Beach,Posting,Unknown,Unknown,2024-12-03,09:28,2024-12-04,08:27,,,1.0,0.0,0.0,0.0,Active,2024-12-03,37.7917,-122.484926,OCEAN#15_SL,baker_china,other,1
65045,BAY#220_SL,Mission creek at kayak landing,Mission Bay Channel,Posting,Combined Sewer Overflow,Combined Sewer Discharge,2024-12-12,07:39,2024-12-21,08:00,,,0.0,0.0,0.0,0.0,Active,2024-12-12,37.7719,-122.3967,BAY#220_SL,east,cso,9
65047,BAY#230_SL,Crane Cove Park,Crane Cove Park,Posting,Combined Sewer Overflow,Combined Sewer Discharge,2024-12-12,07:49,2024-12-13,08:00,,,0.0,0.0,0.0,0.0,Active,2024-12-12,37.763431,-122.386861,BAY#230_SL,east,cso,1
65046,BAY#320_SL,Islais creek at Islais Landing,Islais Creek Channel,Posting,Combined Sewer Overflow,Combined Sewer Discharge,2024-12-12,07:40,2024-12-20,08:00,,,0.0,0.0,0.0,0.0,Active,2024-12-12,37.74703,-122.38793,BAY#320_SL,east,cso,8
65064,BAY#202.4_SL,"Crissy Field, East",Crissy Field,Posting,Combined Sewer Overflow,Combined Sewer Discharge,2024-12-14,07:59,2024-12-16,14:52,,,0.0,0.0,0.0,0.0,Active,2024-12-16,37.8066,-122.4519,BAY#202.4_SL,north,cso,2
65065,BAY#202.5_SL,Crissy Field West,Crissy Field,Posting,Combined Sewer Overflow,Combined Sewer Discharge,2024-12-14,08:00,2024-12-16,14:52,,,0.0,0.0,0.0,0.0,Active,2024-12-16,37.8069,-122.4683,BAY#202.5_SL,north,cso,2
65063,BAY#210.1_SL,Hyde Street Pier,Aquatic Park,Posting,Combined Sewer Overflow,Combined Sewer Discharge,2024-12-14,07:59,2024-12-17,14:34,,,0.0,0.0,0.0,0.0,Active,2024-12-16,37.80899,-122.4212947,BAY#210.1_SL,north,cso,3
65062,BAY#211_SL,Aquatic Park Beach,Aquatic Park,Posting,Combined Sewer Overflow,Combined Sewer Discharge,2024-12-14,07:58,2024-12-17,14:32,,,0.0,0.0,0.0,0.0,Active,2024-12-16,37.8078,-122.4221,BAY#211_SL,north,cso,3
65054,BAY#230_SL,Crane Cove Park,Crane Cove Park,Posting,Combined Sewer Overflow,Combined Sewer Discharge,2024-12-14,07:50,2024-12-15,08:00,,,0.0,0.0,0.0,0.0,Active,2024-12-16,37.763431,-122.386861,BAY#230_SL,east,cso,1
65061,BAY#301.2_SL,Jack Rabbit Beach,Candlestick Point,Posting,Combined Sewer Overflow,Combined Sewer Discharge,2024-12-14,07:57,2024-12-16,14:51,,,0.0,0.0,0.0,0.0,Active,2024-12-16,37.711025,-122.380136,BAY#301.2_SL,east,cso,2
65056,OCEAN#15EAST_SL,"Baker Beach East, Upper Parking Lot",Baker Beach,Posting,Combined Sewer Overflow,Combined Sewer Discharge,2024-12-14,07:53,2024-12-16,14:50,,,0.0,0.0,0.0,0.0,Active,2024-12-16,37.79258,-122.48465,OCEAN#15EAST_SL,baker_china,cso,2
65055,OCEAN#15_SL,"Baker Beach, Lobos Creek at Lower Parking Lot",Baker Beach,Posting,Combined Sewer Overflow,Combined Sewer Discharge,2024-12-14,07:52,2024-12-16,14:50,,,0.0,0.0,0.0,0.0,Active,2024-12-16,37.7917,-122.484926,OCEAN#15_SL,baker_china,cso,2
65052,OCEAN#16_SL,"Baker Beach West, Opposite Seacliff 2 Pumping Station",Baker Beach,Posting,Combined Sewer Overflow,Combined Sewer Discharge,2024-12-14,07:48,2024-12-15,08:00,,,0.0,0.0,0.0,0.0,Active,2024-12-16,37.78977,-122.48741,OCEAN#16_SL,baker_china,cso,1
65057,OCEAN#18_SL,"Ocean Beach, at Balboa St.",Ocean Beach,Posting,Combined Sewer Overflow,Combined Sewer Discharge,2024-12-14,07:54,2024-12-16,14:50,,,0.0,0.0,0.0,0.0,Active,2024-12-16,37.77492,-122.51351,OCEAN#18_SL,ocean,cso,2
65058,OCEAN#19_SL,"Ocean Beach, at Lincoln Ave.",Ocean Beach,Posting,Combined Sewer Overflow,Combined Sewer Discharge,2024-12-14,07:54,2024-12-16,14:51,,,0.0,0.0,0.0,0.0,Active,2024-12-16,37.7638,-122.511,OCEAN#19_SL,ocean,cso,2
65059,OCEAN#20_SL,"Ocean Beach, at Pacheco St.",Ocean Beach,Posting,Combined Sewer Overflow,Combined Sewer Discharge,2024-12-14,07:55,2024-12-16,14:51,,,0.0,0.0,0.0,0.0,Active,2024-12-16,37.74891,-122.50996,OCEAN#20_SL,ocean,cso,2
65051,OCEAN#21.1_SL,"Ocean Beach, at Sloat Blvd.",Ocean Beach,Posting,Combined Sewer Overflow,Combined Sewer Discharge,2024-12-14,07:09,2024-12-15,08:00,,,0.0,0.0,0.0,0.0,Active,2024-12-16,37.73567,-122.50769,OCEAN#21.1_SL,ocean,cso,1
65060,OCEAN#21_SL,Ocean Beach at Vicente St.,Ocean Beach,Posting,Combined Sewer Overflow,Combined Sewer Discharge,2024-12-14,07:56,2024-12-16,14:50,,,0.0,0.0,0.0,0.0,Active,2024-12-16,37.73782,-122.50825,OCEAN#21_SL,ocean,cso,2
65053,OCEAN#22_SL,Fort Funston,Ocean Beach,Posting,Combined Sewer Overflow,Combined Sewer Discharge,2024-12-14,07:49,2024-12-16,14:50,,,0.0,0.0,0.0,0.0,Active,2024-12-16,37.71526,-122.50476,OCEAN#22_SL,ocean,cso,2
65067,BAY#230_SL,Crane Cove Park,Crane Cove Park,Posting,Combined Sewer Overflow,Combined Sewer Discharge,2024-12-16,14:52,2024-12-18,08:48,,,0.0,0.0,0.0,0.0,Active,2024-12-16,37.763431,-122.386861,BAY#230_SL,east,cso,2
65073,BAY#202.5_SL,Crissy Field West,Crissy Field,Posting,Unknown,Unknown,2024-12-17,14:36,2024-12-18,08:47,,,1.0,0.0,0.0,0.0,Active,2024-12-17,37.8069,-122.4683,BAY#202.5_SL,north,other,1
65074,BAY#300.1_SL,Sunnydale Cove,Candlestick Point,Posting,Unknown,Unknown,2024-12-17,14:37,2024-12-26,08:00,,,1.0,0.0,0.0,0.0,Active,2024-12-17,37.7096,-122.3899,BAY#300.1_SL,east,other,9
65075,BAY#301.1_SL,Windsurfer Circle,Candlestick Point,Posting,Unknown,Unknown,2024-12-17,14:38,2024-12-18,08:47,,,1.0,0.0,0.0,0.0,Active,2024-12-17,37.70917,-122.3823,BAY#301.1_SL,east,other,1
65076,BAY#301.2_SL,Jack Rabbit Beach,Candlestick Point,Posting,Unknown,Unknown,2024-12-17,14:39,2024-12-17,14:39,,,0.0,0.0,0.0,0.0,Active,2024-12-17,37.711025,-122.380136,BAY#301.2_SL,east,other,0
65104,BAY#220_SL,Mission creek at kayak landing,Mission Bay Channel,Posting,Unknown,Unknown,2024-12-24,11:32,2024-12-26,08:00,,,1.0,0.0,0.0,0.0,Active,2024-12-24,37.7719,-122.3967,BAY#220_SL,east,other,2
65103,BAY#320_SL,Islais creek at Islais Landing,Islais Creek Channel,Posting,Unknown,Unknown,2024-12-24,11:31,2024-12-25,08:00,,,1.0,0.0,0.0,0.0,Active,2024-12-24,37.74703,-122.38793,BAY#320_SL,east,other,1
65106,OCEAN#15EAST_SL,"Baker Beach East, Upper Parking Lot",Baker Beach,Posting,Unknown,Unknown,2024-12-24,11:34,2024-12-25,08:00,,,1.0,0.0,0.0,0.0,Active,2024-12-24,37.79258,-122.48465,OCEAN#15EAST_SL,baker_china,other,1
65105,OCEAN#15_SL,"Baker Beach, Lobos Creek at Lower Parking Lot",Baker Beach,Posting,Unknown,Unknown,2024-12-24,11:33,2024-12-25,08:00,,,1.0,0.0,0.0,0.0,Active,2024-12-24,37.7917,-122.484926,OCEAN#15_SL,baker_china,other,1
65127,BAY#220_SL,Mission creek at kayak landing,Mission Bay Channel,Posting,Combined Sewer Overflow,Combined Sewer Discharge,2024-12-27,06:53,2024-12-31,08:00,,,0.0,0.0,0.0,0.0,Active,2024-12-30,37.7719,-122.3967,BAY#220_SL,east,cso,4
65128,BAY#230_SL,Crane Cove Park,Crane Cove Park,Posting,Combined Sewer Overflow,Combined Sewer Discharge,2024-12-27,06:54,2024-12-28,08:00,,,0.0,0.0,0.0,0.0,Active,2024-12-30,37.763431,-122.386861,BAY#230_SL,east,cso,1
65133,BAY#320_SL,Islais creek at Islais Landing,Islais Creek Channel,Posting,Unknown,Unknown,2024-12-31,08:39,2024-12-31,23:59,,,1.0,0.0,1.0,0.0,Active,2024-12-31,37.74703,-122.38793,BAY#320_SL,east,other,0
65228,BAY#320_SL,Islais creek at Islais Landing,Islais Creek Channel,Posting,Unknown,Unknown,2025-01-01,00:01,2025-01-01,10:00,,,1.0,0.0,1.0,0.0,Active,2025-01-21,37.74703,-122.38793,BAY#320_SL,east,other,0
65211,OCEAN#15_SL,"Baker Beach, Lobos Creek at Lower Parking Lot",Baker Beach,Posting,Unknown,Unknown,2025-01-16,08:54,2025-01-17,10:00,,,1.0,0.0,0.0,0.0,Active,2025-01-16,37.7917,-122.484926,OCEAN#15_SL,baker_china,other,1
65286,BAY#202.4_SL,"Crissy Field, East",Crissy Field,Posting,Combined Sewer Overflow,Combined Sewer Discharge,2025-02-04,06:52,2025-02-06,10:03,,,0.0,0.0,0.0,0.0,Active,2025-02-04,37.8066,-122.4519,BAY#202.4_SL,north,cso,2
65287,BAY#202.5_SL,Crissy Field West,Crissy Field,Posting,Combined Sewer Overflow,Combined Sewer Discharge,2025-02-04,06:52,2025-02-06,10:03,,,0.0,0.0,0.0,0.0,Active,2025-02-04,37.8069,-122.4683,BAY#202.5_SL,north,cso,2
65288,BAY#210.1_SL,Hyde Street Pier,Aquatic Park,Posting,Combined Sewer Overflow,Combined Sewer Discharge,2025-02-04,06:53,2025-02-06,10:03,,,0.0,0.0,0.0,0.0,Active,2025-02-04,37.80899,-122.4212947,BAY#210.1_SL,north,cso,2
65289,BAY#211_SL,Aquatic Park Beach,Aquatic Park,Posting,Combined Sewer Overflow,Combined Sewer Discharge,2025-02-04,07:00,2025-02-06,10:03,,,0.0,0.0,0.0,0.0,Active,2025-02-04,37.8078,-122.4221,BAY#211_SL,north,cso,2
65290,BAY#220_SL,Mission creek at kayak landing,Mission Bay Channel,Posting,Combined Sewer Overflow,Combined Sewer Discharge,2025-02-04,07:01,2025-02-10,14:29,,,0.0,0.0,0.0,0.0,Active,2025-02-04,37.7719,-122.3967,BAY#220_SL,east,cso,6
65291,BAY#230_SL,Crane Cove Park,Crane Cove Park,Posting,Combined Sewer Overflow,Combined Sewer Discharge,2025-02-04,07:02,2025-02-07,10:00,,,0.0,0.0,0.0,0.0,Active,2025-02-04,37.763431,-122.386861,BAY#230_SL,east,cso,3
65303,BAY#300.1_SL,Sunnydale Cove,Candlestick Point,Posting,Unknown,Unknown,2025-02-04,08:53,2025-02-09,10:00,,,1.0,1.0,0.0,0.0,Active,2025-02-04,37.7096,-122.3899,BAY#300.1_SL,east,other,5
65304,BAY#301.1_SL,Windsurfer Circle,Candlestick Point,Posting,Combined Sewer Overflow,Combined Sewer Discharge,2025-02-04,13:53,2025-02-07,10:00,,,0.0,0.0,0.0,0.0,Active,2025-02-04,37.70917,-122.3823,BAY#301.1_SL,east,cso,3
65292,BAY#301.2_SL,Jack Rabbit Beach,Candlestick Point,Posting,Combined Sewer Overflow,Combined Sewer Discharge,2025-02-04,07:03,2025-02-08,10:00,,,0.0,0.0,0.0,0.0,Active,2025-02-04,37.711025,-122.380136,BAY#301.2_SL,east,cso,4
65293,BAY#320_SL,Islais creek at Islais Landing,Islais Creek Channel,Posting,Combined Sewer Overflow,Combined Sewer Discharge,2025-02-04,07:03,2025-02-10,14:30,,,0.0,0.0,0.0,0.0,Active,2025-02-04,37.74703,-122.38793,BAY#320_SL,east,cso,6
65297,OCEAN#15EAST_SL,"Baker Beach East, Upper Parking Lot",Baker Beach,Posting,Combined Sewer Overflow,Combined Sewer Discharge,2025-02-04,07:07,2025-02-05,14:13,,,0.0,0.0,0.0,0.0,Active,2025-02-04,37.79258,-122.48465,OCEAN#15EAST_SL,baker_china,cso,1
65296,OCEAN#15_SL,"Baker Beach, Lobos Creek at Lower Parking Lot",Baker Beach,Posting,Combined Sewer Overflow,Combined Sewer Discharge,2025-02-04,07:06,2025-02-06,10:02,,,0.0,0.0,0.0,0.0,Active,2025-02-04,37.7917,-122.484926,OCEAN#15_SL,baker_china,cso,2
65295,OCEAN#16_SL,"Baker Beach West, Opposite Seacliff 2 Pumping Station",Baker Beach,Posting,Combined Sewer Overflow,Combined Sewer Discharge,2025-02-04,07:05,2025-02-05,14:14,,,0.0,0.0,0.0,0.0,Active,2025-02-04,37.78977,-122.48741,OCEAN#16_SL,baker_china,cso,1
65305,OCEAN#17_SL,China Beach,China Beach,Posting,Combined Sewer Overflow,Combined Sewer Discharge,2025-02-04,15:41,2025-02-06,10:02,,,0.0,0.0,0.0,0.0,Active,2025-02-04,37.78816,-122.49136,OCEAN#17_SL,baker_china,cso,2
65294,OCEAN#18_SL,"Ocean Beach, at Balboa St.",Ocean Beach,Posting,Combined Sewer Overflow,Combined Sewer Discharge,2025-02-04,07:04,2025-02-06,10:02,,,0.0,0.0,0.0,0.0,Active,2025-02-04,37.77492,-122.51351,OCEAN#18_SL,ocean,cso,2
65299,OCEAN#19_SL,"Ocean Beach, at Lincoln Ave.",Ocean Beach,Posting,Combined Sewer Overflow,Combined Sewer Discharge,2025-02-04,07:09,2025-02-06,14:10,,,0.0,0.0,0.0,0.0,Active,2025-02-04,37.7638,-122.511,OCEAN#19_SL,ocean,cso,2
65300,OCEAN#20_SL,"Ocean Beach, at Pacheco St.",Ocean Beach,Posting,Combined Sewer Overflow,Combined Sewer Discharge,2025-02-04,07:09,2025-02-06,10:02,,,0.0,0.0,0.0,0.0,Active,2025-02-04,37.74891,-122.50996,OCEAN#20_SL,ocean,cso,2
65301,OCEAN#21.1_SL,"Ocean Beach, at Sloat Blvd.",Ocean Beach,Posting,Combined Sewer Overflow,Combined Sewer Discharge,2025-02-04,07:10,2025-02-06,10:02,,,0.0,0.0,0.0,0.0,Active,2025-02-04,37.73567,-122.50769,OCEAN#21.1_SL,ocean,cso,2
65302,OCEAN#21_SL,Ocean Beach at Vicente St.,Ocean Beach,Posting,Combined Sewer Overflow,Combined Sewer Discharge,2025-02-04,07:11,2025-02-06,14:09,,,0.0,0.0,0.0,0.0,Active,2025-02-04,37.73782,-122.50825,OCEAN#21_SL,ocean,cso,2
65298,OCEAN#22_SL,Fort Funston,Ocean Beach,Posting,Combined Sewer Overflow,Combined Sewer Discharge,2025-02-04,07:08,2025-02-06,10:01,,,0.0,0.0,0.0,0.0,Active,2025-02-04,37.71526,-122.50476,OCEAN#22_SL,ocean,cso,2
65330,BAY#300.1_SL,Sunnydale Cove,Candlestick Point,Posting,Unknown,Unknown,2025-02-11,14:38,2025-02-15,10:00,,,1.0,0.0,1.0,0.0,Active,2025-02-11,37.7096,-122.3899,BAY#300.1_SL,east,other,4
65331,BAY#301.1_SL,Windsurfer Circle,Candlestick Point,Posting,Unknown,Unknown,2025-02-11,14:39,2025-02-12,08:44,,,1.0,0.0,1.0,0.0,Active,2025-02-11,37.70917,-122.3823,BAY#301.1_SL,east,other,1
65329,BAY#320_SL,Islais creek at Islais Landing,Islais Creek Channel,Posting,Unknown,Unknown,2025-02-11,14:37,2025-02-12,08:10,,,0.0,0.0,1.0,0.0,Active,2025-02-11,37.74703,-122.38793,BAY#320_SL,east,other,1
65341,BAY#202.4_SL,"Crissy Field, East",Crissy Field,Posting,Combined Sewer Overflow,Combined Sewer Discharge,2025-02-13,07:02,2025-02-15,10:00,,,0.0,0.0,0.0,0.0,Active,2025-02-13,37.8066,-122.4519,BAY#202.4_SL,north,cso,2
65342,BAY#202.5_SL,Crissy Field West,Crissy Field,Posting,Combined Sewer Overflow,Combined Sewer Discharge,2025-02-13,07:04,2025-02-15,10:00,,,0.0,0.0,0.0,0.0,Active,2025-02-13,37.8069,-122.4683,BAY#202.5_SL,north,cso,2
65351,BAY#210.1_SL,Hyde Street Pier,Aquatic Park,Posting,Combined Sewer Overflow,Combined Sewer Discharge,2025-02-13,07:40,2025-02-15,10:00,,,0.0,0.0,0.0,0.0,Active,2025-02-13,37.80899,-122.4212947,BAY#210.1_SL,north,cso,2
65350,BAY#211_SL,Aquatic Park Beach,Aquatic Park,Posting,Combined Sewer Overflow,Combined Sewer Discharge,2025-02-13,07:39,2025-02-15,10:00,,,0.0,0.0,0.0,0.0,Active,2025-02-13,37.8078,-122.4221,BAY#211_SL,north,cso,2
65352,BAY#220_SL,Mission creek at kayak landing,Mission Bay Channel,Posting,Combined Sewer Overflow,Combined Sewer Discharge,2025-02-13,07:40,2025-02-18,15:34,,,0.0,0.0,0.0,0.0,Active,2025-02-13,37.7719,-122.3967,BAY#220_SL,east,cso,5
65353,BAY#230_SL,Crane Cove Park,Crane Cove Park,Posting,Combined Sewer Overflow,Combined Sewer Discharge,2025-02-13,07:41,2025-02-15,10:00,,,0.0,0.0,0.0,0.0,Active,2025-02-13,37.763431,-122.386861,BAY#230_SL,east,cso,2
65347,BAY#301.2_SL,Jack Rabbit Beach,Candlestick Point,Posting,Combined Sewer Overflow,Combined Sewer Discharge,2025-02-13,07:08,2025-02-14,10:00,,,0.0,0.0,0.0,0.0,Active,2025-02-13,37.711025,-122.380136,BAY#301.2_SL,east,cso,1
65354,BAY#320_SL,Islais creek at Islais Landing,Islais Creek Channel,Posting,Combined Sewer Overflow,Combined Sewer Discharge,2025-02-13,07:42,2025-02-18,07:04,,,0.0,0.0,0.0,0.0,Active,2025-02-13,37.74703,-122.38793,BAY#320_SL,east,cso,5
65348,OCEAN#18_SL,"Ocean Beach, at Balboa St.",Ocean Beach,Posting,Combined Sewer Overflow,Combined Sewer Discharge,2025-02-13,07:37,2025-02-15,10:00,,,0.0,0.0,0.0,0.0,Active,2025-02-13,37.77492,-122.51351,OCEAN#18_SL,ocean,cso,2
65349,OCEAN#19_SL,"Ocean Beach, at Lincoln Ave.",Ocean Beach,Posting,Combined Sewer Overflow,Combined Sewer Discharge,2025-02-13,07:38,2025-02-15,10:00,,,0.0,0.0,0.0,0.0,Active,2025-02-13,37.7638,-122.511,OCEAN#19_SL,ocean,cso,2
65345,OCEAN#20_SL,"Ocean Beach, at Pacheco St.",Ocean Beach,Posting,Combined Sewer Overflow,Combined Sewer Discharge,2025-02-13,07:07,2025-02-16,10:00,,,0.0,0.0,0.0,0.0,Active,2025-02-13,37.74891,-122.50996,OCEAN#20_SL,ocean,cso,3
65344,OCEAN#21.1_SL,"Ocean Beach, at Sloat Blvd.",Ocean Beach,Posting,Combined Sewer Overflow,Combined Sewer Discharge,2025-02-13,07:06,2025-02-15,10:00,,,0.0,0.0,0.0,0.0,Active,2025-02-13,37.73567,-122.50769,OCEAN#21.1_SL,ocean,cso,2
65343,OCEAN#21_SL,Ocean Beach at Vicente St.,Ocean Beach,Posting,Combined Sewer Overflow,Combined Sewer Discharge,2025-02-13,07:05,2025-02-15,10:00,,,0.0,0.0,0.0,0.0,Active,2025-02-13,37.73782,-122.50825,OCEAN#21_SL,ocean,cso,2
65346,OCEAN#22_SL,Fort Funston,Ocean Beach,Posting,Combined Sewer Overflow,Combined Sewer Discharge,2025-02-13,07:08,2025-02-18,15:33,,,0.0,0.0,0.0,0.0,Active,2025-02-13,37.71526,-122.50476,OCEAN#22_SL,ocean,cso,5
65472,BAY#301.2_SL,Jack Rabbit Beach,Candlestick Point,Posting,Unknown,Unknown,2025-02-26,08:33,2025-02-27,08:17,,,1.0,0.0,0.0,0.0,Active,2025-02-26,37.711025,-122.380136,BAY#301.2_SL,east,other,1
65532,BAY#230_SL,Crane Cove Park,Crane Cove Park,Posting,Unknown,Unknown,2025-03-04,14:36,2025-03-05,08:06,,,1.0,0.0,0.0,0.0,Active,2025-03-04,37.763431,-122.386861,BAY#230_SL,east,other,1
65550,BAY#230_SL,Crane Cove Park,Crane Cove Park,Posting,Unknown,Unknown,2025-03-11,08:40,2025-03-12,08:35,,,1.0,0.0,0.0,0.0,Active,2025-03-11,37.763431,-122.386861,BAY#230_SL,east,other,1
65549,BAY#320_SL,Islais creek at Islais Landing,Islais Creek Channel,Posting,Unknown,Unknown,2025-03-11,08:38,2025-03-12,08:35,,,1.0,0.0,0.0,0.0,Active,2025-03-11,37.74703,-122.38793,BAY#320_SL,east,other,1
65568,OCEAN#15_SL,"Baker Beach, Lobos Creek at Lower Parking Lot",Baker Beach,Posting,Unknown,Unknown,2025-03-18,08:34,2025-03-19,08:11,,,1.0,0.0,0.0,0.0,Active,2025-03-18,37.7917,-122.484926,OCEAN#15_SL,baker_china,other,1
65628,BAY#300.1_SL,Sunnydale Cove,Candlestick Point,Posting,Unknown,Unknown,2025-04-01,14:40,2025-04-02,14:00,,,1.0,1.0,1.0,0.0,Active,2025-04-01,37.7096,-122.3899,BAY#300.1_SL,east,other,1
65629,BAY#301.1_SL,Windsurfer Circle,Candlestick Point,Posting,Unknown,Unknown,2025-04-01,14:42,2025-04-02,14:48,,,1.0,0.0,0.0,0.0,Active,2025-04-01,37.70917,-122.3823,BAY#301.1_SL,east,other,1
65698,BAY#320_SL,Islais creek at Islais Landing,Islais Creek Channel,Posting,Unknown,Unknown,2025-04-08,07:00,2025-04-09,10:00,,,1.0,0.0,0.0,0.0,Active,2025-04-10,37.74703,-122.38793,BAY#320_SL,east,other,1
65775,BAY#202.5_SL,Crissy Field West,Crissy Field,Posting,Unknown,Unknown,2025-04-29,08:38,2025-05-01,09:06,,,1.0,0.0,0.0,0.0,Active,2025-04-29,37.8069,-122.4683,BAY#202.5_SL,north,other,2
65779,BAY#300.1_SL,Sunnydale Cove,Candlestick Point,Posting,Unknown,Unknown,2025-04-30,14:39,2025-05-01,09:06,,,1.0,0.0,0.0,0.0,Active,2025-04-30,37.7096,-122.3899,BAY#300.1_SL,east,other,1
65818,BAY#202.5_SL,Crissy Field West,Crissy Field,Posting,Unknown,Unknown,2025-05-06,06:47,2025-05-07,08:08,,,1.0,0.0,0.0,0.0,Active,2025-05-07,37.8069,-122.4683,BAY#202.5_SL,north,other,1
65832,BAY#202.5_SL,Crissy Field West,Crissy Field,Posting,Unknown,Unknown,2025-05-13,08:36,2025-05-14,08:08,,,1.0,0.0,0.0,0.0,Active,2025-05-13,37.8069,-122.4683,BAY#202.5_SL,north,other,1
65952,BAY#301.1_SL,Windsurfer Circle,Candlestick Point,Posting,Unknown,Unknown,2025-06-10,13:40,2025-06-11,09:03,,,1.0,0.0,0.0,0.0,Active,2025-06-10,37.70917,-122.3823,BAY#301.1_SL,east,other,1
65982,BAY#202.4_SL,"Crissy Field, East",Crissy Field,Posting,Unknown,Unknown,2025-06-17,13:44,2025-06-18,08:28,,,1.0,0.0,0.0,0.0,Active,2025-06-17,37.8066,-122.4519,BAY#202.4_SL,north,other,1
66107,BAY#202.5_SL,Crissy Field West,Crissy Field,Posting,Unknown,Unknown,2025-07-22,08:39,2025-07-23,08:00,,,1.0,0.0,0.0,0.0,Active,2025-07-22,37.8069,-122.4683,BAY#202.5_SL,north,other,1
66108,BAY#300.1_SL,Sunnydale Cove,Candlestick Point,Posting,Unknown,Unknown,2025-07-22,08:41,2025-07-23,08:00,,,0.0,1.0,1.0,0.0,Active,2025-07-22,37.7096,-122.3899,BAY#300.1_SL,east,other,1
66141,BAY#220_SL,Mission creek at kayak landing,Mission Bay Channel,Posting,Unknown,Unknown,2025-07-29,08:33,2025-07-30,08:49,,,1.0,0.0,0.0,0.0,Active,2025-07-29,37.7719,-122.3967,BAY#220_SL,east,other,1
66180,BAY#220_SL,Mission creek at kayak landing,Mission Bay Channel,Posting,Unknown,Unknown,2025-08-05,08:38,2025-08-07,08:11,,,1.0,0.0,0.0,0.0,Active,2025-08-05,37.7719,-122.3967,BAY#220_SL,east,other,2
66209,BAY#220_SL,Mission creek at kayak landing,Mission Bay Channel,Posting,Unknown,Unknown,2025-08-12,08:37,2025-08-16,08:00,,,1.0,0.0,0.0,0.0,Active,2025-08-12,37.7719,-122.3967,BAY#220_SL,east,other,4
66232,BAY#320_SL,Islais creek at Islais Landing,Islais Creek Channel,Posting,Unknown,Unknown,2025-08-16,14:59,2025-08-29,08:00,,,1.0,0.0,1.0,0.0,Active,2025-08-19,37.74703,-122.38793,BAY#320_SL,east,other,13
66236,BAY#220_SL,Mission creek at kayak landing,Mission Bay Channel,Posting,Unknown,Unknown,2025-08-19,06:56,2025-08-21,08:00,,,1.0,0.0,0.0,0.0,Active,2025-08-20,37.7719,-122.3967,BAY#220_SL,east,other,2
66276,BAY#301.1_SL,Windsurfer Circle,Candlestick Point,Posting,Unknown,Unknown,2025-09-03,13:38,2025-09-04,08:38,,,0.0,0.0,1.0,0.0,Active,2025-09-03,37.70917,-122.3823,BAY#301.1_SL,east,other,1
66302,BAY#220_SL,Mission creek at kayak landing,Mission Bay Channel,Posting,Unknown,Unknown,2025-09-09,14:33,2025-09-10,08:21,,,1.0,0.0,0.0,0.0,Active,2025-09-09,37.7719,-122.3967,BAY#220_SL,east,other,1
66298,BAY#320_SL,Islais creek at Islais Landing,Islais Creek Channel,Posting,Unknown,Unknown,2025-09-09,08:36,2025-09-10,08:21,,,1.0,0.0,0.0,0.0,Active,2025-09-09,37.74703,-122.38793,BAY#320_SL,east,other,1
66358,OCEAN#15_SL,"Baker Beach, Lobos Creek at Lower Parking Lot",Baker Beach,Posting,Unknown,Unknown,2025-09-23,08:57,2025-09-24,08:28,,,1.0,0.0,0.0,0.0,Active,2025-09-23,37.7917,-122.484926,OCEAN#15_SL,baker_china,other,1
66425,BAY#300.1_SL,Sunnydale Cove,Candlestick Point,Posting,Unknown,Unknown,2025-10-07,13:37,2025-10-08,08:30,,,1.0,1.0,0.0,0.0,Active,2025-10-07,37.7096,-122.3899,BAY#300.1_SL,east,other,1
66424,BAY#301.1_SL,Windsurfer Circle,Candlestick Point,Posting,Unknown,Unknown,2025-10-07,13:36,2025-10-10,08:00,,,1.0,0.0,1.0,0.0,Active,2025-10-07,37.70917,-122.3823,BAY#301.1_SL,east,other,3
66479,BAY#220_SL,Mission creek at kayak landing,Mission Bay Channel,Posting,Combined Sewer Overflow,Combined Sewer Discharge,2025-10-13,07:50,2025-10-13,08:00,,,0.0,0.0,0.0,0.0,Active,2025-10-14,37.7719,-122.3967,BAY#220_SL,east,cso,0
66480,BAY#230_SL,Crane Cove Park,Crane Cove Park,Posting,Combined Sewer Overflow,Combined Sewer Discharge,2025-10-13,07:51,2025-10-16,08:29,,,0.0,0.0,0.0,0.0,Active,2025-10-14,37.763431,-122.386861,BAY#230_SL,east,cso,3
66481,OCEAN#15EAST_SL,"Baker Beach East, Upper Parking Lot",Baker Beach,Posting,Combined Sewer Overflow,Combined Sewer Discharge,2025-10-13,07:52,2025-10-15,10:26,,,0.0,0.0,0.0,0.0,Active,2025-10-14,37.79258,-122.48465,OCEAN#15EAST_SL,baker_china,cso,2
66482,OCEAN#15_SL,"Baker Beach, Lobos Creek at Lower Parking Lot",Baker Beach,Posting,Combined Sewer Overflow,Combined Sewer Discharge,2025-10-13,07:53,2025-10-15,10:27,,,0.0,0.0,0.0,0.0,Active,2025-10-14,37.7917,-122.484926,OCEAN#15_SL,baker_china,cso,2
66483,OCEAN#16_SL,"Baker Beach West, Opposite Seacliff 2 Pumping Station",Baker Beach,Posting,Combined Sewer Overflow,Combined Sewer Discharge,2025-10-13,07:53,2025-10-16,08:29,,,0.0,0.0,0.0,0.0,Active,2025-10-14,37.78977,-122.48741,OCEAN#16_SL,baker_china,cso,3
66484,OCEAN#17_SL,China Beach,China Beach,Posting,Combined Sewer Overflow,Combined Sewer Discharge,2025-10-13,07:54,2025-10-15,10:25,,,0.0,0.0,0.0,0.0,Active,2025-10-14,37.78816,-122.49136,OCEAN#17_SL,baker_china,cso,2
66499,BAY#202.5_SL,Crissy Field West,Crissy Field,Posting,Unknown,Unknown,2025-10-15,10:30,2025-10-16,08:29,,,1.0,0.0,1.0,0.0,Active,2025-10-15,37.8069,-122.4683,BAY#202.5_SL,north,other,1
66500,BAY#220_SL,Mission creek at kayak landing,Mission Bay Channel,Posting,Unknown,Unknown,2025-10-15,10:31,2025-10-16,08:29,,,1.0,1.0,1.0,0.0,Active,2025-10-15,37.7719,-122.3967,BAY#220_SL,east,other,1
66503,BAY#300.1_SL,Sunnydale Cove,Candlestick Point,Posting,Unknown,Unknown,2025-10-15,10:33,2025-10-16,08:29,,,1.0,0.0,0.0,0.0,Active,2025-10-15,37.7096,-122.3899,BAY#300.1_SL,east,other,1
66502,BAY#301.1_SL,Windsurfer Circle,Candlestick Point,Posting,Unknown,Unknown,2025-10-15,10:32,2025-10-16,08:29,,,1.0,0.0,0.0,0.0,Active,2025-10-15,37.70917,-122.3823,BAY#301.1_SL,east,other,1
66501,BAY#320_SL,Islais creek at Islais Landing,Islais Creek Channel,Posting,Unknown,Unknown,2025-10-15,10:32,2025-10-18,08:00,,,1.0,1.0,1.0,0.0,Active,2025-10-15,37.74703,-122.38793,BAY#320_SL,east,other,3
66525,BAY#301.1_SL,Windsurfer Circle,Candlestick Point,Posting,Unknown,Unknown,2025-10-21,10:01,2025-10-22,08:56,,,1.0,0.0,1.0,0.0,Active,2025-10-21,37.70917,-122.3823,BAY#301.1_SL,east,other,1
66524,BAY#301.2_SL,Jack Rabbit Beach,Candlestick Point,Posting,Unknown,Unknown,2025-10-21,10:00,2025-10-21,14:00,,,0.0,0.0,1.0,0.0,Active,2025-10-21,37.711025,-122.380136,BAY#301.2_SL,east,other,0
66527,OCEAN#15_SL,"Baker Beach, Lobos Creek at Lower Parking Lot",Baker Beach,Posting,Unknown,Unknown,2025-10-21,10:02,2025-10-22,16:40,,,1.0,0.0,0.0,0.0,Active,2025-10-21,37.7917,-122.484926,OCEAN#15_SL,baker_china,other,1
66526,OCEAN#16_SL,"Baker Beach West, Opposite Seacliff 2 Pumping Station",Baker Beach,Posting,Unknown,Unknown,2025-10-21,10:01,2025-10-22,08:55,,,1.0,0.0,0.0,0.0,Active,2025-10-21,37.78977,-122.48741,OCEAN#16_SL,baker_china,other,1
66529,OCEAN#19_SL,"Ocean Beach, at Lincoln Ave.",Ocean Beach,Posting,Unknown,Unknown,2025-10-21,10:04,2025-10-22,08:56,,,1.0,0.0,1.0,0.0,Active,2025-10-21,37.7638,-122.511,OCEAN#19_SL,ocean,other,1
66528,OCEAN#21.1_SL,"Ocean Beach, at Sloat Blvd.",Ocean Beach,Posting,Unknown,Unknown,2025-10-21,10:03,2025-10-21,14:00,,,1.0,0.0,0.0,0.0,Active,2025-10-21,37.73567,-122.50769,OCEAN#21.1_SL,ocean,other,0
66624,BAY#230_SL,Crane Cove Park,Crane Cove Park,Posting,Unknown,Unknown,2025-11-04,15:21,2025-11-05,09:05,,,1.0,0.0,0.0,0.0,Active,2025-11-04,37.763431,-122.386861,BAY#230_SL,east,other,1
66621,BAY#301.1_SL,Windsurfer Circle,Candlestick Point,Posting,Unknown,Unknown,2025-11-04,15:18,2025-11-07,08:00,,,1.0,0.0,0.0,0.0,Active,2025-11-04,37.70917,-122.3823,BAY#301.1_SL,east,other,3
66623,BAY#320_SL,Islais creek at Islais Landing,Islais Creek Channel,Posting,Unknown,Unknown,2025-11-04,15:20,2025-11-05,09:05,,,1.0,0.0,0.0,0.0,Active,2025-11-04,37.74703,-122.38793,BAY#320_SL,east,other,1
66620,OCEAN#15_SL,"Baker Beach, Lobos Creek at Lower Parking Lot",Baker Beach,Posting,Unknown,Unknown,2025-11-04,15:18,2025-11-05,09:05,,,1.0,0.0,0.0,0.0,Active,2025-11-04,37.7917,-122.484926,OCEAN#15_SL,baker_china,other,1
66622,OCEAN#16_SL,"Baker Beach West, Opposite Seacliff 2 Pumping Station",Baker Beach,Posting,Unknown,Unknown,2025-11-04,15:19,2025-11-05,09:05,,,1.0,0.0,0.0,0.0,Active,2025-11-04,37.78977,-122.48741,OCEAN#16_SL,baker_china,other,1
66632,BAY#211_SL,Aquatic Park Beach,Aquatic Park,Posting,Unknown,Unknown,2025-11-05,09:03,2025-11-07,08:00,,,1.0,0.0,0.0,0.0,Active,2025-11-05,37.8078,-122.4221,BAY#211_SL,north,other,2
66667,BAY#300.1_SL,Sunnydale Cove,Candlestick Point,Posting,Unknown,Unknown,2025-11-12,08:28,2025-11-14,08:00,,,1.0,1.0,0.0,0.0,Active,2025-11-12,37.7096,-122.3899,BAY#300.1_SL,east,other,2
66712,BAY#202.4_SL,"Crissy Field, East",Crissy Field,Posting,Combined Sewer Overflow,Combined Sewer Discharge,2025-11-13,08:06,2025-11-14,08:00,,,0.0,0.0,0.0,0.0,Active,2025-11-17,37.8066,-122.4519,BAY#202.4_SL,north,cso,1
66711,BAY#202.5_SL,Crissy Field West,Crissy Field,Posting,Combined Sewer Overflow,Combined Sewer Discharge,2025-11-13,08:02,2025-11-14,08:00,,,0.0,0.0,0.0,0.0,Active,2025-11-17,37.8069,-122.4683,BAY#202.5_SL,north,cso,1
66714,BAY#210.1_SL,Hyde Street Pier,Aquatic Park,Posting,Combined Sewer Overflow,Combined Sewer Discharge,2025-11-13,08:07,2025-11-14,08:00,,,0.0,0.0,0.0,0.0,Active,2025-11-17,37.80899,-122.4212947,BAY#210.1_SL,north,cso,1
66713,BAY#211_SL,Aquatic Park Beach,Aquatic Park,Posting,Combined Sewer Overflow,Combined Sewer Discharge,2025-11-13,08:06,2025-11-14,08:00,,,0.0,0.0,0.0,0.0,Active,2025-11-17,37.8078,-122.4221,BAY#211_SL,north,cso,1
66709,BAY#220_SL,Mission creek at kayak landing,Mission Bay Channel,Posting,Combined Sewer Overflow,Combined Sewer Discharge,2025-11-13,08:00,2025-11-19,08:45,,,0.0,0.0,0.0,0.0,Active,2025-11-17,37.7719,-122.3967,BAY#220_SL,east,cso,6
66710,BAY#230_SL,Crane Cove Park,Crane Cove Park,Posting,Combined Sewer Overflow,Combined Sewer Discharge,2025-11-13,08:01,2025-11-15,08:00,,,0.0,0.0,0.0,0.0,Active,2025-11-17,37.763431,-122.386861,BAY#230_SL,east,cso,2
66689,BAY#320_SL,Islais creek at Islais Landing,Islais Creek Channel,Posting,Combined Sewer Overflow,Combined Sewer Discharge,2025-11-13,07:31,2025-11-20,08:51,,,0.0,0.0,0.0,0.0,Active,2025-11-13,37.74703,-122.38793,BAY#320_SL,east,cso,7
66691,OCEAN#15EAST_SL,"Baker Beach East, Upper Parking Lot",Baker Beach,Posting,Combined Sewer Overflow,Combined Sewer Discharge,2025-11-13,07:34,2025-11-14,08:00,,,0.0,0.0,0.0,0.0,Active,2025-11-13,37.79258,-122.48465,OCEAN#15EAST_SL,baker_china,cso,1
66692,OCEAN#15_SL,"Baker Beach, Lobos Creek at Lower Parking Lot",Baker Beach,Posting,Combined Sewer Overflow,Combined Sewer Discharge,2025-11-13,07:35,2025-11-15,08:00,,,0.0,0.0,0.0,0.0,Active,2025-11-13,37.7917,-122.484926,OCEAN#15_SL,baker_china,cso,2
66693,OCEAN#16_SL,"Baker Beach West, Opposite Seacliff 2 Pumping Station",Baker Beach,Posting,Combined Sewer Overflow,Combined Sewer Discharge,2025-11-13,07:36,2025-11-14,08:00,,,0.0,0.0,0.0,0.0,Active,2025-11-13,37.78977,-122.48741,OCEAN#16_SL,baker_china,cso,1
66715,OCEAN#18_SL,"Ocean Beach, at Balboa St.",Ocean Beach,Posting,Combined Sewer Overflow,Combined Sewer Discharge,2025-11-13,08:07,2025-11-14,08:00,,,0.0,0.0,0.0,0.0,Active,2025-11-17,37.77492,-122.51351,OCEAN#18_SL,ocean,cso,1
66716,OCEAN#19_SL,"Ocean Beach, at Lincoln Ave.",Ocean Beach,Posting,Combined Sewer Overflow,Combined Sewer Discharge,2025-11-13,08:08,2025-11-14,08:00,,,0.0,0.0,0.0,0.0,Active,2025-11-17,37.7638,-122.511,OCEAN#19_SL,ocean,cso,1
66718,OCEAN#20_SL,"Ocean Beach, at Pacheco St.",Ocean Beach,Posting,Combined Sewer Overflow,Combined Sewer Discharge,2025-11-13,08:10,2025-11-14,08:00,,,0.0,0.0,0.0,0.0,Active,2025-11-17,37.74891,-122.50996,OCEAN#20_SL,ocean,cso,1
66717,OCEAN#21.1_SL,"Ocean Beach, at Sloat Blvd.",Ocean Beach,Posting,Combined Sewer Overflow,Combined Sewer Discharge,2025-11-13,08:09,2025-11-14,08:00,,,0.0,0.0,0.0,0.0,Active,2025-11-17,37.73567,-122.50769,OCEAN#21.1_SL,ocean,cso,1
66719,OCEAN#21_SL,Ocean Beach at Vicente St.,Ocean Beach,Posting,Combined Sewer Overflow,Combined Sewer Discharge,2025-11-13,08:10,2025-11-14,08:00,,,0.0,0.0,0.0,0.0,Active,2025-11-17,37.73782,-122.50825,OCEAN#21_SL,ocean,cso,1
66690,OCEAN#22_SL,Fort Funston,Ocean Beach,Posting,Combined Sewer Overflow,Combined Sewer Discharge,2025-11-13,07:33,2025-11-14,08:00,,,0.0,0.0,0.0,0.0,Active,2025-11-13,37.71526,-122.50476,OCEAN#22_SL,ocean,cso,1
66724,BAY#230_SL,Crane Cove Park,Crane Cove Park,Posting,Combined Sewer Overflow,Combined Sewer Discharge,2025-11-17,08:29,2025-11-18,14:24,,,0.0,0.0,0.0,0.0,Active,2025-11-17,37.763431,-122.386861,BAY#230_SL,east,cso,1
66725,OCEAN#15EAST_SL,"Baker Beach East, Upper Parking Lot",Baker Beach,Posting,Combined Sewer Overflow,Combined Sewer Discharge,2025-11-17,08:30,2025-11-18,14:23,,,0.0,0.0,0.0,0.0,Active,2025-11-17,37.79258,-122.48465,OCEAN#15EAST_SL,baker_china,cso,1
66726,OCEAN#15_SL,"Baker Beach, Lobos Creek at Lower Parking Lot",Baker Beach,Posting,Combined Sewer Overflow,Combined Sewer Discharge,2025-11-17,08:31,2025-11-19,08:43,,,0.0,0.0,0.0,0.0,Active,2025-11-17,37.7917,-122.484926,OCEAN#15_SL,baker_china,cso,2
66727,OCEAN#16_SL,"Baker Beach West, Opposite Seacliff 2 Pumping Station",Baker Beach,Posting,Combined Sewer Overflow,Combined Sewer Discharge,2025-11-17,08:31,2025-11-18,14:23,,,0.0,0.0,0.0,0.0,Active,2025-11-17,37.78977,-122.48741,OCEAN#16_SL,baker_china,cso,1
66733,BAY#202.4_SL,"Crissy Field, East",Crissy Field,Posting,Unknown,Unknown,2025-11-18,14:27,2025-11-19,08:44,,,1.0,0.0,0.0,0.0,Active,2025-11-18,37.8066,-122.4519,BAY#202.4_SL,north,other,1
66732,BAY#202.5_SL,Crissy Field West,Crissy Field,Posting,Unknown,Unknown,2025-11-18,14:26,2025-11-19,08:44,,,1.0,0.0,0.0,0.0,Active,2025-11-18,37.8069,-122.4683,BAY#202.5_SL,north,other,1
66736,BAY#210.1_SL,Hyde Street Pier,Aquatic Park,Posting,Unknown,Unknown,2025-11-18,14:29,2025-11-19,08:44,,,1.0,0.0,0.0,0.0,Active,2025-11-18,37.80899,-122.4212947,BAY#210.1_SL,north,other,1
66737,BAY#211_SL,Aquatic Park Beach,Aquatic Park,Posting,Unknown,Unknown,2025-11-18,14:30,2025-11-19,08:44,,,1.0,0.0,0.0,0.0,Active,2025-11-18,37.8078,-122.4221,BAY#211_SL,north,other,1
66735,BAY#300.1_SL,Sunnydale Cove,Candlestick Point,Posting,Unknown,Unknown,2025-11-18,14:29,2025-11-19,08:45,,,1.0,0.0,0.0,0.0,Active,2025-11-18,37.7096,-122.3899,BAY#300.1_SL,east,other,1
66734,BAY#301.1_SL,Windsurfer Circle,Candlestick Point,Posting,Unknown,Unknown,2025-11-18,14:28,2025-11-19,08:45,,,1.0,0.0,0.0,0.0,Active,2025-11-18,37.70917,-122.3823,BAY#301.1_SL,east,other,1
66772,BAY#220_SL,Mission creek at kayak landing,Mission Bay Channel,Posting,Unknown,Unknown,2025-11-21,06:45,2025-11-22,08:00,,,1.0,0.0,0.0,0.0,Active,2025-11-24,37.7719,-122.3967,BAY#220_SL,east,other,1
66773,BAY#320_SL,Islais creek at Islais Landing,Islais Creek Channel,Posting,Unknown,Unknown,2025-11-21,06:50,2025-11-22,08:00,,,1.0,0.0,0.0,0.0,Active,2025-11-24,37.74703,-122.38793,BAY#320_SL,east,other,1
66813,BAY#230_SL,Crane Cove Park,Crane Cove Park,Posting,Unknown,Unknown,2025-12-02,06:51,2025-12-03,08:24,,,1.0,1.0,0.0,0.0,Active,2025-12-03,37.763431,-122.386861,BAY#230_SL,east,other,1
66814,BAY#301.2_SL,Jack Rabbit Beach,Candlestick Point,Posting,Unknown,Unknown,2025-12-02,06:52,2025-12-03,08:24,,,0.0,0.0,0.0,0.0,Active,2025-12-03,37.711025,-122.380136,BAY#301.2_SL,east,other,1
66812,BAY#320_SL,Islais creek at Islais Landing,Islais Creek Channel,Posting,Unknown,Unknown,2025-12-02,06:49,2025-12-03,08:23,,,1.0,0.0,0.0,0.0,Active,2025-12-03,37.74703,-122.38793,BAY#320_SL,east,other,1
66892,BAY#220_SL,Mission creek at kayak landing,Mission Bay Channel,Posting,Unknown,Unknown,2025-12-16,15:23,2025-12-17,08:13,,,1.0,0.0,0.0,0.0,Active,2025-12-16,37.7719,-122.3967,BAY#220_SL,east,other,1
66885,BAY#320_SL,Islais creek at Islais Landing,Islais Creek Channel,Posting,Unknown,Unknown,2025-12-16,09:48,2025-12-17,08:12,,,0.0,1.0,0.0,0.0,Active,2025-12-16,37.74703,-122.38793,BAY#320_SL,east,other,1
66920,BAY#202.4_SL,"Crissy Field, East",Crissy Field,Posting,Combined Sewer Overflow,Combined Sewer Discharge,2025-12-22,07:01,2025-12-23,08:00,,,0.0,0.0,0.0,0.0,Active,2025-12-22,37.8066,-122.4519,BAY#202.4_SL,north,cso,1
66921,BAY#202.5_SL,Crissy Field West,Crissy Field,Posting,Combined Sewer Overflow,Combined Sewer Discharge,2025-12-22,07:05,2025-12-23,08:00,,,0.0,0.0,0.0,0.0,Active,2025-12-22,37.8069,-122.4683,BAY#202.5_SL,north,cso,1
66922,BAY#210.1_SL,Hyde Street Pier,Aquatic Park,Posting,Combined Sewer Overflow,Combined Sewer Discharge,2025-12-22,07:06,2025-12-23,08:00,,,0.0,0.0,0.0,0.0,Active,2025-12-22,37.80899,-122.4212947,BAY#210.1_SL,north,cso,1
66923,BAY#211_SL,Aquatic Park Beach,Aquatic Park,Posting,Combined Sewer Overflow,Combined Sewer Discharge,2025-12-22,07:07,2025-12-23,08:00,,,0.0,0.0,0.0,0.0,Active,2025-12-22,37.8078,-122.4221,BAY#211_SL,north,cso,1
66929,BAY#220_SL,Mission creek at kayak landing,Mission Bay Channel,Posting,Combined Sewer Overflow,Combined Sewer Discharge,2025-12-22,07:43,2025-12-29,08:39,,,0.0,0.0,0.0,0.0,Active,2025-12-22,37.7719,-122.3967,BAY#220_SL,east,cso,7
66928,BAY#230_SL,Crane Cove Park,Crane Cove Park,Posting,Combined Sewer Overflow,Combined Sewer Discharge,2025-12-22,07:43,2025-12-26,08:00,,,0.0,0.0,0.0,0.0,Active,2025-12-22,37.763431,-122.386861,BAY#230_SL,east,cso,4
66927,BAY#320_SL,Islais creek at Islais Landing,Islais Creek Channel,Posting,Combined Sewer Overflow,Combined Sewer Discharge,2025-12-22,07:42,2025-12-29,08:00,,,0.0,0.0,0.0,0.0,Active,2025-12-22,37.74703,-122.38793,BAY#320_SL,east,cso,7
66932,OCEAN#15EAST_SL,"Baker Beach East, Upper Parking Lot",Baker Beach,Posting,Combined Sewer Overflow,Combined Sewer Discharge,2025-12-22,07:47,2025-12-23,09:08,,,0.0,0.0,0.0,0.0,Active,2025-12-22,37.79258,-122.48465,OCEAN#15EAST_SL,baker_china,cso,1
66931,OCEAN#15_SL,"Baker Beach, Lobos Creek at Lower Parking Lot",Baker Beach,Posting,Combined Sewer Overflow,Combined Sewer Discharge,2025-12-22,07:46,2025-12-24,08:00,,,0.0,0.0,0.0,0.0,Active,2025-12-22,37.7917,-122.484926,OCEAN#15_SL,baker_china,cso,2
66930,OCEAN#16_SL,"Baker Beach West, Opposite Seacliff 2 Pumping Station",Baker Beach,Posting,Combined Sewer Overflow,Combined Sewer Discharge,2025-12-22,07:44,2025-12-23,09:07,,,0.0,0.0,0.0,0.0,Active,2025-12-22,37.78977,-122.48741,OCEAN#16_SL,baker_china,cso,1
66933,OCEAN#18_SL,"Ocean Beach, at Balboa St.",Ocean Beach,Posting,Combined Sewer Overflow,Combined Sewer Discharge,2025-12-22,07:47,2025-12-23,08:00,,,0.0,0.0,0.0,0.0,Active,2025-12-22,37.77492,-122.51351,OCEAN#18_SL,ocean,cso,1
66934,OCEAN#19_SL,"Ocean Beach, at Lincoln Ave.",Ocean Beach,Posting,Combined Sewer Overflow,Combined Sewer Discharge,2025-12-22,07:49,2025-12-23,08:00,,,0.0,0.0,0.0,0.0,Active,2025-12-22,37.7638,-122.511,OCEAN#19_SL,ocean,cso,1
66936,OCEAN#20_SL,"Ocean Beach, at Pacheco St.",Ocean Beach,Posting,Combined Sewer Overflow,Combined Sewer Discharge,2025-12-22,07:51,2025-12-23,08:00,,,0.0,0.0,0.0,0.0,Active,2025-12-22,37.74891,-122.50996,OCEAN#20_SL,ocean,cso,1
66937,OCEAN#21.1_SL,"Ocean Beach, at Sloat Blvd.",Ocean Beach,Posting,Combined Sewer Overflow,Combined Sewer Discharge,2025-12-22,07:51,2025-12-23,08:00,,,0.0,0.0,0.0,0.0,Active,2025-12-22,37.73567,-122.50769,OCEAN#21.1_SL,ocean,cso,1
66938,OCEAN#21_SL,Ocean Beach at Vicente St.,Ocean Beach,Posting,Combined Sewer Overflow,Combined Sewer Discharge,2025-12-22,07:52,2025-12-23,08:00,,,0.0,0.0,0.0,0.0,Active,2025-12-22,37.73782,-122.50825,OCEAN#21_SL,ocean,cso,1
66935,OCEAN#22_SL,Fort Funston,Ocean Beach,Posting,Combined Sewer Overflow,Combined Sewer Discharge,2025-12-22,07:50,2025-12-23,08:00,,,0.0,0.0,0.0,0.0,Active,2025-12-22,37.71526,-122.50476,OCEAN#22_SL,ocean,cso,1
66958,BAY#300.1_SL,Sunnydale Cove,Candlestick Point,Posting,Unknown,Unknown,2025-12-23,09:09,2025-12-24,08:00,,,1.0,0.0,0.0,0.0,Active,2025-12-23,37.7096,-122.3899,BAY#300.1_SL,east,other,1
66957,BAY#301.1_SL,Windsurfer Circle,Candlestick Point,Posting,Unknown,Unknown,2025-12-23,09:08,2025-12-23,08:00,,,1.0,0.0,0.0,0.0,Active,2025-12-23,37.70917,-122.3823,BAY#301.1_SL,east,other,0
66981,OCEAN#15EAST_SL,"Baker Beach East, Upper Parking Lot",Baker Beach,Posting,Combined Sewer Overflow,Combined Sewer Discharge,2025-12-25,08:06,2025-12-28,08:00,,,0.0,0.0,0.0,0.0,Active,2025-12-29,37.79258,-122.48465,OCEAN#15EAST_SL,baker_china,cso,3
66979,OCEAN#15_SL,"Baker Beach, Lobos Creek at Lower Parking Lot",Baker Beach,Posting,Combined Sewer Overflow,Combined Sewer Discharge,2025-12-25,08:02,2025-12-26,08:00,,,0.0,0.0,0.0,0.0,Active,2025-12-29,37.7917,-122.484926,OCEAN#15_SL,baker_china,cso,1
66980,OCEAN#16_SL,"Baker Beach West, Opposite Seacliff 2 Pumping Station",Baker Beach,Posting,Combined Sewer Overflow,Combined Sewer Discharge,2025-12-25,08:05,2025-12-26,08:00,,,0.0,0.0,0.0,0.0,Active,2025-12-29,37.78977,-122.48741,OCEAN#16_SL,baker_china,cso,1
66982,OCEAN#18_SL,"Ocean Beach, at Balboa St.",Ocean Beach,Posting,Combined Sewer Overflow,Combined Sewer Discharge,2025-12-25,08:07,2025-12-26,08:00,,,0.0,0.0,0.0,0.0,Active,2025-12-29,37.77492,-122.51351,OCEAN#18_SL,ocean,cso,1
66983,OCEAN#19_SL,"Ocean Beach, at Lincoln Ave.",Ocean Beach,Posting,Combined Sewer Overflow,Combined Sewer Discharge,2025-12-25,08:08,2025-12-27,08:00,,,0.0,0.0,0.0,0.0,Active,2025-12-29,37.7638,-122.511,OCEAN#19_SL,ocean,cso,2
66984,OCEAN#20_SL,"Ocean Beach, at Pacheco St.",Ocean Beach,Posting,Combined Sewer Overflow,Combined Sewer Discharge,2025-12-25,08:10,2025-12-26,08:00,,,0.0,0.0,0.0,0.0,Active,2025-12-29,37.74891,-122.50996,OCEAN#20_SL,ocean,cso,1
66986,OCEAN#21.1_SL,"Ocean Beach, at Sloat Blvd.",Ocean Beach,Posting,Combined Sewer Overflow,Combined Sewer Discharge,2025-12-25,08:12,2025-12-26,08:00,,,0.0,0.0,0.0,0.0,Active,2025-12-29,37.73567,-122.50769,OCEAN#21.1_SL,ocean,cso,1
66985,OCEAN#21_SL,Ocean Beach at Vicente St.,Ocean Beach,Posting,Combined Sewer Overflow,Combined Sewer Discharge,2025-12-25,08:11,2025-12-27,08:00,,,0.0,0.0,0.0,0.0,Active,2025-12-29,37.73782,-122.50825,OCEAN#21_SL,ocean,cso,2
66987,OCEAN#22_SL,Fort Funston,Ocean Beach,Posting,Combined Sewer Overflow,Combined Sewer Discharge,2025-12-25,08:13,2025-12-26,08:00,,,0.0,0.0,0.0,0.0,Active,2025-12-29,37.71526,-122.50476,OCEAN#22_SL,ocean,cso,1
66990,BAY#230_SL,Crane Cove Park,Crane Cove Park,Posting,Combined Sewer Overflow,Combined Sewer Discharge,2025-12-27,08:30,2025-12-28,08:00,,,0.0,0.0,0.0,0.0,Active,2025-12-29,37.763431,-122.386861,BAY#230_SL,east,cso,1
66988,OCEAN#15_SL,"Baker Beach, Lobos Creek at Lower Parking Lot",Baker Beach,Posting,Combined Sewer Overflow,Combined Sewer Discharge,2025-12-27,08:29,2025-12-28,08:00,,,0.0,0.0,0.0,0.0,Active,2025-12-29,37.7917,-122.484926,OCEAN#15_SL,baker_china,cso,1
66989,OCEAN#16_SL,"Baker Beach West, Opposite Seacliff 2 Pumping Station",Baker Beach,Posting,Combined Sewer Overflow,Combined Sewer Discharge,2025-12-27,08:29,2025-12-28,08:00,,,0.0,0.0,0.0,0.0,Active,2025-12-29,37.78977,-122.48741,OCEAN#16_SL,baker_china,cso,1
67018,BAY#320_SL,Islais creek at Islais Landing,Islais Creek Channel,Posting,Unknown,Unknown,2025-12-30,06:39,2025-12-31,08:37,,,0.0,1.0,1.0,0.0,Active,2025-12-31,37.74703,-122.38793,BAY#320_SL,east,other,1
67040,BAY#220_SL,Mission creek at kayak landing,Mission Bay Channel,Posting,Unknown,Unknown,2026-01-02,06:58,2026-01-10,08:00,,,1.0,0.0,0.0,0.0,Active,2026-01-05,37.7719,-122.3967,BAY#220_SL,east,other,8
67041,BAY#230_SL,Crane Cove Park,Crane Cove Park,Posting,Combined Sewer Overflow,Combined Sewer Discharge,2026-01-02,07:00,2026-01-05,14:30,,,0.0,0.0,0.0,0.0,Active,2026-01-05,37.763431,-122.386861,BAY#230_SL,east,cso,3
67045,BAY#320_SL,Islais creek at Islais Landing,Islais Creek Channel,Posting,Combined Sewer Overflow,Combined Sewer Discharge,2026-01-03,07:06,2026-01-04,08:00,,,0.0,0.0,0.0,0.0,Active,2026-01-05,37.74703,-122.38793,BAY#320_SL,east,cso,1
67044,OCEAN#15EAST_SL,"Baker Beach East, Upper Parking Lot",Baker Beach,Posting,Combined Sewer Overflow,Combined Sewer Discharge,2026-01-03,07:06,2026-01-06,08:44,,,0.0,0.0,0.0,0.0,Active,2026-01-05,37.79258,-122.48465,OCEAN#15EAST_SL,baker_china,cso,3
67043,OCEAN#15_SL,"Baker Beach, Lobos Creek at Lower Parking Lot",Baker Beach,Posting,Combined Sewer Overflow,Combined Sewer Discharge,2026-01-03,07:05,2026-01-06,08:44,,,0.0,0.0,0.0,0.0,Active,2026-01-05,37.7917,-122.484926,OCEAN#15_SL,baker_china,cso,3
67042,OCEAN#16_SL,"Baker Beach West, Opposite Seacliff 2 Pumping Station",Baker Beach,Posting,Combined Sewer Overflow,Combined Sewer Discharge,2026-01-03,07:03,2026-01-06,08:44,,,0.0,0.0,0.0,0.0,Active,2026-01-05,37.78977,-122.48741,OCEAN#16_SL,baker_china,cso,3
67056,BAY#320_SL,Islais creek at Islais Landing,Islais Creek Channel,Posting,Unknown,Unknown,2026-01-05,14:30,2026-01-09,08:00,,,1.0,0.0,0.0,0.0,Active,2026-01-05,37.74703,-122.38793,BAY#320_SL,east,other,4
67063,BAY#202.4_SL,"Crissy Field, East",Crissy Field,Posting,Combined Sewer Overflow,Combined Sewer Discharge,2026-01-06,06:50,2026-01-07,08:23,,,0.0,0.0,0.0,0.0,Active,2026-01-06,37.8066,-122.4519,BAY#202.4_SL,north,cso,1
67064,BAY#202.5_SL,Crissy Field West,Crissy Field,Posting,Combined Sewer Overflow,Combined Sewer Discharge,2026-01-06,06:51,2026-01-07,08:23,,,0.0,0.0,0.0,0.0,Active,2026-01-06,37.8069,-122.4683,BAY#202.5_SL,north,cso,1
67066,BAY#210.1_SL,Hyde Street Pier,Aquatic Park,Posting,Combined Sewer Overflow,Combined Sewer Discharge,2026-01-06,08:45,2026-01-07,08:23,,,0.0,0.0,0.0,0.0,Active,2026-01-06,37.80899,-122.4212947,BAY#210.1_SL,north,cso,1
67065,BAY#211_SL,Aquatic Park Beach,Aquatic Park,Posting,Combined Sewer Overflow,Combined Sewer Discharge,2026-01-06,06:51,2026-01-07,08:23,,,0.0,0.0,0.0,0.0,Active,2026-01-06,37.8078,-122.4221,BAY#211_SL,north,cso,1
67082,BAY#230_SL,Crane Cove Park,Crane Cove Park,Posting,Combined Sewer Overflow,Combined Sewer Discharge,2026-01-06,08:46,2026-01-09,08:00,,,0.0,0.0,0.0,0.0,Active,2026-01-07,37.763431,-122.386861,BAY#230_SL,east,cso,3
67057,OCEAN#18_SL,"Ocean Beach, at Balboa St.",Ocean Beach,Posting,Combined Sewer Overflow,Combined Sewer Discharge,2026-01-06,06:46,2026-01-07,08:22,,,0.0,0.0,0.0,0.0,Active,2026-01-06,37.77492,-122.51351,OCEAN#18_SL,ocean,cso,1
67058,OCEAN#19_SL,"Ocean Beach, at Lincoln Ave.",Ocean Beach,Posting,Combined Sewer Overflow,Combined Sewer Discharge,2026-01-06,06:46,2026-01-07,08:22,,,0.0,0.0,0.0,0.0,Active,2026-01-06,37.7638,-122.511,OCEAN#19_SL,ocean,cso,1
67059,OCEAN#20_SL,"Ocean Beach, at Pacheco St.",Ocean Beach,Posting,Combined Sewer Overflow,Combined Sewer Discharge,2026-01-06,06:47,2026-01-07,08:22,,,0.0,0.0,0.0,0.0,Active,2026-01-06,37.74891,-122.50996,OCEAN#20_SL,ocean,cso,1
67060,OCEAN#21.1_SL,"Ocean Beach, at Sloat Blvd.",Ocean Beach,Posting,Combined Sewer Overflow,Combined Sewer Discharge,2026-01-06,06:48,2026-01-07,08:22,,,0.0,0.0,0.0,0.0,Active,2026-01-06,37.73567,-122.50769,OCEAN#21.1_SL,ocean,cso,1
67061,OCEAN#21_SL,Ocean Beach at Vicente St.,Ocean Beach,Posting,Combined Sewer Overflow,Combined Sewer Discharge,2026-01-06,06:49,2026-01-07,08:23,,,0.0,0.0,0.0,0.0,Active,2026-01-06,37.73782,-122.50825,OCEAN#21_SL,ocean,cso,1
67062,OCEAN#22_SL,Fort Funston,Ocean Beach,Posting,Combined Sewer Overflow,Combined Sewer Discharge,2026-01-06,06:49,2026-01-07,08:23,,,0.0,0.0,0.0,0.0,Active,2026-01-06,37.71526,-122.50476,OCEAN#22_SL,ocean,cso,1
67176,BAY#300.1_SL,Sunnydale Cove,Candlestick Point,Posting,Unknown,Unknown,2026-01-14,08:53,2026-01-15,08:00,,,1.0,0.0,0.0,0.0,Active,2026-01-14,37.7096,-122.3899,BAY#300.1_SL,east,other,1
67191,BAY#300.1_SL,Sunnydale Cove,Candlestick Point,Posting,Unknown,Unknown,2026-01-21,08:44,2026-01-22,08:48,,,1.0,0.0,0.0,0.0,Active,2026-01-21,37.7096,-122.3899,BAY#300.1_SL,east,other,1
67328,BAY#202.4_SL,"Crissy Field, East",Crissy Field,Posting,Combined Sewer Overflow,Combined Sewer Discharge,2026-02-17,14:29,2026-02-20,09:00,,,0.0,0.0,0.0,0.0,Active,2026-02-17,37.8066,-122.4519,BAY#202.4_SL,north,cso,3
67329,BAY#202.5_SL,Crissy Field West,Crissy Field,Posting,Combined Sewer Overflow,Combined Sewer Discharge,2026-02-17,14:30,2026-02-20,09:00,,,0.0,0.0,0.0,0.0,Active,2026-02-17,37.8069,-122.4683,BAY#202.5_SL,north,cso,3
67330,BAY#210.1_SL,Hyde Street Pier,Aquatic Park,Posting,Combined Sewer Overflow,Combined Sewer Discharge,2026-02-17,14:31,2026-02-20,09:00,,,0.0,0.0,0.0,0.0,Active,2026-02-17,37.80899,-122.4212947,BAY#210.1_SL,north,cso,3
67331,BAY#211_SL,Aquatic Park Beach,Aquatic Park,Posting,Combined Sewer Overflow,Combined Sewer Discharge,2026-02-17,14:31,2026-02-20,09:00,,,0.0,0.0,0.0,0.0,Active,2026-02-17,37.8078,-122.4221,BAY#211_SL,north,cso,3
67313,BAY#220_SL,Mission creek at kayak landing,Mission Bay Channel,Posting,Combined Sewer Overflow,Combined Sewer Discharge,2026-02-17,06:55,2026-02-18,14:23,,,0.0,0.0,0.0,0.0,Active,2026-02-17,37.7719,-122.3967,BAY#220_SL,east,cso,1
67314,BAY#230_SL,Crane Cove Park,Crane Cove Park,Posting,Combined Sewer Overflow,Combined Sewer Discharge,2026-02-17,06:57,2026-02-21,09:00,,,0.0,0.0,0.0,0.0,Active,2026-02-17,37.763431,-122.386861,BAY#230_SL,east,cso,4
67315,BAY#320_SL,Islais creek at Islais Landing,Islais Creek Channel,Posting,Combined Sewer Overflow,Combined Sewer Discharge,2026-02-17,06:58,2026-02-22,09:00,,,0.0,0.0,0.0,0.0,Active,2026-02-17,37.74703,-122.38793,BAY#320_SL,east,cso,5
67322,OCEAN#15EAST_SL,"Baker Beach East, Upper Parking Lot",Baker Beach,Posting,Combined Sewer Overflow,Combined Sewer Discharge,2026-02-17,07:05,2026-02-19,12:58,,,0.0,0.0,0.0,0.0,Active,2026-02-17,37.79258,-122.48465,OCEAN#15EAST_SL,baker_china,cso,2
67323,OCEAN#15_SL,"Baker Beach, Lobos Creek at Lower Parking Lot",Baker Beach,Posting,Combined Sewer Overflow,Combined Sewer Discharge,2026-02-17,07:05,2026-02-19,12:58,,,0.0,0.0,0.0,0.0,Active,2026-02-17,37.7917,-122.484926,OCEAN#15_SL,baker_china,cso,2
67324,OCEAN#16_SL,"Baker Beach West, Opposite Seacliff 2 Pumping Station",Baker Beach,Posting,Combined Sewer Overflow,Combined Sewer Discharge,2026-02-17,07:06,2026-02-19,12:58,,,0.0,0.0,0.0,0.0,Active,2026-02-17,37.78977,-122.48741,OCEAN#16_SL,baker_china,cso,2
67316,OCEAN#18_SL,"Ocean Beach, at Balboa St.",Ocean Beach,Posting,Combined Sewer Overflow,Combined Sewer Discharge,2026-02-17,06:59,2026-02-18,13:47,,,0.0,0.0,0.0,0.0,Active,2026-02-17,37.77492,-122.51351,OCEAN#18_SL,ocean,cso,1
67317,OCEAN#19_SL,"Ocean Beach, at Lincoln Ave.",Ocean Beach,Posting,Combined Sewer Overflow,Combined Sewer Discharge,2026-02-17,07:00,2026-02-18,13:48,,,0.0,0.0,0.0,0.0,Active,2026-02-17,37.7638,-122.511,OCEAN#19_SL,ocean,cso,1
67318,OCEAN#20_SL,"Ocean Beach, at Pacheco St.",Ocean Beach,Posting,Combined Sewer Overflow,Combined Sewer Discharge,2026-02-17,07:01,2026-02-18,13:49,,,0.0,0.0,0.0,0.0,Active,2026-02-17,37.74891,-122.50996,OCEAN#20_SL,ocean,cso,1
67319,OCEAN#21.1_SL,"Ocean Beach, at Sloat Blvd.",Ocean Beach,Posting,Combined Sewer Overflow,Combined Sewer Discharge,2026-02-17,07:03,2026-02-18,13:49,,,0.0,0.0,0.0,0.0,Active,2026-02-17,37.73567,-122.50769,OCEAN#21.1_SL,ocean,cso,1
67320,OCEAN#21_SL,Ocean Beach at Vicente St.,Ocean Beach,Posting,Combined Sewer Overflow,Combined Sewer Discharge,2026-02-17,07:03,2026-02-18,13:49,,,0.0,0.0,0.0,0.0,Active,2026-02-17,37.73782,-122.50825,OCEAN#21_SL,ocean,cso,1
67321,OCEAN#22_SL,Fort Funston,Ocean Beach,Posting,Combined Sewer Overflow,Combined Sewer Discharge,2026-02-17,07:04,2026-02-21,09:00,,,0.0,0.0,0.0,0.0,Active,2026-02-17,37.71526,-122.50476,OCEAN#22_SL,ocean,cso,4
67343,BAY#220_SL,Mission creek at kayak landing,Mission Bay Channel,Posting,Combined Sewer Overflow,Combined Sewer Discharge,2026-02-19,07:45,2026-02-21,09:00,,,0.0,0.0,0.0,0.0,Active,2026-02-19,37.7719,-122.3967,BAY#220_SL,east,cso,2
67344,OCEAN#18_SL,"Ocean Beach, at Balboa St.",Ocean Beach,Posting,Combined Sewer Overflow,Combined Sewer Discharge,2026-02-19,07:45,2026-02-22,09:00,,,0.0,0.0,0.0,0.0,Active,2026-02-19,37.77492,-122.51351,OCEAN#18_SL,ocean,cso,3
67345,OCEAN#19_SL,"Ocean Beach, at Lincoln Ave.",Ocean Beach,Posting,Combined Sewer Overflow,Combined Sewer Discharge,2026-02-19,07:46,2026-02-21,09:00,,,0.0,0.0,0.0,0.0,Active,2026-02-19,37.7638,-122.511,OCEAN#19_SL,ocean,cso,2
67346,OCEAN#20_SL,"Ocean Beach, at Pacheco St.",Ocean Beach,Posting,Combined Sewer Overflow,Combined Sewer Discharge,2026-02-19,07:47,2026-02-20,09:00,,,0.0,0.0,0.0,0.0,Active,2026-02-19,37.74891,-122.50996,OCEAN#20_SL,ocean,cso,1
67347,OCEAN#21.1_SL,"Ocean Beach, at Sloat Blvd.",Ocean Beach,Posting,Combined Sewer Overflow,Combined Sewer Discharge,2026-02-19,07:49,2026-02-20,09:00,,,0.0,0.0,0.0,0.0,Active,2026-02-19,37.73567,-122.50769,OCEAN#21.1_SL,ocean,cso,1
67348,OCEAN#21_SL,Ocean Beach at Vicente St.,Ocean Beach,Posting,Combined Sewer Overflow,Combined Sewer Discharge,2026-02-19,07:49,2026-02-20,09:00,,,0.0,0.0,0.0,0.0,Active,2026-02-19,37.73782,-122.50825,OCEAN#21_SL,ocean,cso,1
67349,BAY#320_SL,Islais creek at Islais Landing,Islais Creek Channel,Posting,Unknown,Unknown,2026-02-24,15:19,2026-02-25,08:27,,,1.0,1.0,1.0,0.0,Active,2026-02-24,37.74703,-122.38793,BAY#320_SL,east,other,1
67378,BAY#320_SL,Islais creek at Islais Landing,Islais Creek Channel,Posting,Unknown,Unknown,2026-02-26,06:44,2026-02-28,09:00,,,1.0,0.0,0.0,0.0,Active,2026-03-02,37.74703,-122.38793,BAY#320_SL,east,other,2
