zone,date,cause_class,n_advisories,stations
ocean,1999-01-31,cso,1,OCEAN#21.1_SL
ocean,1999-02-01,cso,1,OCEAN#21.1_SL
ocean,1999-02-07,cso,1,OCEAN#21.1_SL
ocean,1999-02-08,cso,1,OCEAN#21.1_SL
ocean,1999-02-09,cso,1,OCEAN#21.1_SL
ocean,1999-02-10,cso,1,OCEAN#21.1_SL
ocean,1999-02-17,cso,1,OCEAN#21.1_SL
ocean,1999-02-18,cso,1,OCEAN#21.1_SL
ocean,1999-04-11,cso,1,OCEAN#21.1_SL
ocean,1999-04-12,cso,1,OCEAN#21.1_SL
ocean,1999-04-13,cso,1,OCEAN#21.1_SL
north,1999-10-25,rain,1,BAY#211_SL
north,1999-10-26,rain,1,BAY#211_SL
east,2001-01-11,rain,1,BAY#300.1_SL
east,2001-01-12,rain,1,BAY#300.1_SL
east,2001-01-13,rain,1,BAY#300.1_SL
baker_china,2001-01-25,cso,2,OCEAN#16_SL|OCEAN#17_SL
baker_china,2001-01-26,cso,2,OCEAN#16_SL|OCEAN#17_SL
baker_china,2001-01-27,cso,1,OCEAN#16_SL
baker_china,2001-01-28,cso,1,OCEAN#16_SL
ocean,2001-02-09,cso,1,OCEAN#22_SL
ocean,2001-02-10,cso,1,OCEAN#22_SL
baker_china,2001-02-23,cso,2,OCEAN#16_SL|OCEAN#17_SL
east,2001-02-23,rain,1,BAY#300.1_SL
baker_china,2001-02-24,cso,2,OCEAN#16_SL|OCEAN#17_SL
east,2001-02-24,rain,1,BAY#300.1_SL
baker_china,2001-11-12,cso,1,OCEAN#16_SL
east,2001-11-12,rain,1,BAY#300.1_SL
ocean,2001-11-12,cso,2,OCEAN#21.1_SL|OCEAN#22_SL
baker_china,2001-11-13,cso,1,OCEAN#16_SL
east,2001-11-13,rain,1,BAY#300.1_SL
ocean,2001-11-13,cso,2,OCEAN#21.1_SL|OCEAN#22_SL
east,2001-11-14,rain,1,BAY#300.1_SL
ocean,2001-11-14,cso,1,OCEAN#21.1_SL
east,2001-11-15,rain,1,BAY#300.1_SL
ocean,2001-11-15,cso,1,OCEAN#21.1_SL
baker_china,2001-11-16,cso,1,OCEAN#16_SL
north,2001-11-16,rain,1,BAY#202.4_SL
baker_china,2001-11-17,cso,1,OCEAN#16_SL
north,2001-11-17,rain,1,BAY#202.4_SL
ocean,2001-11-29,cso,1,OCEAN#21.1_SL
ocean,2001-11-30,cso,1,OCEAN#21.1_SL
east,2001-12-01,rain,1,BAY#300.1_SL
east,2001-12-02,rain,1,BAY#300.1_SL
north,2001-12-02,rain,2,BAY#202.4_SL|BAY#211_SL
ocean,2001-12-02,cso,2,OCEAN#21.1_SL|OCEAN#22_SL
east,2001-12-03,rain,1,BAY#300.1_SL
north,2001-12-03,rain,2,BAY#202.4_SL|BAY#211_SL
ocean,2001-12-03,cso,2,OCEAN#21.1_SL|OCEAN#22_SL
east,2001-12-04,rain,2,BAY#300.1_SL
north,2001-12-04,rain,1,BAY#202.4_SL
ocean,2001-12-04,cso,1,OCEAN#21.1_SL
east,2001-12-05,rain,2,BAY#300.1_SL
ocean,2001-12-05,cso,1,OCEAN#21.1_SL
east,2001-12-06,rain,2,BAY#300.1_SL
east,2001-12-07,rain,2,BAY#300.1_SL
east,2001-12-08,rain,1,BAY#300.1_SL
ocean,2001-12-14,cso,2,OCEAN#21.1_SL|OCEAN#22_SL
ocean,2001-12-15,cso,2,OCEAN#21.1_SL|OCEAN#22_SL
ocean,2001-12-16,cso,1,OCEAN#21.1_SL
baker_china,2001-12-22,rain,1,OCEAN#17_SL
ocean,2001-12-22,cso,2,OCEAN#21.1_SL|OCEAN#22_SL
baker_china,2001-12-23,rain,1,OCEAN#17_SL
ocean,2001-12-23,cso,2,OCEAN#21.1_SL|OCEAN#22_SL
ocean,2001-12-24,cso,1,OCEAN#21.1_SL
east,2001-12-28,rain,1,BAY#300.1_SL
north,2001-12-28,rain,2,BAY#202.4_SL|BAY#211_SL
ocean,2001-12-28,cso,2,OCEAN#21.1_SL|OCEAN#22_SL
east,2001-12-29,rain,1,BAY#300.1_SL
north,2001-12-29,rain,2,BAY#202.4_SL|BAY#211_SL
ocean,2001-12-29,cso,2,OCEAN#21.1_SL|OCEAN#22_SL
east,2001-12-30,rain,1,BAY#300.1_SL
north,2001-12-30,rain,1,BAY#211_SL
ocean,2001-12-30,cso,2,OCEAN#21.1_SL|OCEAN#22_SL
east,2001-12-31,rain,1,BAY#300.1_SL
north,2001-12-31,rain,1,BAY#211_SL
ocean,2001-12-31,cso,2,OCEAN#21.1_SL|OCEAN#22_SL
ocean,2002-01-01,cso,2,OCEAN#21.1_SL|OCEAN#22_SL
east,2002-01-03,rain,1,BAY#300.1_SL
east,2002-01-04,rain,1,BAY#300.1_SL
east,2002-01-05,rain,1,BAY#300.1_SL
east,2002-01-06,rain,1,BAY#300.1_SL
east,2002-01-10,rain,1,BAY#300.1_SL
east,2002-01-11,rain,1,BAY#300.1_SL
east,2002-01-17,rain,1,BAY#300.1_SL
east,2002-01-18,rain,1,BAY#300.1_SL
east,2002-01-19,rain,1,BAY#300.1_SL
east,2002-01-25,rain,1,BAY#300.1_SL
ocean,2002-01-25,cso,1,OCEAN#22_SL
east,2002-01-26,rain,1,BAY#300.1_SL
ocean,2002-01-26,cso,1,OCEAN#22_SL
east,2002-01-27,rain,1,BAY#300.1_SL
east,2002-01-28,rain,1,BAY#300.1_SL
east,2002-01-29,rain,1,BAY#300.1_SL
east,2002-01-30,rain,1,BAY#300.1_SL
east,2002-10-16,other,1,BAY#300.1_SL
east,2002-10-17,other,1,BAY#300.1_SL
east,2002-10-18,other,1,BAY#300.1_SL
east,2002-10-19,other,1,BAY#300.1_SL
east,2002-10-20,other,1,BAY#300.1_SL
baker_china,2002-11-08,cso,2,OCEAN#16_SL|OCEAN#17_SL
east,2002-11-08,rain,1,BAY#300.1_SL
north,2002-11-08,rain,2,BAY#202.4_SL|BAY#211_SL
ocean,2002-11-08,cso,2,OCEAN#21.1_SL|OCEAN#22_SL
baker_china,2002-11-09,cso,2,OCEAN#16_SL|OCEAN#17_SL
east,2002-11-09,rain,1,BAY#300.1_SL
north,2002-11-09,rain,2,BAY#202.4_SL|BAY#211_SL
ocean,2002-11-09,cso,2,OCEAN#21.1_SL|OCEAN#22_SL
baker_china,2002-11-10,cso,1,OCEAN#16_SL
east,2002-11-10,rain,1,BAY#300.1_SL
north,2002-11-10,rain,2,BAY#202.4_SL|BAY#211_SL
ocean,2002-11-10,cso,2,OCEAN#21.1_SL|OCEAN#22_SL
baker_china,2002-11-11,cso,1,OCEAN#16_SL
east,2002-11-11,rain,1,BAY#300.1_SL
east,2002-11-12,rain,1,BAY#300.1_SL
east,2002-11-13,rain,1,BAY#300.1_SL
east,2002-11-14,rain,1,BAY#300.1_SL
east,2002-11-15,rain,1,BAY#300.1_SL
east,2002-11-16,rain,1,BAY#300.1_SL
east,2002-11-17,rain,1,BAY#300.1_SL
east,2002-11-18,rain,1,BAY#300.1_SL
east,2002-11-19,rain,1,BAY#300.1_SL
east,2002-11-20,rain,1,BAY#300.1_SL
east,2002-11-21,rain,1,BAY#300.1_SL
east,2002-11-22,rain,1,BAY#300.1_SL
east,2002-11-23,rain,1,BAY#300.1_SL
east,2002-11-24,rain,1,BAY#300.1_SL
east,2002-11-25,rain,1,BAY#300.1_SL
ocean,2002-12-03,cso,1,OCEAN#21.1_SL
ocean,2002-12-04,cso,1,OCEAN#21.1_SL
ocean,2002-12-05,cso,1,OCEAN#21.1_SL
ocean,2002-12-06,cso,1,OCEAN#21.1_SL
ocean,2002-12-07,cso,1,OCEAN#21.1_SL
ocean,2002-12-08,cso,1,OCEAN#21.1_SL
east,2002-12-13,rain,1,BAY#300.1_SL
north,2002-12-13,rain,2,BAY#202.4_SL|BAY#211_SL
baker_china,2002-12-14,cso,1,OCEAN#16_SL
east,2002-12-14,rain,1,BAY#300.1_SL
north,2002-12-14,rain,2,BAY#202.4_SL|BAY#211_SL
baker_china,2002-12-15,cso,1,OCEAN#16_SL
east,2002-12-15,rain,1,BAY#300.1_SL
north,2002-12-15,rain,2,BAY#202.4_SL|BAY#211_SL
baker_china,2002-12-16,cso,1,OCEAN#16_SL
east,2002-12-16,rain,1,BAY#300.1_SL
north,2002-12-16,rain,2,BAY#202.4_SL|BAY#211_SL
baker_china,2002-12-17,cso,1,OCEAN#16_SL
east,2002-12-17,rain,1,BAY#300.1_SL
north,2002-12-17,rain,2,BAY#202.4_SL|BAY#211_SL
baker_china,2002-12-18,cso,1,OCEAN#16_SL
east,2002-12-18,rain,1,BAY#300.1_SL
north,2002-12-18,rain,2,BAY#202.4_SL|BAY#211_SL
baker_china,2002-12-19,cso,1,OCEAN#16_SL
east,2002-12-19,rain,1,BAY#300.1_SL
north,2002-12-19,rain,2,BAY#202.4_SL|BAY#211_SL
ocean,2002-12-19,cso,1,OCEAN#21.1_SL
baker_china,2002-12-20,cso,1,OCEAN#16_SL
east,2002-12-20,rain,1,BAY#300.1_SL
north,2002-12-20,rain,2,BAY#202.4_SL|BAY#211_SL
ocean,2002-12-20,cso,1,OCEAN#21.1_SL
baker_china,2002-12-21,cso,1,OCEAN#16_SL
east,2002-12-21,rain,1,BAY#300.1_SL
north,2002-12-21,rain,2,BAY#202.4_SL|BAY#211_SL
ocean,2002-12-21,cso,1,OCEAN#21.1_SL
east,2002-12-22,rain,1,BAY#300.1_SL
north,2002-12-22,rain,1,BAY#202.4_SL
east,2002-12-23,rain,1,BAY#300.1_SL
north,2002-12-23,rain,1,BAY#202.4_SL
east,2002-12-24,rain,1,BAY#300.1_SL
north,2002-12-24,rain,1,BAY#202.4_SL
baker_china,2002-12-31,cso,1,OCEAN#16_SL
baker_china,2003-01-01,cso,1,OCEAN#16_SL
ocean,2003-01-09,cso,1,OCEAN#21.1_SL
ocean,2003-01-10,cso,1,OCEAN#21.1_SL
ocean,2003-01-11,cso,1,OCEAN#21.1_SL
east,2003-03-15,other,1,BAY#300.1_SL
east,2003-03-16,other,1,BAY#300.1_SL
east,2003-03-17,other,1,BAY#300.1_SL
east,2003-03-18,other,1,BAY#300.1_SL
ocean,2003-04-22,cso,1,OCEAN#22_SL
ocean,2003-04-23,cso,1,OCEAN#22_SL
ocean,2003-04-24,cso,1,OCEAN#22_SL
east,2003-04-25,rain,1,BAY#301.1_SL
east,2003-04-26,rain,2,BAY#300.1_SL|BAY#301.1_SL
east,2003-04-27,rain,1,BAY#300.1_SL
east,2003-04-28,rain,1,BAY#300.1_SL
east,2003-04-29,rain,1,BAY#300.1_SL
east,2003-04-30,rain,1,BAY#300.1_SL
east,2003-05-01,rain,1,BAY#300.1_SL
ocean,2003-05-01,cso,1,OCEAN#22_SL
ocean,2003-05-02,cso,1,OCEAN#22_SL
east,2003-05-13,other,1,BAY#301.1_SL
east,2003-05-14,other,1,BAY#301.1_SL
north,2003-06-03,other,1,BAY#211_SL
east,2003-06-04,other,1,BAY#301.1_SL
north,2003-06-04,other,1,BAY#211_SL
east,2003-06-05,other,1,BAY#301.1_SL
east,2003-06-19,other,1,BAY#301.2_SL
east,2003-06-20,other,1,BAY#301.2_SL
east,2003-06-21,other,1,BAY#301.2_SL
east,2003-06-22,other,1,BAY#301.2_SL
east,2003-06-27,other,1,BAY#301.1_SL
ocean,2003-06-27,cso,1,OCEAN#21.1_SL
east,2003-06-28,other,2,BAY#301.1_SL|BAY#301.2_SL
ocean,2003-06-28,cso,1,OCEAN#21.1_SL
east,2003-06-29,other,2,BAY#301.1_SL|BAY#301.2_SL
east,2003-06-30,other,1,BAY#301.2_SL
north,2003-08-12,other,1,BAY#202.4_SL
north,2003-08-13,other,1,BAY#202.4_SL
north,2003-08-14,other,1,BAY#202.4_SL
north,2003-08-22,other,2,BAY#202.4_SL|BAY#211_SL
north,2003-08-23,other,2,BAY#202.4_SL|BAY#211_SL
east,2003-08-26,other,1,BAY#301.1_SL
east,2003-08-27,other,1,BAY#301.1_SL
east,2003-09-11,other,1,BAY#301.1_SL
east,2003-09-12,other,1,BAY#301.1_SL
east,2003-09-13,other,1,BAY#301.1_SL
east,2003-09-14,other,1,BAY#301.1_SL
east,2003-09-15,other,1,BAY#301.1_SL
east,2003-09-23,other,1,BAY#301.2_SL
east,2003-09-24,other,1,BAY#301.2_SL
east,2003-09-25,other,1,BAY#301.2_SL
east,2003-09-26,other,1,BAY#301.2_SL
east,2003-09-27,other,1,BAY#301.2_SL
east,2003-09-28,other,1,BAY#301.2_SL
east,2003-09-29,other,1,BAY#301.2_SL
baker_china,2003-10-09,other,1,OCEAN#15_SL
baker_china,2003-10-10,cso,3,OCEAN#15_SL|OCEAN#16_SL|OCEAN#17_SL
baker_china,2003-10-11,cso,3,OCEAN#15_SL|OCEAN#16_SL|OCEAN#17_SL
north,2003-10-21,other,1,BAY#211_SL
north,2003-10-22,other,1,BAY#211_SL
baker_china,2003-10-23,other,2,OCEAN#15_SL|OCEAN#17_SL
north,2003-10-23,other,1,BAY#211_SL
baker_china,2003-10-24,other,2,OCEAN#15_SL|OCEAN#17_SL
north,2003-10-24,other,1,BAY#211_SL
north,2003-10-28,other,2,BAY#202.4_SL|BAY#211_SL
east,2003-10-29,other,1,BAY#300.1_SL
north,2003-10-29,other,2,BAY#202.4_SL|BAY#211_SL
east,2003-10-30,other,1,BAY#300.1_SL
north,2003-10-30,other,2,BAY#202.4_SL|BAY#211_SL
north,2003-10-31,other,2,BAY#202.4_SL|BAY#211_SL
north,2003-11-05,other,1,BAY#211_SL
north,2003-11-06,other,1,BAY#211_SL
north,2003-11-07,other,1,BAY#211_SL
north,2003-11-08,other,1,BAY#211_SL
east,2003-11-18,other,1,BAY#301.1_SL
east,2003-11-19,other,1,BAY#301.1_SL
east,2003-11-20,other,1,BAY#301.1_SL
north,2003-11-25,other,2,BAY#202.4_SL|BAY#211_SL
north,2003-11-26,other,2,BAY#202.4_SL|BAY#211_SL
north,2003-11-27,other,2,BAY#202.4_SL|BAY#211_SL
north,2003-11-28,other,1,BAY#202.4_SL
east,2003-12-02,rain,1,BAY#300.1_SL
east,2003-12-03,rain,1,BAY#300.1_SL
ocean,2003-12-04,cso,1,OCEAN#21.1_SL
east,2003-12-05,rain,1,BAY#301.1_SL
ocean,2003-12-05,cso,1,OCEAN#21.1_SL
east,2003-12-06,rain,1,BAY#301.1_SL
baker_china,2003-12-07,cso,1,OCEAN#16_SL
east,2003-12-07,rain,1,BAY#301.1_SL
north,2003-12-07,rain,1,BAY#211_SL
baker_china,2003-12-08,cso,1,OCEAN#16_SL
east,2003-12-08,rain,1,BAY#301.1_SL
north,2003-12-08,rain,1,BAY#211_SL
east,2003-12-09,rain,1,BAY#301.1_SL
north,2003-12-09,rain,1,BAY#211_SL
east,2003-12-10,rain,1,BAY#301.1_SL
north,2003-12-10,rain,1,BAY#211_SL
baker_china,2003-12-11,cso,1,OCEAN#16_SL
east,2003-12-11,rain,1,BAY#301.1_SL
ocean,2003-12-11,rain,1,OCEAN#18_SL
baker_china,2003-12-12,cso,1,OCEAN#16_SL
east,2003-12-12,rain,1,BAY#301.1_SL
north,2003-12-12,rain,1,BAY#211_SL
ocean,2003-12-12,rain,1,OCEAN#18_SL
baker_china,2003-12-13,cso,1,OCEAN#16_SL
east,2003-12-13,rain,1,BAY#301.1_SL
north,2003-12-13,rain,1,BAY#211_SL
baker_china,2003-12-14,cso,2,OCEAN#16_SL|OCEAN#17_SL
ocean,2003-12-14,cso,1,OCEAN#22_SL
baker_china,2003-12-15,cso,2,OCEAN#16_SL|OCEAN#17_SL
ocean,2003-12-15,cso,1,OCEAN#22_SL
east,2003-12-17,rain,1,BAY#301.1_SL
east,2003-12-18,rain,1,BAY#301.1_SL
baker_china,2003-12-21,other,1,OCEAN#17_SL
baker_china,2003-12-22,other,1,OCEAN#17_SL
east,2003-12-23,rain,1,BAY#300.1_SL
north,2003-12-23,rain,2,BAY#202.4_SL|BAY#211_SL
baker_china,2003-12-24,cso,1,OCEAN#16_SL
east,2003-12-24,rain,1,BAY#300.1_SL
north,2003-12-24,rain,2,BAY#202.4_SL|BAY#211_SL
ocean,2003-12-24,rain,1,OCEAN#19_SL
baker_china,2003-12-25,cso,1,OCEAN#16_SL
east,2003-12-25,rain,1,BAY#300.1_SL
north,2003-12-25,rain,1,BAY#202.4_SL
ocean,2003-12-25,rain,1,OCEAN#19_SL
east,2003-12-26,rain,1,BAY#300.1_SL
north,2003-12-26,rain,1,BAY#202.4_SL
ocean,2003-12-26,rain,1,OCEAN#19_SL
east,2003-12-27,rain,1,BAY#300.1_SL
north,2003-12-27,rain,1,BAY#202.4_SL
east,2003-12-28,rain,1,BAY#300.1_SL
baker_china,2003-12-29,cso,2,OCEAN#16_SL|OCEAN#17_SL
east,2003-12-29,rain,1,BAY#300.1_SL
ocean,2003-12-29,cso,2,OCEAN#21.1_SL|OCEAN#22_SL
baker_china,2003-12-30,cso,2,OCEAN#16_SL|OCEAN#17_SL
east,2003-12-30,rain,1,BAY#300.1_SL
ocean,2003-12-30,cso,2,OCEAN#21.1_SL|OCEAN#22_SL
baker_china,2003-12-31,cso,2,OCEAN#16_SL|OCEAN#17_SL
east,2003-12-31,rain,1,BAY#300.1_SL
north,2003-12-31,rain,1,BAY#211_SL
ocean,2003-12-31,cso,2,OCEAN#21.1_SL|OCEAN#22_SL
baker_china,2004-01-01,cso,1,OCEAN#16_SL
east,2004-01-01,rain,2,BAY#300.1_SL
north,2004-01-01,rain,1,BAY#211_SL
ocean,2004-01-01,cso,2,OCEAN#21.1_SL|OCEAN#22_SL
baker_china,2004-01-02,cso,1,OCEAN#16_SL
east,2004-01-02,rain,2,BAY#300.1_SL
north,2004-01-02,rain,1,BAY#211_SL
ocean,2004-01-02,cso,2,OCEAN#21.1_SL|OCEAN#22_SL
baker_china,2004-01-03,cso,1,OCEAN#16_SL
east,2004-01-03,rain,2,BAY#300.1_SL
north,2004-01-03,rain,1,BAY#211_SL
ocean,2004-01-03,cso,2,OCEAN#21.1_SL|OCEAN#22_SL
north,2004-01-04,rain,1,BAY#211_SL
ocean,2004-01-04,cso,1,OCEAN#22_SL
ocean,2004-01-05,cso,1,OCEAN#22_SL
baker_china,2004-01-08,other,1,OCEAN#15_SL
baker_china,2004-01-09,other,1,OCEAN#15_SL
north,2004-01-22,other,1,BAY#202.4_SL
baker_china,2004-01-23,other,1,OCEAN#15_SL
north,2004-01-23,other,1,BAY#202.4_SL
baker_china,2004-01-24,other,1,OCEAN#15_SL
east,2004-01-29,rain,1,BAY#300.1_SL
east,2004-01-30,rain,1,BAY#300.1_SL
east,2004-01-31,rain,1,BAY#300.1_SL
baker_china,2004-02-02,cso,2,OCEAN#16_SL|OCEAN#17_SL
ocean,2004-02-02,cso,2,OCEAN#21.1_SL|OCEAN#22_SL
baker_china,2004-02-03,cso,2,OCEAN#16_SL|OCEAN#17_SL
ocean,2004-02-03,cso,2,OCEAN#21.1_SL|OCEAN#22_SL
baker_china,2004-02-04,cso,2,OCEAN#16_SL|OCEAN#17_SL
ocean,2004-02-04,cso,2,OCEAN#21.1_SL|OCEAN#22_SL
baker_china,2004-02-05,cso,1,OCEAN#16_SL
north,2004-02-05,other,1,BAY#202.4_SL
ocean,2004-02-05,cso,2,OCEAN#21.1_SL|OCEAN#22_SL
north,2004-02-06,other,1,BAY#202.4_SL
north,2004-02-19,other,2,BAY#202.4_SL|BAY#210.1_SL
north,2004-02-20,other,2,BAY#202.4_SL|BAY#210.1_SL
baker_china,2004-02-25,cso,2,OCEAN#16_SL|OCEAN#17_SL
east,2004-02-25,other,1,BAY#300.1_SL
ocean,2004-02-25,cso,2,OCEAN#21.1_SL|OCEAN#22_SL
baker_china,2004-02-26,cso,2,OCEAN#16_SL|OCEAN#17_SL
east,2004-02-26,other,1,BAY#300.1_SL
ocean,2004-02-26,cso,2,OCEAN#21.1_SL|OCEAN#22_SL
baker_china,2004-02-27,cso,2,OCEAN#16_SL|OCEAN#17_SL
east,2004-02-27,other,1,BAY#300.1_SL
ocean,2004-02-27,cso,2,OCEAN#21.1_SL|OCEAN#22_SL
east,2004-02-28,other,1,BAY#300.1_SL
ocean,2004-02-28,cso,1,OCEAN#22_SL
east,2004-02-29,other,1,BAY#300.1_SL
ocean,2004-02-29,cso,1,OCEAN#22_SL
north,2004-03-25,other,1,BAY#202.4_SL
baker_china,2004-03-26,cso,1,OCEAN#16_SL
north,2004-03-26,other,1,BAY#202.4_SL
baker_china,2004-03-27,cso,1,OCEAN#16_SL
north,2004-06-30,other,1,BAY#202.2_SL
north,2004-07-01,other,1,BAY#202.2_SL
east,2004-07-08,other,1,BAY#301.1_SL
north,2004-07-08,other,1,BAY#202.4_SL
east,2004-07-09,other,1,BAY#301.1_SL
north,2004-07-09,other,1,BAY#202.4_SL
baker_china,2004-07-15,other,1,OCEAN#15_SL
baker_china,2004-07-16,other,1,OCEAN#15_SL
ocean,2004-07-29,other,1,OCEAN#18_SL
ocean,2004-07-30,other,1,OCEAN#18_SL
ocean,2004-08-04,other,1,OCEAN#18_SL
ocean,2004-08-05,other,1,OCEAN#18_SL
north,2004-08-11,other,1,BAY#211_SL
baker_china,2004-08-12,other,1,OCEAN#15_SL
north,2004-08-12,other,1,BAY#211_SL
baker_china,2004-08-13,other,1,OCEAN#15_SL
east,2004-08-25,other,1,BAY#301.2_SL
east,2004-08-26,other,1,BAY#301.2_SL
baker_china,2004-09-01,other,1,OCEAN#15_SL
ocean,2004-09-01,other,1,OCEAN#18_SL
baker_china,2004-09-02,other,1,OCEAN#15_SL
ocean,2004-09-02,other,1,OCEAN#18_SL
north,2004-09-16,other,1,BAY#202.2_SL
north,2004-09-17,other,1,BAY#202.2_SL
baker_china,2004-10-07,other,1,OCEAN#15_SL
baker_china,2004-10-08,other,1,OCEAN#15_SL
north,2004-10-14,other,1,BAY#202.2_SL
north,2004-10-15,other,1,BAY#202.2_SL
east,2004-10-20,rain,2,BAY#300.1_SL|BAY#301.1_SL
north,2004-10-20,rain,1,BAY#211_SL
baker_china,2004-10-21,rain,1,OCEAN#15_SL
east,2004-10-21,rain,2,BAY#300.1_SL|BAY#301.1_SL
north,2004-10-21,rain,1,BAY#211_SL
baker_china,2004-10-22,rain,1,OCEAN#15_SL
east,2004-10-22,rain,2,BAY#300.1_SL|BAY#301.1_SL
baker_china,2004-10-26,cso,3,OCEAN#15EAST_SL|OCEAN#15_SL|OCEAN#16_SL
ocean,2004-10-26,cso,6,OCEAN#18_SL|OCEAN#19_SL|OCEAN#20_SL|OCEAN#21.1_SL|OCEAN#21_SL|OCEAN#22_SL
baker_china,2004-10-27,cso,3,OCEAN#15EAST_SL|OCEAN#15_SL|OCEAN#16_SL
ocean,2004-10-27,cso,6,OCEAN#18_SL|OCEAN#19_SL|OCEAN#20_SL|OCEAN#21.1_SL|OCEAN#21_SL|OCEAN#22_SL
ocean,2004-10-28,cso,2,OCEAN#19_SL|OCEAN#22_SL
north,2004-10-29,other,2,BAY#202.2_SL|BAY#202.4_SL
ocean,2004-10-29,rain,1,OCEAN#19_SL
north,2004-10-30,other,2,BAY#202.2_SL|BAY#202.4_SL
baker_china,2004-11-11,cso,4,OCEAN#15EAST_SL|OCEAN#15_SL|OCEAN#16_SL|OCEAN#17_SL
east,2004-11-11,rain,2,BAY#300.1_SL|BAY#301.1_SL
north,2004-11-11,rain,1,BAY#211_SL
baker_china,2004-11-12,cso,4,OCEAN#15EAST_SL|OCEAN#15_SL|OCEAN#16_SL|OCEAN#17_SL
east,2004-11-12,rain,2,BAY#300.1_SL|BAY#301.1_SL
north,2004-11-12,rain,1,BAY#211_SL
east,2004-11-13,rain,2,BAY#300.1_SL|BAY#301.1_SL
north,2004-11-13,rain,1,BAY#211_SL
north,2004-11-14,other,1,BAY#211_SL
north,2004-11-15,other,1,BAY#211_SL
north,2004-11-16,other,1,BAY#211_SL
north,2004-11-17,other,1,BAY#211_SL
north,2004-11-23,other,2,BAY#202.4_SL|BAY#211_SL
north,2004-11-24,other,2,BAY#202.4_SL|BAY#211_SL
north,2004-12-01,other,1,BAY#211_SL
north,2004-12-02,other,1,BAY#211_SL
baker_china,2004-12-07,cso,3,OCEAN#15EAST_SL|OCEAN#15_SL|OCEAN#16_SL
ocean,2004-12-07,cso,4,OCEAN#18_SL|OCEAN#19_SL|OCEAN#21.1_SL|OCEAN#22_SL
baker_china,2004-12-08,cso,3,OCEAN#15EAST_SL|OCEAN#15_SL|OCEAN#16_SL
ocean,2004-12-08,cso,4,OCEAN#18_SL|OCEAN#19_SL|OCEAN#21.1_SL|OCEAN#22_SL
baker_china,2004-12-09,cso,3,OCEAN#15EAST_SL|OCEAN#15_SL|OCEAN#16_SL
east,2004-12-09,other,3,BAY#300.1_SL|BAY#301.1_SL|BAY#301.2_SL
north,2004-12-09,other,1,BAY#202.4_SL
ocean,2004-12-09,cso,4,OCEAN#18_SL|OCEAN#19_SL|OCEAN#21.1_SL|OCEAN#22_SL
baker_china,2004-12-10,cso,3,OCEAN#15EAST_SL|OCEAN#15_SL|OCEAN#16_SL
east,2004-12-10,other,3,BAY#300.1_SL|BAY#301.1_SL|BAY#301.2_SL
north,2004-12-10,other,2,BAY#202.2_SL|BAY#202.4_SL
ocean,2004-12-10,rain,1,OCEAN#19_SL
baker_china,2004-12-11,rain,1,OCEAN#15_SL
north,2004-12-11,other,2,BAY#202.2_SL|BAY#202.4_SL
ocean,2004-12-11,rain,1,OCEAN#19_SL
north,2004-12-12,other,1,BAY#202.4_SL
north,2004-12-13,other,1,BAY#202.4_SL
north,2004-12-14,other,1,BAY#202.4_SL
baker_china,2004-12-27,cso,3,OCEAN#15EAST_SL|OCEAN#15_SL|OCEAN#16_SL
east,2004-12-27,rain,2,BAY#301.1_SL|BAY#301.2_SL
north,2004-12-27,other,2,BAY#202.2_SL|BAY#202.4_SL
ocean,2004-12-27,cso,4,OCEAN#18_SL|OCEAN#19_SL|OCEAN#21.1_SL|OCEAN#22_SL
baker_china,2004-12-28,cso,3,OCEAN#15EAST_SL|OCEAN#15_SL|OCEAN#16_SL
east,2004-12-28,rain,2,BAY#301.1_SL|BAY#301.2_SL
north,2004-12-28,other,2,BAY#202.2_SL|BAY#202.4_SL
ocean,2004-12-28,cso,4,OCEAN#18_SL|OCEAN#19_SL|OCEAN#21.1_SL|OCEAN#22_SL
baker_china,2004-12-29,cso,3,OCEAN#15EAST_SL|OCEAN#15_SL|OCEAN#16_SL
east,2004-12-29,rain,2,BAY#301.1_SL|BAY#301.2_SL
north,2004-12-29,other,2,BAY#202.2_SL|BAY#202.4_SL
ocean,2004-12-29,cso,4,OCEAN#18_SL|OCEAN#19_SL|OCEAN#21.1_SL|OCEAN#22_SL
baker_china,2004-12-30,cso,4,OCEAN#15EAST_SL|OCEAN#15_SL|OCEAN#16_SL|OCEAN#17_SL
east,2004-12-30,rain,1,BAY#301.1_SL
north,2004-12-30,other,1,BAY#202.2_SL
ocean,2004-12-30,cso,3,OCEAN#18_SL|OCEAN#19_SL|OCEAN#21.1_SL
baker_china,2004-12-31,cso,4,OCEAN#15EAST_SL|OCEAN#15_SL|OCEAN#16_SL|OCEAN#17_SL
east,2004-12-31,rain,1,BAY#301.1_SL
east,2005-01-01,rain,1,BAY#301.1_SL
east,2005-01-02,rain,1,BAY#301.1_SL
east,2005-01-03,rain,1,BAY#301.1_SL
east,2005-01-04,rain,1,BAY#301.1_SL
ocean,2005-01-08,cso,6,OCEAN#18_SL|OCEAN#19_SL|OCEAN#20_SL|OCEAN#21.1_SL|OCEAN#21_SL|OCEAN#22_SL
ocean,2005-01-09,cso,6,OCEAN#18_SL|OCEAN#19_SL|OCEAN#20_SL|OCEAN#21.1_SL|OCEAN#21_SL|OCEAN#22_SL
ocean,2005-01-10,cso,6,OCEAN#18_SL|OCEAN#19_SL|OCEAN#20_SL|OCEAN#21.1_SL|OCEAN#21_SL|OCEAN#22_SL
baker_china,2005-01-11,cso,4,OCEAN#15EAST_SL|OCEAN#15_SL|OCEAN#16_SL|OCEAN#17_SL
baker_china,2005-01-12,cso,4,OCEAN#15EAST_SL|OCEAN#15_SL|OCEAN#16_SL|OCEAN#17_SL
north,2005-01-12,rain,2,BAY#202.2_SL|BAY#202.4_SL
north,2005-01-13,rain,2,BAY#202.2_SL|BAY#202.4_SL
north,2005-01-20,rain,1,BAY#202.4_SL
north,2005-01-21,rain,1,BAY#202.4_SL
baker_china,2005-01-27,rain,1,OCEAN#15EAST_SL
baker_china,2005-01-28,rain,1,OCEAN#15EAST_SL
east,2005-02-09,other,1,BAY#301.2_SL
north,2005-02-09,other,1,BAY#210.1_SL
east,2005-02-10,other,1,BAY#301.2_SL
north,2005-02-10,other,1,BAY#210.1_SL
east,2005-02-11,other,1,BAY#301.2_SL
baker_china,2005-02-16,cso,1,OCEAN#16_SL
ocean,2005-02-16,cso,6,OCEAN#18_SL|OCEAN#19_SL|OCEAN#20_SL|OCEAN#21.1_SL|OCEAN#21_SL|OCEAN#22_SL
baker_china,2005-02-17,cso,1,OCEAN#16_SL
east,2005-02-17,other,1,BAY#301.1_SL
north,2005-02-17,other,1,BAY#202.4_SL
ocean,2005-02-17,cso,6,OCEAN#18_SL|OCEAN#19_SL|OCEAN#20_SL|OCEAN#21.1_SL|OCEAN#21_SL|OCEAN#22_SL
baker_china,2005-02-18,rain,1,OCEAN#17_SL
east,2005-02-18,other,1,BAY#301.1_SL
north,2005-02-18,other,1,BAY#202.4_SL
ocean,2005-02-18,rain,1,OCEAN#21_SL
baker_china,2005-02-19,rain,1,OCEAN#17_SL
east,2005-02-19,other,1,BAY#301.1_SL
baker_china,2005-02-20,rain,1,OCEAN#17_SL
baker_china,2005-02-21,rain,1,OCEAN#17_SL
baker_china,2005-02-22,rain,1,OCEAN#17_SL
baker_china,2005-02-23,rain,1,OCEAN#17_SL
north,2005-02-23,other,3,BAY#202.2_SL|BAY#202.4_SL|BAY#211_SL
baker_china,2005-02-24,rain,1,OCEAN#17_SL
north,2005-02-24,other,3,BAY#202.2_SL|BAY#202.4_SL|BAY#211_SL
baker_china,2005-02-25,rain,1,OCEAN#17_SL
baker_china,2005-02-26,rain,1,OCEAN#17_SL
baker_china,2005-02-27,rain,1,OCEAN#17_SL
baker_china,2005-02-28,cso,4,OCEAN#15EAST_SL|OCEAN#15_SL|OCEAN#16_SL|OCEAN#17_SL
ocean,2005-02-28,cso,4,OCEAN#20_SL|OCEAN#21.1_SL|OCEAN#21_SL|OCEAN#22_SL
baker_china,2005-03-01,cso,4,OCEAN#15EAST_SL|OCEAN#15_SL|OCEAN#16_SL|OCEAN#17_SL
ocean,2005-03-01,cso,4,OCEAN#20_SL|OCEAN#21.1_SL|OCEAN#21_SL|OCEAN#22_SL
baker_china,2005-03-02,rain,1,OCEAN#17_SL
baker_china,2005-03-03,rain,1,OCEAN#17_SL
baker_china,2005-03-04,rain,1,OCEAN#17_SL
baker_china,2005-03-05,rain,1,OCEAN#17_SL
baker_china,2005-03-06,rain,1,OCEAN#17_SL
baker_china,2005-03-07,rain,1,OCEAN#17_SL
baker_china,2005-03-08,rain,1,OCEAN#17_SL
baker_china,2005-03-09,rain,1,OCEAN#17_SL
north,2005-03-09,other,2,BAY#202.4_SL|BAY#211_SL
baker_china,2005-03-10,rain,1,OCEAN#17_SL
north,2005-03-10,other,2,BAY#202.4_SL|BAY#211_SL
ocean,2005-03-10,other,1,OCEAN#19_SL
baker_china,2005-03-11,rain,1,OCEAN#17_SL
north,2005-03-11,other,2,BAY#202.4_SL|BAY#211_SL
ocean,2005-03-11,other,1,OCEAN#19_SL
baker_china,2005-03-12,rain,1,OCEAN#17_SL
north,2005-03-12,other,1,BAY#202.4_SL
baker_china,2005-03-13,rain,1,OCEAN#17_SL
baker_china,2005-03-14,rain,1,OCEAN#17_SL
baker_china,2005-03-15,rain,1,OCEAN#17_SL
baker_china,2005-03-16,rain,1,OCEAN#17_SL
baker_china,2005-03-17,rain,1,OCEAN#17_SL
baker_china,2005-03-18,rain,1,OCEAN#17_SL
baker_china,2005-03-19,rain,1,OCEAN#17_SL
east,2005-03-23,other,2,BAY#300.1_SL|BAY#301.1_SL
baker_china,2005-03-24,cso,1,OCEAN#16_SL
east,2005-03-24,other,2,BAY#300.1_SL|BAY#301.1_SL
baker_china,2005-03-25,cso,1,OCEAN#16_SL
north,2005-03-31,other,1,BAY#202.4_SL
north,2005-04-01,other,1,BAY#202.4_SL
baker_china,2005-04-28,cso,4,OCEAN#15EAST_SL|OCEAN#15_SL|OCEAN#16_SL|OCEAN#17_SL
baker_china,2005-04-29,cso,4,OCEAN#15EAST_SL|OCEAN#15_SL|OCEAN#16_SL|OCEAN#17_SL
north,2005-05-04,other,1,BAY#202.2_SL
north,2005-05-05,other,1,BAY#202.2_SL
baker_china,2005-05-25,other,1,OCEAN#15_SL
baker_china,2005-05-26,other,1,OCEAN#15_SL
east,2005-06-09,other,1,BAY#301.1_SL
north,2005-06-09,other,1,BAY#211_SL
east,2005-06-10,other,1,BAY#301.1_SL
north,2005-06-10,other,1,BAY#211_SL
north,2005-06-23,other,1,BAY#202.2_SL
north,2005-06-24,other,1,BAY#202.2_SL
north,2005-06-25,other,1,BAY#202.2_SL
east,2005-07-08,other,1,BAY#301.1_SL
east,2005-07-09,other,1,BAY#301.1_SL
baker_china,2005-07-14,other,1,OCEAN#15_SL
baker_china,2005-07-15,other,1,OCEAN#15_SL
baker_china,2005-07-20,other,1,OCEAN#15_SL
baker_china,2005-07-21,other,1,OCEAN#15_SL
baker_china,2005-07-29,other,1,OCEAN#15_SL
baker_china,2005-07-30,other,1,OCEAN#15_SL
east,2005-08-04,other,1,BAY#301.1_SL
east,2005-08-05,other,1,BAY#301.1_SL
east,2005-08-06,other,1,BAY#301.1_SL
baker_china,2005-08-11,other,1,OCEAN#15_SL
baker_china,2005-08-12,other,1,OCEAN#15_SL
baker_china,2005-08-13,other,1,OCEAN#15_SL
baker_china,2005-08-14,other,1,OCEAN#15_SL
baker_china,2005-08-25,other,1,OCEAN#15_SL
baker_china,2005-08-26,other,1,OCEAN#15_SL
north,2005-12-28,other,1,BAY#210.1_SL
north,2005-12-29,other,1,BAY#210.1_SL
north,2005-12-30,other,1,BAY#210.1_SL
east,2005-12-31,rain,2,BAY#300.1_SL|BAY#301.1_SL
north,2005-12-31,other,2,BAY#202.2_SL|BAY#210.1_SL
east,2006-01-01,rain,2,BAY#300.1_SL|BAY#301.1_SL
north,2006-01-01,other,3,BAY#202.2_SL|BAY#210.1_SL
east,2006-01-02,rain,2,BAY#300.1_SL|BAY#301.1_SL
north,2006-01-02,other,3,BAY#202.2_SL|BAY#210.1_SL
east,2006-01-03,rain,2,BAY#300.1_SL|BAY#301.1_SL
baker_china,2006-01-04,other,3,OCEAN#15EAST_SL|OCEAN#15_SL|OCEAN#16_SL
east,2006-01-04,rain,2,BAY#300.1_SL|BAY#301.1_SL
baker_china,2006-01-05,other,3,OCEAN#15EAST_SL|OCEAN#15_SL|OCEAN#16_SL
east,2006-01-05,rain,2,BAY#300.1_SL|BAY#301.1_SL
north,2006-01-05,other,3,BAY#202.2_SL|BAY#210.1_SL|BAY#211_SL
baker_china,2006-01-06,other,3,OCEAN#15EAST_SL|OCEAN#15_SL|OCEAN#16_SL
east,2006-01-06,rain,2,BAY#300.1_SL|BAY#301.1_SL
north,2006-01-06,other,3,BAY#202.2_SL|BAY#210.1_SL|BAY#211_SL
baker_china,2006-01-07,other,3,OCEAN#15EAST_SL|OCEAN#15_SL|OCEAN#16_SL
north,2006-01-07,other,3,BAY#202.2_SL|BAY#210.1_SL|BAY#211_SL
baker_china,2006-01-08,other,2,OCEAN#15EAST_SL|OCEAN#15_SL
north,2006-01-08,other,2,BAY#210.1_SL|BAY#211_SL
baker_china,2006-01-09,other,2,OCEAN#15EAST_SL|OCEAN#15_SL
baker_china,2006-01-10,other,2,OCEAN#15EAST_SL|OCEAN#15_SL
baker_china,2006-01-11,other,2,OCEAN#15EAST_SL|OCEAN#15_SL
east,2006-01-11,other,1,BAY#301.2_SL
east,2006-01-12,other,1,BAY#301.2_SL
east,2006-01-19,other,1,BAY#301.1_SL
east,2006-01-20,other,1,BAY#301.1_SL
east,2006-01-25,other,1,BAY#301.1_SL
baker_china,2006-01-26,other,1,OCEAN#16_SL
east,2006-01-26,other,1,BAY#301.1_SL
baker_china,2006-01-27,other,1,OCEAN#16_SL
east,2006-01-27,other,1,BAY#301.1_SL
east,2006-01-28,other,1,BAY#301.1_SL
east,2006-01-29,other,1,BAY#301.1_SL
east,2006-02-02,other,3,BAY#300.1_SL|BAY#301.1_SL|BAY#301.2_SL
east,2006-02-03,other,3,BAY#300.1_SL|BAY#301.1_SL|BAY#301.2_SL
east,2006-02-04,other,1,BAY#301.1_SL
north,2006-02-16,other,1,BAY#202.4_SL
north,2006-02-17,other,1,BAY#202.4_SL
ocean,2006-03-01,other,1,OCEAN#21.1_SL
east,2006-03-02,other,2,BAY#300.1_SL|BAY#301.2_SL
ocean,2006-03-02,other,1,OCEAN#21.1_SL
east,2006-03-03,other,2,BAY#300.1_SL|BAY#301.2_SL
east,2006-03-08,other,1,BAY#301.1_SL
baker_china,2006-03-09,other,2,OCEAN#15_SL|OCEAN#16_SL
east,2006-03-09,other,1,BAY#301.1_SL
baker_china,2006-03-10,other,2,OCEAN#15_SL|OCEAN#16_SL
baker_china,2006-03-25,other,1,OCEAN#15_SL
baker_china,2006-03-26,other,1,OCEAN#15_SL
baker_china,2006-03-27,other,1,OCEAN#15_SL
east,2006-03-30,other,3,BAY#300.1_SL|BAY#301.1_SL|BAY#301.2_SL
north,2006-03-30,other,1,BAY#202.4_SL
east,2006-03-31,other,3,BAY#300.1_SL|BAY#301.1_SL|BAY#301.2_SL
north,2006-03-31,other,1,BAY#202.4_SL
east,2006-04-05,other,3,BAY#300.1_SL|BAY#301.1_SL|BAY#301.2_SL
north,2006-04-05,other,3,BAY#202.2_SL|BAY#202.4_SL|BAY#211_SL
east,2006-04-06,other,3,BAY#300.1_SL|BAY#301.1_SL|BAY#301.2_SL
north,2006-04-06,other,3,BAY#202.2_SL|BAY#202.4_SL|BAY#211_SL
ocean,2006-04-06,other,1,OCEAN#21.1_SL
east,2006-04-07,other,1,BAY#301.1_SL
north,2006-04-07,other,1,BAY#202.4_SL
ocean,2006-04-07,other,1,OCEAN#21.1_SL
east,2006-04-13,other,2,BAY#300.1_SL|BAY#301.1_SL
north,2006-04-13,other,1,BAY#202.4_SL
east,2006-04-14,other,1,BAY#300.1_SL
north,2006-04-14,other,1,BAY#202.4_SL
east,2006-04-15,other,1,BAY#300.1_SL
north,2006-04-15,other,1,BAY#202.4_SL
north,2006-04-16,other,1,BAY#202.4_SL
north,2006-04-19,other,1,BAY#202.2_SL
north,2006-04-20,other,1,BAY#202.2_SL
east,2006-04-27,other,1,BAY#300.1_SL
north,2006-04-27,other,1,BAY#202.4_SL
east,2006-04-28,other,1,BAY#300.1_SL
north,2006-04-28,other,1,BAY#202.4_SL
east,2006-05-03,other,1,BAY#301.2_SL
east,2006-05-04,other,1,BAY#301.2_SL
east,2006-05-17,other,1,BAY#301.2_SL
east,2006-05-18,other,1,BAY#301.2_SL
baker_china,2006-06-01,other,1,OCEAN#15_SL
baker_china,2006-06-02,other,1,OCEAN#15_SL
baker_china,2006-06-03,other,1,OCEAN#15_SL
north,2006-06-08,other,1,BAY#202.4_SL
north,2006-06-09,other,1,BAY#202.4_SL
east,2006-06-22,other,1,BAY#301.2_SL
east,2006-06-23,other,1,BAY#301.2_SL
east,2006-06-28,other,1,BAY#301.1_SL
east,2006-06-29,other,1,BAY#301.1_SL
north,2006-07-12,other,2,BAY#202.2_SL|BAY#202.4_SL
north,2006-07-13,other,2,BAY#202.2_SL|BAY#202.4_SL
north,2006-08-09,other,1,BAY#210.1_SL
north,2006-08-10,other,1,BAY#210.1_SL
north,2006-08-23,other,1,BAY#211_SL
north,2006-08-24,other,1,BAY#211_SL
baker_china,2006-09-21,other,1,OCEAN#15_SL
baker_china,2006-09-22,other,1,OCEAN#15_SL
baker_china,2006-09-23,other,1,OCEAN#15_SL
baker_china,2006-09-24,other,1,OCEAN#15_SL
baker_china,2006-09-25,other,1,OCEAN#15_SL
baker_china,2006-09-26,other,1,OCEAN#15_SL
baker_china,2006-09-27,other,1,OCEAN#15_SL
baker_china,2006-09-28,other,1,OCEAN#15_SL
north,2006-09-28,other,1,BAY#202.4_SL
baker_china,2006-09-29,other,1,OCEAN#15_SL
north,2006-09-29,other,1,BAY#202.4_SL
baker_china,2006-09-30,other,1,OCEAN#15_SL
north,2006-09-30,other,1,BAY#202.4_SL
east,2006-10-05,other,1,BAY#301.2_SL
east,2006-10-06,other,1,BAY#301.2_SL
baker_china,2006-11-08,other,1,OCEAN#16_SL
baker_china,2006-11-09,other,1,OCEAN#16_SL
north,2006-11-09,other,3,BAY#202.2_SL|BAY#202.4_SL|BAY#211_SL
baker_china,2006-11-10,other,1,OCEAN#16_SL
north,2006-11-10,other,3,BAY#202.2_SL|BAY#202.4_SL|BAY#211_SL
east,2006-11-15,other,1,BAY#301.1_SL
ocean,2006-11-15,other,1,OCEAN#21.1_SL
east,2006-11-16,other,1,BAY#301.1_SL
ocean,2006-11-16,other,1,OCEAN#21.1_SL
east,2006-11-21,other,2,BAY#300.1_SL|BAY#301.2_SL
north,2006-11-21,other,2,BAY#202.2_SL|BAY#202.4_SL
east,2006-11-22,other,2,BAY#300.1_SL|BAY#301.2_SL
north,2006-11-22,other,2,BAY#202.2_SL|BAY#202.4_SL
east,2006-11-23,other,1,BAY#301.2_SL
north,2006-11-23,other,2,BAY#202.2_SL|BAY#202.4_SL
east,2006-11-24,other,1,BAY#301.2_SL
north,2006-11-24,other,1,BAY#202.4_SL
north,2006-11-25,other,1,BAY#202.4_SL
east,2006-12-08,other,1,BAY#301.1_SL
east,2006-12-12,rain,2,BAY#300.1_SL|BAY#301.1_SL
ocean,2006-12-12,rain,5,OCEAN#19_SL|OCEAN#20_SL|OCEAN#21.1_SL|OCEAN#21_SL|OCEAN#22_SL
east,2006-12-13,rain,2,BAY#300.1_SL|BAY#301.1_SL
north,2006-12-13,other,2,BAY#202.4_SL|BAY#210.1_SL
ocean,2006-12-13,rain,5,OCEAN#19_SL|OCEAN#20_SL|OCEAN#21.1_SL|OCEAN#21_SL|OCEAN#22_SL
east,2006-12-14,rain,2,BAY#300.1_SL|BAY#301.1_SL
north,2006-12-14,other,2,BAY#202.4_SL|BAY#210.1_SL
ocean,2006-12-14,rain,5,OCEAN#19_SL|OCEAN#20_SL|OCEAN#21.1_SL|OCEAN#21_SL|OCEAN#22_SL
east,2006-12-15,rain,2,BAY#300.1_SL|BAY#301.1_SL
north,2006-12-15,other,1,BAY#202.4_SL
ocean,2006-12-15,rain,1,OCEAN#19_SL
east,2006-12-16,rain,1,BAY#301.1_SL
east,2006-12-17,rain,1,BAY#301.1_SL
north,2006-12-21,other,1,BAY#202.4_SL
north,2006-12-22,other,1,BAY#202.4_SL
east,2006-12-27,other,1,BAY#301.1_SL
north,2006-12-27,other,1,BAY#211_SL
east,2006-12-28,other,1,BAY#301.1_SL
north,2006-12-28,other,1,BAY#211_SL
east,2006-12-29,other,1,BAY#301.1_SL
north,2006-12-29,other,1,BAY#211_SL
east,2006-12-30,other,1,BAY#301.1_SL
east,2007-01-04,other,2,BAY#300.1_SL|BAY#301.1_SL
north,2007-01-04,other,1,BAY#211_SL
east,2007-01-05,other,2,BAY#300.1_SL|BAY#301.1_SL
north,2007-01-05,other,1,BAY#211_SL
east,2007-02-22,other,1,BAY#301.1_SL
east,2007-02-23,other,1,BAY#301.1_SL
north,2007-03-01,other,1,BAY#202.4_SL
north,2007-03-02,other,1,BAY#202.4_SL
north,2007-03-21,other,1,BAY#202.4_SL
north,2007-03-22,other,1,BAY#202.4_SL
east,2007-05-16,other,1,BAY#301.2_SL
east,2007-05-17,other,1,BAY#301.2_SL
east,2007-08-30,other,1,BAY#301.1_SL
east,2007-08-31,other,1,BAY#301.1_SL
baker_china,2007-09-06,other,1,OCEAN#15_SL
baker_china,2007-09-07,other,1,OCEAN#15_SL
east,2007-09-13,other,2,BAY#300.1_SL|BAY#301.2_SL
east,2007-09-14,other,2,BAY#300.1_SL|BAY#301.2_SL
north,2007-09-19,other,1,BAY#202.4_SL
north,2007-09-20,other,1,BAY#202.4_SL
east,2007-10-11,other,2,BAY#300.1_SL|BAY#301.1_SL
north,2007-10-11,other,1,BAY#202.4_SL
east,2007-10-12,other,2,BAY#300.1_SL|BAY#301.1_SL
north,2007-10-12,other,1,BAY#202.4_SL
baker_china,2007-10-13,cso,2,OCEAN#15EAST_SL|OCEAN#16_SL
east,2007-10-13,other,1,BAY#301.1_SL
ocean,2007-10-13,cso,6,OCEAN#18_SL|OCEAN#19_SL|OCEAN#20_SL|OCEAN#21.1_SL|OCEAN#21_SL|OCEAN#22_SL
baker_china,2007-10-14,cso,2,OCEAN#15EAST_SL|OCEAN#16_SL
east,2007-10-14,other,1,BAY#301.1_SL
ocean,2007-10-14,cso,5,OCEAN#18_SL|OCEAN#19_SL|OCEAN#21.1_SL|OCEAN#21_SL|OCEAN#22_SL
baker_china,2007-10-15,cso,1,OCEAN#15EAST_SL
east,2007-10-15,other,1,BAY#301.1_SL
ocean,2007-10-15,cso,3,OCEAN#18_SL|OCEAN#19_SL|OCEAN#21_SL
east,2007-10-17,other,1,BAY#301.1_SL
east,2007-10-18,other,1,BAY#301.1_SL
east,2007-10-19,other,1,BAY#301.1_SL
east,2007-10-20,other,1,BAY#301.1_SL
north,2007-10-25,other,1,BAY#211_SL
north,2007-10-26,other,1,BAY#211_SL
north,2007-10-27,other,1,BAY#211_SL
north,2007-10-31,other,1,BAY#211_SL
north,2007-11-01,other,1,BAY#211_SL
baker_china,2007-11-07,other,1,OCEAN#17_SL
baker_china,2007-11-08,other,4,OCEAN#15EAST_SL|OCEAN#15_SL|OCEAN#17_SL
east,2007-11-08,other,2,BAY#300.1_SL|BAY#301.2_SL
north,2007-11-08,other,2,BAY#202.2_SL|BAY#211_SL
ocean,2007-11-08,other,4,OCEAN#20_SL|OCEAN#21.1_SL|OCEAN#21_SL|OCEAN#22_SL
baker_china,2007-11-09,other,3,OCEAN#15EAST_SL|OCEAN#15_SL|OCEAN#17_SL
east,2007-11-09,other,2,BAY#300.1_SL|BAY#301.2_SL
north,2007-11-09,other,2,BAY#202.2_SL|BAY#211_SL
ocean,2007-11-09,other,4,OCEAN#20_SL|OCEAN#21.1_SL|OCEAN#21_SL|OCEAN#22_SL
baker_china,2007-11-10,other,3,OCEAN#15EAST_SL|OCEAN#15_SL|OCEAN#17_SL
east,2007-11-10,other,2,BAY#300.1_SL|BAY#301.2_SL
north,2007-11-10,other,2,BAY#202.2_SL|BAY#211_SL
ocean,2007-11-10,other,4,OCEAN#20_SL|OCEAN#21.1_SL|OCEAN#21_SL|OCEAN#22_SL
baker_china,2007-11-11,other,3,OCEAN#15EAST_SL|OCEAN#15_SL|OCEAN#17_SL
east,2007-11-11,other,2,BAY#300.1_SL|BAY#301.2_SL
north,2007-11-11,other,2,BAY#202.2_SL|BAY#211_SL
ocean,2007-11-11,cso,10,OCEAN#18_SL|OCEAN#19_SL|OCEAN#20_SL|OCEAN#21.1_SL|OCEAN#21_SL|OCEAN#22_SL
baker_china,2007-11-12,other,3,OCEAN#15EAST_SL|OCEAN#15_SL|OCEAN#17_SL
east,2007-11-12,other,2,BAY#300.1_SL|BAY#301.2_SL
north,2007-11-12,other,2,BAY#202.2_SL|BAY#211_SL
ocean,2007-11-12,cso,10,OCEAN#18_SL|OCEAN#19_SL|OCEAN#20_SL|OCEAN#21.1_SL|OCEAN#21_SL|OCEAN#22_SL
baker_china,2007-11-13,other,3,OCEAN#15EAST_SL|OCEAN#15_SL|OCEAN#17_SL
east,2007-11-13,other,2,BAY#300.1_SL|BAY#301.2_SL
north,2007-11-13,other,2,BAY#202.2_SL|BAY#211_SL
ocean,2007-11-13,cso,9,OCEAN#18_SL|OCEAN#19_SL|OCEAN#20_SL|OCEAN#21.1_SL|OCEAN#21_SL|OCEAN#22_SL
baker_china,2007-11-14,other,3,OCEAN#15EAST_SL|OCEAN#15_SL|OCEAN#17_SL
east,2007-11-14,other,2,BAY#300.1_SL|BAY#301.2_SL
north,2007-11-14,other,2,BAY#202.2_SL|BAY#211_SL
ocean,2007-11-14,cso,5,OCEAN#20_SL|OCEAN#21.1_SL|OCEAN#21_SL|OCEAN#22_SL
baker_china,2007-11-15,other,4,OCEAN#15EAST_SL|OCEAN#15_SL|OCEAN#17_SL
east,2007-11-15,other,2,BAY#300.1_SL|BAY#301.2_SL
north,2007-11-15,other,2,BAY#202.2_SL|BAY#211_SL
ocean,2007-11-15,other,4,OCEAN#20_SL|OCEAN#21.1_SL|OCEAN#21_SL|OCEAN#22_SL
baker_china,2007-11-16,other,4,OCEAN#15EAST_SL|OCEAN#15_SL|OCEAN#17_SL
east,2007-11-16,other,2,BAY#300.1_SL|BAY#301.2_SL
north,2007-11-16,other,2,BAY#202.2_SL|BAY#211_SL
ocean,2007-11-16,other,4,OCEAN#20_SL|OCEAN#21.1_SL|OCEAN#21_SL|OCEAN#22_SL
baker_china,2007-11-17,other,4,OCEAN#15EAST_SL|OCEAN#15_SL|OCEAN#17_SL
east,2007-11-17,other,2,BAY#300.1_SL|BAY#301.2_SL
north,2007-11-17,other,2,BAY#202.2_SL|BAY#211_SL
ocean,2007-11-17,other,4,OCEAN#20_SL|OCEAN#21.1_SL|OCEAN#21_SL|OCEAN#22_SL
baker_china,2007-11-18,other,4,OCEAN#15EAST_SL|OCEAN#15_SL|OCEAN#17_SL
east,2007-11-18,other,2,BAY#300.1_SL|BAY#301.2_SL
north,2007-11-18,other,2,BAY#202.2_SL|BAY#211_SL
ocean,2007-11-18,other,4,OCEAN#20_SL|OCEAN#21.1_SL|OCEAN#21_SL|OCEAN#22_SL
baker_china,2007-11-19,other,3,OCEAN#15EAST_SL|OCEAN#15_SL|OCEAN#17_SL
east,2007-11-19,other,2,BAY#300.1_SL|BAY#301.2_SL
north,2007-11-19,other,2,BAY#202.2_SL|BAY#211_SL
ocean,2007-11-19,other,4,OCEAN#20_SL|OCEAN#21.1_SL|OCEAN#21_SL|OCEAN#22_SL
north,2007-11-20,other,1,BAY#211_SL
north,2007-11-21,other,1,BAY#211_SL
baker_china,2007-11-29,other,2,OCEAN#15_SL|OCEAN#16_SL
baker_china,2007-11-30,other,2,OCEAN#15_SL|OCEAN#16_SL
baker_china,2007-12-05,other,3,OCEAN#15EAST_SL|OCEAN#15_SL|OCEAN#16_SL
baker_china,2007-12-06,other,3,OCEAN#15EAST_SL|OCEAN#15_SL|OCEAN#16_SL
east,2007-12-20,other,1,BAY#301.1_SL
east,2007-12-21,other,1,BAY#301.1_SL
east,2007-12-22,other,1,BAY#301.1_SL
east,2007-12-23,other,1,BAY#301.1_SL
east,2008-01-03,other,1,BAY#301.1_SL
east,2008-01-04,cso,3,BAY#300.1_SL|BAY#301.1_SL|BAY#301.2_SL
ocean,2008-01-04,cso,5,OCEAN#18_SL|OCEAN#19_SL|OCEAN#20_SL|OCEAN#21.1_SL|OCEAN#22_SL
east,2008-01-05,cso,3,BAY#300.1_SL|BAY#301.1_SL|BAY#301.2_SL
ocean,2008-01-05,cso,5,OCEAN#18_SL|OCEAN#19_SL|OCEAN#20_SL|OCEAN#21.1_SL|OCEAN#22_SL
east,2008-01-06,cso,3,BAY#300.1_SL|BAY#301.1_SL|BAY#301.2_SL
ocean,2008-01-06,cso,5,OCEAN#18_SL|OCEAN#19_SL|OCEAN#20_SL|OCEAN#21.1_SL|OCEAN#22_SL
east,2008-01-07,cso,3,BAY#300.1_SL|BAY#301.1_SL|BAY#301.2_SL
ocean,2008-01-07,cso,4,OCEAN#18_SL|OCEAN#19_SL|OCEAN#20_SL|OCEAN#21.1_SL
east,2008-01-08,cso,3,BAY#300.1_SL|BAY#301.1_SL|BAY#301.2_SL
ocean,2008-01-08,cso,1,OCEAN#19_SL
east,2008-01-09,other,2,BAY#300.1_SL|BAY#301.1_SL
east,2008-01-10,other,2,BAY#300.1_SL|BAY#301.1_SL
east,2008-01-17,other,1,BAY#301.1_SL
east,2008-01-25,cso,3,BAY#300.1_SL|BAY#301.1_SL|BAY#301.2_SL
ocean,2008-01-25,cso,6,OCEAN#18_SL|OCEAN#19_SL|OCEAN#20_SL|OCEAN#21.1_SL|OCEAN#21_SL|OCEAN#22_SL
east,2008-01-26,cso,3,BAY#300.1_SL|BAY#301.1_SL|BAY#301.2_SL
ocean,2008-01-26,cso,6,OCEAN#18_SL|OCEAN#19_SL|OCEAN#20_SL|OCEAN#21.1_SL|OCEAN#21_SL|OCEAN#22_SL
east,2008-01-27,cso,3,BAY#300.1_SL|BAY#301.1_SL|BAY#301.2_SL
ocean,2008-01-27,cso,5,OCEAN#18_SL|OCEAN#19_SL|OCEAN#20_SL|OCEAN#21.1_SL|OCEAN#21_SL
east,2008-01-28,cso,3,BAY#300.1_SL|BAY#301.1_SL|BAY#301.2_SL
ocean,2008-01-28,cso,1,OCEAN#18_SL
east,2008-01-29,cso,3,BAY#300.1_SL|BAY#301.1_SL|BAY#301.2_SL
east,2008-01-30,cso,3,BAY#300.1_SL|BAY#301.1_SL|BAY#301.2_SL
east,2008-01-31,cso,3,BAY#300.1_SL|BAY#301.1_SL|BAY#301.2_SL
baker_china,2008-02-01,other,3,OCEAN#15EAST_SL|OCEAN#15_SL|OCEAN#17_SL
north,2008-02-01,other,3,BAY#202.2_SL|BAY#210.1_SL|BAY#211_SL
baker_china,2008-02-02,other,3,OCEAN#15EAST_SL|OCEAN#15_SL|OCEAN#17_SL
north,2008-02-02,other,3,BAY#202.2_SL|BAY#210.1_SL|BAY#211_SL
baker_china,2008-02-03,other,3,OCEAN#15EAST_SL|OCEAN#15_SL|OCEAN#17_SL
north,2008-02-03,other,3,BAY#202.2_SL|BAY#210.1_SL|BAY#211_SL
baker_china,2008-02-04,other,3,OCEAN#15EAST_SL|OCEAN#15_SL|OCEAN#17_SL
north,2008-02-04,other,3,BAY#202.2_SL|BAY#210.1_SL|BAY#211_SL
east,2008-02-20,other,2,BAY#300.1_SL|BAY#301.1_SL
east,2008-02-21,other,2,BAY#300.1_SL|BAY#301.1_SL
east,2008-02-22,other,1,BAY#301.1_SL
east,2008-02-23,other,1,BAY#301.1_SL
east,2008-03-13,other,1,BAY#301.1_SL
east,2008-03-14,other,1,BAY#301.1_SL
baker_china,2008-04-17,other,1,OCEAN#15_SL
baker_china,2008-04-21,other,1,OCEAN#15_SL
east,2008-05-22,other,2,BAY#300.1_SL|BAY#301.1_SL
east,2008-05-23,other,2,BAY#300.1_SL|BAY#301.1_SL
east,2008-05-24,other,1,BAY#301.1_SL
baker_china,2008-07-30,other,1,OCEAN#15_SL
baker_china,2008-07-31,other,1,OCEAN#15_SL
baker_china,2008-08-07,other,1,OCEAN#15_SL
baker_china,2008-08-08,other,1,OCEAN#15_SL
baker_china,2008-08-13,other,1,OCEAN#15_SL
baker_china,2008-08-14,other,1,OCEAN#15_SL
baker_china,2008-08-21,other,1,OCEAN#15_SL
baker_china,2008-08-22,other,2,OCEAN#15_SL
baker_china,2008-08-23,other,1,OCEAN#15_SL
baker_china,2008-08-27,other,1,OCEAN#15_SL
baker_china,2008-08-28,other,2,OCEAN#15EAST_SL|OCEAN#15_SL
east,2008-08-28,other,1,BAY#300.1_SL
baker_china,2008-08-29,other,1,OCEAN#15EAST_SL
east,2008-08-29,other,1,BAY#300.1_SL
baker_china,2008-10-02,other,3,OCEAN#15EAST_SL|OCEAN#15_SL|OCEAN#16_SL
baker_china,2008-10-03,other,3,OCEAN#15EAST_SL|OCEAN#15_SL|OCEAN#16_SL
baker_china,2008-10-04,other,1,OCEAN#15_SL
baker_china,2008-10-05,other,1,OCEAN#15_SL
north,2008-10-15,other,1,BAY#202.4_SL
baker_china,2008-10-16,other,1,OCEAN#16_SL
north,2008-10-16,other,1,BAY#202.4_SL
baker_china,2008-10-17,other,1,OCEAN#16_SL
north,2008-10-17,other,1,BAY#202.4_SL
north,2008-10-18,other,1,BAY#202.4_SL
north,2008-10-19,other,1,BAY#202.4_SL
north,2008-10-20,other,1,BAY#202.4_SL
baker_china,2008-10-30,other,1,OCEAN#15_SL
baker_china,2008-10-31,other,1,OCEAN#15_SL
east,2008-11-06,other,1,BAY#301.1_SL
east,2008-11-07,other,1,BAY#301.1_SL
east,2008-11-13,other,1,BAY#301.1_SL
north,2008-11-13,other,1,BAY#202.4_SL
east,2008-11-14,other,1,BAY#301.1_SL
north,2008-11-14,other,2,BAY#202.4_SL|BAY#211_SL
north,2008-11-15,other,1,BAY#211_SL
north,2008-11-16,other,1,BAY#211_SL
baker_china,2008-11-19,other,1,OCEAN#15_SL
baker_china,2008-11-20,other,1,OCEAN#15_SL
north,2008-11-26,other,1,BAY#211_SL
north,2008-11-27,other,1,BAY#211_SL
north,2008-11-28,other,1,BAY#211_SL
north,2008-11-29,other,1,BAY#211_SL
east,2008-12-19,other,1,BAY#300.1_SL
east,2008-12-20,other,1,BAY#300.1_SL
east,2008-12-21,other,1,BAY#300.1_SL
east,2008-12-23,other,1,BAY#301.1_SL
north,2008-12-23,other,1,BAY#202.4_SL
east,2008-12-24,other,1,BAY#301.1_SL
north,2008-12-24,other,1,BAY#202.4_SL
east,2008-12-25,other,1,BAY#301.1_SL
east,2008-12-26,other,1,BAY#301.1_SL
east,2008-12-27,other,1,BAY#301.1_SL
east,2009-01-07,other,1,BAY#301.1_SL
east,2009-01-08,other,1,BAY#301.1_SL
east,2009-01-09,other,1,BAY#301.1_SL
east,2009-02-12,other,2,BAY#300.1_SL|BAY#301.1_SL
east,2009-02-13,other,2,BAY#300.1_SL|BAY#301.1_SL
east,2009-02-14,other,1,BAY#301.1_SL
baker_china,2009-02-15,rain,3,OCEAN#15EAST_SL|OCEAN#15_SL|OCEAN#16_SL
east,2009-02-15,other,1,BAY#301.1_SL
baker_china,2009-02-16,rain,3,OCEAN#15EAST_SL|OCEAN#15_SL|OCEAN#16_SL
east,2009-02-16,other,1,BAY#301.1_SL
ocean,2009-02-16,rain,5,OCEAN#18_SL|OCEAN#19_SL|OCEAN#20_SL|OCEAN#21.1_SL|OCEAN#22_SL
baker_china,2009-02-17,rain,3,OCEAN#15EAST_SL|OCEAN#15_SL|OCEAN#16_SL
east,2009-02-17,other,1,BAY#301.1_SL
ocean,2009-02-17,rain,4,OCEAN#18_SL|OCEAN#19_SL|OCEAN#21.1_SL|OCEAN#22_SL
east,2009-02-18,other,2,BAY#300.1_SL|BAY#301.1_SL
north,2009-02-18,rain,1,BAY#202.5_SL
ocean,2009-02-18,rain,4,OCEAN#18_SL|OCEAN#19_SL|OCEAN#21.1_SL|OCEAN#22_SL
east,2009-02-19,other,2,BAY#300.1_SL|BAY#301.1_SL
north,2009-02-19,rain,1,BAY#202.5_SL
ocean,2009-02-19,rain,1,OCEAN#22_SL
east,2009-02-20,other,2,BAY#300.1_SL|BAY#301.1_SL
east,2009-02-21,other,1,BAY#301.1_SL
east,2009-02-22,other,1,BAY#301.1_SL
east,2009-02-23,other,1,BAY#301.1_SL
east,2009-02-24,other,1,BAY#301.1_SL
east,2009-02-25,other,1,BAY#301.1_SL
east,2009-02-26,other,4,BAY#300.1_SL|BAY#301.1_SL|BAY#301.2_SL
east,2009-02-27,other,4,BAY#300.1_SL|BAY#301.1_SL|BAY#301.2_SL
east,2009-02-28,other,1,BAY#301.1_SL
east,2009-03-01,other,1,BAY#301.1_SL
east,2009-03-02,other,1,BAY#301.1_SL
east,2009-03-03,other,1,BAY#301.1_SL
east,2009-03-04,other,2,BAY#300.1_SL|BAY#301.1_SL
east,2009-03-05,other,2,BAY#300.1_SL|BAY#301.1_SL
east,2009-03-06,other,2,BAY#300.1_SL|BAY#301.1_SL
east,2009-03-07,other,2,BAY#300.1_SL|BAY#301.1_SL
east,2009-03-08,other,1,BAY#301.1_SL
east,2009-03-09,other,1,BAY#301.1_SL
east,2009-03-10,other,1,BAY#301.1_SL
east,2009-04-02,other,1,BAY#300.1_SL
east,2009-04-03,other,1,BAY#300.1_SL
east,2009-04-09,other,1,BAY#300.1_SL
north,2009-04-09,other,1,BAY#202.5_SL
east,2009-04-10,other,1,BAY#300.1_SL
north,2009-04-10,other,1,BAY#202.5_SL
east,2009-04-11,other,1,BAY#300.1_SL
north,2009-04-11,other,1,BAY#202.5_SL
east,2009-04-12,other,1,BAY#300.1_SL
baker_china,2009-05-28,other,1,OCEAN#15_SL
baker_china,2009-05-29,other,1,OCEAN#15_SL
north,2009-07-08,other,1,BAY#202.4_SL
north,2009-07-09,other,1,BAY#202.4_SL
baker_china,2009-07-10,other,1,OCEAN#15_SL
baker_china,2009-07-11,other,1,OCEAN#15_SL
baker_china,2009-07-12,other,1,OCEAN#15_SL
baker_china,2009-07-13,other,1,OCEAN#15_SL
baker_china,2009-07-15,other,1,OCEAN#15_SL
baker_china,2009-07-16,other,1,OCEAN#15_SL
baker_china,2009-07-17,other,1,OCEAN#15_SL
baker_china,2009-07-18,other,1,OCEAN#15_SL
east,2009-07-22,other,1,BAY#301.1_SL
east,2009-07-23,other,1,BAY#301.1_SL
baker_china,2009-08-12,other,1,OCEAN#15_SL
baker_china,2009-08-13,other,1,OCEAN#15_SL
baker_china,2009-08-14,other,1,OCEAN#15_SL
baker_china,2009-08-15,other,1,OCEAN#15_SL
baker_china,2009-08-16,other,1,OCEAN#15_SL
baker_china,2009-08-20,other,1,OCEAN#15_SL
baker_china,2009-08-21,other,1,OCEAN#15_SL
baker_china,2009-09-09,other,1,OCEAN#15_SL
baker_china,2009-09-10,other,1,OCEAN#15_SL
baker_china,2009-09-11,other,1,OCEAN#15_SL
baker_china,2009-09-23,other,1,OCEAN#15_SL
baker_china,2009-09-24,other,1,OCEAN#15_SL
baker_china,2009-10-01,other,1,OCEAN#15_SL
baker_china,2009-10-02,other,1,OCEAN#15_SL
baker_china,2009-10-03,other,1,OCEAN#15_SL
baker_china,2009-10-04,other,2,OCEAN#15EAST_SL|OCEAN#15_SL
baker_china,2009-10-05,other,2,OCEAN#15EAST_SL|OCEAN#15_SL
east,2009-10-14,other,1,BAY#300.1_SL
north,2009-10-14,other,1,BAY#202.5_SL
baker_china,2009-10-15,other,1,OCEAN#15EAST_SL
east,2009-10-15,other,1,BAY#300.1_SL
north,2009-10-15,other,2,BAY#202.5_SL|BAY#210.1_SL
baker_china,2009-10-16,other,1,OCEAN#15EAST_SL
east,2009-10-16,other,1,BAY#300.1_SL
north,2009-10-16,other,1,BAY#210.1_SL
east,2009-10-17,other,1,BAY#300.1_SL
east,2009-10-18,other,1,BAY#300.1_SL
baker_china,2009-10-21,other,1,OCEAN#15_SL
baker_china,2009-10-22,other,1,OCEAN#15_SL
east,2009-10-22,other,1,BAY#301.1_SL
baker_china,2009-10-23,other,2,OCEAN#15EAST_SL|OCEAN#15_SL
east,2009-10-23,other,1,BAY#301.1_SL
baker_china,2009-10-24,other,2,OCEAN#15EAST_SL|OCEAN#15_SL
east,2009-10-24,other,1,BAY#301.1_SL
baker_china,2009-10-25,other,1,OCEAN#15_SL
baker_china,2009-10-26,other,1,OCEAN#15_SL
baker_china,2009-10-27,other,1,OCEAN#15_SL
baker_china,2009-11-04,other,1,OCEAN#15_SL
baker_china,2009-11-05,other,1,OCEAN#15_SL
east,2009-11-05,other,2,BAY#300.1_SL|BAY#301.1_SL
east,2009-11-06,other,2,BAY#300.1_SL|BAY#301.1_SL
east,2009-11-07,other,2,BAY#300.1_SL|BAY#301.1_SL
east,2009-11-08,other,1,BAY#301.1_SL
baker_china,2009-11-11,other,1,OCEAN#15_SL
east,2009-11-11,other,1,BAY#301.1_SL
baker_china,2009-11-12,other,1,OCEAN#15_SL
east,2009-11-12,other,1,BAY#301.1_SL
baker_china,2009-11-13,other,1,OCEAN#15_SL
baker_china,2009-11-19,other,1,OCEAN#15EAST_SL
east,2009-11-19,other,1,BAY#301.2_SL
north,2009-11-19,other,2,BAY#202.4_SL|BAY#211_SL
baker_china,2009-11-20,other,1,OCEAN#15EAST_SL
east,2009-11-20,other,1,BAY#301.2_SL
north,2009-11-20,other,2,BAY#202.4_SL|BAY#211_SL
north,2009-11-21,other,1,BAY#202.4_SL
north,2009-11-22,other,1,BAY#202.4_SL
east,2009-11-25,other,1,BAY#300.1_SL
east,2009-11-26,other,1,BAY#300.1_SL
north,2009-12-03,other,3,BAY#202.4_SL|BAY#210.1_SL|BAY#211_SL
north,2009-12-04,other,3,BAY#202.4_SL|BAY#210.1_SL|BAY#211_SL
east,2009-12-17,other,1,BAY#300.1_SL
east,2009-12-18,other,1,BAY#300.1_SL
east,2009-12-30,other,1,BAY#301.1_SL
east,2009-12-31,other,1,BAY#301.1_SL
east,2010-01-01,other,1,BAY#301.1_SL
east,2010-01-06,other,1,BAY#300.1_SL
baker_china,2010-01-07,other,1,OCEAN#15_SL
east,2010-01-07,other,1,BAY#300.1_SL
baker_china,2010-01-08,other,1,OCEAN#15_SL
baker_china,2010-01-09,other,1,OCEAN#15_SL
baker_china,2010-01-10,other,1,OCEAN#15_SL
north,2010-01-14,other,1,BAY#202.4_SL
north,2010-01-15,other,1,BAY#202.4_SL
baker_china,2010-01-18,other,4,OCEAN#15EAST_SL|OCEAN#15_SL|OCEAN#16_SL|OCEAN#17_SL
ocean,2010-01-18,other,6,OCEAN#18_SL|OCEAN#19_SL|OCEAN#20_SL|OCEAN#21.1_SL|OCEAN#21_SL|OCEAN#22_SL
baker_china,2010-01-19,other,4,OCEAN#15EAST_SL|OCEAN#15_SL|OCEAN#16_SL|OCEAN#17_SL
east,2010-01-19,other,2,BAY#301.1_SL|BAY#301.2_SL
ocean,2010-01-19,other,6,OCEAN#18_SL|OCEAN#19_SL|OCEAN#20_SL|OCEAN#21.1_SL|OCEAN#21_SL|OCEAN#22_SL
baker_china,2010-01-20,other,4,OCEAN#15EAST_SL|OCEAN#15_SL|OCEAN#16_SL|OCEAN#17_SL
east,2010-01-20,other,3,BAY#300.1_SL|BAY#301.1_SL|BAY#301.2_SL
north,2010-01-20,other,2,BAY#202.4_SL|BAY#202.5_SL
ocean,2010-01-20,other,6,OCEAN#18_SL|OCEAN#19_SL|OCEAN#20_SL|OCEAN#21.1_SL|OCEAN#21_SL|OCEAN#22_SL
baker_china,2010-01-21,other,1,OCEAN#17_SL
east,2010-01-21,other,2,BAY#300.1_SL|BAY#301.1_SL
north,2010-01-21,other,2,BAY#202.4_SL|BAY#202.5_SL
ocean,2010-01-21,other,6,OCEAN#18_SL|OCEAN#19_SL|OCEAN#21.1_SL|OCEAN#21_SL|OCEAN#22_SL
east,2010-01-22,other,2,BAY#300.1_SL|BAY#301.1_SL
north,2010-01-22,other,2,BAY#202.4_SL|BAY#202.5_SL
ocean,2010-01-22,other,5,OCEAN#18_SL|OCEAN#19_SL|OCEAN#21.1_SL|OCEAN#21_SL|OCEAN#22_SL
east,2010-01-23,other,2,BAY#300.1_SL|BAY#301.1_SL
north,2010-01-23,other,2,BAY#202.4_SL|BAY#202.5_SL
ocean,2010-01-23,other,1,OCEAN#22_SL
east,2010-01-24,other,2,BAY#300.1_SL|BAY#301.1_SL
ocean,2010-01-24,other,1,OCEAN#22_SL
east,2010-01-25,other,2,BAY#300.1_SL|BAY#301.1_SL
north,2010-01-25,other,4,BAY#202.4_SL|BAY#202.5_SL|BAY#210.1_SL|BAY#211_SL
north,2010-01-26,other,4,BAY#202.4_SL|BAY#202.5_SL|BAY#210.1_SL|BAY#211_SL
north,2010-01-27,other,1,BAY#202.4_SL
north,2010-01-28,other,2,BAY#202.4_SL|BAY#202.5_SL
north,2010-01-29,other,1,BAY#202.5_SL
baker_china,2010-01-30,other,3,OCEAN#15EAST_SL|OCEAN#15_SL|OCEAN#16_SL
baker_china,2010-01-31,other,3,OCEAN#15EAST_SL|OCEAN#15_SL|OCEAN#16_SL
north,2010-02-03,other,1,BAY#202.5_SL
north,2010-02-04,other,1,BAY#202.5_SL
east,2010-02-25,other,1,BAY#301.1_SL
north,2010-02-25,other,1,BAY#202.4_SL
baker_china,2010-02-26,other,4,OCEAN#15EAST_SL|OCEAN#15_SL|OCEAN#16_SL|OCEAN#17_SL
east,2010-02-26,other,1,BAY#301.1_SL
north,2010-02-26,other,1,BAY#202.4_SL
baker_china,2010-02-27,other,4,OCEAN#15EAST_SL|OCEAN#15_SL|OCEAN#16_SL|OCEAN#17_SL
baker_china,2010-02-28,other,2,OCEAN#15_SL|OCEAN#17_SL
baker_china,2010-03-01,other,1,OCEAN#15_SL
east,2010-03-03,other,2,BAY#300.1_SL|BAY#301.1_SL
north,2010-03-03,other,2,BAY#202.4_SL|BAY#202.5_SL
east,2010-03-04,other,2,BAY#300.1_SL|BAY#301.1_SL
north,2010-03-04,other,2,BAY#202.4_SL|BAY#202.5_SL
east,2010-03-05,other,2,BAY#300.1_SL|BAY#301.1_SL
baker_china,2010-04-04,other,4,OCEAN#15EAST_SL|OCEAN#15_SL|OCEAN#16_SL|OCEAN#17_SL
ocean,2010-04-04,other,1,OCEAN#22_SL
baker_china,2010-04-05,other,4,OCEAN#15EAST_SL|OCEAN#15_SL|OCEAN#16_SL|OCEAN#17_SL
ocean,2010-04-05,other,1,OCEAN#22_SL
baker_china,2010-04-06,other,4,OCEAN#15EAST_SL|OCEAN#15_SL|OCEAN#16_SL|OCEAN#17_SL
ocean,2010-04-06,other,1,OCEAN#22_SL
north,2010-04-22,other,1,BAY#202.5_SL
north,2010-04-23,other,1,BAY#202.5_SL
north,2010-04-24,other,1,BAY#202.5_SL
east,2010-04-28,other,1,BAY#300.1_SL
north,2010-04-28,other,1,BAY#202.4_SL
east,2010-04-29,other,1,BAY#300.1_SL
north,2010-04-29,other,1,BAY#202.4_SL
baker_china,2010-05-19,other,1,OCEAN#15_SL
baker_china,2010-05-20,other,1,OCEAN#15_SL
baker_china,2010-05-27,other,1,OCEAN#15_SL
baker_china,2010-05-28,other,1,OCEAN#15_SL
baker_china,2010-05-29,other,1,OCEAN#15_SL
north,2010-06-03,other,1,BAY#202.4_SL
north,2010-06-04,other,1,BAY#202.4_SL
baker_china,2010-06-30,other,1,OCEAN#15_SL
baker_china,2010-07-01,other,1,OCEAN#15_SL
east,2010-07-28,other,1,BAY#301.1_SL
east,2010-07-29,other,1,BAY#301.1_SL
baker_china,2010-08-04,other,1,OCEAN#15_SL
baker_china,2010-08-05,other,1,OCEAN#15_SL
east,2010-08-12,other,1,BAY#300.1_SL
east,2010-08-13,other,1,BAY#300.1_SL
east,2010-08-25,other,1,BAY#300.1_SL
east,2010-08-26,other,1,BAY#300.1_SL
east,2010-09-08,other,2,BAY#300.1_SL|BAY#301.1_SL
east,2010-09-09,other,2,BAY#300.1_SL|BAY#301.1_SL
baker_china,2010-09-15,other,1,OCEAN#15EAST_SL
baker_china,2010-09-16,other,2,OCEAN#15EAST_SL|OCEAN#15_SL
baker_china,2010-09-17,other,1,OCEAN#15_SL
baker_china,2010-09-18,other,1,OCEAN#15_SL
baker_china,2010-09-19,other,1,OCEAN#15_SL
baker_china,2010-09-20,other,1,OCEAN#15_SL
baker_china,2010-09-21,other,1,OCEAN#15_SL
north,2010-09-21,other,2,BAY#210.1_SL|BAY#211_SL
baker_china,2010-09-22,other,1,OCEAN#15_SL
east,2010-09-22,other,2,BAY#300.1_SL|BAY#301.1_SL
north,2010-09-22,other,2,BAY#210.1_SL|BAY#211_SL
east,2010-09-23,other,2,BAY#300.1_SL|BAY#301.1_SL
north,2010-09-23,other,1,BAY#211_SL
baker_china,2010-09-29,other,1,OCEAN#15_SL
baker_china,2010-09-30,other,1,OCEAN#15_SL
east,2010-09-30,other,1,BAY#301.1_SL
baker_china,2010-10-01,other,1,OCEAN#15_SL
east,2010-10-01,other,1,BAY#301.1_SL
baker_china,2010-10-02,other,1,OCEAN#15_SL
east,2010-10-02,other,1,BAY#301.1_SL
baker_china,2010-10-03,other,1,OCEAN#15_SL
baker_china,2010-10-04,other,1,OCEAN#15_SL
baker_china,2010-10-05,other,1,OCEAN#15_SL
east,2010-11-03,other,1,BAY#301.1_SL
north,2010-11-03,other,3,BAY#202.4_SL|BAY#202.5_SL|BAY#211_SL
east,2010-11-04,other,1,BAY#301.1_SL
north,2010-11-04,other,3,BAY#202.4_SL|BAY#202.5_SL|BAY#211_SL
baker_china,2010-11-05,other,1,OCEAN#15_SL
east,2010-11-05,other,1,BAY#301.1_SL
north,2010-11-05,other,3,BAY#202.4_SL|BAY#202.5_SL|BAY#211_SL
east,2010-11-06,other,1,BAY#301.1_SL
north,2010-11-06,other,1,BAY#202.5_SL
east,2010-11-07,other,1,BAY#301.1_SL
east,2010-11-08,other,1,BAY#301.1_SL
east,2010-11-09,other,1,BAY#301.1_SL
north,2010-11-17,other,1,BAY#210.1_SL
baker_china,2010-11-18,other,1,OCEAN#15_SL
north,2010-11-18,other,1,BAY#210.1_SL
baker_china,2010-11-19,other,1,OCEAN#15_SL
east,2010-11-23,other,2,BAY#300.1_SL|BAY#301.1_SL
east,2010-11-24,other,2,BAY#300.1_SL|BAY#301.1_SL
east,2010-11-25,other,1,BAY#301.1_SL
east,2010-11-26,other,1,BAY#301.1_SL
east,2010-11-27,other,1,BAY#301.1_SL
north,2011-01-04,other,1,BAY#202.4_SL
north,2011-01-05,other,1,BAY#202.4_SL
baker_china,2011-01-19,other,2,OCEAN#15EAST_SL|OCEAN#15_SL
north,2011-01-19,other,1,BAY#202.4_SL
baker_china,2011-01-20,other,2,OCEAN#15EAST_SL|OCEAN#15_SL
north,2011-01-20,other,1,BAY#202.4_SL
east,2011-02-15,other,2,BAY#300.1_SL|BAY#301.1_SL
north,2011-02-15,other,1,BAY#202.4_SL
baker_china,2011-02-16,cso,1,OCEAN#15_SL
east,2011-02-16,other,2,BAY#300.1_SL|BAY#301.1_SL
north,2011-02-16,other,1,BAY#202.4_SL
baker_china,2011-02-17,cso,1,OCEAN#15_SL
east,2011-02-17,other,2,BAY#300.1_SL|BAY#301.1_SL
east,2011-03-15,other,1,BAY#301.1_SL
east,2011-03-16,other,1,BAY#301.1_SL
east,2011-03-17,other,1,BAY#301.1_SL
baker_china,2011-03-18,cso,3,OCEAN#15EAST_SL|OCEAN#15_SL|OCEAN#16_SL
ocean,2011-03-18,cso,1,OCEAN#22_SL
baker_china,2011-03-19,cso,3,OCEAN#15EAST_SL|OCEAN#15_SL|OCEAN#16_SL
ocean,2011-03-19,cso,1,OCEAN#22_SL
baker_china,2011-03-20,cso,1,OCEAN#15_SL
ocean,2011-03-20,cso,1,OCEAN#22_SL
ocean,2011-03-21,cso,1,OCEAN#22_SL
ocean,2011-03-22,cso,1,OCEAN#22_SL
east,2011-03-23,other,2,BAY#300.1_SL|BAY#301.1_SL
baker_china,2011-03-24,cso,3,OCEAN#15EAST_SL|OCEAN#15_SL|OCEAN#16_SL
east,2011-03-24,other,2,BAY#300.1_SL|BAY#301.1_SL
ocean,2011-03-24,cso,6,OCEAN#18_SL|OCEAN#19_SL|OCEAN#20_SL|OCEAN#21.1_SL|OCEAN#21_SL|OCEAN#22_SL
baker_china,2011-03-25,cso,3,OCEAN#15EAST_SL|OCEAN#15_SL|OCEAN#16_SL
east,2011-03-25,other,2,BAY#300.1_SL|BAY#301.1_SL
ocean,2011-03-25,cso,6,OCEAN#18_SL|OCEAN#19_SL|OCEAN#20_SL|OCEAN#21.1_SL|OCEAN#21_SL|OCEAN#22_SL
east,2011-03-26,other,2,BAY#300.1_SL|BAY#301.1_SL
ocean,2011-03-26,cso,6,OCEAN#18_SL|OCEAN#19_SL|OCEAN#20_SL|OCEAN#21.1_SL|OCEAN#21_SL|OCEAN#22_SL
east,2011-03-27,other,1,BAY#301.1_SL
east,2011-03-28,other,1,BAY#301.1_SL
east,2011-04-05,other,1,BAY#301.1_SL
east,2011-04-06,other,1,BAY#301.1_SL
east,2011-05-18,other,2,BAY#300.1_SL|BAY#301.1_SL
east,2011-05-19,other,2,BAY#300.1_SL|BAY#301.1_SL
east,2011-05-24,other,2,BAY#300.1_SL|BAY#301.1_SL
east,2011-05-25,other,2,BAY#300.1_SL|BAY#301.1_SL
east,2011-06-07,other,2,BAY#300.1_SL|BAY#301.2_SL
east,2011-06-08,other,2,BAY#300.1_SL|BAY#301.2_SL
east,2011-06-09,other,1,BAY#301.2_SL
east,2011-06-10,other,1,BAY#301.2_SL
north,2011-06-21,other,1,BAY#202.4_SL
north,2011-06-22,other,1,BAY#202.4_SL
baker_china,2011-06-23,other,1,OCEAN#15_SL
north,2011-06-23,other,1,BAY#202.4_SL
baker_china,2011-06-24,other,1,OCEAN#15_SL
east,2011-07-19,other,1,BAY#301.2_SL
north,2011-07-19,other,1,BAY#202.5_SL
east,2011-07-20,other,1,BAY#301.2_SL
north,2011-07-20,other,1,BAY#202.5_SL
east,2011-08-24,other,1,BAY#301.2_SL
north,2011-08-24,other,2,BAY#202.4_SL|BAY#202.5_SL
east,2011-08-25,other,1,BAY#301.2_SL
north,2011-08-25,other,2,BAY#202.4_SL|BAY#202.5_SL
north,2011-09-07,other,1,BAY#211_SL
north,2011-09-08,other,1,BAY#211_SL
baker_china,2011-09-13,other,1,OCEAN#15_SL
north,2011-09-13,other,1,BAY#211_SL
baker_china,2011-09-14,other,1,OCEAN#15_SL
north,2011-09-14,other,1,BAY#211_SL
baker_china,2011-10-05,cso,1,OCEAN#16_SL
baker_china,2011-10-06,cso,1,OCEAN#16_SL
baker_china,2011-10-12,other,1,OCEAN#17_SL
east,2011-10-12,other,1,BAY#301.1_SL
north,2011-10-12,other,1,BAY#202.4_SL
baker_china,2011-10-13,other,1,OCEAN#17_SL
east,2011-10-13,other,1,BAY#301.1_SL
north,2011-10-13,other,1,BAY#202.4_SL
baker_china,2011-10-14,other,1,OCEAN#17_SL
east,2011-10-14,other,1,BAY#301.1_SL
baker_china,2011-10-25,other,1,OCEAN#15_SL
east,2011-10-25,other,1,BAY#301.1_SL
north,2011-10-25,other,1,BAY#202.4_SL
baker_china,2011-10-26,other,1,OCEAN#15_SL
east,2011-10-26,other,1,BAY#301.1_SL
north,2011-10-26,other,2,BAY#202.4_SL|BAY#211_SL
east,2011-10-27,other,1,BAY#301.1_SL
north,2011-10-27,other,1,BAY#211_SL
east,2011-11-08,other,2,BAY#300.1_SL|BAY#301.2_SL
east,2011-11-09,other,2,BAY#300.1_SL|BAY#301.2_SL
east,2011-11-10,other,1,BAY#300.1_SL
east,2011-11-22,other,2,BAY#300.1_SL|BAY#301.1_SL
north,2011-11-22,other,1,BAY#202.4_SL
east,2011-11-23,other,3,BAY#300.1_SL|BAY#301.1_SL|BAY#301.2_SL
north,2011-11-23,other,1,BAY#202.4_SL
east,2011-11-24,other,1,BAY#301.2_SL
east,2011-11-25,other,1,BAY#301.2_SL
east,2011-11-26,other,1,BAY#301.2_SL
east,2011-11-27,other,1,BAY#301.2_SL
east,2011-11-29,other,1,BAY#301.2_SL
east,2011-11-30,other,1,BAY#301.2_SL
baker_china,2011-12-06,other,1,OCEAN#16_SL
baker_china,2011-12-07,other,1,OCEAN#16_SL
east,2011-12-20,other,1,BAY#300.1_SL
east,2011-12-21,other,1,BAY#300.1_SL
east,2011-12-22,other,1,BAY#300.1_SL
north,2012-01-10,other,1,BAY#202.4_SL
north,2012-01-11,other,1,BAY#202.4_SL
north,2012-01-12,other,1,BAY#202.4_SL
east,2012-01-18,other,1,BAY#301.1_SL
east,2012-01-19,other,1,BAY#301.1_SL
east,2012-01-20,other,1,BAY#301.1_SL
north,2012-01-24,other,1,BAY#202.4_SL
north,2012-01-25,other,1,BAY#202.4_SL
east,2012-01-31,other,1,BAY#301.1_SL
east,2012-02-01,other,1,BAY#301.1_SL
east,2012-02-02,other,1,BAY#301.1_SL
east,2012-02-14,other,1,BAY#301.1_SL
east,2012-02-15,other,1,BAY#301.1_SL
east,2012-02-16,other,1,BAY#301.1_SL
east,2012-02-17,other,1,BAY#301.1_SL
north,2012-03-06,other,1,BAY#202.4_SL
north,2012-03-07,other,1,BAY#202.4_SL
east,2012-03-13,other,1,BAY#301.1_SL
east,2012-03-14,other,1,BAY#301.1_SL
east,2012-03-15,other,1,BAY#301.1_SL
east,2012-03-16,other,1,BAY#301.1_SL
east,2012-03-17,other,1,BAY#301.1_SL
east,2012-03-18,other,1,BAY#301.1_SL
east,2012-03-19,other,1,BAY#301.1_SL
east,2012-03-20,other,1,BAY#301.1_SL
ocean,2012-04-11,cso,1,OCEAN#21_SL
ocean,2012-04-12,cso,1,OCEAN#21_SL
north,2012-05-08,other,1,BAY#202.4_SL
north,2012-05-09,other,1,BAY#202.4_SL
north,2012-06-06,other,1,BAY#211_SL
north,2012-06-07,other,1,BAY#211_SL
east,2012-06-13,other,1,BAY#301.1_SL
east,2012-06-14,other,1,BAY#301.1_SL
baker_china,2012-06-26,other,2,OCEAN#15EAST_SL|OCEAN#15_SL
baker_china,2012-06-27,other,2,OCEAN#15EAST_SL|OCEAN#15_SL
baker_china,2012-07-17,other,1,OCEAN#15_SL
baker_china,2012-07-18,other,1,OCEAN#15_SL
east,2012-07-24,other,1,BAY#301.2_SL
east,2012-07-25,other,1,BAY#301.2_SL
east,2012-08-21,other,1,BAY#301.2_SL
east,2012-08-22,other,1,BAY#301.2_SL
baker_china,2012-09-06,other,1,OCEAN#15EAST_SL
baker_china,2012-09-07,other,1,OCEAN#15EAST_SL
baker_china,2012-09-08,other,2,OCEAN#15EAST_SL|OCEAN#15_SL
baker_china,2012-09-09,other,1,OCEAN#15_SL
baker_china,2012-09-25,other,2,OCEAN#15_SL|OCEAN#16_SL
east,2012-09-25,other,1,BAY#301.1_SL
baker_china,2012-09-26,other,2,OCEAN#15_SL|OCEAN#16_SL
east,2012-09-26,other,1,BAY#301.1_SL
east,2012-09-27,other,1,BAY#301.1_SL
east,2012-09-28,other,1,BAY#301.1_SL
east,2012-10-10,other,1,BAY#301.1_SL
east,2012-10-11,other,1,BAY#301.1_SL
east,2012-10-12,other,1,BAY#301.1_SL
baker_china,2012-10-16,other,2,OCEAN#15_SL|OCEAN#16_SL
baker_china,2012-10-17,other,2,OCEAN#15_SL|OCEAN#16_SL
ocean,2012-10-17,other,1,OCEAN#21.1_SL
baker_china,2012-10-18,other,1,OCEAN#16_SL
ocean,2012-10-18,other,1,OCEAN#21.1_SL
east,2012-10-23,other,2,BAY#300.1_SL|BAY#301.1_SL
north,2012-10-23,other,3,BAY#202.4_SL|BAY#210.1_SL|BAY#211_SL
east,2012-10-24,other,2,BAY#300.1_SL|BAY#301.1_SL
north,2012-10-24,other,3,BAY#202.4_SL|BAY#210.1_SL|BAY#211_SL
east,2012-10-25,other,1,BAY#301.1_SL
east,2012-10-26,other,1,BAY#301.1_SL
east,2012-10-27,other,1,BAY#301.1_SL
east,2012-10-28,other,1,BAY#301.1_SL
baker_china,2012-10-30,other,1,OCEAN#15_SL
east,2012-10-30,other,1,BAY#301.1_SL
baker_china,2012-10-31,other,1,OCEAN#15_SL
east,2012-10-31,other,1,BAY#301.1_SL
east,2012-11-01,other,1,BAY#301.1_SL
east,2012-11-02,other,1,BAY#301.1_SL
east,2012-11-03,other,1,BAY#301.1_SL
east,2012-11-14,other,1,BAY#301.1_SL
north,2012-11-14,other,2,BAY#202.4_SL|BAY#211_SL
east,2012-11-15,other,2,BAY#301.1_SL|BAY#301.2_SL
north,2012-11-15,other,2,BAY#202.4_SL|BAY#211_SL
east,2012-11-16,other,2,BAY#301.1_SL|BAY#301.2_SL
north,2012-11-16,other,1,BAY#211_SL
east,2012-11-21,other,1,BAY#300.1_SL
east,2012-11-22,other,1,BAY#300.1_SL
east,2012-11-27,other,1,BAY#301.1_SL
east,2012-11-28,other,1,BAY#301.1_SL
east,2012-11-29,other,1,BAY#301.1_SL
east,2012-11-30,other,1,BAY#301.1_SL
east,2012-12-01,other,1,BAY#301.1_SL
east,2012-12-02,other,1,BAY#301.1_SL
east,2012-12-03,other,1,BAY#301.1_SL
east,2012-12-04,other,1,BAY#301.1_SL
east,2012-12-05,other,1,BAY#301.1_SL
east,2012-12-06,other,1,BAY#301.1_SL
east,2012-12-07,other,1,BAY#301.1_SL
east,2012-12-08,other,1,BAY#301.1_SL
east,2012-12-09,other,1,BAY#301.1_SL
east,2012-12-10,other,1,BAY#301.1_SL
east,2012-12-11,other,1,BAY#301.1_SL
east,2012-12-12,other,1,BAY#301.1_SL
east,2012-12-13,other,1,BAY#301.1_SL
east,2012-12-14,other,1,BAY#301.1_SL
east,2012-12-18,other,2,BAY#300.1_SL|BAY#301.1_SL
east,2012-12-19,other,2,BAY#300.1_SL|BAY#301.1_SL
baker_china,2012-12-27,other,1,OCEAN#15_SL
east,2012-12-27,other,1,BAY#301.1_SL
north,2012-12-27,other,1,BAY#202.4_SL
baker_china,2012-12-28,other,1,OCEAN#15_SL
east,2012-12-28,other,1,BAY#301.1_SL
north,2012-12-28,other,1,BAY#202.4_SL
east,2013-01-23,other,2,BAY#300.1_SL|BAY#301.1_SL
east,2013-01-24,other,2,BAY#300.1_SL|BAY#301.1_SL
east,2013-01-25,other,1,BAY#301.1_SL
east,2013-02-05,other,1,BAY#301.1_SL
east,2013-02-06,other,1,BAY#301.1_SL
east,2013-02-07,other,1,BAY#301.1_SL
east,2013-02-08,other,1,BAY#301.1_SL
east,2013-02-12,other,1,BAY#301.1_SL
east,2013-02-13,other,1,BAY#301.1_SL
north,2013-03-19,other,2,BAY#210.1_SL|BAY#211_SL
north,2013-03-20,other,2,BAY#210.1_SL|BAY#211_SL
north,2013-03-26,other,2,BAY#210.1_SL|BAY#211_SL
north,2013-03-27,other,2,BAY#210.1_SL|BAY#211_SL
baker_china,2013-04-02,other,1,OCEAN#15_SL
east,2013-04-02,other,2,BAY#300.1_SL|BAY#301.1_SL
baker_china,2013-04-03,other,1,OCEAN#15_SL
east,2013-04-03,other,2,BAY#300.1_SL|BAY#301.1_SL
east,2013-04-04,other,1,BAY#301.1_SL
east,2013-04-23,other,1,BAY#301.1_SL
east,2013-04-24,other,1,BAY#301.1_SL
east,2013-04-25,other,1,BAY#301.1_SL
east,2013-04-26,other,1,BAY#301.1_SL
north,2013-04-30,other,1,BAY#202.4_SL
north,2013-05-01,other,1,BAY#202.4_SL
east,2013-05-21,other,1,BAY#301.1_SL
east,2013-05-22,other,1,BAY#301.1_SL
baker_china,2013-05-29,other,1,OCEAN#15_SL
baker_china,2013-05-30,other,1,OCEAN#15_SL
east,2013-07-02,other,1,BAY#301.1_SL
east,2013-07-03,other,1,BAY#301.1_SL
east,2013-07-23,other,1,BAY#301.1_SL
east,2013-07-24,other,1,BAY#301.1_SL
east,2013-07-25,other,1,BAY#301.1_SL
east,2013-07-30,other,1,BAY#301.1_SL
east,2013-07-31,other,1,BAY#301.1_SL
baker_china,2013-09-10,other,1,OCEAN#15_SL
east,2013-09-10,other,1,BAY#301.1_SL
baker_china,2013-09-11,other,1,OCEAN#15_SL
east,2013-09-11,other,1,BAY#301.1_SL
baker_china,2013-09-12,other,1,OCEAN#15_SL
baker_china,2013-09-13,other,1,OCEAN#15_SL
baker_china,2013-09-17,other,1,OCEAN#15_SL
baker_china,2013-09-18,other,1,OCEAN#15_SL
baker_china,2013-10-01,other,3,OCEAN#15EAST_SL|OCEAN#15_SL|OCEAN#16_SL
east,2013-10-01,other,2,BAY#300.1_SL|BAY#301.1_SL
north,2013-10-01,other,2,BAY#202.4_SL|BAY#202.5_SL
baker_china,2013-10-02,other,3,OCEAN#15EAST_SL|OCEAN#15_SL|OCEAN#16_SL
east,2013-10-02,other,2,BAY#300.1_SL|BAY#301.1_SL
north,2013-10-02,other,2,BAY#202.4_SL|BAY#202.5_SL
north,2013-10-03,other,1,BAY#202.4_SL
baker_china,2013-10-16,other,1,OCEAN#15_SL
baker_china,2013-10-17,other,1,OCEAN#15_SL
north,2013-10-22,other,2,BAY#210.1_SL|BAY#211_SL
north,2013-10-23,other,2,BAY#210.1_SL|BAY#211_SL
east,2013-10-29,other,1,BAY#301.1_SL
north,2013-10-29,other,1,BAY#202.4_SL
east,2013-10-30,other,1,BAY#301.1_SL
north,2013-10-30,other,1,BAY#202.4_SL
east,2013-10-31,other,1,BAY#301.1_SL
east,2013-11-01,other,1,BAY#301.1_SL
east,2013-11-13,other,1,BAY#301.1_SL
east,2013-11-14,other,1,BAY#301.1_SL
east,2013-11-15,other,1,BAY#301.1_SL
east,2013-11-19,other,1,BAY#301.1_SL
east,2013-11-20,other,1,BAY#301.1_SL
east,2013-12-03,other,1,BAY#301.1_SL
north,2013-12-03,other,1,BAY#202.4_SL
east,2013-12-04,other,1,BAY#301.1_SL
north,2013-12-04,other,2,BAY#202.4_SL|BAY#210.1_SL
north,2013-12-05,other,1,BAY#210.1_SL
east,2013-12-10,other,1,BAY#301.1_SL
east,2013-12-11,other,1,BAY#301.1_SL
east,2013-12-12,other,1,BAY#301.1_SL
baker_china,2013-12-17,other,2,OCEAN#15_SL|OCEAN#16_SL
north,2013-12-17,other,1,BAY#202.4_SL
baker_china,2013-12-18,other,2,OCEAN#15_SL|OCEAN#16_SL
north,2013-12-18,other,1,BAY#202.4_SL
baker_china,2013-12-31,other,2,OCEAN#15_SL|OCEAN#16_SL
north,2013-12-31,other,1,BAY#202.4_SL
east,2014-01-07,other,1,BAY#301.1_SL
east,2014-01-08,other,1,BAY#301.1_SL
baker_china,2014-01-22,other,1,OCEAN#15_SL
baker_china,2014-01-23,other,1,OCEAN#15_SL
north,2014-01-28,other,1,BAY#202.4_SL
north,2014-01-29,other,1,BAY#202.4_SL
north,2014-01-30,other,1,BAY#202.4_SL
north,2014-01-31,other,1,BAY#202.4_SL
north,2014-02-01,other,1,BAY#202.4_SL
east,2014-02-04,other,1,BAY#300.1_SL
east,2014-02-05,other,1,BAY#300.1_SL
east,2014-02-09,other,1,BAY#301.1_SL
east,2014-02-10,other,1,BAY#301.1_SL
baker_china,2014-02-11,other,1,OCEAN#15_SL
baker_china,2014-02-12,other,1,OCEAN#15_SL
baker_china,2014-02-13,other,1,OCEAN#15_SL
baker_china,2014-02-14,other,1,OCEAN#15_SL
east,2014-02-25,other,1,BAY#301.1_SL
east,2014-02-26,other,1,BAY#301.1_SL
east,2014-02-27,other,1,BAY#301.1_SL
east,2014-02-28,other,1,BAY#301.1_SL
east,2014-03-01,other,1,BAY#301.1_SL
east,2014-03-02,other,1,BAY#301.1_SL
east,2014-03-03,other,1,BAY#301.1_SL
east,2014-03-11,other,1,BAY#301.1_SL
east,2014-03-12,other,1,BAY#301.1_SL
east,2014-03-13,other,1,BAY#301.1_SL
baker_china,2014-03-25,other,1,OCEAN#15EAST_SL
baker_china,2014-03-26,other,1,OCEAN#15EAST_SL
east,2014-04-01,other,1,BAY#300.1_SL
north,2014-04-01,other,1,BAY#202.4_SL
east,2014-04-02,other,1,BAY#300.1_SL
north,2014-04-02,other,1,BAY#202.4_SL
east,2014-04-03,other,1,BAY#300.1_SL
east,2014-04-22,other,2,BAY#300.1_SL|BAY#301.1_SL
east,2014-04-23,other,2,BAY#300.1_SL|BAY#301.1_SL
east,2014-04-24,other,1,BAY#300.1_SL
east,2014-05-13,other,1,BAY#301.1_SL
east,2014-05-14,other,1,BAY#301.1_SL
east,2014-05-15,other,1,BAY#301.1_SL
east,2014-05-20,other,1,BAY#301.1_SL
east,2014-05-21,other,1,BAY#301.1_SL
east,2014-06-03,other,2,BAY#300.1_SL|BAY#301.1_SL
east,2014-06-04,other,2,BAY#300.1_SL|BAY#301.1_SL
baker_china,2014-06-10,other,1,OCEAN#15_SL
east,2014-06-10,other,1,BAY#301.1_SL
baker_china,2014-06-11,other,1,OCEAN#15_SL
east,2014-06-11,other,1,BAY#301.1_SL
baker_china,2014-06-12,other,1,OCEAN#15_SL
east,2014-07-08,other,1,BAY#301.1_SL
east,2014-07-09,other,1,BAY#301.1_SL
east,2014-07-10,other,1,BAY#301.1_SL
baker_china,2014-07-22,other,1,OCEAN#15_SL
east,2014-07-22,other,1,BAY#301.1_SL
baker_china,2014-07-23,other,1,OCEAN#15_SL
east,2014-07-23,other,1,BAY#301.1_SL
north,2014-08-19,other,2,BAY#202.4_SL|BAY#202.5_SL
north,2014-08-20,other,2,BAY#202.4_SL|BAY#202.5_SL
east,2014-08-26,other,1,BAY#300.1_SL
north,2014-08-26,other,2,BAY#210.1_SL|BAY#211_SL
east,2014-08-27,other,1,BAY#300.1_SL
north,2014-08-27,other,2,BAY#210.1_SL|BAY#211_SL
baker_china,2014-09-03,other,1,OCEAN#15_SL
north,2014-09-03,other,1,BAY#211_SL
baker_china,2014-09-04,other,1,OCEAN#15_SL
north,2014-09-04,other,1,BAY#211_SL
baker_china,2014-09-09,other,1,OCEAN#15_SL
baker_china,2014-09-10,other,1,OCEAN#15_SL
east,2014-09-10,other,1,BAY#300.1_SL
east,2014-09-23,other,2,BAY#300.1_SL|BAY#301.1_SL
east,2014-09-24,other,2,BAY#300.1_SL|BAY#301.1_SL
east,2014-09-25,other,1,BAY#301.1_SL
east,2014-10-01,other,1,BAY#300.1_SL
east,2014-10-02,other,1,BAY#300.1_SL
east,2014-10-21,other,1,BAY#301.1_SL
east,2014-10-22,other,1,BAY#301.1_SL
baker_china,2014-11-04,other,1,OCEAN#15_SL
east,2014-11-04,other,2,BAY#300.1_SL|BAY#301.1_SL
baker_china,2014-11-05,other,1,OCEAN#15_SL
east,2014-11-05,other,2,BAY#300.1_SL|BAY#301.1_SL
north,2014-11-05,other,1,BAY#211_SL
east,2014-11-06,other,1,BAY#301.1_SL
north,2014-11-06,other,1,BAY#211_SL
north,2014-11-07,other,1,BAY#211_SL
baker_china,2014-11-18,other,1,OCEAN#15_SL
baker_china,2014-11-19,other,1,OCEAN#15_SL
east,2014-11-19,other,1,BAY#301.2_SL
east,2014-11-20,other,1,BAY#301.2_SL
east,2014-12-02,cso,1,BAY#300.1_SL
baker_china,2014-12-03,cso,2,OCEAN#15_SL|OCEAN#17_SL
east,2014-12-03,cso,1,BAY#300.1_SL
baker_china,2014-12-04,cso,2,OCEAN#15_SL|OCEAN#17_SL
east,2014-12-04,cso,1,BAY#300.1_SL
baker_china,2014-12-05,cso,2,OCEAN#15_SL|OCEAN#17_SL
east,2014-12-05,cso,1,BAY#300.1_SL
east,2014-12-06,cso,1,BAY#300.1_SL
east,2014-12-07,cso,1,BAY#300.1_SL
east,2014-12-08,cso,1,BAY#300.1_SL
east,2014-12-09,cso,2,BAY#300.1_SL|BAY#301.2_SL
north,2014-12-09,other,1,BAY#202.4_SL
east,2014-12-10,cso,2,BAY#300.1_SL|BAY#301.2_SL
north,2014-12-10,other,1,BAY#202.4_SL
baker_china,2014-12-11,cso,1,OCEAN#16_SL
east,2014-12-11,cso,1,BAY#300.1_SL
north,2014-12-11,cso,3,BAY#202.4_SL|BAY#202.5_SL|BAY#210.1_SL
baker_china,2014-12-12,cso,1,OCEAN#16_SL
east,2014-12-12,cso,1,BAY#300.1_SL
north,2014-12-12,cso,3,BAY#202.4_SL|BAY#202.5_SL|BAY#210.1_SL
baker_china,2014-12-13,cso,1,OCEAN#16_SL
east,2014-12-13,cso,1,BAY#300.1_SL
north,2014-12-13,cso,3,BAY#202.4_SL|BAY#202.5_SL|BAY#210.1_SL
east,2014-12-14,cso,1,BAY#300.1_SL
north,2014-12-14,cso,2,BAY#202.5_SL|BAY#210.1_SL
east,2014-12-15,cso,1,BAY#300.1_SL
east,2014-12-16,cso,1,BAY#300.1_SL
east,2014-12-17,cso,1,BAY#300.1_SL
east,2014-12-18,cso,1,BAY#300.1_SL
east,2014-12-19,cso,1,BAY#300.1_SL
east,2014-12-20,cso,1,BAY#300.1_SL
east,2014-12-21,cso,1,BAY#300.1_SL
east,2014-12-23,other,1,BAY#301.1_SL
ocean,2014-12-23,other,1,OCEAN#18_SL
east,2014-12-24,other,1,BAY#301.1_SL
ocean,2014-12-24,other,1,OCEAN#18_SL
east,2015-01-13,other,1,BAY#301.1_SL
east,2015-01-14,other,1,BAY#301.1_SL
ocean,2015-02-08,cso,4,OCEAN#20_SL|OCEAN#21.1_SL|OCEAN#21_SL|OCEAN#22_SL
ocean,2015-02-09,cso,4,OCEAN#20_SL|OCEAN#21.1_SL|OCEAN#21_SL|OCEAN#22_SL
baker_china,2015-02-10,other,1,OCEAN#15_SL
east,2015-02-10,other,2,BAY#300.1_SL|BAY#301.1_SL
ocean,2015-02-10,cso,4,OCEAN#20_SL|OCEAN#21.1_SL|OCEAN#21_SL|OCEAN#22_SL
baker_china,2015-02-11,other,1,OCEAN#15_SL
east,2015-02-11,other,2,BAY#300.1_SL|BAY#301.1_SL
east,2015-02-12,other,1,BAY#300.1_SL
east,2015-02-13,other,1,BAY#300.1_SL
east,2015-02-14,other,1,BAY#300.1_SL
baker_china,2015-02-18,other,1,OCEAN#16_SL
east,2015-02-18,other,1,BAY#301.2_SL
baker_china,2015-02-19,other,1,OCEAN#16_SL
east,2015-02-19,other,1,BAY#301.2_SL
baker_china,2015-02-20,other,1,OCEAN#16_SL
baker_china,2015-03-31,other,2,OCEAN#15EAST_SL|OCEAN#15_SL
baker_china,2015-04-01,other,2,OCEAN#15EAST_SL|OCEAN#15_SL
baker_china,2015-04-07,cso,1,OCEAN#15EAST_SL
baker_china,2015-04-08,cso,1,OCEAN#15EAST_SL
baker_china,2015-05-05,other,1,OCEAN#15_SL
east,2015-05-05,other,1,BAY#300.1_SL
baker_china,2015-05-06,other,1,OCEAN#15_SL
east,2015-05-06,other,1,BAY#300.1_SL
baker_china,2015-05-12,other,1,OCEAN#15_SL
baker_china,2015-05-13,other,1,OCEAN#15_SL
east,2015-05-27,other,1,BAY#301.1_SL
east,2015-05-28,other,1,BAY#301.1_SL
east,2015-06-16,other,1,BAY#301.1_SL
east,2015-06-17,other,1,BAY#301.1_SL
baker_china,2015-06-23,other,1,OCEAN#15_SL
baker_china,2015-06-24,other,1,OCEAN#15_SL
baker_china,2015-06-30,other,1,OCEAN#15_SL
baker_china,2015-07-01,other,1,OCEAN#15_SL
north,2015-07-21,other,1,BAY#202.4_SL
north,2015-07-22,other,1,BAY#202.4_SL
north,2015-07-23,other,1,BAY#202.4_SL
north,2015-07-28,other,1,BAY#202.4_SL
north,2015-07-29,other,1,BAY#202.4_SL
baker_china,2015-08-25,other,2,OCEAN#15EAST_SL|OCEAN#15_SL
baker_china,2015-08-26,other,2,OCEAN#15EAST_SL|OCEAN#15_SL
baker_china,2015-09-22,other,1,OCEAN#15EAST_SL
east,2015-09-22,other,1,BAY#301.1_SL
baker_china,2015-09-23,other,1,OCEAN#15EAST_SL
east,2015-09-23,other,1,BAY#301.1_SL
east,2015-09-29,other,1,BAY#301.1_SL
east,2015-09-30,other,1,BAY#301.1_SL
east,2015-10-06,other,1,BAY#300.1_SL
east,2015-10-07,other,1,BAY#300.1_SL
baker_china,2015-10-27,other,2,OCEAN#15_SL|OCEAN#16_SL
east,2015-10-27,other,1,BAY#301.1_SL
north,2015-10-27,other,1,BAY#202.5_SL
baker_china,2015-10-28,other,2,OCEAN#15_SL|OCEAN#16_SL
east,2015-10-28,other,1,BAY#301.1_SL
north,2015-10-28,other,1,BAY#202.5_SL
baker_china,2015-11-03,other,1,OCEAN#15_SL
east,2015-11-03,other,2,BAY#301.1_SL|BAY#320_SL
north,2015-11-03,other,4,BAY#202.4_SL|BAY#202.5_SL|BAY#210.1_SL|BAY#211_SL
baker_china,2015-11-04,other,1,OCEAN#15_SL
east,2015-11-04,other,2,BAY#301.1_SL|BAY#320_SL
north,2015-11-04,other,4,BAY#202.4_SL|BAY#202.5_SL|BAY#210.1_SL|BAY#211_SL
east,2015-11-05,other,1,BAY#320_SL
baker_china,2015-11-10,other,2,OCEAN#15EAST_SL|OCEAN#15_SL
east,2015-11-10,other,3,BAY#300.1_SL|BAY#301.1_SL|BAY#320_SL
baker_china,2015-11-11,other,2,OCEAN#15EAST_SL|OCEAN#15_SL
east,2015-11-11,other,3,BAY#300.1_SL|BAY#301.1_SL|BAY#320_SL
east,2015-11-12,other,1,BAY#320_SL
east,2015-11-17,other,1,BAY#320_SL
east,2015-11-18,other,1,BAY#320_SL
east,2015-11-24,other,2,BAY#300.1_SL|BAY#301.1_SL
north,2015-11-24,other,2,BAY#202.4_SL|BAY#211_SL
east,2015-11-25,other,2,BAY#300.1_SL|BAY#301.1_SL
north,2015-11-25,other,2,BAY#202.4_SL|BAY#211_SL
east,2015-11-26,other,2,BAY#300.1_SL|BAY#301.1_SL
north,2015-11-26,other,2,BAY#202.4_SL|BAY#211_SL
east,2015-11-27,other,1,BAY#301.1_SL
north,2015-11-27,other,1,BAY#211_SL
baker_china,2015-12-08,other,3,OCEAN#15EAST_SL|OCEAN#15_SL|OCEAN#16_SL
north,2015-12-08,other,1,BAY#202.4_SL
baker_china,2015-12-09,other,3,OCEAN#15EAST_SL|OCEAN#15_SL|OCEAN#16_SL
north,2015-12-09,other,1,BAY#202.4_SL
baker_china,2015-12-13,cso,3,OCEAN#15EAST_SL|OCEAN#15_SL|OCEAN#16_SL
east,2015-12-13,cso,1,BAY#320_SL
ocean,2015-12-13,cso,5,OCEAN#18_SL|OCEAN#19_SL|OCEAN#20_SL|OCEAN#21.1_SL|OCEAN#21_SL
baker_china,2015-12-14,cso,3,OCEAN#15EAST_SL|OCEAN#15_SL|OCEAN#16_SL
east,2015-12-14,cso,1,BAY#320_SL
ocean,2015-12-14,cso,6,OCEAN#18_SL|OCEAN#19_SL|OCEAN#20_SL|OCEAN#21.1_SL|OCEAN#21_SL|OCEAN#22_SL
baker_china,2015-12-15,other,1,OCEAN#15_SL
east,2015-12-15,cso,3,BAY#300.1_SL|BAY#301.1_SL|BAY#320_SL
ocean,2015-12-15,cso,2,OCEAN#21_SL|OCEAN#22_SL
baker_china,2015-12-16,other,1,OCEAN#15_SL
east,2015-12-16,cso,3,BAY#300.1_SL|BAY#301.1_SL|BAY#320_SL
east,2015-12-21,cso,1,BAY#320_SL
east,2015-12-22,cso,4,BAY#300.1_SL|BAY#301.1_SL|BAY#301.2_SL|BAY#320_SL
north,2015-12-22,other,1,BAY#202.4_SL
east,2015-12-23,cso,4,BAY#300.1_SL|BAY#301.1_SL|BAY#301.2_SL|BAY#320_SL
north,2015-12-23,other,1,BAY#202.4_SL
east,2015-12-24,cso,2,BAY#301.1_SL|BAY#320_SL
north,2015-12-24,other,1,BAY#202.4_SL
east,2015-12-25,cso,1,BAY#320_SL
baker_china,2016-01-05,cso,3,OCEAN#15EAST_SL|OCEAN#15_SL|OCEAN#16_SL
east,2016-01-05,other,1,BAY#301.1_SL
north,2016-01-05,other,1,BAY#202.4_SL
baker_china,2016-01-06,cso,3,OCEAN#15EAST_SL|OCEAN#15_SL|OCEAN#16_SL
east,2016-01-06,cso,2,BAY#301.1_SL|BAY#320_SL
north,2016-01-06,other,1,BAY#202.4_SL
ocean,2016-01-06,cso,6,OCEAN#18_SL|OCEAN#19_SL|OCEAN#20_SL|OCEAN#21.1_SL|OCEAN#21_SL|OCEAN#22_SL
baker_china,2016-01-07,cso,2,OCEAN#15_SL|OCEAN#16_SL
east,2016-01-07,cso,2,BAY#301.1_SL|BAY#320_SL
north,2016-01-07,other,1,BAY#202.4_SL
ocean,2016-01-07,cso,6,OCEAN#18_SL|OCEAN#19_SL|OCEAN#20_SL|OCEAN#21.1_SL|OCEAN#21_SL|OCEAN#22_SL
east,2016-01-08,cso,2,BAY#301.1_SL|BAY#320_SL
east,2016-01-09,cso,2,BAY#301.1_SL|BAY#320_SL
east,2016-01-10,cso,1,BAY#320_SL
east,2016-01-18,cso,1,BAY#320_SL
ocean,2016-01-18,cso,5,OCEAN#18_SL|OCEAN#19_SL|OCEAN#20_SL|OCEAN#21.1_SL|OCEAN#21_SL
baker_china,2016-01-19,cso,3,OCEAN#15EAST_SL|OCEAN#15_SL|OCEAN#16_SL
east,2016-01-19,cso,2,BAY#301.2_SL|BAY#320_SL
north,2016-01-19,cso,4,BAY#202.4_SL|BAY#202.5_SL|BAY#210.1_SL|BAY#211_SL
ocean,2016-01-19,cso,6,OCEAN#18_SL|OCEAN#19_SL|OCEAN#20_SL|OCEAN#21.1_SL|OCEAN#21_SL|OCEAN#22_SL
baker_china,2016-01-20,cso,3,OCEAN#15EAST_SL|OCEAN#15_SL|OCEAN#16_SL
east,2016-01-20,cso,4,BAY#300.1_SL|BAY#301.1_SL|BAY#301.2_SL|BAY#320_SL
north,2016-01-20,cso,4,BAY#202.4_SL|BAY#202.5_SL|BAY#210.1_SL|BAY#211_SL
ocean,2016-01-20,cso,6,OCEAN#18_SL|OCEAN#19_SL|OCEAN#20_SL|OCEAN#21.1_SL|OCEAN#21_SL|OCEAN#22_SL
east,2016-01-21,cso,4,BAY#300.1_SL|BAY#301.1_SL|BAY#301.2_SL|BAY#320_SL
north,2016-01-21,cso,4,BAY#202.4_SL|BAY#202.5_SL|BAY#210.1_SL|BAY#211_SL
ocean,2016-01-21,cso,6,OCEAN#18_SL|OCEAN#19_SL|OCEAN#20_SL|OCEAN#21.1_SL|OCEAN#21_SL|OCEAN#22_SL
east,2016-01-22,cso,4,BAY#300.1_SL|BAY#301.1_SL|BAY#301.2_SL|BAY#320_SL
east,2016-01-23,cso,1,BAY#320_SL
east,2016-02-09,other,1,BAY#301.1_SL
east,2016-02-10,other,1,BAY#301.1_SL
baker_china,2016-02-17,cso,1,OCEAN#17_SL
baker_china,2016-02-18,cso,1,OCEAN#17_SL
baker_china,2016-02-19,cso,1,OCEAN#17_SL
baker_china,2016-02-23,other,1,OCEAN#15_SL
baker_china,2016-02-24,other,1,OCEAN#15_SL
east,2016-03-06,cso,1,BAY#320_SL
ocean,2016-03-06,cso,6,OCEAN#18_SL|OCEAN#19_SL|OCEAN#20_SL|OCEAN#21.1_SL|OCEAN#21_SL|OCEAN#22_SL
baker_china,2016-03-07,other,1,OCEAN#15_SL
east,2016-03-07,cso,1,BAY#320_SL
ocean,2016-03-07,cso,6,OCEAN#18_SL|OCEAN#19_SL|OCEAN#20_SL|OCEAN#21.1_SL|OCEAN#21_SL|OCEAN#22_SL
baker_china,2016-03-08,other,2,OCEAN#15_SL|OCEAN#16_SL
east,2016-03-08,cso,2,BAY#300.1_SL|BAY#320_SL
north,2016-03-08,other,2,BAY#202.4_SL|BAY#202.5_SL
ocean,2016-03-08,other,2,OCEAN#18_SL|OCEAN#19_SL
baker_china,2016-03-09,other,2,OCEAN#15_SL|OCEAN#16_SL
east,2016-03-09,cso,2,BAY#300.1_SL|BAY#320_SL
north,2016-03-09,other,2,BAY#202.4_SL|BAY#202.5_SL
ocean,2016-03-09,other,2,OCEAN#18_SL|OCEAN#19_SL
east,2016-03-10,cso,1,BAY#320_SL
ocean,2016-03-10,cso,5,OCEAN#18_SL|OCEAN#19_SL|OCEAN#20_SL|OCEAN#21.1_SL|OCEAN#21_SL
east,2016-03-11,cso,1,BAY#320_SL
ocean,2016-03-11,cso,5,OCEAN#18_SL|OCEAN#19_SL|OCEAN#20_SL|OCEAN#21.1_SL|OCEAN#21_SL
east,2016-03-12,cso,1,BAY#320_SL
ocean,2016-03-12,cso,5,OCEAN#18_SL|OCEAN#19_SL|OCEAN#20_SL|OCEAN#21.1_SL|OCEAN#21_SL
east,2016-03-13,cso,1,BAY#320_SL
ocean,2016-03-13,cso,5,OCEAN#18_SL|OCEAN#19_SL|OCEAN#20_SL|OCEAN#21.1_SL|OCEAN#21_SL
east,2016-03-14,cso,1,BAY#320_SL
ocean,2016-03-14,cso,5,OCEAN#18_SL|OCEAN#19_SL|OCEAN#20_SL|OCEAN#21.1_SL|OCEAN#21_SL
baker_china,2016-03-15,other,1,OCEAN#17_SL
east,2016-03-15,cso,2,BAY#301.1_SL|BAY#320_SL
ocean,2016-03-15,cso,2,OCEAN#19_SL|OCEAN#21_SL
baker_china,2016-03-16,other,1,OCEAN#17_SL
east,2016-03-16,cso,2,BAY#301.1_SL|BAY#320_SL
east,2016-03-17,cso,1,BAY#320_SL
baker_china,2016-03-22,other,2,OCEAN#15EAST_SL|OCEAN#17_SL
east,2016-03-22,other,2,BAY#300.1_SL|BAY#301.1_SL
baker_china,2016-03-23,other,2,OCEAN#15EAST_SL|OCEAN#17_SL
east,2016-03-23,other,2,BAY#300.1_SL|BAY#301.1_SL
east,2016-04-05,other,1,BAY#301.1_SL
east,2016-04-06,other,1,BAY#301.1_SL
east,2016-04-12,other,2,BAY#300.1_SL|BAY#301.1_SL
east,2016-04-13,other,2,BAY#300.1_SL|BAY#301.1_SL
baker_china,2016-05-03,other,1,OCEAN#15_SL
baker_china,2016-05-04,other,1,OCEAN#15_SL
north,2016-05-10,other,1,BAY#202.4_SL
north,2016-05-11,other,1,BAY#202.4_SL
baker_china,2016-08-02,other,1,OCEAN#15_SL
east,2016-08-02,other,1,BAY#300.1_SL
baker_china,2016-08-03,other,1,OCEAN#15_SL
east,2016-08-03,other,1,BAY#300.1_SL
north,2016-08-16,other,1,BAY#211_SL
north,2016-08-17,other,1,BAY#211_SL
baker_china,2016-09-07,other,1,OCEAN#15_SL
baker_china,2016-09-08,other,1,OCEAN#15_SL
baker_china,2016-09-09,other,1,OCEAN#15_SL
baker_china,2016-09-20,other,1,OCEAN#15_SL
east,2016-09-20,other,1,BAY#301.1_SL
baker_china,2016-09-21,other,1,OCEAN#15_SL
east,2016-09-21,other,1,BAY#301.1_SL
east,2016-09-22,other,1,BAY#301.1_SL
east,2016-09-23,other,1,BAY#301.1_SL
east,2016-09-27,other,1,BAY#301.1_SL
east,2016-09-28,other,1,BAY#301.1_SL
baker_china,2016-10-16,cso,1,OCEAN#15_SL
east,2016-10-16,cso,1,BAY#320_SL
baker_china,2016-10-17,cso,1,OCEAN#15_SL
east,2016-10-17,cso,1,BAY#320_SL
baker_china,2016-10-18,cso,1,OCEAN#15_SL
east,2016-10-18,cso,3,BAY#300.1_SL|BAY#301.1_SL|BAY#320_SL
north,2016-10-18,other,1,BAY#202.4_SL
east,2016-10-19,cso,3,BAY#300.1_SL|BAY#301.1_SL|BAY#320_SL
north,2016-10-19,other,1,BAY#202.4_SL
east,2016-10-20,cso,1,BAY#320_SL
east,2016-10-21,cso,1,BAY#320_SL
east,2016-10-25,other,1,BAY#301.1_SL
east,2016-10-26,other,1,BAY#301.1_SL
east,2016-10-27,other,1,BAY#301.1_SL
east,2016-10-28,cso,1,BAY#320_SL
east,2016-10-29,cso,1,BAY#320_SL
east,2016-10-30,cso,1,BAY#320_SL
east,2016-10-31,cso,1,BAY#320_SL
east,2016-11-01,cso,1,BAY#320_SL
east,2016-11-02,cso,1,BAY#320_SL
baker_china,2016-11-15,other,1,OCEAN#15_SL
east,2016-11-15,other,3,BAY#300.1_SL|BAY#301.1_SL|BAY#301.2_SL
north,2016-11-15,other,1,BAY#202.4_SL
baker_china,2016-11-16,other,1,OCEAN#15_SL
east,2016-11-16,other,3,BAY#300.1_SL|BAY#301.1_SL|BAY#301.2_SL
north,2016-11-16,other,1,BAY#202.4_SL
baker_china,2016-11-17,other,1,OCEAN#15_SL
east,2016-11-17,other,1,BAY#301.1_SL
baker_china,2016-11-21,cso,3,OCEAN#15EAST_SL|OCEAN#15_SL|OCEAN#16_SL
baker_china,2016-11-22,cso,6,OCEAN#15EAST_SL|OCEAN#15_SL|OCEAN#16_SL
east,2016-11-22,other,1,BAY#320_SL
baker_china,2016-11-23,cso,3,OCEAN#15EAST_SL|OCEAN#15_SL|OCEAN#16_SL
east,2016-11-23,other,1,BAY#320_SL
baker_china,2016-11-24,cso,3,OCEAN#15EAST_SL|OCEAN#15_SL|OCEAN#16_SL
east,2016-11-24,other,1,BAY#320_SL
baker_china,2016-11-25,cso,1,OCEAN#15_SL
east,2016-12-08,cso,1,BAY#320_SL
east,2016-12-09,cso,1,BAY#320_SL
east,2016-12-10,cso,1,BAY#320_SL
ocean,2016-12-10,cso,1,OCEAN#22_SL
east,2016-12-11,cso,1,BAY#320_SL
ocean,2016-12-11,cso,1,OCEAN#22_SL
east,2016-12-12,cso,1,BAY#320_SL
ocean,2016-12-12,cso,1,OCEAN#22_SL
east,2016-12-13,cso,4,BAY#300.1_SL|BAY#301.1_SL|BAY#301.2_SL|BAY#320_SL
ocean,2016-12-13,cso,1,OCEAN#22_SL
east,2016-12-14,cso,4,BAY#300.1_SL|BAY#301.1_SL|BAY#301.2_SL|BAY#320_SL
ocean,2016-12-14,cso,1,OCEAN#22_SL
east,2016-12-15,cso,2,BAY#301.2_SL|BAY#320_SL
east,2016-12-16,cso,4,BAY#300.1_SL|BAY#301.1_SL|BAY#301.2_SL|BAY#320_SL
north,2016-12-16,cso,4,BAY#202.4_SL|BAY#202.5_SL|BAY#210.1_SL|BAY#211_SL
ocean,2016-12-16,cso,6,OCEAN#18_SL|OCEAN#19_SL|OCEAN#20_SL|OCEAN#21.1_SL|OCEAN#21_SL|OCEAN#22_SL
east,2016-12-17,cso,4,BAY#300.1_SL|BAY#301.1_SL|BAY#301.2_SL|BAY#320_SL
north,2016-12-17,cso,4,BAY#202.4_SL|BAY#202.5_SL|BAY#210.1_SL|BAY#211_SL
ocean,2016-12-17,cso,6,OCEAN#18_SL|OCEAN#19_SL|OCEAN#20_SL|OCEAN#21.1_SL|OCEAN#21_SL|OCEAN#22_SL
east,2016-12-18,cso,4,BAY#300.1_SL|BAY#301.1_SL|BAY#301.2_SL|BAY#320_SL
east,2016-12-19,cso,3,BAY#300.1_SL|BAY#301.1_SL|BAY#320_SL
east,2016-12-20,cso,3,BAY#300.1_SL|BAY#301.1_SL
east,2016-12-21,cso,3,BAY#300.1_SL|BAY#301.1_SL
east,2016-12-22,cso,2,BAY#300.1_SL
east,2016-12-23,cso,1,BAY#320_SL
north,2016-12-23,cso,4,BAY#202.4_SL|BAY#202.5_SL|BAY#210.1_SL|BAY#211_SL
ocean,2016-12-23,cso,1,OCEAN#22_SL
east,2016-12-24,cso,1,BAY#320_SL
north,2016-12-24,cso,4,BAY#202.4_SL|BAY#202.5_SL|BAY#210.1_SL|BAY#211_SL
ocean,2016-12-24,cso,1,OCEAN#22_SL
east,2016-12-25,cso,1,BAY#320_SL
ocean,2016-12-25,cso,1,OCEAN#22_SL
east,2016-12-26,cso,1,BAY#320_SL
east,2017-01-04,other,2,BAY#300.1_SL|BAY#301.1_SL
east,2017-01-05,other,2,BAY#300.1_SL|BAY#301.1_SL
east,2017-01-06,other,1,BAY#301.1_SL
east,2017-01-08,cso,1,BAY#320_SL
ocean,2017-01-08,cso,6,OCEAN#18_SL|OCEAN#19_SL|OCEAN#20_SL|OCEAN#21.1_SL|OCEAN#21_SL|OCEAN#22_SL
baker_china,2017-01-09,cso,3,OCEAN#15EAST_SL|OCEAN#15_SL|OCEAN#16_SL
east,2017-01-09,cso,1,BAY#320_SL
ocean,2017-01-09,cso,6,OCEAN#18_SL|OCEAN#19_SL|OCEAN#20_SL|OCEAN#21.1_SL|OCEAN#21_SL|OCEAN#22_SL
baker_china,2017-01-10,cso,3,OCEAN#15EAST_SL|OCEAN#15_SL|OCEAN#16_SL
east,2017-01-10,cso,3,BAY#300.1_SL|BAY#301.1_SL|BAY#320_SL
north,2017-01-10,other,1,BAY#202.4_SL
ocean,2017-01-10,cso,6,OCEAN#18_SL|OCEAN#19_SL|OCEAN#20_SL|OCEAN#21.1_SL|OCEAN#21_SL|OCEAN#22_SL
baker_china,2017-01-11,cso,3,OCEAN#15EAST_SL|OCEAN#15_SL|OCEAN#16_SL
east,2017-01-11,cso,4,BAY#300.1_SL|BAY#301.1_SL|BAY#301.2_SL|BAY#320_SL
north,2017-01-11,cso,4,BAY#202.4_SL|BAY#202.5_SL|BAY#210.1_SL|BAY#211_SL
ocean,2017-01-11,cso,6,OCEAN#18_SL|OCEAN#19_SL|OCEAN#20_SL|OCEAN#21.1_SL|OCEAN#21_SL|OCEAN#22_SL
baker_china,2017-01-12,cso,3,OCEAN#15EAST_SL|OCEAN#15_SL|OCEAN#16_SL
east,2017-01-12,cso,4,BAY#300.1_SL|BAY#301.1_SL|BAY#301.2_SL|BAY#320_SL
north,2017-01-12,cso,4,BAY#202.4_SL|BAY#202.5_SL|BAY#210.1_SL|BAY#211_SL
ocean,2017-01-12,cso,6,OCEAN#18_SL|OCEAN#19_SL|OCEAN#20_SL|OCEAN#21.1_SL|OCEAN#21_SL|OCEAN#22_SL
baker_china,2017-01-13,cso,2,OCEAN#15EAST_SL|OCEAN#15_SL
east,2017-01-13,cso,3,BAY#300.1_SL|BAY#301.1_SL|BAY#320_SL
north,2017-01-13,cso,3,BAY#202.4_SL|BAY#210.1_SL|BAY#211_SL
ocean,2017-01-13,cso,1,OCEAN#19_SL
east,2017-01-14,cso,2,BAY#301.1_SL|BAY#320_SL
ocean,2017-01-14,cso,1,OCEAN#19_SL
east,2017-01-15,cso,1,BAY#320_SL
north,2017-01-18,other,1,BAY#202.5_SL
baker_china,2017-01-19,cso,3,OCEAN#15EAST_SL|OCEAN#15_SL|OCEAN#16_SL
east,2017-01-19,cso,2,BAY#300.1_SL|BAY#320_SL
north,2017-01-19,other,1,BAY#202.5_SL
baker_china,2017-01-20,cso,6,OCEAN#15EAST_SL|OCEAN#15_SL|OCEAN#16_SL
east,2017-01-20,cso,3,BAY#300.1_SL|BAY#301.2_SL|BAY#320_SL
north,2017-01-20,cso,4,BAY#202.4_SL|BAY#202.5_SL|BAY#210.1_SL|BAY#211_SL
ocean,2017-01-20,cso,4,OCEAN#20_SL|OCEAN#21.1_SL|OCEAN#21_SL|OCEAN#22_SL
baker_china,2017-01-21,cso,3,OCEAN#15EAST_SL|OCEAN#15_SL|OCEAN#16_SL
east,2017-01-21,cso,3,BAY#300.1_SL|BAY#301.2_SL|BAY#320_SL
north,2017-01-21,cso,4,BAY#202.4_SL|BAY#202.5_SL|BAY#210.1_SL|BAY#211_SL
ocean,2017-01-21,cso,4,OCEAN#20_SL|OCEAN#21.1_SL|OCEAN#21_SL|OCEAN#22_SL
baker_china,2017-01-22,cso,3,OCEAN#15EAST_SL|OCEAN#15_SL|OCEAN#16_SL
east,2017-01-22,cso,3,BAY#300.1_SL|BAY#320_SL
ocean,2017-01-22,cso,1,OCEAN#22_SL
baker_china,2017-01-23,cso,3,OCEAN#15EAST_SL|OCEAN#15_SL|OCEAN#16_SL
east,2017-01-23,cso,2,BAY#300.1_SL|BAY#320_SL
east,2017-01-24,cso,2,BAY#301.1_SL|BAY#320_SL
east,2017-01-25,cso,2,BAY#301.1_SL|BAY#320_SL
east,2017-01-26,cso,1,BAY#320_SL
baker_china,2017-02-07,cso,3,OCEAN#15EAST_SL|OCEAN#15_SL|OCEAN#16_SL
east,2017-02-07,cso,3,BAY#300.1_SL|BAY#301.1_SL|BAY#320_SL
north,2017-02-07,cso,4,BAY#202.4_SL|BAY#202.5_SL|BAY#210.1_SL|BAY#211_SL
ocean,2017-02-07,cso,6,OCEAN#18_SL|OCEAN#19_SL|OCEAN#20_SL|OCEAN#21.1_SL|OCEAN#21_SL|OCEAN#22_SL
baker_china,2017-02-08,cso,3,OCEAN#15EAST_SL|OCEAN#15_SL|OCEAN#16_SL
east,2017-02-08,cso,3,BAY#300.1_SL|BAY#301.1_SL|BAY#320_SL
north,2017-02-08,cso,4,BAY#202.4_SL|BAY#202.5_SL|BAY#210.1_SL|BAY#211_SL
ocean,2017-02-08,cso,6,OCEAN#18_SL|OCEAN#19_SL|OCEAN#20_SL|OCEAN#21.1_SL|OCEAN#21_SL|OCEAN#22_SL
baker_china,2017-02-09,cso,3,OCEAN#15EAST_SL|OCEAN#15_SL|OCEAN#16_SL
east,2017-02-09,cso,3,BAY#300.1_SL|BAY#301.1_SL|BAY#320_SL
north,2017-02-09,cso,2,BAY#202.4_SL|BAY#210.1_SL
ocean,2017-02-09,cso,5,OCEAN#18_SL|OCEAN#19_SL|OCEAN#20_SL|OCEAN#21.1_SL|OCEAN#21_SL
east,2017-02-10,cso,3,BAY#300.1_SL|BAY#301.1_SL|BAY#320_SL
ocean,2017-02-10,cso,1,OCEAN#21.1_SL
east,2017-02-11,cso,2,BAY#300.1_SL|BAY#320_SL
east,2017-02-12,cso,2,BAY#300.1_SL|BAY#320_SL
north,2017-02-14,other,1,BAY#202.4_SL
north,2017-02-15,other,1,BAY#202.4_SL
baker_china,2017-02-18,cso,3,OCEAN#15EAST_SL|OCEAN#15_SL|OCEAN#16_SL
baker_china,2017-02-19,cso,3,OCEAN#15EAST_SL|OCEAN#15_SL|OCEAN#16_SL
baker_china,2017-02-20,cso,4,OCEAN#15EAST_SL|OCEAN#15_SL|OCEAN#16_SL
north,2017-02-20,cso,4,BAY#202.4_SL|BAY#202.5_SL|BAY#210.1_SL|BAY#211_SL
ocean,2017-02-20,cso,6,OCEAN#18_SL|OCEAN#19_SL|OCEAN#20_SL|OCEAN#21.1_SL|OCEAN#21_SL|OCEAN#22_SL
baker_china,2017-02-21,cso,4,OCEAN#15EAST_SL|OCEAN#15_SL|OCEAN#16_SL
east,2017-02-21,cso,1,BAY#320_SL
north,2017-02-21,cso,4,BAY#202.4_SL|BAY#202.5_SL|BAY#210.1_SL|BAY#211_SL
ocean,2017-02-21,cso,6,OCEAN#18_SL|OCEAN#19_SL|OCEAN#20_SL|OCEAN#21.1_SL|OCEAN#21_SL|OCEAN#22_SL
baker_china,2017-02-22,other,1,OCEAN#17_SL
east,2017-02-22,cso,3,BAY#300.1_SL|BAY#301.1_SL|BAY#320_SL
north,2017-02-22,cso,4,BAY#202.4_SL|BAY#202.5_SL|BAY#210.1_SL|BAY#211_SL
ocean,2017-02-22,cso,6,OCEAN#18_SL|OCEAN#19_SL|OCEAN#20_SL|OCEAN#21.1_SL|OCEAN#21_SL|OCEAN#22_SL
baker_china,2017-02-23,other,1,OCEAN#17_SL
east,2017-02-23,cso,3,BAY#300.1_SL|BAY#301.1_SL|BAY#320_SL
north,2017-02-23,cso,3,BAY#202.4_SL|BAY#210.1_SL|BAY#211_SL
east,2017-02-24,cso,1,BAY#320_SL
east,2017-02-25,cso,1,BAY#320_SL
east,2017-02-26,cso,1,BAY#320_SL
east,2017-02-27,other,1,BAY#320_SL
east,2017-02-28,other,1,BAY#320_SL
east,2017-03-01,other,1,BAY#320_SL
east,2017-03-02,other,1,BAY#320_SL
east,2017-03-03,other,1,BAY#320_SL
baker_china,2017-03-05,cso,3,OCEAN#15EAST_SL|OCEAN#15_SL|OCEAN#16_SL
east,2017-03-05,cso,1,BAY#320_SL
ocean,2017-03-05,cso,6,OCEAN#18_SL|OCEAN#19_SL|OCEAN#20_SL|OCEAN#21.1_SL|OCEAN#21_SL|OCEAN#22_SL
baker_china,2017-03-06,cso,3,OCEAN#15EAST_SL|OCEAN#15_SL|OCEAN#16_SL
east,2017-03-06,cso,1,BAY#320_SL
ocean,2017-03-06,cso,6,OCEAN#18_SL|OCEAN#19_SL|OCEAN#20_SL|OCEAN#21.1_SL|OCEAN#21_SL|OCEAN#22_SL
east,2017-03-07,cso,1,BAY#320_SL
ocean,2017-03-07,cso,3,OCEAN#19_SL|OCEAN#21.1_SL|OCEAN#21_SL
east,2017-03-08,cso,1,BAY#320_SL
ocean,2017-03-08,cso,1,OCEAN#21_SL
east,2017-03-09,cso,1,BAY#320_SL
east,2017-03-17,other,1,BAY#320_SL
east,2017-03-18,other,1,BAY#320_SL
east,2017-03-19,other,1,BAY#320_SL
baker_china,2017-03-21,cso,3,OCEAN#15EAST_SL|OCEAN#15_SL|OCEAN#16_SL
east,2017-03-21,cso,1,BAY#320_SL
north,2017-03-21,cso,4,BAY#202.4_SL|BAY#202.5_SL|BAY#210.1_SL|BAY#211_SL
ocean,2017-03-21,cso,6,OCEAN#18_SL|OCEAN#19_SL|OCEAN#20_SL|OCEAN#21.1_SL|OCEAN#21_SL|OCEAN#22_SL
baker_china,2017-03-22,cso,3,OCEAN#15EAST_SL|OCEAN#15_SL|OCEAN#16_SL
east,2017-03-22,cso,2,BAY#301.1_SL|BAY#320_SL
north,2017-03-22,cso,4,BAY#202.4_SL|BAY#202.5_SL|BAY#210.1_SL|BAY#211_SL
ocean,2017-03-22,cso,6,OCEAN#18_SL|OCEAN#19_SL|OCEAN#20_SL|OCEAN#21.1_SL|OCEAN#21_SL|OCEAN#22_SL
baker_china,2017-03-23,cso,3,OCEAN#15EAST_SL|OCEAN#15_SL|OCEAN#16_SL
east,2017-03-23,cso,2,BAY#301.1_SL|BAY#320_SL
north,2017-03-23,cso,1,BAY#202.4_SL
ocean,2017-03-23,cso,1,OCEAN#19_SL
baker_china,2017-03-24,cso,1,OCEAN#17_SL
east,2017-03-24,cso,1,BAY#320_SL
baker_china,2017-03-25,cso,1,OCEAN#17_SL
east,2017-03-25,cso,1,BAY#320_SL
east,2017-04-05,other,1,BAY#320_SL
east,2017-04-06,other,1,BAY#320_SL
east,2017-04-07,other,1,BAY#320_SL
north,2017-04-07,cso,4,BAY#202.4_SL|BAY#202.5_SL|BAY#210.1_SL|BAY#211_SL
ocean,2017-04-07,cso,6,OCEAN#18_SL|OCEAN#19_SL|OCEAN#20_SL|OCEAN#21.1_SL|OCEAN#21_SL|OCEAN#22_SL
east,2017-04-08,other,1,BAY#320_SL
north,2017-04-08,cso,4,BAY#202.4_SL|BAY#202.5_SL|BAY#210.1_SL|BAY#211_SL
ocean,2017-04-08,cso,6,OCEAN#18_SL|OCEAN#19_SL|OCEAN#20_SL|OCEAN#21.1_SL|OCEAN#21_SL|OCEAN#22_SL
east,2017-04-09,other,1,BAY#320_SL
north,2017-04-09,cso,2,BAY#210.1_SL|BAY#211_SL
ocean,2017-04-09,cso,1,OCEAN#19_SL
east,2017-04-10,other,1,BAY#320_SL
east,2017-04-11,other,3,BAY#300.1_SL|BAY#301.2_SL|BAY#320_SL
east,2017-04-12,other,3,BAY#300.1_SL|BAY#301.2_SL|BAY#320_SL
east,2017-04-13,other,2,BAY#300.1_SL|BAY#320_SL
east,2017-04-14,other,2,BAY#300.1_SL|BAY#320_SL
east,2017-04-15,other,2,BAY#300.1_SL|BAY#320_SL
east,2017-04-16,other,2,BAY#300.1_SL|BAY#320_SL
east,2017-04-17,other,1,BAY#320_SL
east,2017-04-18,other,1,BAY#320_SL
east,2017-04-19,other,1,BAY#320_SL
east,2017-04-20,other,1,BAY#320_SL
east,2017-04-21,other,1,BAY#320_SL
east,2017-04-22,other,1,BAY#320_SL
east,2017-04-23,other,1,BAY#320_SL
east,2017-04-24,other,1,BAY#320_SL
east,2017-04-25,other,1,BAY#320_SL
east,2017-04-26,other,1,BAY#320_SL
east,2017-04-27,other,1,BAY#320_SL
east,2017-04-28,other,1,BAY#320_SL
east,2017-04-29,other,1,BAY#320_SL
east,2017-04-30,other,1,BAY#320_SL
east,2017-05-01,other,1,BAY#320_SL
east,2017-05-23,other,1,BAY#301.1_SL
east,2017-05-24,other,1,BAY#301.1_SL
baker_china,2017-08-01,other,1,OCEAN#15_SL
baker_china,2017-08-02,other,1,OCEAN#15_SL
baker_china,2017-08-22,other,1,OCEAN#15_SL
baker_china,2017-08-23,other,1,OCEAN#15_SL
east,2017-09-14,other,1,BAY#320_SL
east,2017-09-15,other,1,BAY#320_SL
baker_china,2017-10-03,other,1,OCEAN#15_SL
east,2017-10-03,other,1,BAY#301.2_SL
baker_china,2017-10-04,other,1,OCEAN#15_SL
east,2017-10-04,other,1,BAY#301.2_SL
east,2017-10-17,other,1,BAY#301.1_SL
east,2017-10-18,other,1,BAY#301.1_SL
east,2017-10-20,other,1,BAY#320_SL
east,2017-10-21,other,1,BAY#320_SL
east,2017-10-22,other,1,BAY#320_SL
east,2017-10-31,other,1,BAY#301.1_SL
east,2017-11-01,other,1,BAY#301.1_SL
east,2017-11-02,other,1,BAY#301.1_SL
east,2017-11-03,other,1,BAY#301.1_SL
east,2017-11-07,other,2,BAY#301.1_SL|BAY#301.2_SL
east,2017-11-08,other,2,BAY#301.1_SL|BAY#301.2_SL
east,2017-11-09,other,1,BAY#301.1_SL
east,2017-11-10,other,1,BAY#301.1_SL
east,2017-11-11,other,1,BAY#301.1_SL
baker_china,2017-11-14,other,1,OCEAN#15_SL
east,2017-11-14,other,2,BAY#300.1_SL|BAY#301.1_SL
baker_china,2017-11-15,other,1,OCEAN#15_SL
east,2017-11-15,other,2,BAY#300.1_SL|BAY#301.1_SL
baker_china,2017-11-16,cso,3,OCEAN#15EAST_SL|OCEAN#15_SL|OCEAN#16_SL
east,2017-11-16,cso,4,BAY#220_SL|BAY#300.1_SL|BAY#301.1_SL|BAY#320_SL
north,2017-11-16,cso,4,BAY#202.4_SL|BAY#202.5_SL|BAY#210.1_SL|BAY#211_SL
ocean,2017-11-16,cso,6,OCEAN#18_SL|OCEAN#19_SL|OCEAN#20_SL|OCEAN#21.1_SL|OCEAN#21_SL|OCEAN#22_SL
baker_china,2017-11-17,cso,3,OCEAN#15EAST_SL|OCEAN#15_SL|OCEAN#16_SL
east,2017-11-17,cso,2,BAY#220_SL|BAY#320_SL
north,2017-11-17,cso,4,BAY#202.4_SL|BAY#202.5_SL|BAY#210.1_SL|BAY#211_SL
ocean,2017-11-17,cso,6,OCEAN#18_SL|OCEAN#19_SL|OCEAN#20_SL|OCEAN#21.1_SL|OCEAN#21_SL|OCEAN#22_SL
baker_china,2017-11-18,cso,3,OCEAN#15EAST_SL|OCEAN#15_SL|OCEAN#16_SL
east,2017-11-18,cso,2,BAY#220_SL|BAY#320_SL
north,2017-11-18,cso,3,BAY#202.4_SL|BAY#202.5_SL|BAY#211_SL
ocean,2017-11-18,cso,6,OCEAN#18_SL|OCEAN#19_SL|OCEAN#20_SL|OCEAN#21.1_SL|OCEAN#21_SL|OCEAN#22_SL
east,2017-11-19,cso,2,BAY#220_SL|BAY#320_SL
east,2017-11-20,cso,2,BAY#220_SL|BAY#320_SL
east,2017-11-21,cso,1,BAY#320_SL
north,2017-11-21,other,1,BAY#202.4_SL
north,2017-11-22,other,1,BAY#202.4_SL
baker_china,2017-12-05,other,1,OCEAN#15_SL
baker_china,2017-12-06,other,1,OCEAN#15_SL
baker_china,2017-12-07,other,1,OCEAN#15_SL
baker_china,2017-12-27,other,1,OCEAN#15_SL
baker_china,2017-12-28,other,1,OCEAN#15_SL
baker_china,2018-01-03,other,1,OCEAN#15_SL
east,2018-01-03,other,1,BAY#301.1_SL
baker_china,2018-01-04,other,1,OCEAN#15_SL
east,2018-01-04,other,1,BAY#301.1_SL
baker_china,2018-01-05,other,1,OCEAN#15_SL
east,2018-01-08,cso,4,BAY#220_SL|BAY#300.1_SL|BAY#301.1_SL|BAY#320_SL
north,2018-01-08,cso,4,BAY#202.4_SL|BAY#202.5_SL|BAY#210.1_SL|BAY#211_SL
ocean,2018-01-08,cso,6,OCEAN#18_SL|OCEAN#19_SL|OCEAN#20_SL|OCEAN#21.1_SL|OCEAN#21_SL|OCEAN#22_SL
baker_china,2018-01-09,other,1,OCEAN#15_SL
east,2018-01-09,cso,5,BAY#220_SL|BAY#300.1_SL|BAY#301.1_SL|BAY#301.2_SL|BAY#320_SL
north,2018-01-09,cso,4,BAY#202.4_SL|BAY#202.5_SL|BAY#210.1_SL|BAY#211_SL
ocean,2018-01-09,cso,6,OCEAN#18_SL|OCEAN#19_SL|OCEAN#20_SL|OCEAN#21.1_SL|OCEAN#21_SL|OCEAN#22_SL
baker_china,2018-01-10,other,1,OCEAN#15_SL
east,2018-01-10,cso,5,BAY#220_SL|BAY#300.1_SL|BAY#301.1_SL|BAY#301.2_SL|BAY#320_SL
north,2018-01-10,cso,4,BAY#202.4_SL|BAY#202.5_SL|BAY#210.1_SL
ocean,2018-01-10,cso,5,OCEAN#19_SL|OCEAN#20_SL|OCEAN#21.1_SL|OCEAN#21_SL|OCEAN#22_SL
baker_china,2018-01-11,other,1,OCEAN#15_SL
east,2018-01-11,cso,4,BAY#220_SL|BAY#301.1_SL|BAY#301.2_SL|BAY#320_SL
north,2018-01-11,cso,2,BAY#202.4_SL|BAY#202.5_SL
ocean,2018-01-11,cso,3,OCEAN#19_SL|OCEAN#21.1_SL|OCEAN#21_SL
baker_china,2018-01-12,other,1,OCEAN#15_SL
east,2018-01-12,cso,2,BAY#301.1_SL|BAY#320_SL
north,2018-01-12,cso,1,BAY#202.5_SL
ocean,2018-01-12,cso,1,OCEAN#21_SL
baker_china,2018-01-13,other,1,OCEAN#15_SL
east,2018-01-13,cso,2,BAY#301.1_SL|BAY#320_SL
east,2018-01-14,cso,1,BAY#301.1_SL
north,2018-01-17,other,1,BAY#202.4_SL
north,2018-01-18,other,1,BAY#202.4_SL
north,2018-01-19,other,1,BAY#202.4_SL
north,2018-01-20,other,1,BAY#202.4_SL
baker_china,2018-01-23,other,1,OCEAN#15_SL
east,2018-01-23,other,1,BAY#220_SL
baker_china,2018-01-24,cso,4,OCEAN#15EAST_SL|OCEAN#15_SL|OCEAN#16_SL
east,2018-01-24,other,1,BAY#220_SL
baker_china,2018-01-25,cso,3,OCEAN#15EAST_SL|OCEAN#15_SL|OCEAN#16_SL
baker_china,2018-01-26,cso,1,OCEAN#15_SL
east,2018-01-30,other,2,BAY#300.1_SL|BAY#301.1_SL
east,2018-01-31,other,2,BAY#300.1_SL|BAY#301.1_SL
north,2018-02-06,other,1,BAY#202.4_SL
north,2018-02-07,other,1,BAY#202.4_SL
north,2018-02-13,other,1,BAY#202.4_SL
north,2018-02-14,other,1,BAY#202.4_SL
east,2018-02-27,other,3,BAY#300.1_SL|BAY#301.1_SL|BAY#301.2_SL
north,2018-02-27,other,2,BAY#202.4_SL|BAY#211_SL
east,2018-02-28,other,3,BAY#300.1_SL|BAY#301.1_SL|BAY#301.2_SL
north,2018-02-28,other,2,BAY#202.4_SL|BAY#211_SL
baker_china,2018-03-01,cso,4,OCEAN#15EAST_SL|OCEAN#15_SL|OCEAN#16_SL|OCEAN#17_SL
east,2018-03-01,other,1,BAY#300.1_SL
baker_china,2018-03-02,cso,4,OCEAN#15EAST_SL|OCEAN#15_SL|OCEAN#16_SL|OCEAN#17_SL
east,2018-03-02,other,1,BAY#300.1_SL
baker_china,2018-03-03,cso,2,OCEAN#15EAST_SL|OCEAN#15_SL
east,2018-03-03,other,1,BAY#300.1_SL
baker_china,2018-03-04,cso,2,OCEAN#15EAST_SL|OCEAN#15_SL
baker_china,2018-03-05,cso,2,OCEAN#15EAST_SL|OCEAN#15_SL
baker_china,2018-03-06,cso,2,OCEAN#15EAST_SL|OCEAN#15_SL
east,2018-03-13,other,1,BAY#320_SL
east,2018-03-14,other,1,BAY#320_SL
east,2018-03-15,other,1,BAY#320_SL
baker_china,2018-04-03,other,3,OCEAN#15EAST_SL|OCEAN#15_SL|OCEAN#16_SL
baker_china,2018-04-04,other,3,OCEAN#15EAST_SL|OCEAN#15_SL|OCEAN#16_SL
east,2018-04-06,cso,1,BAY#220_SL
baker_china,2018-04-07,cso,3,OCEAN#15EAST_SL|OCEAN#15_SL|OCEAN#16_SL
east,2018-04-07,cso,5,BAY#220_SL|BAY#300.1_SL|BAY#301.1_SL|BAY#301.2_SL|BAY#320_SL
north,2018-04-07,cso,4,BAY#202.4_SL|BAY#202.5_SL|BAY#210.1_SL|BAY#211_SL
ocean,2018-04-07,cso,6,OCEAN#18_SL|OCEAN#19_SL|OCEAN#20_SL|OCEAN#21.1_SL|OCEAN#21_SL|OCEAN#22_SL
baker_china,2018-04-08,cso,3,OCEAN#15EAST_SL|OCEAN#15_SL|OCEAN#16_SL
east,2018-04-08,cso,5,BAY#220_SL|BAY#300.1_SL|BAY#301.1_SL|BAY#301.2_SL|BAY#320_SL
north,2018-04-08,cso,4,BAY#202.4_SL|BAY#202.5_SL|BAY#210.1_SL|BAY#211_SL
ocean,2018-04-08,cso,6,OCEAN#18_SL|OCEAN#19_SL|OCEAN#20_SL|OCEAN#21.1_SL|OCEAN#21_SL|OCEAN#22_SL
baker_china,2018-04-09,cso,2,OCEAN#15_SL|OCEAN#16_SL
east,2018-04-09,cso,5,BAY#220_SL|BAY#300.1_SL|BAY#301.1_SL|BAY#301.2_SL|BAY#320_SL
north,2018-04-09,cso,2,BAY#202.4_SL|BAY#202.5_SL
ocean,2018-04-09,cso,3,OCEAN#18_SL|OCEAN#19_SL|OCEAN#20_SL
baker_china,2018-04-10,cso,1,OCEAN#15_SL
east,2018-04-10,cso,2,BAY#301.1_SL|BAY#320_SL
east,2018-04-11,cso,1,BAY#301.1_SL
east,2018-04-12,cso,1,BAY#301.1_SL
east,2018-04-13,cso,1,BAY#301.1_SL
east,2018-04-14,cso,1,BAY#301.1_SL
east,2018-04-15,cso,1,BAY#301.1_SL
east,2018-04-16,cso,1,BAY#301.1_SL
east,2018-04-17,cso,2,BAY#301.1_SL|BAY#320_SL
north,2018-04-17,other,1,BAY#202.5_SL
east,2018-04-18,cso,2,BAY#301.1_SL|BAY#320_SL
north,2018-04-18,other,1,BAY#202.5_SL
east,2018-04-24,other,1,BAY#301.1_SL
east,2018-04-25,other,1,BAY#301.1_SL
baker_china,2018-05-01,other,1,OCEAN#15_SL
baker_china,2018-05-02,other,1,OCEAN#15_SL
east,2018-05-15,other,2,BAY#300.1_SL|BAY#301.1_SL
east,2018-05-16,other,2,BAY#300.1_SL|BAY#301.1_SL
east,2018-05-17,other,1,BAY#300.1_SL
east,2018-06-12,other,1,BAY#301.2_SL
baker_china,2018-07-24,other,1,OCEAN#15_SL
baker_china,2018-07-25,other,1,OCEAN#15_SL
east,2018-08-07,other,1,BAY#301.1_SL
east,2018-08-08,other,1,BAY#301.1_SL
east,2018-08-14,other,1,BAY#320_SL
east,2018-08-15,other,1,BAY#320_SL
east,2018-08-16,other,1,BAY#320_SL
east,2018-08-17,other,1,BAY#320_SL
east,2018-08-18,other,1,BAY#320_SL
east,2018-08-19,other,1,BAY#320_SL
east,2018-08-20,other,1,BAY#320_SL
north,2018-08-21,other,1,BAY#211_SL
north,2018-08-22,other,1,BAY#211_SL
east,2018-08-29,other,1,BAY#300.1_SL
east,2018-10-02,other,2,BAY#220_SL|BAY#301.1_SL
north,2018-10-02,other,1,BAY#211_SL
east,2018-10-03,other,2,BAY#220_SL|BAY#301.1_SL
north,2018-10-03,other,1,BAY#211_SL
east,2018-10-18,other,1,BAY#320_SL
east,2018-10-19,other,1,BAY#320_SL
east,2018-10-20,other,1,BAY#320_SL
east,2018-10-21,other,1,BAY#320_SL
east,2018-10-22,other,1,BAY#320_SL
east,2018-10-23,other,1,BAY#320_SL
east,2018-10-24,other,1,BAY#320_SL
east,2018-10-25,other,1,BAY#320_SL
east,2018-10-26,other,1,BAY#320_SL
east,2018-10-27,other,1,BAY#320_SL
east,2018-10-28,other,1,BAY#320_SL
east,2018-10-29,other,1,BAY#320_SL
baker_china,2018-10-30,other,1,OCEAN#15_SL
east,2018-10-30,other,1,BAY#320_SL
baker_china,2018-10-31,other,1,OCEAN#15_SL
north,2018-11-19,other,1,BAY#202.4_SL
north,2018-11-20,other,1,BAY#202.4_SL
east,2018-11-21,cso,2,BAY#220_SL|BAY#320_SL
north,2018-11-21,cso,5,BAY#202.4_SL|BAY#202.5_SL|BAY#210.1_SL|BAY#211_SL
baker_china,2018-11-22,cso,3,OCEAN#15EAST_SL|OCEAN#15_SL|OCEAN#16_SL
east,2018-11-22,cso,2,BAY#220_SL|BAY#320_SL
north,2018-11-22,cso,4,BAY#202.4_SL|BAY#202.5_SL|BAY#210.1_SL|BAY#211_SL
ocean,2018-11-22,cso,6,OCEAN#18_SL|OCEAN#19_SL|OCEAN#20_SL|OCEAN#21.1_SL|OCEAN#21_SL|OCEAN#22_SL
baker_china,2018-11-23,cso,3,OCEAN#15EAST_SL|OCEAN#15_SL|OCEAN#16_SL
east,2018-11-23,cso,2,BAY#220_SL|BAY#320_SL
north,2018-11-23,cso,3,BAY#202.4_SL|BAY#202.5_SL|BAY#210.1_SL
ocean,2018-11-23,cso,6,OCEAN#18_SL|OCEAN#19_SL|OCEAN#20_SL|OCEAN#21.1_SL|OCEAN#21_SL|OCEAN#22_SL
baker_china,2018-11-24,cso,3,OCEAN#15EAST_SL|OCEAN#15_SL|OCEAN#16_SL
east,2018-11-24,cso,2,BAY#220_SL|BAY#320_SL
north,2018-11-24,cso,1,BAY#202.5_SL
ocean,2018-11-24,cso,6,OCEAN#18_SL|OCEAN#19_SL|OCEAN#20_SL|OCEAN#21.1_SL|OCEAN#21_SL|OCEAN#22_SL
baker_china,2018-11-25,cso,1,OCEAN#15_SL
east,2018-11-25,cso,2,BAY#220_SL|BAY#320_SL
ocean,2018-11-25,cso,6,OCEAN#18_SL|OCEAN#19_SL|OCEAN#20_SL|OCEAN#21.1_SL|OCEAN#21_SL|OCEAN#22_SL
baker_china,2018-11-26,cso,1,OCEAN#15_SL
east,2018-11-26,cso,2,BAY#220_SL|BAY#320_SL
ocean,2018-11-26,cso,2,OCEAN#20_SL|OCEAN#21_SL
east,2018-11-27,cso,1,BAY#320_SL
north,2018-11-27,other,1,BAY#202.4_SL
ocean,2018-11-27,cso,1,OCEAN#21_SL
east,2018-11-28,cso,1,BAY#320_SL
baker_china,2018-11-29,cso,3,OCEAN#15EAST_SL|OCEAN#15_SL|OCEAN#16_SL
east,2018-11-29,cso,3,BAY#220_SL|BAY#301.2_SL|BAY#320_SL
north,2018-11-29,cso,4,BAY#202.4_SL|BAY#202.5_SL|BAY#210.1_SL|BAY#211_SL
ocean,2018-11-29,cso,6,OCEAN#18_SL|OCEAN#19_SL|OCEAN#20_SL|OCEAN#21.1_SL|OCEAN#21_SL|OCEAN#22_SL
baker_china,2018-11-30,cso,3,OCEAN#15EAST_SL|OCEAN#15_SL|OCEAN#16_SL
east,2018-11-30,cso,3,BAY#220_SL|BAY#301.2_SL|BAY#320_SL
north,2018-11-30,cso,4,BAY#202.4_SL|BAY#202.5_SL|BAY#210.1_SL|BAY#211_SL
ocean,2018-11-30,cso,6,OCEAN#18_SL|OCEAN#19_SL|OCEAN#20_SL|OCEAN#21.1_SL|OCEAN#21_SL|OCEAN#22_SL
east,2018-12-01,cso,3,BAY#220_SL|BAY#301.2_SL|BAY#320_SL
north,2018-12-01,cso,2,BAY#202.4_SL|BAY#202.5_SL
east,2018-12-02,cso,2,BAY#220_SL|BAY#320_SL
north,2018-12-02,cso,1,BAY#202.5_SL
east,2018-12-03,cso,2,BAY#220_SL|BAY#320_SL
north,2018-12-03,cso,1,BAY#202.5_SL
east,2018-12-04,other,1,BAY#301.2_SL
east,2018-12-05,other,1,BAY#301.2_SL
baker_china,2018-12-17,cso,3,OCEAN#15EAST_SL|OCEAN#15_SL|OCEAN#16_SL
east,2018-12-17,cso,2,BAY#220_SL|BAY#301.2_SL
baker_china,2018-12-18,cso,3,OCEAN#15EAST_SL|OCEAN#15_SL|OCEAN#16_SL
east,2018-12-18,cso,4,BAY#220_SL|BAY#300.1_SL|BAY#301.1_SL|BAY#301.2_SL
baker_china,2018-12-19,cso,3,OCEAN#15EAST_SL|OCEAN#15_SL|OCEAN#16_SL
east,2018-12-19,cso,4,BAY#220_SL|BAY#300.1_SL|BAY#301.1_SL|BAY#301.2_SL
baker_china,2018-12-20,cso,1,OCEAN#16_SL
east,2018-12-25,other,1,BAY#301.1_SL
east,2018-12-26,other,1,BAY#301.1_SL
east,2019-01-06,cso,2,BAY#220_SL|BAY#320_SL
north,2019-01-06,cso,4,BAY#202.4_SL|BAY#202.5_SL|BAY#210.1_SL|BAY#211_SL
ocean,2019-01-06,cso,6,OCEAN#18_SL|OCEAN#19_SL|OCEAN#20_SL|OCEAN#21.1_SL|OCEAN#21_SL|OCEAN#22_SL
east,2019-01-07,cso,2,BAY#220_SL|BAY#320_SL
north,2019-01-07,cso,4,BAY#202.4_SL|BAY#202.5_SL|BAY#210.1_SL|BAY#211_SL
ocean,2019-01-07,cso,6,OCEAN#18_SL|OCEAN#19_SL|OCEAN#20_SL|OCEAN#21.1_SL|OCEAN#21_SL|OCEAN#22_SL
east,2019-01-08,cso,4,BAY#220_SL|BAY#300.1_SL|BAY#301.1_SL|BAY#320_SL
north,2019-01-08,cso,4,BAY#202.4_SL|BAY#202.5_SL|BAY#210.1_SL|BAY#211_SL
ocean,2019-01-08,cso,6,OCEAN#18_SL|OCEAN#19_SL|OCEAN#20_SL|OCEAN#21.1_SL|OCEAN#21_SL|OCEAN#22_SL
east,2019-01-09,cso,4,BAY#220_SL|BAY#300.1_SL|BAY#301.1_SL|BAY#320_SL
east,2019-01-10,cso,3,BAY#300.1_SL|BAY#301.1_SL|BAY#320_SL
east,2019-01-11,cso,3,BAY#300.1_SL|BAY#301.1_SL|BAY#320_SL
east,2019-01-12,cso,2,BAY#300.1_SL|BAY#320_SL
east,2019-01-13,other,1,BAY#300.1_SL
east,2019-01-14,other,1,BAY#300.1_SL
east,2019-01-15,other,1,BAY#301.1_SL
east,2019-01-16,cso,2,BAY#220_SL|BAY#301.1_SL
baker_china,2019-01-17,cso,4,OCEAN#15EAST_SL|OCEAN#15_SL|OCEAN#16_SL|OCEAN#17_SL
east,2019-01-17,cso,5,BAY#220_SL|BAY#300.1_SL|BAY#301.1_SL|BAY#301.2_SL|BAY#320_SL
ocean,2019-01-17,cso,6,OCEAN#18_SL|OCEAN#19_SL|OCEAN#20_SL|OCEAN#21.1_SL|OCEAN#21_SL|OCEAN#22_SL
baker_china,2019-01-18,cso,4,OCEAN#15EAST_SL|OCEAN#15_SL|OCEAN#16_SL|OCEAN#17_SL
east,2019-01-18,cso,4,BAY#220_SL|BAY#301.1_SL|BAY#301.2_SL|BAY#320_SL
ocean,2019-01-18,cso,6,OCEAN#18_SL|OCEAN#19_SL|OCEAN#20_SL|OCEAN#21.1_SL|OCEAN#21_SL|OCEAN#22_SL
baker_china,2019-01-19,cso,1,OCEAN#17_SL
east,2019-01-19,cso,3,BAY#220_SL|BAY#301.1_SL|BAY#320_SL
ocean,2019-01-19,cso,3,OCEAN#20_SL|OCEAN#21_SL|OCEAN#22_SL
baker_china,2019-01-20,cso,1,OCEAN#17_SL
east,2019-01-20,cso,3,BAY#220_SL|BAY#301.1_SL|BAY#320_SL
east,2019-01-21,cso,1,BAY#320_SL
north,2019-01-29,other,1,BAY#211_SL
north,2019-01-30,other,1,BAY#211_SL
east,2019-01-31,cso,1,BAY#220_SL
east,2019-02-01,cso,1,BAY#220_SL
baker_china,2019-02-02,cso,3,OCEAN#15EAST_SL|OCEAN#15_SL|OCEAN#16_SL
baker_china,2019-02-03,cso,3,OCEAN#15EAST_SL|OCEAN#15_SL|OCEAN#16_SL
east,2019-02-05,other,3,BAY#220_SL|BAY#301.2_SL|BAY#320_SL
east,2019-02-06,other,3,BAY#220_SL|BAY#301.2_SL|BAY#320_SL
baker_china,2019-02-13,cso,4,OCEAN#15EAST_SL|OCEAN#15_SL|OCEAN#16_SL|OCEAN#17_SL
east,2019-02-13,cso,5,BAY#220_SL|BAY#300.1_SL|BAY#301.1_SL|BAY#301.2_SL|BAY#320_SL
north,2019-02-13,cso,4,BAY#202.4_SL|BAY#202.5_SL|BAY#210.1_SL|BAY#211_SL
ocean,2019-02-13,cso,6,OCEAN#18_SL|OCEAN#19_SL|OCEAN#20_SL|OCEAN#21.1_SL|OCEAN#21_SL|OCEAN#22_SL
baker_china,2019-02-14,cso,4,OCEAN#15EAST_SL|OCEAN#15_SL|OCEAN#16_SL|OCEAN#17_SL
east,2019-02-14,cso,5,BAY#220_SL|BAY#300.1_SL|BAY#301.1_SL|BAY#301.2_SL|BAY#320_SL
north,2019-02-14,cso,4,BAY#202.4_SL|BAY#202.5_SL|BAY#210.1_SL|BAY#211_SL
ocean,2019-02-14,cso,6,OCEAN#18_SL|OCEAN#19_SL|OCEAN#20_SL|OCEAN#21.1_SL|OCEAN#21_SL|OCEAN#22_SL
baker_china,2019-02-15,cso,4,OCEAN#15EAST_SL|OCEAN#15_SL|OCEAN#16_SL|OCEAN#17_SL
east,2019-02-15,cso,5,BAY#220_SL|BAY#300.1_SL|BAY#301.1_SL|BAY#301.2_SL|BAY#320_SL
north,2019-02-15,cso,2,BAY#202.4_SL|BAY#202.5_SL
ocean,2019-02-15,cso,6,OCEAN#18_SL|OCEAN#19_SL|OCEAN#20_SL|OCEAN#21.1_SL|OCEAN#21_SL|OCEAN#22_SL
east,2019-02-16,cso,4,BAY#220_SL|BAY#300.1_SL|BAY#301.1_SL|BAY#320_SL
north,2019-02-16,cso,2,BAY#202.4_SL|BAY#202.5_SL
ocean,2019-02-16,cso,1,OCEAN#22_SL
east,2019-02-17,cso,4,BAY#220_SL|BAY#300.1_SL|BAY#301.1_SL|BAY#320_SL
east,2019-02-18,cso,2,BAY#220_SL|BAY#320_SL
east,2019-02-19,cso,1,BAY#220_SL
east,2019-02-20,other,1,BAY#320_SL
east,2019-02-21,other,1,BAY#320_SL
east,2019-02-26,other,2,BAY#300.1_SL|BAY#320_SL
ocean,2019-02-26,other,1,OCEAN#19_SL
baker_china,2019-02-27,cso,4,OCEAN#15EAST_SL|OCEAN#15_SL|OCEAN#16_SL|OCEAN#17_SL
east,2019-02-27,other,2,BAY#300.1_SL|BAY#320_SL
ocean,2019-02-27,other,1,OCEAN#19_SL
baker_china,2019-02-28,cso,4,OCEAN#15EAST_SL|OCEAN#15_SL|OCEAN#16_SL|OCEAN#17_SL
east,2019-02-28,other,2,BAY#300.1_SL|BAY#320_SL
east,2019-03-01,other,2,BAY#300.1_SL|BAY#320_SL
east,2019-03-02,other,1,BAY#320_SL
baker_china,2019-03-06,cso,4,OCEAN#15EAST_SL|OCEAN#15_SL|OCEAN#16_SL|OCEAN#17_SL
east,2019-03-06,cso,2,BAY#220_SL|BAY#320_SL
baker_china,2019-03-07,cso,4,OCEAN#15EAST_SL|OCEAN#15_SL|OCEAN#16_SL|OCEAN#17_SL
east,2019-03-07,cso,2,BAY#220_SL|BAY#320_SL
east,2019-03-08,cso,2,BAY#220_SL|BAY#320_SL
east,2019-03-09,cso,2,BAY#220_SL|BAY#320_SL
east,2019-03-10,cso,1,BAY#320_SL
east,2019-03-19,other,1,BAY#301.1_SL
east,2019-03-20,cso,2,BAY#220_SL|BAY#301.1_SL
east,2019-03-21,cso,1,BAY#220_SL
east,2019-03-22,cso,1,BAY#220_SL
east,2019-03-26,other,2,BAY#300.1_SL|BAY#301.1_SL
baker_china,2019-03-27,cso,3,OCEAN#15EAST_SL|OCEAN#15_SL|OCEAN#16_SL
east,2019-03-27,other,2,BAY#300.1_SL|BAY#301.1_SL
baker_china,2019-03-28,cso,3,OCEAN#15EAST_SL|OCEAN#15_SL|OCEAN#16_SL
east,2019-03-28,other,1,BAY#300.1_SL
baker_china,2019-03-29,cso,1,OCEAN#15_SL
east,2019-03-29,other,1,BAY#300.1_SL
east,2019-04-02,other,1,BAY#320_SL
north,2019-04-02,other,1,BAY#202.4_SL
east,2019-04-03,other,1,BAY#320_SL
north,2019-04-03,other,1,BAY#202.4_SL
north,2019-04-04,other,1,BAY#202.4_SL
east,2019-04-16,other,2,BAY#300.1_SL|BAY#301.1_SL
east,2019-04-17,other,2,BAY#300.1_SL|BAY#301.1_SL
east,2019-04-18,other,1,BAY#301.1_SL
east,2019-05-14,other,1,BAY#320_SL
east,2019-05-15,other,1,BAY#320_SL
east,2019-05-19,cso,1,BAY#301.2_SL
east,2019-05-20,cso,2,BAY#301.1_SL|BAY#301.2_SL
east,2019-05-21,cso,2,BAY#301.1_SL|BAY#301.2_SL
east,2019-06-11,other,1,BAY#301.2_SL
east,2019-06-12,other,1,BAY#301.2_SL
baker_china,2019-06-18,other,1,OCEAN#15_SL
baker_china,2019-06-19,other,1,OCEAN#15_SL
east,2019-06-25,other,2,BAY#220_SL|BAY#301.2_SL
east,2019-06-26,other,2,BAY#220_SL|BAY#301.2_SL
baker_china,2019-07-02,other,1,OCEAN#15_SL
north,2019-07-02,other,1,BAY#211_SL
baker_china,2019-07-03,other,1,OCEAN#15_SL
north,2019-07-03,other,1,BAY#211_SL
north,2019-07-04,other,1,BAY#211_SL
baker_china,2019-07-09,other,1,OCEAN#15_SL
baker_china,2019-07-10,other,1,OCEAN#15_SL
north,2019-09-17,other,1,BAY#202.5_SL
north,2019-09-18,other,1,BAY#202.5_SL
north,2019-10-01,other,2,BAY#202.4_SL|BAY#211_SL
north,2019-10-02,other,2,BAY#202.4_SL|BAY#211_SL
baker_china,2019-10-16,other,1,OCEAN#15_SL
east,2019-10-16,other,1,BAY#301.1_SL
north,2019-10-16,other,1,BAY#211_SL
baker_china,2019-10-17,other,1,OCEAN#15_SL
east,2019-10-17,other,1,BAY#301.1_SL
north,2019-10-17,other,1,BAY#211_SL
baker_china,2019-10-18,other,1,OCEAN#15_SL
east,2019-10-29,other,2,BAY#300.1_SL|BAY#301.1_SL
east,2019-10-30,other,2,BAY#300.1_SL|BAY#301.1_SL
east,2019-10-31,other,1,BAY#301.1_SL
east,2019-11-01,other,1,BAY#301.1_SL
north,2019-11-05,other,1,BAY#202.4_SL
north,2019-11-06,other,1,BAY#202.4_SL
north,2019-11-07,other,1,BAY#202.4_SL
east,2019-11-26,other,1,BAY#301.1_SL
north,2019-11-26,other,1,BAY#211_SL
baker_china,2019-11-27,cso,4,OCEAN#15EAST_SL|OCEAN#15_SL|OCEAN#16_SL|OCEAN#17_SL
east,2019-11-27,cso,3,BAY#220_SL|BAY#301.1_SL|BAY#320_SL
ocean,2019-11-27,cso,5,OCEAN#18_SL|OCEAN#20_SL|OCEAN#21.1_SL|OCEAN#21_SL|OCEAN#22_SL
baker_china,2019-11-28,cso,4,OCEAN#15EAST_SL|OCEAN#15_SL|OCEAN#16_SL|OCEAN#17_SL
east,2019-11-28,cso,2,BAY#220_SL|BAY#320_SL
ocean,2019-11-28,cso,5,OCEAN#18_SL|OCEAN#20_SL|OCEAN#21.1_SL|OCEAN#21_SL|OCEAN#22_SL
baker_china,2019-11-29,cso,3,OCEAN#15EAST_SL|OCEAN#16_SL|OCEAN#17_SL
east,2019-11-29,cso,2,BAY#220_SL|BAY#320_SL
ocean,2019-11-29,cso,3,OCEAN#20_SL|OCEAN#21_SL|OCEAN#22_SL
east,2019-11-30,cso,2,BAY#220_SL|BAY#320_SL
ocean,2019-11-30,cso,1,OCEAN#21_SL
east,2019-12-01,cso,2,BAY#220_SL|BAY#320_SL
east,2019-12-02,cso,2,BAY#320_SL
east,2019-12-03,other,3,BAY#220_SL|BAY#300.1_SL|BAY#301.1_SL
east,2019-12-04,other,3,BAY#220_SL|BAY#300.1_SL|BAY#301.1_SL
baker_china,2019-12-07,cso,4,OCEAN#15EAST_SL|OCEAN#15_SL|OCEAN#16_SL|OCEAN#17_SL
north,2019-12-07,cso,4,BAY#202.4_SL|BAY#202.5_SL|BAY#210.1_SL|BAY#211_SL
ocean,2019-12-07,cso,6,OCEAN#18_SL|OCEAN#19_SL|OCEAN#20_SL|OCEAN#21.1_SL|OCEAN#21_SL|OCEAN#22_SL
baker_china,2019-12-08,cso,4,OCEAN#15EAST_SL|OCEAN#15_SL|OCEAN#16_SL|OCEAN#17_SL
east,2019-12-08,cso,2,BAY#220_SL|BAY#320_SL
north,2019-12-08,cso,4,BAY#202.4_SL|BAY#202.5_SL|BAY#210.1_SL|BAY#211_SL
ocean,2019-12-08,cso,6,OCEAN#18_SL|OCEAN#19_SL|OCEAN#20_SL|OCEAN#21.1_SL|OCEAN#21_SL|OCEAN#22_SL
baker_china,2019-12-09,cso,4,OCEAN#15EAST_SL|OCEAN#15_SL|OCEAN#16_SL|OCEAN#17_SL
east,2019-12-09,cso,2,BAY#220_SL|BAY#320_SL
north,2019-12-09,cso,4,BAY#202.4_SL|BAY#202.5_SL|BAY#210.1_SL|BAY#211_SL
ocean,2019-12-09,cso,6,OCEAN#18_SL|OCEAN#19_SL|OCEAN#20_SL|OCEAN#21.1_SL|OCEAN#21_SL|OCEAN#22_SL
east,2019-12-10,cso,2,BAY#220_SL|BAY#320_SL
north,2019-12-10,cso,3,BAY#202.4_SL|BAY#210.1_SL|BAY#211_SL
ocean,2019-12-10,cso,1,OCEAN#19_SL
east,2019-12-11,cso,2,BAY#220_SL|BAY#320_SL
east,2019-12-12,cso,1,BAY#320_SL
east,2019-12-13,cso,1,BAY#320_SL
baker_china,2019-12-18,cso,3,OCEAN#15EAST_SL|OCEAN#15_SL|OCEAN#16_SL
ocean,2019-12-18,cso,1,OCEAN#22_SL
baker_china,2019-12-19,cso,3,OCEAN#15EAST_SL|OCEAN#15_SL|OCEAN#16_SL
ocean,2019-12-19,cso,1,OCEAN#22_SL
east,2019-12-24,other,3,BAY#300.1_SL|BAY#301.1_SL|BAY#320_SL
east,2019-12-25,other,3,BAY#300.1_SL|BAY#301.1_SL|BAY#320_SL
east,2019-12-30,cso,1,BAY#320_SL
east,2019-12-31,cso,1,BAY#320_SL
east,2020-01-01,other,1,BAY#300.1_SL
east,2020-01-02,other,1,BAY#300.1_SL
east,2020-01-08,other,1,BAY#300.1_SL
east,2020-01-09,other,1,BAY#300.1_SL
baker_china,2020-01-16,cso,1,OCEAN#17_SL
east,2020-01-16,cso,2,BAY#220_SL|BAY#320_SL
north,2020-01-16,cso,3,BAY#202.4_SL|BAY#202.5_SL|BAY#211_SL
ocean,2020-01-16,cso,6,OCEAN#18_SL|OCEAN#19_SL|OCEAN#20_SL|OCEAN#21.1_SL|OCEAN#21_SL|OCEAN#22_SL
baker_china,2020-01-17,cso,1,OCEAN#17_SL
east,2020-01-17,cso,2,BAY#220_SL|BAY#320_SL
north,2020-01-17,cso,3,BAY#202.4_SL|BAY#202.5_SL|BAY#211_SL
ocean,2020-01-17,cso,6,OCEAN#18_SL|OCEAN#19_SL|OCEAN#20_SL|OCEAN#21.1_SL|OCEAN#21_SL|OCEAN#22_SL
baker_china,2020-01-18,cso,1,OCEAN#17_SL
east,2020-01-18,cso,2,BAY#220_SL|BAY#320_SL
north,2020-01-18,cso,2,BAY#202.4_SL|BAY#202.5_SL
ocean,2020-01-18,cso,6,OCEAN#18_SL|OCEAN#19_SL|OCEAN#20_SL|OCEAN#21.1_SL|OCEAN#21_SL|OCEAN#22_SL
east,2020-01-19,cso,2,BAY#220_SL|BAY#320_SL
north,2020-01-19,cso,1,BAY#202.4_SL
ocean,2020-01-19,cso,1,OCEAN#19_SL
east,2020-01-20,cso,2,BAY#220_SL|BAY#320_SL
east,2020-01-21,cso,2,BAY#220_SL|BAY#320_SL
north,2020-01-22,other,1,BAY#202.4_SL
east,2020-01-23,other,1,BAY#320_SL
north,2020-01-23,other,1,BAY#202.4_SL
north,2020-01-24,other,1,BAY#202.4_SL
north,2020-01-28,other,1,BAY#202.4_SL
north,2020-01-29,other,1,BAY#202.4_SL
north,2020-02-04,other,1,BAY#202.4_SL
north,2020-02-05,other,1,BAY#202.4_SL
east,2020-02-25,other,1,BAY#320_SL
east,2020-02-26,other,1,BAY#320_SL
east,2020-03-03,other,1,BAY#320_SL
east,2020-03-04,other,1,BAY#320_SL
east,2020-03-10,other,1,BAY#301.1_SL
east,2020-03-11,other,1,BAY#301.1_SL
east,2020-03-12,other,1,BAY#301.1_SL
east,2020-03-17,other,1,BAY#320_SL
east,2020-03-18,other,1,BAY#320_SL
east,2020-04-07,other,2,BAY#301.1_SL|BAY#320_SL
east,2020-04-08,other,2,BAY#301.1_SL|BAY#320_SL
east,2020-04-09,other,2,BAY#301.1_SL|BAY#320_SL
east,2020-04-14,other,1,BAY#301.1_SL
east,2020-04-15,other,1,BAY#301.1_SL
east,2020-04-16,other,1,BAY#301.1_SL
baker_china,2020-04-28,other,2,OCEAN#15EAST_SL|OCEAN#15_SL
baker_china,2020-04-29,other,2,OCEAN#15EAST_SL|OCEAN#15_SL
east,2020-05-05,other,1,BAY#301.1_SL
east,2020-05-06,other,1,BAY#301.1_SL
east,2020-05-07,other,1,BAY#301.1_SL
east,2020-05-08,other,1,BAY#301.1_SL
east,2020-06-16,other,1,BAY#301.1_SL
north,2020-06-16,other,2,BAY#202.4_SL|BAY#202.5_SL
east,2020-06-17,other,1,BAY#301.1_SL
north,2020-06-17,other,2,BAY#202.4_SL|BAY#202.5_SL
east,2020-07-07,other,1,BAY#301.1_SL
east,2020-07-08,other,1,BAY#301.1_SL
east,2020-08-04,other,1,BAY#301.1_SL
east,2020-08-05,other,1,BAY#301.1_SL
east,2020-08-06,other,1,BAY#301.1_SL
east,2020-08-18,other,2,BAY#301.1_SL|BAY#320_SL
east,2020-08-19,other,2,BAY#301.1_SL|BAY#320_SL
east,2020-08-20,other,1,BAY#301.1_SL
baker_china,2020-09-01,other,1,OCEAN#15_SL
baker_china,2020-09-02,other,1,OCEAN#15_SL
baker_china,2020-09-03,other,1,OCEAN#15_SL
baker_china,2020-09-15,other,2,OCEAN#15EAST_SL|OCEAN#15_SL
east,2020-09-15,other,1,BAY#301.1_SL
baker_china,2020-09-16,other,2,OCEAN#15EAST_SL|OCEAN#15_SL
east,2020-09-16,other,1,BAY#301.1_SL
east,2020-09-22,other,1,BAY#301.1_SL
east,2020-09-23,other,1,BAY#301.1_SL
east,2020-09-29,other,1,BAY#301.1_SL
east,2020-09-30,other,1,BAY#301.1_SL
east,2020-10-14,other,2,BAY#300.1_SL|BAY#301.1_SL
east,2020-10-15,other,2,BAY#300.1_SL|BAY#301.1_SL
east,2020-10-16,other,1,BAY#301.1_SL
east,2020-10-27,other,1,BAY#301.1_SL
east,2020-10-28,other,1,BAY#301.1_SL
baker_china,2020-11-10,other,1,OCEAN#15_SL
baker_china,2020-11-11,other,1,OCEAN#15_SL
east,2020-11-11,other,1,BAY#300.1_SL
east,2020-11-12,other,1,BAY#300.1_SL
baker_china,2020-11-17,other,1,OCEAN#15_SL
east,2020-11-17,other,1,BAY#301.1_SL
north,2020-11-17,other,1,BAY#202.4_SL
baker_china,2020-11-18,other,1,OCEAN#15_SL
east,2020-11-18,other,1,BAY#301.1_SL
north,2020-11-18,other,1,BAY#202.4_SL
east,2020-11-19,other,1,BAY#301.1_SL
north,2020-11-19,other,1,BAY#202.4_SL
east,2020-11-20,other,1,BAY#301.1_SL
east,2020-11-21,other,1,BAY#301.1_SL
east,2020-11-24,other,2,BAY#300.1_SL|BAY#301.1_SL
east,2020-11-25,other,2,BAY#300.1_SL|BAY#301.1_SL
north,2020-12-13,cso,4,BAY#202.4_SL|BAY#202.5_SL|BAY#210.1_SL|BAY#211_SL
north,2020-12-14,cso,4,BAY#202.4_SL|BAY#202.5_SL|BAY#210.1_SL|BAY#211_SL
east,2020-12-15,other,1,BAY#320_SL
east,2020-12-16,other,1,BAY#320_SL
east,2020-12-23,other,1,BAY#301.2_SL
east,2020-12-24,other,1,BAY#301.2_SL
east,2020-12-29,other,1,BAY#301.1_SL
east,2020-12-30,other,1,BAY#301.1_SL
east,2021-01-05,other,2,BAY#300.1_SL|BAY#301.1_SL
east,2021-01-06,other,2,BAY#300.1_SL|BAY#301.1_SL
east,2021-01-12,other,1,BAY#301.1_SL
east,2021-01-13,other,1,BAY#301.1_SL
east,2021-01-14,other,1,BAY#301.1_SL
east,2021-01-26,other,1,BAY#301.1_SL
east,2021-01-27,cso,4,BAY#220_SL|BAY#230_SL|BAY#301.1_SL|BAY#320_SL
north,2021-01-27,cso,3,BAY#202.4_SL|BAY#202.5_SL|BAY#211_SL
ocean,2021-01-27,cso,1,OCEAN#22_SL
east,2021-01-28,cso,4,BAY#220_SL|BAY#230_SL|BAY#301.1_SL|BAY#320_SL
north,2021-01-28,cso,3,BAY#202.4_SL|BAY#202.5_SL|BAY#211_SL
ocean,2021-01-28,cso,1,OCEAN#22_SL
east,2021-01-29,cso,4,BAY#220_SL|BAY#230_SL|BAY#301.1_SL|BAY#320_SL
north,2021-01-29,cso,1,BAY#211_SL
east,2021-01-30,cso,4,BAY#220_SL|BAY#230_SL|BAY#301.1_SL|BAY#320_SL
east,2021-01-31,cso,3,BAY#220_SL|BAY#301.1_SL|BAY#320_SL
east,2021-02-01,cso,2,BAY#220_SL|BAY#320_SL
east,2021-02-03,other,1,BAY#300.1_SL
east,2021-02-04,other,1,BAY#300.1_SL
north,2021-02-09,other,1,BAY#211_SL
north,2021-02-10,other,1,BAY#211_SL
east,2021-03-02,other,1,BAY#301.1_SL
east,2021-03-03,other,1,BAY#301.1_SL
east,2021-03-09,other,1,BAY#301.1_SL
east,2021-03-10,other,1,BAY#301.1_SL
east,2021-03-11,other,1,BAY#301.1_SL
east,2021-03-12,other,1,BAY#301.1_SL
east,2021-03-16,other,1,BAY#320_SL
east,2021-03-17,other,1,BAY#320_SL
east,2021-03-30,other,1,BAY#320_SL
east,2021-03-31,other,1,BAY#320_SL
east,2021-04-06,other,1,BAY#301.1_SL
north,2021-04-06,other,1,BAY#211_SL
east,2021-04-07,other,1,BAY#301.1_SL
north,2021-04-07,other,1,BAY#211_SL
east,2021-04-08,other,1,BAY#301.1_SL
east,2021-05-18,other,1,BAY#301.1_SL
east,2021-05-19,other,1,BAY#301.1_SL
east,2021-06-02,other,1,BAY#301.1_SL
east,2021-06-03,other,1,BAY#301.1_SL
east,2021-06-22,other,1,BAY#320_SL
east,2021-06-23,other,1,BAY#320_SL
east,2021-06-29,other,1,BAY#301.1_SL
north,2021-06-29,other,1,BAY#202.4_SL
east,2021-06-30,other,1,BAY#301.1_SL
north,2021-06-30,other,1,BAY#202.4_SL
baker_china,2021-07-01,other,1,OCEAN#17_SL
baker_china,2021-07-02,other,1,OCEAN#17_SL
north,2021-07-07,other,1,BAY#202.4_SL
north,2021-07-08,other,1,BAY#202.4_SL
north,2021-07-27,other,1,BAY#202.4_SL
north,2021-07-28,other,1,BAY#202.4_SL
north,2021-07-29,other,1,BAY#202.4_SL
north,2021-07-30,other,1,BAY#202.4_SL
east,2021-08-05,cso,1,BAY#320_SL
east,2021-08-06,cso,1,BAY#320_SL
baker_china,2021-08-17,other,1,OCEAN#15_SL
baker_china,2021-08-18,other,1,OCEAN#15_SL
ocean,2021-08-25,other,1,OCEAN#21.1_SL
ocean,2021-08-26,other,1,OCEAN#21.1_SL
ocean,2021-08-31,other,1,OCEAN#21.1_SL
ocean,2021-09-01,other,1,OCEAN#21.1_SL
baker_china,2021-09-14,other,1,OCEAN#15_SL
baker_china,2021-09-15,other,1,OCEAN#15_SL
east,2021-09-21,other,1,BAY#230_SL
east,2021-09-22,other,1,BAY#230_SL
east,2021-10-05,other,1,BAY#230_SL
east,2021-10-06,other,1,BAY#230_SL
north,2021-10-13,other,1,BAY#202.5_SL
north,2021-10-14,other,1,BAY#202.5_SL
east,2021-10-21,cso,2,BAY#230_SL|BAY#320_SL
ocean,2021-10-21,cso,5,OCEAN#18_SL|OCEAN#19_SL|OCEAN#21.1_SL|OCEAN#21_SL|OCEAN#22_SL
baker_china,2021-10-22,cso,3,OCEAN#15EAST_SL|OCEAN#15_SL|OCEAN#16_SL
east,2021-10-22,cso,2,BAY#230_SL|BAY#320_SL
ocean,2021-10-22,cso,5,OCEAN#18_SL|OCEAN#19_SL|OCEAN#21.1_SL|OCEAN#21_SL|OCEAN#22_SL
baker_china,2021-10-23,cso,3,OCEAN#15EAST_SL|OCEAN#15_SL|OCEAN#16_SL
east,2021-10-23,cso,2,BAY#230_SL|BAY#320_SL
ocean,2021-10-23,cso,3,OCEAN#21.1_SL|OCEAN#21_SL|OCEAN#22_SL
baker_china,2021-10-24,cso,6,OCEAN#15EAST_SL|OCEAN#15_SL|OCEAN#16_SL|OCEAN#17_SL
east,2021-10-24,cso,6,BAY#220_SL|BAY#230_SL|BAY#300.1_SL|BAY#301.1_SL|BAY#301.2_SL|BAY#320_SL
north,2021-10-24,cso,4,BAY#202.4_SL|BAY#202.5_SL|BAY#210.1_SL|BAY#211_SL
ocean,2021-10-24,cso,6,OCEAN#18_SL|OCEAN#19_SL|OCEAN#20_SL|OCEAN#21.1_SL|OCEAN#21_SL|OCEAN#22_SL
baker_china,2021-10-25,cso,4,OCEAN#15EAST_SL|OCEAN#15_SL|OCEAN#16_SL|OCEAN#17_SL
east,2021-10-25,cso,6,BAY#220_SL|BAY#230_SL|BAY#300.1_SL|BAY#301.1_SL|BAY#301.2_SL|BAY#320_SL
north,2021-10-25,cso,4,BAY#202.4_SL|BAY#202.5_SL|BAY#210.1_SL|BAY#211_SL
ocean,2021-10-25,cso,6,OCEAN#18_SL|OCEAN#19_SL|OCEAN#20_SL|OCEAN#21.1_SL|OCEAN#21_SL|OCEAN#22_SL
baker_china,2021-10-26,cso,4,OCEAN#15EAST_SL|OCEAN#15_SL|OCEAN#16_SL|OCEAN#17_SL
east,2021-10-26,cso,6,BAY#220_SL|BAY#230_SL|BAY#300.1_SL|BAY#301.1_SL|BAY#301.2_SL|BAY#320_SL
north,2021-10-26,cso,3,BAY#202.4_SL|BAY#202.5_SL|BAY#211_SL
ocean,2021-10-26,cso,6,OCEAN#18_SL|OCEAN#19_SL|OCEAN#20_SL|OCEAN#21.1_SL|OCEAN#21_SL|OCEAN#22_SL
baker_china,2021-10-27,cso,4,OCEAN#15EAST_SL|OCEAN#15_SL|OCEAN#16_SL|OCEAN#17_SL
east,2021-10-27,cso,6,BAY#220_SL|BAY#230_SL|BAY#300.1_SL|BAY#301.1_SL|BAY#301.2_SL|BAY#320_SL
north,2021-10-27,cso,3,BAY#202.4_SL|BAY#202.5_SL|BAY#211_SL
ocean,2021-10-27,cso,5,OCEAN#18_SL|OCEAN#19_SL|OCEAN#20_SL|OCEAN#21.1_SL|OCEAN#21_SL
baker_china,2021-10-28,cso,1,OCEAN#15_SL
east,2021-10-28,cso,5,BAY#220_SL|BAY#300.1_SL|BAY#301.1_SL|BAY#301.2_SL|BAY#320_SL
east,2021-10-29,cso,2,BAY#300.1_SL|BAY#301.1_SL
east,2021-10-30,cso,2,BAY#300.1_SL|BAY#301.1_SL
east,2021-10-31,cso,1,BAY#301.1_SL
east,2021-11-01,cso,1,BAY#301.1_SL
baker_china,2021-11-02,other,1,OCEAN#15_SL
east,2021-11-02,cso,3,BAY#220_SL|BAY#300.1_SL|BAY#301.1_SL
baker_china,2021-11-03,other,1,OCEAN#15_SL
east,2021-11-03,cso,3,BAY#220_SL|BAY#300.1_SL|BAY#301.1_SL
baker_china,2021-11-04,other,1,OCEAN#15_SL
east,2021-11-04,other,1,BAY#220_SL
baker_china,2021-11-05,other,1,OCEAN#15_SL
east,2021-11-09,cso,3,BAY#220_SL|BAY#230_SL|BAY#320_SL
ocean,2021-11-09,cso,1,OCEAN#22_SL
east,2021-11-10,cso,3,BAY#220_SL|BAY#230_SL|BAY#320_SL
ocean,2021-11-10,cso,1,OCEAN#22_SL
east,2021-11-11,cso,3,BAY#220_SL|BAY#230_SL|BAY#320_SL
ocean,2021-11-11,cso,1,OCEAN#22_SL
east,2021-11-16,other,1,BAY#301.1_SL
east,2021-11-17,other,1,BAY#301.1_SL
east,2021-11-18,other,1,BAY#301.1_SL
east,2021-11-19,other,1,BAY#301.1_SL
east,2021-11-20,other,1,BAY#301.1_SL
east,2021-11-21,other,1,BAY#301.1_SL
east,2021-11-22,other,1,BAY#301.1_SL
east,2021-12-07,other,1,BAY#320_SL
east,2021-12-08,other,1,BAY#320_SL
baker_china,2021-12-13,cso,3,OCEAN#15EAST_SL|OCEAN#15_SL|OCEAN#16_SL
east,2021-12-13,cso,3,BAY#220_SL|BAY#230_SL|BAY#320_SL
north,2021-12-13,cso,4,BAY#202.4_SL|BAY#202.5_SL|BAY#210.1_SL|BAY#211_SL
ocean,2021-12-13,cso,6,OCEAN#18_SL|OCEAN#19_SL|OCEAN#20_SL|OCEAN#21.1_SL|OCEAN#21_SL|OCEAN#22_SL
baker_china,2021-12-14,cso,4,OCEAN#15EAST_SL|OCEAN#15_SL|OCEAN#16_SL|OCEAN#17_SL
east,2021-12-14,cso,4,BAY#220_SL|BAY#230_SL|BAY#300.1_SL|BAY#320_SL
north,2021-12-14,cso,4,BAY#202.4_SL|BAY#202.5_SL|BAY#210.1_SL|BAY#211_SL
ocean,2021-12-14,cso,6,OCEAN#18_SL|OCEAN#19_SL|OCEAN#20_SL|OCEAN#21.1_SL|OCEAN#21_SL|OCEAN#22_SL
baker_china,2021-12-15,cso,3,OCEAN#15EAST_SL|OCEAN#15_SL|OCEAN#17_SL
east,2021-12-15,cso,4,BAY#220_SL|BAY#230_SL|BAY#300.1_SL|BAY#320_SL
north,2021-12-15,cso,3,BAY#202.4_SL|BAY#202.5_SL|BAY#211_SL
ocean,2021-12-15,cso,6,OCEAN#18_SL|OCEAN#19_SL|OCEAN#20_SL|OCEAN#21.1_SL|OCEAN#21_SL|OCEAN#22_SL
baker_china,2021-12-16,cso,3,OCEAN#15EAST_SL|OCEAN#15_SL|OCEAN#16_SL
east,2021-12-16,cso,3,BAY#220_SL|BAY#230_SL|BAY#320_SL
ocean,2021-12-16,cso,2,OCEAN#21_SL|OCEAN#22_SL
baker_china,2021-12-17,cso,3,OCEAN#15EAST_SL|OCEAN#15_SL|OCEAN#16_SL
east,2021-12-17,cso,3,BAY#220_SL|BAY#230_SL|BAY#320_SL
ocean,2021-12-17,cso,1,OCEAN#22_SL
east,2021-12-18,cso,2,BAY#220_SL|BAY#320_SL
east,2021-12-19,cso,1,BAY#320_SL
east,2021-12-20,cso,2,BAY#301.1_SL|BAY#320_SL
east,2021-12-21,other,2,BAY#300.1_SL|BAY#301.1_SL
east,2021-12-22,other,2,BAY#300.1_SL|BAY#301.1_SL
east,2021-12-23,cso,3,BAY#220_SL|BAY#230_SL|BAY#320_SL
north,2021-12-23,cso,4,BAY#202.4_SL|BAY#202.5_SL|BAY#210.1_SL|BAY#211_SL
ocean,2021-12-23,cso,6,OCEAN#18_SL|OCEAN#19_SL|OCEAN#20_SL|OCEAN#21.1_SL|OCEAN#21_SL|OCEAN#22_SL
east,2021-12-24,cso,3,BAY#220_SL|BAY#230_SL|BAY#320_SL
north,2021-12-24,cso,4,BAY#202.4_SL|BAY#202.5_SL|BAY#210.1_SL|BAY#211_SL
ocean,2021-12-24,cso,6,OCEAN#18_SL|OCEAN#19_SL|OCEAN#20_SL|OCEAN#21.1_SL|OCEAN#21_SL|OCEAN#22_SL
east,2021-12-25,cso,2,BAY#220_SL|BAY#320_SL
ocean,2021-12-25,cso,3,OCEAN#19_SL|OCEAN#21_SL|OCEAN#22_SL
east,2021-12-26,cso,2,BAY#220_SL|BAY#320_SL
east,2021-12-27,other,1,BAY#320_SL
east,2021-12-28,other,2,BAY#220_SL|BAY#320_SL
north,2021-12-28,other,1,BAY#202.5_SL
east,2021-12-29,other,2,BAY#220_SL|BAY#320_SL
north,2021-12-29,other,1,BAY#202.5_SL
east,2022-01-04,other,2,BAY#300.1_SL|BAY#301.1_SL
east,2022-01-05,other,2,BAY#300.1_SL|BAY#301.1_SL
east,2022-01-06,other,2,BAY#300.1_SL|BAY#301.1_SL
east,2022-01-19,other,1,BAY#320_SL
north,2022-01-19,other,1,BAY#202.4_SL
east,2022-01-20,other,1,BAY#320_SL
north,2022-01-20,other,1,BAY#202.4_SL
east,2022-02-01,other,1,BAY#301.1_SL
north,2022-02-01,other,1,BAY#202.4_SL
east,2022-02-02,other,1,BAY#301.1_SL
north,2022-02-02,other,1,BAY#202.4_SL
north,2022-02-03,other,1,BAY#202.4_SL
east,2022-02-15,other,1,BAY#301.1_SL
north,2022-02-15,other,1,BAY#202.4_SL
east,2022-02-16,other,1,BAY#301.1_SL
north,2022-02-16,other,1,BAY#202.4_SL
north,2022-03-01,other,1,BAY#202.4_SL
north,2022-03-02,other,1,BAY#202.4_SL
north,2022-03-03,other,1,BAY#202.4_SL
north,2022-03-15,other,1,BAY#202.4_SL
north,2022-03-16,other,1,BAY#202.4_SL
north,2022-03-29,other,2,BAY#202.4_SL|BAY#211_SL
north,2022-03-30,other,2,BAY#202.4_SL|BAY#211_SL
east,2022-04-19,other,1,BAY#301.1_SL
east,2022-04-20,other,1,BAY#301.1_SL
east,2022-06-28,other,1,BAY#230_SL
east,2022-06-29,other,1,BAY#230_SL
north,2022-07-26,other,1,BAY#202.5_SL
north,2022-07-27,other,1,BAY#202.5_SL
baker_china,2022-08-02,other,1,OCEAN#15_SL
baker_china,2022-08-03,other,1,OCEAN#15_SL
baker_china,2022-08-09,other,2,OCEAN#15EAST_SL|OCEAN#15_SL
north,2022-08-09,other,1,BAY#202.4_SL
baker_china,2022-08-10,other,2,OCEAN#15EAST_SL|OCEAN#15_SL
north,2022-08-10,other,1,BAY#202.4_SL
east,2022-09-20,other,3,BAY#230_SL|BAY#300.1_SL|BAY#320_SL
east,2022-09-21,other,3,BAY#230_SL|BAY#300.1_SL|BAY#320_SL
east,2022-09-22,other,1,BAY#320_SL
east,2022-09-23,other,1,BAY#320_SL
baker_china,2022-09-27,other,1,OCEAN#15_SL
baker_china,2022-09-28,other,1,OCEAN#15_SL
east,2022-11-09,other,1,BAY#300.1_SL
north,2022-11-09,other,1,BAY#211_SL
east,2022-11-10,other,1,BAY#300.1_SL
north,2022-11-10,other,1,BAY#211_SL
north,2022-11-29,other,1,BAY#202.4_SL
north,2022-11-30,other,1,BAY#202.4_SL
baker_china,2022-12-01,cso,3,OCEAN#15EAST_SL|OCEAN#15_SL|OCEAN#16_SL
east,2022-12-01,cso,2,BAY#220_SL|BAY#230_SL
north,2022-12-01,cso,4,BAY#202.4_SL|BAY#202.5_SL|BAY#210.1_SL|BAY#211_SL
baker_china,2022-12-02,cso,3,OCEAN#15EAST_SL|OCEAN#15_SL|OCEAN#16_SL
east,2022-12-02,cso,2,BAY#220_SL|BAY#230_SL
north,2022-12-02,cso,4,BAY#202.4_SL|BAY#202.5_SL|BAY#210.1_SL|BAY#211_SL
baker_china,2022-12-03,cso,2,OCEAN#15_SL|OCEAN#16_SL
east,2022-12-03,cso,2,BAY#220_SL|BAY#230_SL
east,2022-12-04,cso,1,BAY#220_SL
east,2022-12-05,cso,1,BAY#220_SL
east,2022-12-06,cso,4,BAY#220_SL|BAY#300.1_SL|BAY#301.1_SL|BAY#320_SL
east,2022-12-07,other,3,BAY#300.1_SL|BAY#301.1_SL|BAY#320_SL
east,2022-12-08,other,2,BAY#300.1_SL|BAY#301.1_SL
east,2022-12-13,other,1,BAY#320_SL
east,2022-12-14,other,1,BAY#320_SL
baker_china,2022-12-27,cso,3,OCEAN#15EAST_SL|OCEAN#15_SL|OCEAN#16_SL
east,2022-12-27,cso,3,BAY#220_SL|BAY#230_SL|BAY#320_SL
north,2022-12-27,cso,4,BAY#202.4_SL|BAY#202.5_SL|BAY#210.1_SL|BAY#211_SL
ocean,2022-12-27,cso,6,OCEAN#18_SL|OCEAN#19_SL|OCEAN#20_SL|OCEAN#21.1_SL|OCEAN#21_SL|OCEAN#22_SL
baker_china,2022-12-28,cso,3,OCEAN#15EAST_SL|OCEAN#15_SL|OCEAN#16_SL
east,2022-12-28,cso,5,BAY#220_SL|BAY#230_SL|BAY#300.1_SL|BAY#301.1_SL|BAY#320_SL
north,2022-12-28,cso,4,BAY#202.4_SL|BAY#202.5_SL|BAY#210.1_SL|BAY#211_SL
ocean,2022-12-28,cso,6,OCEAN#18_SL|OCEAN#19_SL|OCEAN#20_SL|OCEAN#21.1_SL|OCEAN#21_SL|OCEAN#22_SL
east,2022-12-29,cso,5,BAY#220_SL|BAY#230_SL|BAY#300.1_SL|BAY#301.1_SL|BAY#320_SL
north,2022-12-29,cso,1,BAY#202.5_SL
ocean,2022-12-29,cso,4,OCEAN#18_SL|OCEAN#19_SL|OCEAN#21_SL|OCEAN#22_SL
east,2022-12-30,cso,4,BAY#220_SL|BAY#300.1_SL|BAY#301.1_SL|BAY#320_SL
baker_china,2022-12-31,cso,3,OCEAN#15EAST_SL|OCEAN#15_SL|OCEAN#16_SL
east,2022-12-31,cso,6,BAY#220_SL|BAY#230_SL|BAY#300.1_SL|BAY#301.1_SL|BAY#301.2_SL|BAY#320_SL
north,2022-12-31,cso,4,BAY#202.4_SL|BAY#202.5_SL|BAY#210.1_SL|BAY#211_SL
ocean,2022-12-31,cso,6,OCEAN#18_SL|OCEAN#19_SL|OCEAN#20_SL|OCEAN#21.1_SL|OCEAN#21_SL|OCEAN#22_SL
baker_china,2023-01-01,cso,3,OCEAN#15EAST_SL|OCEAN#15_SL|OCEAN#16_SL
east,2023-01-01,cso,6,BAY#220_SL|BAY#230_SL|BAY#300.1_SL|BAY#301.1_SL|BAY#301.2_SL|BAY#320_SL
north,2023-01-01,cso,4,BAY#202.4_SL|BAY#202.5_SL|BAY#210.1_SL|BAY#211_SL
ocean,2023-01-01,cso,6,OCEAN#18_SL|OCEAN#19_SL|OCEAN#20_SL|OCEAN#21.1_SL|OCEAN#21_SL|OCEAN#22_SL
baker_china,2023-01-02,cso,2,OCEAN#15_SL|OCEAN#16_SL
east,2023-01-02,cso,4,BAY#220_SL|BAY#230_SL|BAY#300.1_SL|BAY#320_SL
north,2023-01-02,cso,4,BAY#202.4_SL|BAY#202.5_SL|BAY#211_SL
ocean,2023-01-02,cso,6,OCEAN#19_SL|OCEAN#20_SL|OCEAN#21.1_SL|OCEAN#21_SL|OCEAN#22_SL
east,2023-01-03,cso,4,BAY#220_SL|BAY#230_SL|BAY#300.1_SL|BAY#320_SL
north,2023-01-03,cso,4,BAY#202.4_SL|BAY#202.5_SL|BAY#210.1_SL|BAY#211_SL
ocean,2023-01-03,other,1,OCEAN#22_SL
east,2023-01-04,cso,5,BAY#220_SL|BAY#230_SL|BAY#300.1_SL|BAY#301.1_SL|BAY#320_SL
north,2023-01-04,cso,4,BAY#202.4_SL|BAY#202.5_SL|BAY#210.1_SL|BAY#211_SL
ocean,2023-01-04,other,1,OCEAN#22_SL
east,2023-01-05,cso,5,BAY#220_SL|BAY#230_SL|BAY#300.1_SL|BAY#301.1_SL|BAY#320_SL
east,2023-01-06,cso,5,BAY#220_SL|BAY#230_SL|BAY#300.1_SL|BAY#301.1_SL|BAY#320_SL
east,2023-01-07,cso,5,BAY#220_SL|BAY#230_SL|BAY#300.1_SL|BAY#301.1_SL|BAY#320_SL
baker_china,2023-01-08,cso,3,OCEAN#15EAST_SL|OCEAN#15_SL|OCEAN#16_SL
east,2023-01-08,cso,5,BAY#220_SL|BAY#230_SL|BAY#300.1_SL|BAY#301.1_SL|BAY#320_SL
baker_china,2023-01-09,cso,3,OCEAN#15EAST_SL|OCEAN#15_SL|OCEAN#16_SL
east,2023-01-09,cso,6,BAY#220_SL|BAY#230_SL|BAY#300.1_SL|BAY#301.1_SL|BAY#301.2_SL|BAY#320_SL
north,2023-01-09,cso,2,BAY#202.4_SL|BAY#202.5_SL
ocean,2023-01-09,cso,5,OCEAN#18_SL|OCEAN#19_SL|OCEAN#21.1_SL|OCEAN#21_SL|OCEAN#22_SL
baker_china,2023-01-10,cso,4,OCEAN#15EAST_SL|OCEAN#15_SL|OCEAN#16_SL|OCEAN#17_SL
east,2023-01-10,cso,7,BAY#220_SL|BAY#230_SL|BAY#300.1_SL|BAY#301.1_SL|BAY#301.2_SL|BAY#320_SL
north,2023-01-10,cso,2,BAY#202.4_SL|BAY#202.5_SL
ocean,2023-01-10,cso,5,OCEAN#18_SL|OCEAN#19_SL|OCEAN#21.1_SL|OCEAN#21_SL|OCEAN#22_SL
baker_china,2023-01-11,cso,4,OCEAN#15EAST_SL|OCEAN#15_SL|OCEAN#16_SL|OCEAN#17_SL
east,2023-01-11,cso,6,BAY#220_SL|BAY#230_SL|BAY#300.1_SL|BAY#301.1_SL|BAY#301.2_SL|BAY#320_SL
north,2023-01-11,cso,2,BAY#202.4_SL|BAY#202.5_SL
ocean,2023-01-11,cso,5,OCEAN#18_SL|OCEAN#19_SL|OCEAN#21.1_SL|OCEAN#21_SL|OCEAN#22_SL
baker_china,2023-01-12,cso,3,OCEAN#15EAST_SL|OCEAN#15_SL|OCEAN#16_SL
east,2023-01-12,cso,4,BAY#220_SL|BAY#230_SL|BAY#300.1_SL|BAY#320_SL
north,2023-01-12,cso,2,BAY#202.4_SL|BAY#202.5_SL
ocean,2023-01-12,cso,4,OCEAN#18_SL|OCEAN#19_SL|OCEAN#21_SL|OCEAN#22_SL
baker_china,2023-01-13,cso,3,OCEAN#15EAST_SL|OCEAN#15_SL|OCEAN#16_SL
east,2023-01-13,cso,2,BAY#220_SL|BAY#320_SL
north,2023-01-13,cso,1,BAY#202.5_SL
east,2023-01-14,cso,3,BAY#220_SL|BAY#230_SL|BAY#320_SL
north,2023-01-14,cso,4,BAY#202.4_SL|BAY#202.5_SL|BAY#210.1_SL|BAY#211_SL
east,2023-01-15,cso,3,BAY#220_SL|BAY#230_SL|BAY#320_SL
north,2023-01-15,cso,4,BAY#202.4_SL|BAY#202.5_SL|BAY#210.1_SL|BAY#211_SL
east,2023-01-16,cso,3,BAY#220_SL|BAY#230_SL|BAY#320_SL
north,2023-01-16,cso,4,BAY#202.4_SL|BAY#202.5_SL|BAY#210.1_SL|BAY#211_SL
ocean,2023-01-16,cso,6,OCEAN#18_SL|OCEAN#19_SL|OCEAN#20_SL|OCEAN#21.1_SL|OCEAN#21_SL|OCEAN#22_SL
east,2023-01-17,cso,3,BAY#220_SL|BAY#230_SL|BAY#320_SL
north,2023-01-17,cso,4,BAY#202.4_SL|BAY#202.5_SL|BAY#210.1_SL|BAY#211_SL
ocean,2023-01-17,cso,6,OCEAN#18_SL|OCEAN#19_SL|OCEAN#20_SL|OCEAN#21.1_SL|OCEAN#21_SL|OCEAN#22_SL
east,2023-01-18,cso,3,BAY#220_SL|BAY#230_SL|BAY#320_SL
north,2023-01-18,cso,2,BAY#202.4_SL|BAY#202.5_SL
ocean,2023-01-18,cso,3,OCEAN#19_SL|OCEAN#21_SL|OCEAN#22_SL
east,2023-01-19,cso,2,BAY#220_SL|BAY#320_SL
east,2023-01-20,cso,2,BAY#220_SL|BAY#320_SL
east,2023-01-21,cso,1,BAY#220_SL
east,2023-01-22,cso,1,BAY#220_SL
east,2023-01-23,cso,2,BAY#220_SL
east,2023-01-24,other,1,BAY#220_SL
east,2023-02-07,other,1,BAY#230_SL
north,2023-02-07,other,1,BAY#202.4_SL
east,2023-02-08,other,1,BAY#230_SL
north,2023-02-08,other,1,BAY#202.4_SL
east,2023-02-24,cso,3,BAY#220_SL|BAY#230_SL|BAY#320_SL
north,2023-02-24,cso,3,BAY#202.4_SL|BAY#202.5_SL|BAY#210.1_SL
ocean,2023-02-24,cso,6,OCEAN#18_SL|OCEAN#19_SL|OCEAN#20_SL|OCEAN#21.1_SL|OCEAN#21_SL|OCEAN#22_SL
east,2023-02-25,cso,3,BAY#220_SL|BAY#230_SL|BAY#320_SL
north,2023-02-25,cso,3,BAY#202.4_SL|BAY#202.5_SL|BAY#210.1_SL
ocean,2023-02-25,cso,6,OCEAN#18_SL|OCEAN#19_SL|OCEAN#20_SL|OCEAN#21.1_SL|OCEAN#21_SL|OCEAN#22_SL
east,2023-02-26,cso,3,BAY#220_SL|BAY#230_SL|BAY#320_SL
north,2023-02-26,cso,2,BAY#202.4_SL|BAY#202.5_SL
ocean,2023-02-26,cso,3,OCEAN#18_SL|OCEAN#19_SL|OCEAN#21_SL
east,2023-02-27,cso,2,BAY#220_SL|BAY#320_SL
east,2023-02-28,cso,5,BAY#220_SL|BAY#230_SL|BAY#300.1_SL|BAY#301.1_SL|BAY#320_SL
north,2023-02-28,other,1,BAY#202.5_SL
east,2023-03-01,cso,6,BAY#220_SL|BAY#230_SL|BAY#300.1_SL|BAY#301.1_SL|BAY#301.2_SL|BAY#320_SL
north,2023-03-01,other,1,BAY#202.5_SL
east,2023-03-02,cso,5,BAY#220_SL|BAY#300.1_SL|BAY#301.1_SL|BAY#301.2_SL|BAY#320_SL
east,2023-03-03,cso,1,BAY#320_SL
east,2023-03-07,other,1,BAY#320_SL
east,2023-03-08,other,1,BAY#320_SL
east,2023-03-10,cso,3,BAY#220_SL|BAY#230_SL|BAY#320_SL
east,2023-03-11,cso,3,BAY#220_SL|BAY#230_SL|BAY#320_SL
east,2023-03-12,cso,3,BAY#220_SL|BAY#230_SL|BAY#320_SL
east,2023-03-13,cso,2,BAY#220_SL|BAY#320_SL
baker_china,2023-03-14,other,1,OCEAN#15_SL
east,2023-03-14,cso,3,BAY#220_SL|BAY#230_SL|BAY#320_SL
north,2023-03-14,cso,4,BAY#202.4_SL|BAY#202.5_SL|BAY#210.1_SL|BAY#211_SL
ocean,2023-03-14,cso,6,OCEAN#18_SL|OCEAN#19_SL|OCEAN#20_SL|OCEAN#21.1_SL|OCEAN#21_SL|OCEAN#22_SL
baker_china,2023-03-15,other,1,OCEAN#15_SL
east,2023-03-15,cso,3,BAY#220_SL|BAY#230_SL|BAY#320_SL
north,2023-03-15,cso,4,BAY#202.4_SL|BAY#202.5_SL|BAY#210.1_SL|BAY#211_SL
ocean,2023-03-15,cso,6,OCEAN#18_SL|OCEAN#19_SL|OCEAN#20_SL|OCEAN#21.1_SL|OCEAN#21_SL|OCEAN#22_SL
east,2023-03-16,cso,3,BAY#220_SL|BAY#230_SL|BAY#320_SL
north,2023-03-16,cso,2,BAY#202.4_SL|BAY#210.1_SL
ocean,2023-03-16,cso,5,OCEAN#18_SL|OCEAN#19_SL|OCEAN#20_SL|OCEAN#21.1_SL|OCEAN#21_SL
east,2023-03-17,cso,1,BAY#320_SL
east,2023-03-19,cso,3,BAY#220_SL|BAY#230_SL|BAY#320_SL
east,2023-03-20,cso,3,BAY#220_SL|BAY#230_SL|BAY#320_SL
east,2023-03-21,cso,3,BAY#220_SL|BAY#230_SL|BAY#320_SL
east,2023-03-22,cso,3,BAY#220_SL|BAY#230_SL|BAY#320_SL
east,2023-03-23,cso,3,BAY#220_SL|BAY#230_SL|BAY#320_SL
east,2023-03-24,cso,3,BAY#220_SL|BAY#230_SL|BAY#320_SL
east,2023-03-25,cso,2,BAY#220_SL|BAY#320_SL
east,2023-03-26,cso,2,BAY#220_SL|BAY#320_SL
east,2023-03-27,cso,1,BAY#320_SL
east,2023-03-28,cso,4,BAY#220_SL|BAY#230_SL|BAY#320_SL
ocean,2023-03-28,cso,1,OCEAN#22_SL
east,2023-03-29,cso,3,BAY#220_SL|BAY#230_SL|BAY#320_SL
ocean,2023-03-29,cso,1,OCEAN#22_SL
east,2023-03-30,cso,3,BAY#220_SL|BAY#230_SL|BAY#320_SL
ocean,2023-03-30,cso,1,OCEAN#22_SL
east,2023-03-31,cso,2,BAY#220_SL|BAY#320_SL
east,2023-04-01,cso,1,BAY#320_SL
east,2023-04-02,cso,1,BAY#320_SL
baker_china,2023-04-11,other,1,OCEAN#15_SL
north,2023-04-11,other,1,BAY#202.4_SL
baker_china,2023-04-12,other,1,OCEAN#15_SL
north,2023-04-12,other,1,BAY#202.4_SL
north,2023-04-25,other,1,BAY#202.4_SL
north,2023-04-26,other,1,BAY#202.4_SL
baker_china,2023-05-09,other,1,OCEAN#15_SL
baker_china,2023-05-10,other,1,OCEAN#15_SL
baker_china,2023-05-23,other,1,OCEAN#15_SL
baker_china,2023-05-24,other,1,OCEAN#15_SL
east,2023-06-21,other,1,BAY#301.2_SL
east,2023-06-22,other,1,BAY#301.2_SL
baker_china,2023-07-04,other,1,OCEAN#15_SL
baker_china,2023-07-05,other,1,OCEAN#15_SL
baker_china,2023-07-06,other,1,OCEAN#15_SL
baker_china,2023-07-11,other,1,OCEAN#15_SL
baker_china,2023-07-12,other,1,OCEAN#15_SL
east,2023-08-01,other,1,BAY#230_SL
east,2023-08-02,other,1,BAY#230_SL
east,2023-08-08,other,1,BAY#320_SL
east,2023-08-09,other,1,BAY#320_SL
baker_china,2023-08-29,other,1,OCEAN#15_SL
baker_china,2023-08-30,other,1,OCEAN#15_SL
east,2023-09-12,other,1,BAY#320_SL
east,2023-09-13,other,1,BAY#320_SL
baker_china,2023-09-26,other,1,OCEAN#15_SL
east,2023-09-26,other,1,BAY#301.1_SL
baker_china,2023-09-27,other,1,OCEAN#15_SL
east,2023-09-27,other,1,BAY#301.1_SL
baker_china,2023-09-28,other,1,OCEAN#15_SL
east,2023-10-18,other,1,BAY#230_SL
east,2023-10-19,other,1,BAY#230_SL
baker_china,2023-10-24,other,1,OCEAN#15_SL
east,2023-10-24,other,1,BAY#320_SL
baker_china,2023-10-25,other,1,OCEAN#15_SL
east,2023-10-25,other,1,BAY#320_SL
ocean,2023-10-31,other,1,OCEAN#21.1_SL
ocean,2023-11-01,other,1,OCEAN#21.1_SL
baker_china,2023-11-07,other,1,OCEAN#15_SL
east,2023-11-07,other,1,BAY#301.1_SL
baker_china,2023-11-08,other,1,OCEAN#15_SL
east,2023-11-08,other,1,BAY#301.1_SL
baker_china,2023-11-18,cso,3,OCEAN#15EAST_SL|OCEAN#15_SL|OCEAN#16_SL
east,2023-11-18,cso,3,BAY#220_SL|BAY#230_SL|BAY#320_SL
north,2023-11-18,cso,4,BAY#202.4_SL|BAY#202.5_SL|BAY#210.1_SL|BAY#211_SL
ocean,2023-11-18,cso,6,OCEAN#18_SL|OCEAN#19_SL|OCEAN#20_SL|OCEAN#21.1_SL|OCEAN#21_SL|OCEAN#22_SL
baker_china,2023-11-19,cso,3,OCEAN#15EAST_SL|OCEAN#15_SL|OCEAN#16_SL
east,2023-11-19,cso,3,BAY#220_SL|BAY#230_SL|BAY#320_SL
north,2023-11-19,cso,4,BAY#202.4_SL|BAY#202.5_SL|BAY#210.1_SL|BAY#211_SL
ocean,2023-11-19,cso,6,OCEAN#18_SL|OCEAN#19_SL|OCEAN#20_SL|OCEAN#21.1_SL|OCEAN#21_SL|OCEAN#22_SL
baker_china,2023-11-20,cso,1,OCEAN#15_SL
east,2023-11-20,cso,3,BAY#220_SL|BAY#230_SL|BAY#320_SL
north,2023-11-20,cso,3,BAY#202.5_SL|BAY#210.1_SL|BAY#211_SL
ocean,2023-11-20,cso,6,OCEAN#18_SL|OCEAN#19_SL|OCEAN#20_SL|OCEAN#21.1_SL|OCEAN#21_SL|OCEAN#22_SL
baker_china,2023-11-21,cso,1,OCEAN#15_SL
east,2023-11-21,cso,1,BAY#320_SL
east,2023-11-22,cso,1,BAY#320_SL
east,2023-11-23,cso,1,BAY#320_SL
baker_china,2023-11-28,cso,3,OCEAN#15EAST_SL|OCEAN#15_SL|OCEAN#16_SL
baker_china,2023-11-29,cso,3,OCEAN#15EAST_SL|OCEAN#15_SL|OCEAN#16_SL
baker_china,2023-11-30,cso,1,OCEAN#15_SL
baker_china,2023-12-05,other,1,OCEAN#15_SL
baker_china,2023-12-06,other,1,OCEAN#15_SL
baker_china,2023-12-07,other,2,OCEAN#15EAST_SL|OCEAN#15_SL
baker_china,2023-12-08,other,2,OCEAN#15EAST_SL|OCEAN#15_SL
east,2023-12-12,other,1,BAY#230_SL
east,2023-12-13,other,1,BAY#230_SL
baker_china,2023-12-18,cso,3,OCEAN#15EAST_SL|OCEAN#15_SL|OCEAN#16_SL
east,2023-12-18,cso,3,BAY#220_SL|BAY#230_SL|BAY#320_SL
north,2023-12-18,cso,4,BAY#202.4_SL|BAY#202.5_SL|BAY#210.1_SL|BAY#211_SL
ocean,2023-12-18,cso,1,OCEAN#22_SL
baker_china,2023-12-19,cso,3,OCEAN#15EAST_SL|OCEAN#15_SL|OCEAN#16_SL
east,2023-12-19,cso,4,BAY#220_SL|BAY#230_SL|BAY#300.1_SL|BAY#320_SL
north,2023-12-19,cso,4,BAY#202.4_SL|BAY#202.5_SL|BAY#210.1_SL|BAY#211_SL
ocean,2023-12-19,cso,1,OCEAN#22_SL
east,2023-12-20,cso,4,BAY#220_SL|BAY#230_SL|BAY#300.1_SL|BAY#320_SL
north,2023-12-20,cso,4,BAY#202.4_SL|BAY#202.5_SL|BAY#210.1_SL|BAY#211_SL
ocean,2023-12-20,cso,7,OCEAN#18_SL|OCEAN#19_SL|OCEAN#20_SL|OCEAN#21.1_SL|OCEAN#21_SL|OCEAN#22_SL
east,2023-12-21,cso,4,BAY#220_SL|BAY#230_SL|BAY#300.1_SL|BAY#320_SL
north,2023-12-21,cso,4,BAY#202.4_SL|BAY#202.5_SL|BAY#210.1_SL|BAY#211_SL
ocean,2023-12-21,cso,6,OCEAN#18_SL|OCEAN#19_SL|OCEAN#20_SL|OCEAN#21.1_SL|OCEAN#21_SL|OCEAN#22_SL
east,2023-12-22,cso,4,BAY#220_SL|BAY#230_SL|BAY#300.1_SL|BAY#320_SL
north,2023-12-22,cso,3,BAY#202.4_SL|BAY#202.5_SL|BAY#210.1_SL
ocean,2023-12-22,cso,5,OCEAN#19_SL|OCEAN#20_SL|OCEAN#21.1_SL|OCEAN#21_SL|OCEAN#22_SL
east,2023-12-23,cso,3,BAY#220_SL|BAY#300.1_SL|BAY#320_SL
ocean,2023-12-23,cso,2,OCEAN#19_SL|OCEAN#21_SL
east,2023-12-24,cso,2,BAY#220_SL|BAY#320_SL
east,2023-12-25,cso,1,BAY#220_SL
east,2023-12-26,cso,1,BAY#220_SL
baker_china,2023-12-27,other,2,OCEAN#15EAST_SL|OCEAN#15_SL
ocean,2023-12-27,other,1,OCEAN#19_SL
baker_china,2023-12-28,other,2,OCEAN#15EAST_SL|OCEAN#15_SL
ocean,2023-12-28,other,1,OCEAN#19_SL
east,2023-12-30,cso,3,BAY#220_SL|BAY#230_SL|BAY#320_SL
east,2023-12-31,cso,3,BAY#220_SL|BAY#230_SL|BAY#320_SL
east,2024-01-01,cso,3,BAY#220_SL|BAY#230_SL|BAY#320_SL
east,2024-01-02,cso,3,BAY#220_SL|BAY#230_SL|BAY#320_SL
baker_china,2024-01-03,other,1,OCEAN#15_SL
east,2024-01-03,cso,1,BAY#320_SL
baker_china,2024-01-04,other,1,OCEAN#15_SL
east,2024-01-09,other,1,BAY#301.1_SL
east,2024-01-10,other,1,BAY#301.1_SL
east,2024-01-14,cso,3,BAY#220_SL|BAY#230_SL|BAY#320_SL
north,2024-01-14,cso,4,BAY#202.4_SL|BAY#202.5_SL|BAY#210.1_SL|BAY#211_SL
ocean,2024-01-14,cso,5,OCEAN#18_SL|OCEAN#19_SL|OCEAN#21.1_SL|OCEAN#21_SL|OCEAN#22_SL
east,2024-01-15,cso,3,BAY#220_SL|BAY#230_SL|BAY#320_SL
north,2024-01-15,cso,4,BAY#202.4_SL|BAY#202.5_SL|BAY#210.1_SL|BAY#211_SL
ocean,2024-01-15,cso,5,OCEAN#18_SL|OCEAN#19_SL|OCEAN#21.1_SL|OCEAN#21_SL|OCEAN#22_SL
east,2024-01-16,cso,3,BAY#220_SL|BAY#230_SL|BAY#320_SL
east,2024-01-17,cso,2,BAY#220_SL|BAY#320_SL
east,2024-01-18,cso,2,BAY#300.1_SL|BAY#320_SL
east,2024-01-19,cso,2,BAY#300.1_SL|BAY#320_SL
east,2024-01-20,cso,1,BAY#320_SL
east,2024-01-21,cso,1,BAY#320_SL
east,2024-01-22,cso,3,BAY#220_SL|BAY#230_SL|BAY#320_SL
east,2024-01-23,cso,5,BAY#220_SL|BAY#230_SL|BAY#300.1_SL|BAY#301.1_SL|BAY#320_SL
north,2024-01-23,other,1,BAY#202.5_SL
east,2024-01-24,cso,6,BAY#220_SL|BAY#230_SL|BAY#300.1_SL|BAY#301.1_SL|BAY#320_SL
north,2024-01-24,other,1,BAY#202.5_SL
east,2024-01-25,cso,3,BAY#220_SL|BAY#230_SL|BAY#320_SL
east,2024-01-26,cso,2,BAY#220_SL|BAY#320_SL
east,2024-01-27,cso,1,BAY#320_SL
baker_china,2024-02-01,cso,3,OCEAN#15EAST_SL|OCEAN#15_SL|OCEAN#16_SL
east,2024-02-01,cso,4,BAY#220_SL|BAY#230_SL|BAY#301.2_SL|BAY#320_SL
north,2024-02-01,cso,4,BAY#202.4_SL|BAY#202.5_SL|BAY#210.1_SL|BAY#211_SL
ocean,2024-02-01,cso,6,OCEAN#18_SL|OCEAN#19_SL|OCEAN#20_SL|OCEAN#21.1_SL|OCEAN#21_SL|OCEAN#22_SL
baker_china,2024-02-02,cso,3,OCEAN#15EAST_SL|OCEAN#15_SL|OCEAN#16_SL
east,2024-02-02,cso,5,BAY#220_SL|BAY#230_SL|BAY#301.2_SL|BAY#320_SL
north,2024-02-02,cso,4,BAY#202.4_SL|BAY#202.5_SL|BAY#210.1_SL|BAY#211_SL
ocean,2024-02-02,cso,6,OCEAN#18_SL|OCEAN#19_SL|OCEAN#20_SL|OCEAN#21.1_SL|OCEAN#21_SL|OCEAN#22_SL
baker_china,2024-02-03,cso,1,OCEAN#15EAST_SL
east,2024-02-03,cso,4,BAY#220_SL|BAY#230_SL|BAY#301.2_SL|BAY#320_SL
north,2024-02-03,cso,3,BAY#202.4_SL|BAY#202.5_SL|BAY#211_SL
ocean,2024-02-03,cso,4,OCEAN#18_SL|OCEAN#19_SL|OCEAN#21_SL|OCEAN#22_SL
east,2024-02-04,cso,3,BAY#220_SL|BAY#230_SL|BAY#320_SL
north,2024-02-04,cso,4,BAY#202.4_SL|BAY#202.5_SL|BAY#210.1_SL|BAY#211_SL
ocean,2024-02-04,cso,2,OCEAN#19_SL|OCEAN#21_SL
east,2024-02-05,cso,4,BAY#220_SL|BAY#230_SL|BAY#320_SL
north,2024-02-05,cso,4,BAY#202.4_SL|BAY#202.5_SL|BAY#210.1_SL|BAY#211_SL
ocean,2024-02-05,cso,5,OCEAN#18_SL|OCEAN#19_SL|OCEAN#20_SL|OCEAN#21.1_SL|OCEAN#21_SL
east,2024-02-06,cso,5,BAY#220_SL|BAY#230_SL|BAY#300.1_SL|BAY#301.1_SL|BAY#320_SL
north,2024-02-06,other,1,BAY#202.4_SL
ocean,2024-02-06,cso,5,OCEAN#18_SL|OCEAN#19_SL|OCEAN#20_SL|OCEAN#21.1_SL|OCEAN#21_SL
east,2024-02-07,cso,5,BAY#220_SL|BAY#230_SL|BAY#300.1_SL|BAY#301.1_SL|BAY#320_SL
north,2024-02-07,other,1,BAY#202.4_SL
ocean,2024-02-07,cso,2,OCEAN#18_SL|OCEAN#19_SL
east,2024-02-08,cso,3,BAY#220_SL|BAY#230_SL|BAY#320_SL
east,2024-02-09,cso,2,BAY#220_SL|BAY#320_SL
east,2024-02-10,cso,1,BAY#320_SL
east,2024-02-20,cso,3,BAY#220_SL|BAY#230_SL|BAY#320_SL
north,2024-02-20,cso,4,BAY#202.4_SL|BAY#202.5_SL|BAY#210.1_SL|BAY#211_SL
east,2024-02-21,cso,6,BAY#220_SL|BAY#230_SL|BAY#300.1_SL|BAY#301.1_SL|BAY#301.2_SL|BAY#320_SL
north,2024-02-21,cso,4,BAY#202.4_SL|BAY#202.5_SL|BAY#210.1_SL|BAY#211_SL
east,2024-02-22,cso,6,BAY#220_SL|BAY#230_SL|BAY#300.1_SL|BAY#301.1_SL|BAY#301.2_SL|BAY#320_SL
north,2024-02-22,cso,3,BAY#202.5_SL|BAY#210.1_SL|BAY#211_SL
east,2024-02-23,cso,4,BAY#220_SL|BAY#230_SL|BAY#301.2_SL|BAY#320_SL
east,2024-02-24,cso,1,BAY#320_SL
east,2024-02-27,other,1,BAY#301.1_SL
east,2024-02-28,other,1,BAY#301.1_SL
east,2024-03-02,cso,2,BAY#220_SL|BAY#230_SL
east,2024-03-03,cso,2,BAY#220_SL|BAY#230_SL
east,2024-03-04,cso,1,BAY#220_SL
east,2024-03-05,other,1,BAY#320_SL
east,2024-03-06,other,1,BAY#320_SL
east,2024-03-26,other,1,BAY#320_SL
east,2024-03-27,other,1,BAY#320_SL
east,2024-04-23,other,1,BAY#320_SL
east,2024-04-24,other,1,BAY#320_SL
east,2024-05-04,cso,3,BAY#220_SL|BAY#230_SL|BAY#320_SL
north,2024-05-04,cso,4,BAY#202.4_SL|BAY#202.5_SL|BAY#210.1_SL|BAY#211_SL
east,2024-05-05,cso,3,BAY#220_SL|BAY#230_SL|BAY#320_SL
north,2024-05-05,cso,4,BAY#202.4_SL|BAY#202.5_SL|BAY#210.1_SL|BAY#211_SL
east,2024-05-06,cso,3,BAY#220_SL|BAY#230_SL|BAY#320_SL
north,2024-05-06,cso,1,BAY#202.5_SL
east,2024-05-07,cso,3,BAY#220_SL|BAY#230_SL|BAY#320_SL
east,2024-05-14,other,1,BAY#230_SL
east,2024-05-15,other,1,BAY#230_SL
east,2024-05-21,other,1,BAY#320_SL
east,2024-05-22,other,1,BAY#320_SL
east,2024-06-18,other,1,BAY#320_SL
east,2024-06-19,other,1,BAY#320_SL
baker_china,2024-07-02,other,1,OCEAN#15_SL
east,2024-07-02,other,1,BAY#220_SL
baker_china,2024-07-03,other,1,OCEAN#15_SL
east,2024-07-03,other,1,BAY#220_SL
baker_china,2024-08-27,other,1,OCEAN#15_SL
baker_china,2024-08-28,other,1,OCEAN#15_SL
baker_china,2024-08-29,other,1,OCEAN#15_SL
north,2024-09-04,other,1,BAY#202.4_SL
north,2024-09-05,other,1,BAY#202.4_SL
baker_china,2024-10-01,other,1,OCEAN#15_SL
baker_china,2024-10-02,other,1,OCEAN#15_SL
baker_china,2024-10-08,other,1,OCEAN#15_SL
north,2024-10-08,other,1,BAY#202.5_SL
baker_china,2024-10-09,other,1,OCEAN#15_SL
north,2024-10-09,other,1,BAY#202.5_SL
baker_china,2024-10-16,other,3,OCEAN#15EAST_SL|OCEAN#15_SL|OCEAN#16_SL
ocean,2024-10-16,other,1,OCEAN#21.1_SL
baker_china,2024-10-17,other,3,OCEAN#15EAST_SL|OCEAN#15_SL|OCEAN#16_SL
ocean,2024-10-17,other,1,OCEAN#21.1_SL
ocean,2024-10-18,other,1,OCEAN#21.1_SL
baker_china,2024-10-29,other,2,OCEAN#15_SL|OCEAN#16_SL
baker_china,2024-10-30,other,2,OCEAN#15_SL|OCEAN#16_SL
baker_china,2024-10-31,other,1,OCEAN#15_SL
east,2024-11-05,other,1,BAY#301.1_SL
east,2024-11-06,other,1,BAY#301.1_SL
east,2024-11-13,other,1,BAY#301.1_SL
north,2024-11-13,other,1,BAY#202.4_SL
east,2024-11-14,other,1,BAY#301.1_SL
north,2024-11-14,other,1,BAY#202.4_SL
east,2024-11-15,other,1,BAY#301.1_SL
baker_china,2024-11-22,cso,3,OCEAN#15EAST_SL|OCEAN#15_SL|OCEAN#16_SL
east,2024-11-22,cso,4,BAY#220_SL|BAY#230_SL|BAY#301.2_SL|BAY#320_SL
north,2024-11-22,cso,4,BAY#202.4_SL|BAY#202.5_SL|BAY#210.1_SL|BAY#211_SL
ocean,2024-11-22,cso,6,OCEAN#18_SL|OCEAN#19_SL|OCEAN#20_SL|OCEAN#21.1_SL|OCEAN#21_SL|OCEAN#22_SL
baker_china,2024-11-23,cso,3,OCEAN#15EAST_SL|OCEAN#15_SL|OCEAN#16_SL
east,2024-11-23,cso,4,BAY#220_SL|BAY#230_SL|BAY#301.2_SL|BAY#320_SL
north,2024-11-23,cso,4,BAY#202.4_SL|BAY#202.5_SL|BAY#210.1_SL|BAY#211_SL
ocean,2024-11-23,cso,6,OCEAN#18_SL|OCEAN#19_SL|OCEAN#20_SL|OCEAN#21.1_SL|OCEAN#21_SL|OCEAN#22_SL
baker_china,2024-11-24,cso,3,OCEAN#15EAST_SL|OCEAN#15_SL|OCEAN#16_SL
east,2024-11-24,cso,4,BAY#220_SL|BAY#230_SL|BAY#301.2_SL|BAY#320_SL
north,2024-11-24,cso,4,BAY#202.4_SL|BAY#202.5_SL|BAY#210.1_SL|BAY#211_SL
ocean,2024-11-24,cso,6,OCEAN#18_SL|OCEAN#19_SL|OCEAN#20_SL|OCEAN#21.1_SL|OCEAN#21_SL|OCEAN#22_SL
baker_china,2024-11-25,cso,2,OCEAN#15_SL|OCEAN#16_SL
east,2024-11-25,cso,6,BAY#220_SL|BAY#230_SL|BAY#300.1_SL|BAY#301.1_SL|BAY#301.2_SL|BAY#320_SL
north,2024-11-25,cso,2,BAY#202.4_SL|BAY#211_SL
ocean,2024-11-25,cso,4,OCEAN#19_SL|OCEAN#20_SL|OCEAN#21_SL|OCEAN#22_SL
baker_china,2024-11-26,cso,1,OCEAN#15_SL
east,2024-11-26,cso,5,BAY#220_SL|BAY#230_SL|BAY#300.1_SL|BAY#301.1_SL|BAY#320_SL
ocean,2024-11-26,cso,1,OCEAN#21_SL
east,2024-11-27,cso,4,BAY#220_SL|BAY#300.1_SL|BAY#301.1_SL|BAY#320_SL
east,2024-11-28,cso,3,BAY#220_SL|BAY#300.1_SL|BAY#320_SL
east,2024-11-29,other,1,BAY#220_SL
baker_china,2024-12-03,other,1,OCEAN#15_SL
baker_china,2024-12-04,other,1,OCEAN#15_SL
east,2024-12-12,cso,3,BAY#220_SL|BAY#230_SL|BAY#320_SL
east,2024-12-13,cso,3,BAY#220_SL|BAY#230_SL|BAY#320_SL
baker_china,2024-12-14,cso,3,OCEAN#15EAST_SL|OCEAN#15_SL|OCEAN#16_SL
east,2024-12-14,cso,4,BAY#220_SL|BAY#230_SL|BAY#301.2_SL|BAY#320_SL
north,2024-12-14,cso,4,BAY#202.4_SL|BAY#202.5_SL|BAY#210.1_SL|BAY#211_SL
ocean,2024-12-14,cso,6,OCEAN#18_SL|OCEAN#19_SL|OCEAN#20_SL|OCEAN#21.1_SL|OCEAN#21_SL|OCEAN#22_SL
baker_china,2024-12-15,cso,3,OCEAN#15EAST_SL|OCEAN#15_SL|OCEAN#16_SL
east,2024-12-15,cso,4,BAY#220_SL|BAY#230_SL|BAY#301.2_SL|BAY#320_SL
north,2024-12-15,cso,4,BAY#202.4_SL|BAY#202.5_SL|BAY#210.1_SL|BAY#211_SL
ocean,2024-12-15,cso,6,OCEAN#18_SL|OCEAN#19_SL|OCEAN#20_SL|OCEAN#21.1_SL|OCEAN#21_SL|OCEAN#22_SL
baker_china,2024-12-16,cso,2,OCEAN#15EAST_SL|OCEAN#15_SL
east,2024-12-16,cso,4,BAY#220_SL|BAY#230_SL|BAY#301.2_SL|BAY#320_SL
north,2024-12-16,cso,4,BAY#202.4_SL|BAY#202.5_SL|BAY#210.1_SL|BAY#211_SL
ocean,2024-12-16,cso,5,OCEAN#18_SL|OCEAN#19_SL|OCEAN#20_SL|OCEAN#21_SL|OCEAN#22_SL
east,2024-12-17,cso,6,BAY#220_SL|BAY#230_SL|BAY#300.1_SL|BAY#301.1_SL|BAY#301.2_SL|BAY#320_SL
north,2024-12-17,cso,3,BAY#202.5_SL|BAY#210.1_SL|BAY#211_SL
east,2024-12-18,cso,5,BAY#220_SL|BAY#230_SL|BAY#300.1_SL|BAY#301.1_SL|BAY#320_SL
north,2024-12-18,other,1,BAY#202.5_SL
east,2024-12-19,cso,3,BAY#220_SL|BAY#300.1_SL|BAY#320_SL
east,2024-12-20,cso,3,BAY#220_SL|BAY#300.1_SL|BAY#320_SL
east,2024-12-21,cso,2,BAY#220_SL|BAY#300.1_SL
east,2024-12-22,other,1,BAY#300.1_SL
east,2024-12-23,other,1,BAY#300.1_SL
baker_china,2024-12-24,other,2,OCEAN#15EAST_SL|OCEAN#15_SL
east,2024-12-24,other,3,BAY#220_SL|BAY#300.1_SL|BAY#320_SL
baker_china,2024-12-25,other,2,OCEAN#15EAST_SL|OCEAN#15_SL
east,2024-12-25,other,3,BAY#220_SL|BAY#300.1_SL|BAY#320_SL
east,2024-12-26,other,2,BAY#220_SL|BAY#300.1_SL
east,2024-12-27,cso,2,BAY#220_SL|BAY#230_SL
east,2024-12-28,cso,2,BAY#220_SL|BAY#230_SL
east,2024-12-29,cso,1,BAY#220_SL
east,2024-12-30,cso,1,BAY#220_SL
east,2024-12-31,cso,2,BAY#220_SL|BAY#320_SL
east,2025-01-01,other,1,BAY#320_SL
baker_china,2025-01-16,other,1,OCEAN#15_SL
baker_china,2025-01-17,other,1,OCEAN#15_SL
baker_china,2025-02-04,cso,4,OCEAN#15EAST_SL|OCEAN#15_SL|OCEAN#16_SL|OCEAN#17_SL
east,2025-02-04,cso,6,BAY#220_SL|BAY#230_SL|BAY#300.1_SL|BAY#301.1_SL|BAY#301.2_SL|BAY#320_SL
north,2025-02-04,cso,4,BAY#202.4_SL|BAY#202.5_SL|BAY#210.1_SL|BAY#211_SL
ocean,2025-02-04,cso,6,OCEAN#18_SL|OCEAN#19_SL|OCEAN#20_SL|OCEAN#21.1_SL|OCEAN#21_SL|OCEAN#22_SL
baker_china,2025-02-05,cso,4,OCEAN#15EAST_SL|OCEAN#15_SL|OCEAN#16_SL|OCEAN#17_SL
east,2025-02-05,cso,6,BAY#220_SL|BAY#230_SL|BAY#300.1_SL|BAY#301.1_SL|BAY#301.2_SL|BAY#320_SL
north,2025-02-05,cso,4,BAY#202.4_SL|BAY#202.5_SL|BAY#210.1_SL|BAY#211_SL
ocean,2025-02-05,cso,6,OCEAN#18_SL|OCEAN#19_SL|OCEAN#20_SL|OCEAN#21.1_SL|OCEAN#21_SL|OCEAN#22_SL
baker_china,2025-02-06,cso,2,OCEAN#15_SL|OCEAN#17_SL
east,2025-02-06,cso,6,BAY#220_SL|BAY#230_SL|BAY#300.1_SL|BAY#301.1_SL|BAY#301.2_SL|BAY#320_SL
north,2025-02-06,cso,4,BAY#202.4_SL|BAY#202.5_SL|BAY#210.1_SL|BAY#211_SL
ocean,2025-02-06,cso,6,OCEAN#18_SL|OCEAN#19_SL|OCEAN#20_SL|OCEAN#21.1_SL|OCEAN#21_SL|OCEAN#22_SL
east,2025-02-07,cso,6,BAY#220_SL|BAY#230_SL|BAY#300.1_SL|BAY#301.1_SL|BAY#301.2_SL|BAY#320_SL
east,2025-02-08,cso,4,BAY#220_SL|BAY#300.1_SL|BAY#301.2_SL|BAY#320_SL
east,2025-02-09,cso,3,BAY#220_SL|BAY#300.1_SL|BAY#320_SL
east,2025-02-10,cso,2,BAY#220_SL|BAY#320_SL
east,2025-02-11,other,3,BAY#300.1_SL|BAY#301.1_SL|BAY#320_SL
east,2025-02-12,other,3,BAY#300.1_SL|BAY#301.1_SL|BAY#320_SL
east,2025-02-13,cso,5,BAY#220_SL|BAY#230_SL|BAY#300.1_SL|BAY#301.2_SL|BAY#320_SL
north,2025-02-13,cso,4,BAY#202.4_SL|BAY#202.5_SL|BAY#210.1_SL|BAY#211_SL
ocean,2025-02-13,cso,6,OCEAN#18_SL|OCEAN#19_SL|OCEAN#20_SL|OCEAN#21.1_SL|OCEAN#21_SL|OCEAN#22_SL
east,2025-02-14,cso,5,BAY#220_SL|BAY#230_SL|BAY#300.1_SL|BAY#301.2_SL|BAY#320_SL
north,2025-02-14,cso,4,BAY#202.4_SL|BAY#202.5_SL|BAY#210.1_SL|BAY#211_SL
ocean,2025-02-14,cso,6,OCEAN#18_SL|OCEAN#19_SL|OCEAN#20_SL|OCEAN#21.1_SL|OCEAN#21_SL|OCEAN#22_SL
east,2025-02-15,cso,4,BAY#220_SL|BAY#230_SL|BAY#300.1_SL|BAY#320_SL
north,2025-02-15,cso,4,BAY#202.4_SL|BAY#202.5_SL|BAY#210.1_SL|BAY#211_SL
ocean,2025-02-15,cso,6,OCEAN#18_SL|OCEAN#19_SL|OCEAN#20_SL|OCEAN#21.1_SL|OCEAN#21_SL|OCEAN#22_SL
east,2025-02-16,cso,2,BAY#220_SL|BAY#320_SL
ocean,2025-02-16,cso,2,OCEAN#20_SL|OCEAN#22_SL
east,2025-02-17,cso,2,BAY#220_SL|BAY#320_SL
ocean,2025-02-17,cso,1,OCEAN#22_SL
east,2025-02-18,cso,2,BAY#220_SL|BAY#320_SL
ocean,2025-02-18,cso,1,OCEAN#22_SL
east,2025-02-26,other,1,BAY#301.2_SL
east,2025-02-27,other,1,BAY#301.2_SL
east,2025-03-04,other,1,BAY#230_SL
east,2025-03-05,other,1,BAY#230_SL
east,2025-03-11,other,2,BAY#230_SL|BAY#320_SL
east,2025-03-12,other,2,BAY#230_SL|BAY#320_SL
baker_china,2025-03-18,other,1,OCEAN#15_SL
baker_china,2025-03-19,other,1,OCEAN#15_SL
east,2025-04-01,other,2,BAY#300.1_SL|BAY#301.1_SL
east,2025-04-02,other,2,BAY#300.1_SL|BAY#301.1_SL
east,2025-04-08,other,1,BAY#320_SL
east,2025-04-09,other,1,BAY#320_SL
north,2025-04-29,other,1,BAY#202.5_SL
east,2025-04-30,other,1,BAY#300.1_SL
north,2025-04-30,other,1,BAY#202.5_SL
east,2025-05-01,other,1,BAY#300.1_SL
north,2025-05-01,other,1,BAY#202.5_SL
north,2025-05-06,other,1,BAY#202.5_SL
north,2025-05-07,other,1,BAY#202.5_SL
north,2025-05-13,other,1,BAY#202.5_SL
north,2025-05-14,other,1,BAY#202.5_SL
east,2025-06-10,other,1,BAY#301.1_SL
east,2025-06-11,other,1,BAY#301.1_SL
north,2025-06-17,other,1,BAY#202.4_SL
north,2025-06-18,other,1,BAY#202.4_SL
east,2025-07-22,other,1,BAY#300.1_SL
north,2025-07-22,other,1,BAY#202.5_SL
east,2025-07-23,other,1,BAY#300.1_SL
north,2025-07-23,other,1,BAY#202.5_SL
east,2025-07-29,other,1,BAY#220_SL
east,2025-07-30,other,1,BAY#220_SL
east,2025-08-05,other,1,BAY#220_SL
east,2025-08-06,other,1,BAY#220_SL
east,2025-08-07,other,1,BAY#220_SL
east,2025-08-12,other,1,BAY#220_SL
east,2025-08-13,other,1,BAY#220_SL
east,2025-08-14,other,1,BAY#220_SL
east,2025-08-15,other,1,BAY#220_SL
east,2025-08-16,other,2,BAY#220_SL|BAY#320_SL
east,2025-08-17,other,1,BAY#320_SL
east,2025-08-18,other,1,BAY#320_SL
east,2025-08-19,other,2,BAY#220_SL|BAY#320_SL
east,2025-08-20,other,2,BAY#220_SL|BAY#320_SL
east,2025-08-21,other,2,BAY#220_SL|BAY#320_SL
east,2025-08-22,other,1,BAY#320_SL
east,2025-08-23,other,1,BAY#320_SL
east,2025-08-24,other,1,BAY#320_SL
east,2025-08-25,other,1,BAY#320_SL
east,2025-08-26,other,1,BAY#320_SL
east,2025-08-27,other,1,BAY#320_SL
east,2025-08-28,other,1,BAY#320_SL
east,2025-08-29,other,1,BAY#320_SL
east,2025-09-03,other,1,BAY#301.1_SL
east,2025-09-04,other,1,BAY#301.1_SL
east,2025-09-09,other,2,BAY#220_SL|BAY#320_SL
east,2025-09-10,other,2,BAY#220_SL|BAY#320_SL
baker_china,2025-09-23,other,1,OCEAN#15_SL
baker_china,2025-09-24,other,1,OCEAN#15_SL
east,2025-10-07,other,2,BAY#300.1_SL|BAY#301.1_SL
east,2025-10-08,other,2,BAY#300.1_SL|BAY#301.1_SL
east,2025-10-09,other,1,BAY#301.1_SL
east,2025-10-10,other,1,BAY#301.1_SL
baker_china,2025-10-13,cso,4,OCEAN#15EAST_SL|OCEAN#15_SL|OCEAN#16_SL|OCEAN#17_SL
east,2025-10-13,cso,2,BAY#220_SL|BAY#230_SL
baker_china,2025-10-14,cso,4,OCEAN#15EAST_SL|OCEAN#15_SL|OCEAN#16_SL|OCEAN#17_SL
east,2025-10-14,cso,1,BAY#230_SL
baker_china,2025-10-15,cso,4,OCEAN#15EAST_SL|OCEAN#15_SL|OCEAN#16_SL|OCEAN#17_SL
east,2025-10-15,cso,5,BAY#220_SL|BAY#230_SL|BAY#300.1_SL|BAY#301.1_SL|BAY#320_SL
north,2025-10-15,other,1,BAY#202.5_SL
baker_china,2025-10-16,cso,1,OCEAN#16_SL
east,2025-10-16,cso,5,BAY#220_SL|BAY#230_SL|BAY#300.1_SL|BAY#301.1_SL|BAY#320_SL
north,2025-10-16,other,1,BAY#202.5_SL
east,2025-10-17,other,1,BAY#320_SL
east,2025-10-18,other,1,BAY#320_SL
baker_china,2025-10-21,other,2,OCEAN#15_SL|OCEAN#16_SL
east,2025-10-21,other,2,BAY#301.1_SL|BAY#301.2_SL
ocean,2025-10-21,other,2,OCEAN#19_SL|OCEAN#21.1_SL
baker_china,2025-10-22,other,2,OCEAN#15_SL|OCEAN#16_SL
east,2025-10-22,other,1,BAY#301.1_SL
ocean,2025-10-22,other,1,OCEAN#19_SL
baker_china,2025-11-04,other,2,OCEAN#15_SL|OCEAN#16_SL
east,2025-11-04,other,3,BAY#230_SL|BAY#301.1_SL|BAY#320_SL
baker_china,2025-11-05,other,2,OCEAN#15_SL|OCEAN#16_SL
east,2025-11-05,other,3,BAY#230_SL|BAY#301.1_SL|BAY#320_SL
north,2025-11-05,other,1,BAY#211_SL
east,2025-11-06,other,1,BAY#301.1_SL
north,2025-11-06,other,1,BAY#211_SL
east,2025-11-07,other,1,BAY#301.1_SL
north,2025-11-07,other,1,BAY#211_SL
east,2025-11-12,other,1,BAY#300.1_SL
baker_china,2025-11-13,cso,3,OCEAN#15EAST_SL|OCEAN#15_SL|OCEAN#16_SL
east,2025-11-13,cso,4,BAY#220_SL|BAY#230_SL|BAY#300.1_SL|BAY#320_SL
north,2025-11-13,cso,4,BAY#202.4_SL|BAY#202.5_SL|BAY#210.1_SL|BAY#211_SL
ocean,2025-11-13,cso,6,OCEAN#18_SL|OCEAN#19_SL|OCEAN#20_SL|OCEAN#21.1_SL|OCEAN#21_SL|OCEAN#22_SL
baker_china,2025-11-14,cso,3,OCEAN#15EAST_SL|OCEAN#15_SL|OCEAN#16_SL
east,2025-11-14,cso,4,BAY#220_SL|BAY#230_SL|BAY#300.1_SL|BAY#320_SL
north,2025-11-14,cso,4,BAY#202.4_SL|BAY#202.5_SL|BAY#210.1_SL|BAY#211_SL
ocean,2025-11-14,cso,6,OCEAN#18_SL|OCEAN#19_SL|OCEAN#20_SL|OCEAN#21.1_SL|OCEAN#21_SL|OCEAN#22_SL
baker_china,2025-11-15,cso,1,OCEAN#15_SL
east,2025-11-15,cso,3,BAY#220_SL|BAY#230_SL|BAY#320_SL
east,2025-11-16,cso,2,BAY#220_SL|BAY#320_SL
baker_china,2025-11-17,cso,3,OCEAN#15EAST_SL|OCEAN#15_SL|OCEAN#16_SL
east,2025-11-17,cso,3,BAY#220_SL|BAY#230_SL|BAY#320_SL
baker_china,2025-11-18,cso,3,OCEAN#15EAST_SL|OCEAN#15_SL|OCEAN#16_SL
east,2025-11-18,cso,5,BAY#220_SL|BAY#230_SL|BAY#300.1_SL|BAY#301.1_SL|BAY#320_SL
north,2025-11-18,other,4,BAY#202.4_SL|BAY#202.5_SL|BAY#210.1_SL|BAY#211_SL
baker_china,2025-11-19,cso,1,OCEAN#15_SL
east,2025-11-19,cso,4,BAY#220_SL|BAY#300.1_SL|BAY#301.1_SL|BAY#320_SL
north,2025-11-19,other,4,BAY#202.4_SL|BAY#202.5_SL|BAY#210.1_SL|BAY#211_SL
east,2025-11-20,cso,1,BAY#320_SL
east,2025-11-21,other,2,BAY#220_SL|BAY#320_SL
east,2025-11-22,other,2,BAY#220_SL|BAY#320_SL
east,2025-12-02,other,3,BAY#230_SL|BAY#301.2_SL|BAY#320_SL
east,2025-12-03,other,3,BAY#230_SL|BAY#301.2_SL|BAY#320_SL
east,2025-12-16,other,2,BAY#220_SL|BAY#320_SL
east,2025-12-17,other,2,BAY#220_SL|BAY#320_SL
baker_china,2025-12-22,cso,3,OCEAN#15EAST_SL|OCEAN#15_SL|OCEAN#16_SL
east,2025-12-22,cso,3,BAY#220_SL|BAY#230_SL|BAY#320_SL
north,2025-12-22,cso,4,BAY#202.4_SL|BAY#202.5_SL|BAY#210.1_SL|BAY#211_SL
ocean,2025-12-22,cso,6,OCEAN#18_SL|OCEAN#19_SL|OCEAN#20_SL|OCEAN#21.1_SL|OCEAN#21_SL|OCEAN#22_SL
baker_china,2025-12-23,cso,3,OCEAN#15EAST_SL|OCEAN#15_SL|OCEAN#16_SL
east,2025-12-23,cso,5,BAY#220_SL|BAY#230_SL|BAY#300.1_SL|BAY#301.1_SL|BAY#320_SL
north,2025-12-23,cso,4,BAY#202.4_SL|BAY#202.5_SL|BAY#210.1_SL|BAY#211_SL
ocean,2025-12-23,cso,6,OCEAN#18_SL|OCEAN#19_SL|OCEAN#20_SL|OCEAN#21.1_SL|OCEAN#21_SL|OCEAN#22_SL
baker_china,2025-12-24,cso,1,OCEAN#15_SL
east,2025-12-24,cso,4,BAY#220_SL|BAY#230_SL|BAY#300.1_SL|BAY#320_SL
baker_china,2025-12-25,cso,3,OCEAN#15EAST_SL|OCEAN#15_SL|OCEAN#16_SL
east,2025-12-25,cso,3,BAY#220_SL|BAY#230_SL|BAY#320_SL
ocean,2025-12-25,cso,6,OCEAN#18_SL|OCEAN#19_SL|OCEAN#20_SL|OCEAN#21.1_SL|OCEAN#21_SL|OCEAN#22_SL
baker_china,2025-12-26,cso,3,OCEAN#15EAST_SL|OCEAN#15_SL|OCEAN#16_SL
east,2025-12-26,cso,3,BAY#220_SL|BAY#230_SL|BAY#320_SL
ocean,2025-12-26,cso,6,OCEAN#18_SL|OCEAN#19_SL|OCEAN#20_SL|OCEAN#21.1_SL|OCEAN#21_SL|OCEAN#22_SL
baker_china,2025-12-27,cso,3,OCEAN#15EAST_SL|OCEAN#15_SL|OCEAN#16_SL
east,2025-12-27,cso,3,BAY#220_SL|BAY#230_SL|BAY#320_SL
ocean,2025-12-27,cso,2,OCEAN#19_SL|OCEAN#21_SL
baker_china,2025-12-28,cso,3,OCEAN#15EAST_SL|OCEAN#15_SL|OCEAN#16_SL
east,2025-12-28,cso,3,BAY#220_SL|BAY#230_SL|BAY#320_SL
east,2025-12-29,cso,2,BAY#220_SL|BAY#320_SL
east,2025-12-30,other,1,BAY#320_SL
east,2025-12-31,other,1,BAY#320_SL
east,2026-01-02,cso,2,BAY#220_SL|BAY#230_SL
baker_china,2026-01-03,cso,3,OCEAN#15EAST_SL|OCEAN#15_SL|OCEAN#16_SL
east,2026-01-03,cso,3,BAY#220_SL|BAY#230_SL|BAY#320_SL
baker_china,2026-01-04,cso,3,OCEAN#15EAST_SL|OCEAN#15_SL|OCEAN#16_SL
east,2026-01-04,cso,3,BAY#220_SL|BAY#230_SL|BAY#320_SL
baker_china,2026-01-05,cso,3,OCEAN#15EAST_SL|OCEAN#15_SL|OCEAN#16_SL
east,2026-01-05,cso,3,BAY#220_SL|BAY#230_SL|BAY#320_SL
baker_china,2026-01-06,cso,3,OCEAN#15EAST_SL|OCEAN#15_SL|OCEAN#16_SL
east,2026-01-06,cso,3,BAY#220_SL|BAY#230_SL|BAY#320_SL
north,2026-01-06,cso,4,BAY#202.4_SL|BAY#202.5_SL|BAY#210.1_SL|BAY#211_SL
ocean,2026-01-06,cso,6,OCEAN#18_SL|OCEAN#19_SL|OCEAN#20_SL|OCEAN#21.1_SL|OCEAN#21_SL|OCEAN#22_SL
east,2026-01-07,cso,3,BAY#220_SL|BAY#230_SL|BAY#320_SL
north,2026-01-07,cso,4,BAY#202.4_SL|BAY#202.5_SL|BAY#210.1_SL|BAY#211_SL
ocean,2026-01-07,cso,6,OCEAN#18_SL|OCEAN#19_SL|OCEAN#20_SL|OCEAN#21.1_SL|OCEAN#21_SL|OCEAN#22_SL
east,2026-01-08,cso,3,BAY#220_SL|BAY#230_SL|BAY#320_SL
east,2026-01-09,cso,3,BAY#220_SL|BAY#230_SL|BAY#320_SL
east,2026-01-10,other,1,BAY#220_SL
east,2026-01-14,other,1,BAY#300.1_SL
east,2026-01-15,other,1,BAY#300.1_SL
east,2026-01-21,other,1,BAY#300.1_SL
east,2026-01-22,other,1,BAY#300.1_SL
baker_china,2026-02-17,cso,3,OCEAN#15EAST_SL|OCEAN#15_SL|OCEAN#16_SL
east,2026-02-17,cso,3,BAY#220_SL|BAY#230_SL|BAY#320_SL
north,2026-02-17,cso,4,BAY#202.4_SL|BAY#202.5_SL|BAY#210.1_SL|BAY#211_SL
ocean,2026-02-17,cso,6,OCEAN#18_SL|OCEAN#19_SL|OCEAN#20_SL|OCEAN#21.1_SL|OCEAN#21_SL|OCEAN#22_SL
baker_china,2026-02-18,cso,3,OCEAN#15EAST_SL|OCEAN#15_SL|OCEAN#16_SL
east,2026-02-18,cso,3,BAY#220_SL|BAY#230_SL|BAY#320_SL
north,2026-02-18,cso,4,BAY#202.4_SL|BAY#202.5_SL|BAY#210.1_SL|BAY#211_SL
ocean,2026-02-18,cso,6,OCEAN#18_SL|OCEAN#19_SL|OCEAN#20_SL|OCEAN#21.1_SL|OCEAN#21_SL|OCEAN#22_SL
baker_china,2026-02-19,cso,3,OCEAN#15EAST_SL|OCEAN#15_SL|OCEAN#16_SL
east,2026-02-19,cso,3,BAY#220_SL|BAY#230_SL|BAY#320_SL
north,2026-02-19,cso,4,BAY#202.4_SL|BAY#202.5_SL|BAY#210.1_SL|BAY#211_SL
ocean,2026-02-19,cso,6,OCEAN#18_SL|OCEAN#19_SL|OCEAN#20_SL|OCEAN#21.1_SL|OCEAN#21_SL|OCEAN#22_SL
east,2026-02-20,cso,3,BAY#220_SL|BAY#230_SL|BAY#320_SL
north,2026-02-20,cso,4,BAY#202.4_SL|BAY#202.5_SL|BAY#210.1_SL|BAY#211_SL
ocean,2026-02-20,cso,6,OCEAN#18_SL|OCEAN#19_SL|OCEAN#20_SL|OCEAN#21.1_SL|OCEAN#21_SL|OCEAN#22_SL
east,2026-02-21,cso,3,BAY#220_SL|BAY#230_SL|BAY#320_SL
ocean,2026-02-21,cso,3,OCEAN#18_SL|OCEAN#19_SL|OCEAN#22_SL
east,2026-02-22,cso,1,BAY#320_SL
ocean,2026-02-22,cso,1,OCEAN#18_SL
east,2026-02-24,other,1,BAY#320_SL
east,2026-02-25,other,1,BAY#320_SL
east,2026-02-26,other,1,BAY#320_SL
east,2026-02-27,other,1,BAY#320_SL
east,2026-02-28,other,1,BAY#320_SL
