facility,year,month,document_id,attachment_id,att_type,name,selected,parsed
OSP,2011,3,726630,733799,1,1 OSP Monthly WW Report March 2011.pdf,0,0
OSP,2011,3,726630,733800,1,Monthly SMR ( MONNPDES ) report for March 2011.pdf,0,0
OSP,2011,3,726630,733841,1,SF OSP SMR March 2011 Redact.pdf,0,0
OSP,2011,3,726630,733847,2,OSP 03-2011Redact cover.pdf,0,0
OSP,2011,3,726630,730334,2,OSP 1st Qut Rpt Cvr Ltr001.pdf,0,0
OSP,2011,3,726630,730332,2,OSP March 2011 Cvr Ltr001.pdf,0,0
SEP,2011,3,724770,730851,1,SEP March 2011 Bayside Wet Weather Report.pdf,0,0
SEP,2011,3,724770,730911,1,SEP March Bioassay Reports.pdf,0,0
SEP,2011,3,724770,730910,1,SEP March Shoreline Bacteriological Report.pdf,0,0
SEP,2011,3,724770,730852,2,SEP Jan to Mar Quarterly Cover Letter.pdf,0,0
SEP,2011,3,724770,730854,2,SEP March 2011 SMR Cover Letter.pdf,0,0
OSP,2011,4,726631,736765,1,OSP Drainage Summary 201104-4.pdf,0,0
OSP,2011,4,726631,736766,1,OSP ERS 201104.pdf,0,0
OSP,2011,4,726631,736767,1,OSP Shoreline Bacti Report 201104-5.pdf,0,0
OSP,2011,4,726631,737935,1,SF OSP SMR April 2011.pdf,0,0
OSP,2011,4,726631,737931,2,OSP 04-2011 Cover.pdf,0,0
SEP,2011,4,724771,738323,1,2011 April Bayside Wet Weather Report.pdf,0,0
SEP,2011,4,724771,736827,1,2011_April Acute Toxicity_E001a.pdf,0,0
SEP,2011,4,724771,736828,1,2011_April Acute Toxicity_E001b.pdf,0,0
SEP,2011,4,724771,736829,1,2011_April Acute Toxicity_E001c.pdf,0,0
SEP,2011,4,724771,736826,1,2011_April Bayside Bact Report.pdf,0,0
SEP,2011,4,724771,737843,1,SEP ERS Print Out 201104.pdf,0,0
SEP,2011,4,724771,738324,2,Cover SEP 04-2011.pdf,0,0
OSP,2011,5,726632,742077,1,OSP ERS 201105.pdf,0,0
OSP,2011,5,726632,744178,1,OSP May 2011 SMR.pdf,0,0
OSP,2011,5,726632,743317,1,OSP Monthly WW Report May 2011.pdf,0,0
OSP,2011,5,726632,742078,1,OSP Shoreline 201105.pdf,0,0
OSP,2011,5,726632,744193,2,OSP 05-2011Cvr .pdf,0,0
SEP,2011,5,724772,744951,1,Bayside Wet Weather Report.pdf,0,0
SEP,2011,5,724772,742996,1,SEP E002 Toxicity 201105.pdf,0,0
SEP,2011,5,724772,742998,1,SEP ERS 201105.pdf,0,0
SEP,2011,5,724772,742997,1,SEP Shoreline 201105.pdf,0,0
SEP,2011,5,724772,744952,2,May Cover Letter.pdf,0,0
OSP,2011,6,726633,758639,1,OSP Chronic Toxicity 201106.pdf,0,0
OSP,2011,6,726633,758634,1,OSP ERS 201106.pdf,0,0
OSP,2011,6,726633,761836,1,OSP Monthly WW Report June 2011.pdf,0,0
OSP,2011,6,726633,758635,1,OSP Shoreline 201106.pdf,0,0
OSP,2011,6,726633,761834,2,OSP 06-2011Cvr.doc.pdf,0,0
OSP,2011,6,726633,761835,2,OSP 2011 2nd Quarter Rpt Cover_lp.pdf,0,0
SEP,2011,6,724773,766378,1,SEP 06-2011 Corrected Discharge Summaries.pdf,0,0
SEP,2011,6,724773,766377,1,SEP 06-2011 June Wet Weather Report.pdf,0,0
SEP,2011,6,724773,760894,1,SEP 1668c PCB Congeners Qtrly 201106.pdf,0,0
SEP,2011,6,724773,759288,1,SEP E001 Toxicity 201106.pdf,0,0
SEP,2011,6,724773,759289,1,SEP E001B Toxicity 201106.pdf,0,0
SEP,2011,6,724773,759290,1,SEP E002 Toxicity 201106.pdf,0,0
SEP,2011,6,724773,759291,1,SEP E003 Toxicity 201106.pdf,0,0
SEP,2011,6,724773,760175,1,SEP ERS 201106.pdf,0,0
SEP,2011,6,724773,760176,1,SEP Semi-Annual ChronicToxicity 201106.pdf,0,0
SEP,2011,6,724773,759294,1,SEP Shoreline 201106.pdf,0,0
SEP,2011,6,724773,766388,2,June 2011 Cover.pdf,0,0
SEP,2011,6,724773,766390,2,June 2011 Quarterly Cover.pdf,0,0
SEP,2011,6,724773,766391,2,June 2011 Semi-Annual Cover.pdf,0,0
OSP,2011,7,726634,774029,1,OSP ERS 201107.pdf,0,0
OSP,2011,7,726634,775365,1,OSP Monthly WW Report July 2011.pdf,0,0
OSP,2011,7,726634,774030,1,OSP Shoreline 201107.pdf,0,0
OSP,2011,7,726634,775368,1,SF OSP July 2011 SMR.pdf,0,0
OSP,2011,7,726634,775367,2,OSP 07-2011 SMR Cover Letter.pdf,0,0
SEP,2011,7,724774,776657,1,July 2011 Bayside Wet Weather Summary.pdf,0,0
SEP,2011,7,724774,774889,1,SEP E001 Toxicity 201107.pdf,0,0
SEP,2011,7,724774,774891,1,SEP ERS 201107.pdf,0,0
SEP,2011,7,724774,774892,1,SEP Shoreline 201107.pdf,0,0
SEP,2011,7,724774,776526,2,SEP July 2011 Cover.pdf,0,0
OSP,2011,8,781895,782314,1,OSP ERS 201108.pdf,0,0
OSP,2011,8,781895,782316,1,OSP Monthly WW ReportAugust 2011.pdf,0,0
OSP,2011,8,781895,782315,1,OSP Shoreline 201108.pdf,0,0
OSP,2011,8,781895,783354,1,SF OSP SMR 2011 August.pdf,0,0
OSP,2011,8,781895,783355,2,OSP 08-2011Cvr.doc.pdf,0,0
SEP,2011,8,724775,784929,1,August Wet Weather Report.pdf,0,0
SEP,2011,8,724775,781615,1,SEP E001 Toxicity 201108.pdf,0,0
SEP,2011,8,724775,781756,1,SEP ERS 201108.pdf,0,0
SEP,2011,8,724775,781617,1,SEP Shoreline 201108.pdf,0,0
SEP,2011,8,724775,784741,2,Bayside August 2011 Cover Letter.pdf,0,0
OSP,2011,9,781896,789632,1,OSP Chronic Toxicity 2011 3rd Qtr.pdf,0,0
OSP,2011,9,781896,792022,1,OSP ERS 201109.pdf,0,0
OSP,2011,9,781896,789634,1,OSP Shoreline 201109.pdf,0,0
OSP,2011,9,781896,792158,1,SF OSP SMR September 2011.pdf,0,0
OSP,2011,9,781896,792088,2,OSP 09-2011Cvr.doc.pdf,0,0
SEP,2011,9,724776,788915,1,SEP E001 Toxicity 201109.pdf,0,0
SEP,2011,9,724776,791953,1,SEP ERS 201109.pdf,0,0
SEP,2011,9,724776,788916,1,SEP Shoreline 201109.pdf,0,0
SEP,2011,9,724776,791902,1,September 2011 Bayside WW Report.pdf,0,0
SEP,2011,9,724776,791906,2,SEP September 2011 Cover.pdf,0,0
SEP,2011,9,724776,791907,2,SEP September Quarterly 2011 Cover.pdf,0,0
OSP,2011,10,781897,826258,1,OSP ERS 201110.pdf,0,0
OSP,2011,10,781897,826810,1,OSP Monthly WW Report October 2011.pdf,0,0
OSP,2011,10,781897,826260,1,OSP Shoreline 201110.pdf,0,0
OSP,2011,10,781897,826811,2,OSP 10-2011Cvr.doc.pdf,0,0
SEP,2011,10,724777,827236,1,October 2011 Bayside WW Report.pdf,0,0
SEP,2011,10,724777,822987,1,SEP DMR 201110.pdf,0,0
SEP,2011,10,724777,822981,1,SEP E001 Toxicity 201110.pdf,0,0
SEP,2011,10,724777,822982,1,SEP E001B Toxicity 201110.pdf,0,0
SEP,2011,10,724777,822983,1,SEP E002 Toxicity 201110.pdf,0,0
SEP,2011,10,724777,822984,1,SEP E003 Toxicity 201110.pdf,0,0
SEP,2011,10,724777,822985,1,SEP ERS 201110.pdf,0,0
SEP,2011,10,724777,822986,1,SEP Shoreline 201110.pdf,0,0
SEP,2011,10,724777,827238,2,SEP October 2011 Cover Letter.pdf,0,0
OSP,2011,11,781898,835096,1,OSP DMR Form 201111.pdf,0,0
OSP,2011,11,781898,835025,1,OSP ERS 201111.pdf,0,0
OSP,2011,11,781898,836283,1,OSP Monthly WW Report November2011.pdf,0,0
OSP,2011,11,781898,835026,1,OSP Shoreline 201111.pdf,0,0
OSP,2011,11,781898,836281,2,OSP 11-2011Cvr doc.pdf,0,0
SEP,2011,11,724778,837248,1,November 2011 Wet Weather Report.pdf,0,0
SEP,2011,11,724778,836121,1,SEP DMR 201111.pdf,0,0
SEP,2011,11,724778,836119,1,SEP E001 Toxicity 201111.pdf,0,0
SEP,2011,11,724778,835615,1,SEP E002 Toxicity 201111.pdf,0,0
SEP,2011,11,724778,835616,1,SEP E003 Toxicity 201111.pdf,0,0
SEP,2011,11,724778,836120,1,SEP ERS 201111.pdf,0,0
SEP,2011,11,724778,835617,1,SEP Shoreline 201111.pdf,0,0
SEP,2011,11,724778,838243,2,cover page 11-2011.pdf,0,0
OSP,2011,12,781899,848706,1,OSP 201112 DMR.pdf,0,0
OSP,2011,12,781899,847654,1,OSP 201112Q DMR.pdf,0,0
OSP,2011,12,781899,847649,1,OSP Chronic Toxicity 2011 4th Qtr.pdf,0,0
OSP,2011,12,781899,848707,1,OSP ERS 201112.pdf,0,0
OSP,2011,12,781899,854490,1,OSP Monthly WW Report December 2011.pdf,0,0
OSP,2011,12,781899,847655,1,OSP Shoreline 201112.pdf,0,0
OSP,2011,12,781899,854480,2,OSP 12-2011Cvr doc.pdf,0,0
OSP,2011,12,781899,854548,2,OSP 2011 4th Quarter Rpt Cover.pdf,0,0
SEP,2011,12,724779,853671,1,Bayside December Wet Weather Report.pdf,0,0
SEP,2011,12,724779,847217,1,SEP 1668c PCB Congeners Qtrly 201109.pdf,0,0
SEP,2011,12,724779,847218,1,SEP 1668c PCB Congeners Qtrly 201112.pdf,0,0
SEP,2011,12,724779,847997,1,SEP 201112Q DMR.pdf,0,0
SEP,2011,12,724779,847998,1,SEP 201112S DMR.pdf,0,0
SEP,2011,12,724779,847204,1,SEP E001 Toxicity 201112.pdf,0,0
SEP,2011,12,724779,847206,1,SEP Shoreline 201112.pdf,0,0
SEP,2011,12,724779,853928,2,SEP 12-2011 quarterly.pdf,0,0
SEP,2011,12,724779,853929,2,SEP 12-2011 semiannual.pdf,0,0
SEP,2011,12,724779,853927,2,SEP 12-2011.pdf,0,0
OSP,2012,1,781900,874869,1,OSP ERS 201201.pdf,0,0
OSP,2012,1,781900,877704,1,OSP Monthly WW Report January 2012.pdf,0,0
OSP,2012,1,781900,874868,1,OSP Shoreline 201201.pdf,0,0
OSP,2012,1,781900,877699,2,OSP 01-2012 Cvr doc.pdf,0,0
SEP,2012,1,724780,877662,1,January 2012 Bayside Wet Weather Report.pdf,0,0
SEP,2012,1,724780,876572,1,SEP DMR 201201.pdf,0,0
SEP,2012,1,724780,876571,1,SEP E001 Toxicity 201201.pdf,0,0
SEP,2012,1,724780,876061,1,SEP E001B Toxicity 201201.pdf,0,0
SEP,2012,1,724780,876062,1,SEP E002 Toxicity 201201.pdf,0,0
SEP,2012,1,724780,876063,1,SEP E003 Toxicity 201201.pdf,0,0
SEP,2012,1,724780,876582,1,SEP ERS 201201.pdf,0,0
SEP,2012,1,724780,876059,1,SEP Shoreline 201201.pdf,0,0
SEP,2012,1,724780,877667,2,SEP 01-2012.pdf,0,0
OSP,2012,2,781901,905845,1,OSP DMR 201202.pdf,0,0
OSP,2012,2,781901,905847,1,OSP ERS 201202.pdf,0,0
OSP,2012,2,781901,906135,1,OSP Monthly WW Report January 2012.pdf,0,0
OSP,2012,2,781901,905846,1,OSP Shoreline 201202.pdf,0,0
OSP,2012,2,781901,906079,1,SF OSP SMR February 2012.pdf,0,0
OSP,2012,2,781901,906110,2,OSP SMR 2-2012 Cvr Ltr.pdf,0,0
SEP,2012,2,724781,918178,1,February 2012 Bayside Drainage System Narrative.doc,0,0
SEP,2012,2,724781,918179,1,February 2012 Bayside.XLS,0,0
SEP,2012,2,724781,906283,1,SEP DMR 201202.pdf,0,0
SEP,2012,2,724781,906138,1,SEP E001 Toxicity 201202.pdf,0,0
SEP,2012,2,724781,906139,1,SEP E001B Toxicity 201202.pdf,0,0
SEP,2012,2,724781,906140,1,SEP E002 Toxicity 201202.pdf,0,0
SEP,2012,2,724781,906141,1,SEP E003 Toxicity 201203.pdf,0,0
SEP,2012,2,724781,906144,1,SEP ERS 201202.pdf,0,0
SEP,2012,2,724781,906142,1,SEP Shoreline 201202.pdf,0,0
SEP,2012,2,724781,918183,2,smr0212.pdf,0,0
OSP,2012,3,781902,936537,1,OSP Chronic Toxicity 2012 1st Qtr.pdf,0,0
OSP,2012,3,781902,937004,1,OSP DMR 201203.pdf,0,0
OSP,2012,3,781902,937007,1,OSP DMR 201203Q.pdf,0,0
OSP,2012,3,781902,937010,1,OSP ERS 201203.pdf,0,0
OSP,2012,3,781902,937404,1,OSP Monthly WW Report March 2012.pdf,0,0
OSP,2012,3,781902,937009,1,OSP Shoreline 201203.pdf,0,0
OSP,2012,3,781902,937403,2,OSP 1st Quarter SMR Report 2012.pdf,0,0
OSP,2012,3,781902,937402,2,OSP March SMR 2012.pdf,0,0
SEP,2012,3,724782,940947,1,March 2012 Wet Weather Report.pdf,0,0
SEP,2012,3,724782,938486,1,SEP 1668c PCB Congeners Qtrly 201203.PDF,0,0
SEP,2012,3,724782,938487,1,SEP DMR 201203 Q.pdf,0,0
SEP,2012,3,724782,938488,1,SEP DMR 201203.pdf,0,0
SEP,2012,3,724782,938489,1,SEP E001 Toxicity 201203.pdf,0,0
SEP,2012,3,724782,938490,1,SEP E001B Toxicity 201203.pdf,0,0
SEP,2012,3,724782,938492,1,SEP E002 Toxicity 201203.pdf,0,0
SEP,2012,3,724782,938494,1,SEP E003 Toxicity 201203.pdf,0,0
SEP,2012,3,724782,938495,1,SEP ERS 201203.pdf,0,0
SEP,2012,3,724782,938497,1,SEP Shoreline 201203.pdf,0,0
SEP,2012,3,724782,940999,2,SEP 03-2012 quarterly.pdf,0,0
SEP,2012,3,724782,940998,2,SEP 03-2012.pdf,0,0
OSP,2012,4,781903,952588,1,OSP DMR 201204.pdf,0,0
OSP,2012,4,781903,952590,1,OSP ERS 201204.pdf,0,0
OSP,2012,4,781903,952589,1,OSP Shoreline 201204.pdf,0,0
OSP,2012,4,781903,953445,1,SF OSP April SMR 2012.pdf,0,0
OSP,2012,4,781903,953447,2,SF OSP SMR 04-2012 Cvr doc.pdf,0,0
SEP,2012,4,724783,955718,1,April 2012 Bayside Wet Weather Summary.pdf,0,0
SEP,2012,4,724783,949748,1,SEP DMR 201204.pdf,0,0
SEP,2012,4,724783,947011,1,SEP E001 Toxicity 201204.pdf,0,0
SEP,2012,4,724783,947012,1,SEP E001B Toxicity 201204.pdf,0,0
SEP,2012,4,724783,947014,1,SEP E002 Toxicity 201204.pdf,0,0
SEP,2012,4,724783,947017,1,SEP E003 Toxicity 201204.pdf,0,0
SEP,2012,4,724783,949747,1,SEP ERS 201204.pdf,0,0
SEP,2012,4,724783,947018,1,SEP Shoreline 201204.pdf,0,0
SEP,2012,4,724783,955719,2,SEP 04-2012.pdf,0,0
OSP,2012,5,781904,975497,1,OSP DMR 201205.pdf,0,0
OSP,2012,5,781904,975499,1,OSP ERS 201205.pdf,0,0
OSP,2012,5,781904,975498,1,OSP Shoreline 201205.pdf,0,0
OSP,2012,5,781904,977948,2,SF OSP May SMR 2012.pdf,0,0
SEP,2012,5,724784,979256,1,May 2012 Wet Weather Report .pdf,0,0
SEP,2012,5,724784,970698,1,SEP DMR 201205.pdf,0,0
SEP,2012,5,724784,970459,1,SEP E001 Toxicity 201205.pdf,0,0
SEP,2012,5,724784,970872,1,SEP ERS 201205.pdf,0,0
SEP,2012,5,724784,970460,1,SEP Shoreline 201205.pdf,0,0
SEP,2012,5,724784,979257,2,SEP 05-2012.pdf,0,0
OSP,2012,6,781905,996246,1,OSP 2nd Quarter SMR Report 2012.pdf,0,0
OSP,2012,6,781905,994064,1,OSP Chronic Toxicity 2012 2nd Qtr.pdf,0,0
OSP,2012,6,781905,994062,1,OSP DMR 201206.pdf,0,0
OSP,2012,6,781905,994060,1,OSP DMR 201206Q.pdf,0,0
OSP,2012,6,781905,994066,1,OSP ERS 201206.pdf,0,0
OSP,2012,6,781905,994063,1,OSP Shoreline 201206.pdf,0,0
OSP,2012,6,781905,996226,1,SF OSP June SMR 2012.pdf,0,0
OSP,2012,6,781905,996306,2,OSP 06-2012 Cvr doc.pdf,0,0
OSP,2012,6,781905,996292,2,OSP 2012 2nd Quarter Rpt Cover.pdf,0,0
SEP,2012,6,724785,1002384,1,SEP 06-2012 Wet Weather Report.pdf,0,0
SEP,2012,6,724785,994423,1,SEP 1668c PCB Congeners Qtrly 201206.pdf,0,0
SEP,2012,6,724785,995934,1,SEP DMR 201203 Q.pdf,0,0
SEP,2012,6,724785,994426,1,SEP DMR 201206.pdf,0,0
SEP,2012,6,724785,994427,1,SEP E001 Toxicity 201206.pdf,0,0
SEP,2012,6,724785,994428,1,SEP ERS 201206.pdf,0,0
SEP,2012,6,724785,994430,1,SEP Shoreline 201206.pdf,0,0
SEP,2012,6,724785,1001150,2,SEP 06-2012 quarterly.pdf,0,0
SEP,2012,6,724785,1001149,2,SEP 06-2012.pdf,0,0
OSP,2012,7,781906,1012716,1,OSP DMR 201207.pdf,0,0
OSP,2012,7,781906,1012717,1,OSP ERS 201207.pdf,0,0
OSP,2012,7,781906,1012718,1,OSP Shoreline 201207.pdf,0,0
OSP,2012,7,781906,1017840,2,SF OSP July SMR 2012.pdf,0,0
SEP,2012,7,724786,1017074,1,Bayside Wet Weather Report July 2012.pdf,0,0
SEP,2012,7,724786,1013637,1,SEP DMR 201207.pdf,0,0
SEP,2012,7,724786,1013638,1,SEP E001 Toxicity 201207.pdf,0,0
SEP,2012,7,724786,1013639,1,SEP ERS 201207.pdf,0,0
SEP,2012,7,724786,1013640,1,SEP Shoreline 201207.pdf,0,0
SEP,2012,7,724786,1017075,2,SEP 07-2012.pdf,0,0
OSP,2012,8,781907,1023444,1,2011 Southwest Ocean Outfall Regional Monitoring Program Data Report.pdf,0,0
OSP,2012,8,781907,1024886,1,OSP DMR 201208.pdf,0,0
OSP,2012,8,781907,1024891,1,OSP ERS 201208.pdf,0,0
OSP,2012,8,781907,1024892,1,OSP Shoreline 201208.pdf,0,0
OSP,2012,8,781907,1027906,1,SF OSP SMR August 2012.pdf,0,0
OSP,2012,8,781907,1027908,2,OSP 08-2012 Cvr.pdf,0,0
SEP,2012,8,724787,1029517,1,August Bayside Wet Weather Report.pdf,0,0
SEP,2012,8,724787,1024893,1,SEP DMR 201208.pdf,0,0
SEP,2012,8,724787,1024894,1,SEP E001 Toxicity 201208.pdf,0,0
SEP,2012,8,724787,1024896,1,SEP ERS 201208.pdf,0,0
SEP,2012,8,724787,1024897,1,SEP Shoreline 201208.pdf,0,0
SEP,2012,8,724787,1029518,2,SEP 08-2012.pdf,0,0
OSP,2012,9,781908,1063300,1,OSP Chronic Toxicity 2012 3rd Qtr.pdf,0,0
OSP,2012,9,781908,1063296,1,OSP DMR 201209 Q.pdf,0,0
OSP,2012,9,781908,1063297,1,OSP DMR 201209.pdf,0,0
OSP,2012,9,781908,1063298,1,OSP ERS 201209.pdf,0,0
OSP,2012,9,781908,1068219,1,OSP SMR 2012 Third Quarter Discharge Monitoring Report.pdf,0,0
OSP,2012,9,781908,1063299,1,OSP Shoreline 201209.pdf,0,0
OSP,2012,9,781908,1068220,1,SF OSP September SMR 2012.pdf,0,0
OSP,2012,9,781908,1068221,2,OSP 2012 3rd Quarter Rpt Cover.pdf,0,0
OSP,2012,9,781908,1068224,2,SF OSP September 2012 Cvr.pdf,0,0
SEP,2012,9,724788,1063838,1,SEP 1668c PCB Congeners Qtrly 201209.pdf,0,0
SEP,2012,9,724788,1063301,1,SEP DMR 201209 Q.pdf,0,0
SEP,2012,9,724788,1063302,1,SEP DMR 201209.pdf,0,0
SEP,2012,9,724788,1063303,1,SEP E001 Toxicity 201209.pdf,0,0
SEP,2012,9,724788,1063304,1,SEP ERS 201209.pdf,0,0
SEP,2012,9,724788,1063305,1,SEP Shoreline 201209.pdf,0,0
SEP,2012,9,724788,1078739,1,September 2012 Wet Weather Report.pdf,0,0
SEP,2012,9,724788,1078744,2,SEP 09-2012 quarterly.pdf,0,0
SEP,2012,9,724788,1078743,2,SEP 09-2012.pdf,0,0
OSP,2012,10,781909,1093152,1,OSP ERS 201210.pdf,0,0
OSP,2012,10,781909,1093153,1,OSP Shoreline 201210.pdf,0,0
OSP,2012,10,781909,1095010,1,SF OSP October SMR 2012.pdf,0,0
OSP,2012,10,781909,1095011,2,OSP 10-2012 Cvr.pdf,0,0
SEP,2012,10,724789,1096996,1,October 2012 Wet Weather Report.pdf,0,0
SEP,2012,10,724789,1091493,1,SEP DMR 201210.pdf,0,0
SEP,2012,10,724789,1091494,1,SEP E001 Toxicity 201210.pdf,0,0
SEP,2012,10,724789,1091495,1,SEP E001B Toxicity 201210.pdf,0,0
SEP,2012,10,724789,1091496,1,SEP E002 Toxicity 201210.pdf,0,0
SEP,2012,10,724789,1091497,1,SEP E003 Toxicity 201210.pdf,0,0
SEP,2012,10,724789,1091498,1,SEP ERS 201210.pdf,0,0
SEP,2012,10,724789,1091499,1,SEP Shoreline 201210.pdf,0,0
SEP,2012,10,724789,1096680,2,SEP 10-2012.pdf,0,0
OSP,2012,11,781910,1109739,1,OSP ERS 201211.pdf,0,0
OSP,2012,11,781910,1109740,1,OSP Shoreline 201211.pdf,0,0
OSP,2012,11,781910,1128647,1,SF OSP November  2012 SMR-DMR.pdf,0,0
OSP,2012,11,781910,1128652,2,OSP 11-2012 Cover.pdf,0,0
SEP,2012,11,724790,1108183,1,November 2012 Bayside Wet Weather.pdf,0,0
SEP,2012,11,724790,1106377,1,SEP DMR 201211.pdf,0,0
SEP,2012,11,724790,1106378,1,SEP E001 Toxicity 201211.pdf,0,0
SEP,2012,11,724790,1106379,1,SEP E001B Toxicity 201211.pdf,0,0
SEP,2012,11,724790,1106380,1,SEP E002 Toxicity 201211.pdf,0,0
SEP,2012,11,724790,1106381,1,SEP E003 Toxicity 201211.pdf,0,0
SEP,2012,11,724790,1106408,1,SEP ERS 201211.pdf,0,0
SEP,2012,11,724790,1106383,1,SEP Shoreline 201211.pdf,0,0
SEP,2012,11,724790,1108182,2,SEP 11-2012.pdf,0,0
OSP,2012,12,781911,1175527,1,OSP 2012 4th Quarter Monitoring Report.pdf,0,0
OSP,2012,12,781911,1169303,1,OSP Chronic Toxicity 2012 4th Qtr.pdf,0,0
OSP,2012,12,781911,1169302,1,OSP DMR 201212 Q.pdf,0,0
OSP,2012,12,781911,1175487,1,OSP DMR 201212.pdf,0,0
OSP,2012,12,781911,1167955,1,OSP ERS 201212.pdf,0,0
OSP,2012,12,781911,1167956,1,OSP Shoreline 201212.pdf,0,0
OSP,2012,12,781911,1175498,2,OSP 12-2012 Cvr.pdf,0,0
OSP,2012,12,781911,1175530,2,OSP 2012 4th Quarter Rpt Cover.pdf,0,0
SEP,2012,12,724791,1177525,1,December 2012 Wet Weather Report.pdf,0,0
SEP,2012,12,724791,1164660,1,SEP 1668c PCB Congeners Qtrly 201212.pdf,0,0
SEP,2012,12,724791,1165003,1,SEP DMR 201212 Q.pdf,0,0
SEP,2012,12,724791,1165004,1,SEP DMR 201212 S.pdf,0,0
SEP,2012,12,724791,1164834,1,SEP DMR 201212.pdf,0,0
SEP,2012,12,724791,1165016,1,SEP E001 Toxicity 201212.pdf,0,0
SEP,2012,12,724791,1165017,1,SEP E001B Toxicity 201212.pdf,0,0
SEP,2012,12,724791,1165019,1,SEP E002 Toxicity 201212.pdf,0,0
SEP,2012,12,724791,1165020,1,SEP E003 Toxicity 201212.pdf,0,0
SEP,2012,12,724791,1165021,1,SEP ERS 201212.pdf,0,0
SEP,2012,12,724791,1165022,1,SEP Shoreline 201212.pdf,0,0
SEP,2012,12,724791,1177652,2,SEP 12-2012 quarterly.pdf,0,0
SEP,2012,12,724791,1177651,2,SEP 12-2012 semiannual.pdf,0,0
SEP,2012,12,724791,1177650,2,SEP 12-2012.pdf,0,0
OSP,2013,1,781912,1200421,1,OSP DMR 201301.pdf,0,0
OSP,2013,1,781912,1200422,1,OSP Shoreline 201301.pdf,0,0
OSP,2013,1,781912,1203349,1,SFPUC OSP SMR-DMR January 2013.pdf,1,0
OSP,2013,1,781912,1203348,2,OSP SMR 1-2013 Cvr Ltr.pdf,1,0
SEP,2013,1,724792,1203784,1,January 2013 Bayside Wet Weather Report.pdf,1,0
SEP,2013,1,724792,1205268,1,SEP DMR 201301.pdf,0,0
SEP,2013,1,724792,1202646,1,SEP E001 Toxicity 201301.pdf,0,0
SEP,2013,1,724792,1202647,1,SEP E002 Toxicity 201301.pdf,0,0
SEP,2013,1,724792,1202648,1,SEP E003 Toxicity 201301.pdf,0,0
SEP,2013,1,724792,1202649,1,SEP Shoreline 201301.pdf,0,0
SEP,2013,1,724792,1204152,2,SEP 01-2013.pdf,1,0
OSP,2013,2,781913,1220797,1,OSP Shoreline 201302.pdf,0,0
OSP,2013,2,781913,1228300,1,SF Oceanside Plant Feb 2013 SMR-DMR.pdf,1,0
OSP,2013,2,781913,1228309,2,OSP 2-2013 Cvr.pdf,1,0
SEP,2013,2,724793,1229807,1,Bayside Wet Weather Report February 2013.pdf,1,0
SEP,2013,2,724793,1223221,1,SEP DMR 201302.pdf,0,0
SEP,2013,2,724793,1222888,1,SEP E001 Toxicity 201302.pdf,0,0
SEP,2013,2,724793,1222889,1,SEP E002 Toxicity 201302.pdf,0,0
SEP,2013,2,724793,1223223,1,SEP E003 Toxicity 201302.pdf,0,0
SEP,2013,2,724793,1223206,1,SEP Shoreline 201302.pdf,0,0
SEP,2013,2,724793,1229810,2,SEP 02-2013.pdf,1,0
OSP,2013,3,781914,1244647,1,OSP Chronic Toxicity 2013 1st Qtr.pdf,0,0
OSP,2013,3,781914,1244648,1,OSP DMR 201303.pdf,0,0
OSP,2013,3,781914,1244649,1,OSP DMR 201303Q.pdf,0,0
OSP,2013,3,781914,1244650,1,OSP Shoreline 201303.pdf,0,0
OSP,2013,3,781914,1255191,2,OSP 1st QSMR.pdf,1,0
OSP,2013,3,781914,1255121,2,OSP SMR 03-13.pdf,1,0
SEP,2013,3,1207873,1254944,1,March 2013 Bayside Wet Weather Report.pdf,1,0
SEP,2013,3,1207873,1247904,1,SEP E001 Toxicity 201303.pdf,0,0
SEP,2013,3,1207873,1247905,1,SEP E001B Toxicity 201303.pdf,0,0
SEP,2013,3,1207873,1247906,1,SEP E002 Toxicity 201303.pdf,0,0
SEP,2013,3,1207873,1247907,1,SEP E003 Toxicity 201303.pdf,0,0
SEP,2013,3,1207873,1247908,1,SEP Shoreline 201303.pdf,0,0
SEP,2013,3,1207873,1254945,2,SEP 03-2013 quarterly.pdf,1,0
SEP,2013,3,1207873,1254946,2,SEP 03-2013.pdf,1,0
OSP,2013,4,781915,1269926,1,OSP DMR 201304.pdf,0,0
OSP,2013,4,781915,1273111,1,OSP Shoreline 201304.pdf,0,0
OSP,2013,4,781915,1273191,2,OSP 04-13 SMR.pdf,1,0
SEP,2013,4,1232066,1273148,1,April 2013 Bayside Wet Weather Report.pdf,1,0
SEP,2013,4,1232066,1269925,1,SEP 1668c PCB Congeners 1st Qtrly 201304.PDF,0,0
SEP,2013,4,1232066,1262142,1,SEP DMR 201304.pdf,0,0
SEP,2013,4,1232066,1262143,1,SEP E001 Toxicity 201304.pdf,0,0
SEP,2013,4,1232066,1262144,1,SEP E001B Toxicity 201304.pdf,0,0
SEP,2013,4,1232066,1262145,1,SEP E002 Toxicity 201304.pdf,0,0
SEP,2013,4,1232066,1262146,1,SEP E003 Toxicity 201304.pdf,0,0
SEP,2013,4,1232066,1262147,1,SEP Shoreline 201304.pdf,0,0
SEP,2013,4,1232066,1273149,2,SEP 04-2013.pdf,1,0
OSP,2013,5,781916,1288832,1,OSP DMR 201305.pdf,0,0
OSP,2013,5,781916,1288833,1,OSP Shoreline 201305.pdf,0,0
OSP,2013,5,781916,1301014,2,OSP 05-13 SMR.pdf,1,0
SEP,2013,5,1255667,1301585,1,May 2013 Bayside WW Report.pdf,0,0
SEP,2013,5,1255667,1296844,1,SEP DMR 201305.pdf,0,0
SEP,2013,5,1255667,1296845,1,SEP E001 Toxicity 201305.pdf,0,0
SEP,2013,5,1255667,1296846,1,SEP Shoreline 201305.pdf,0,0
SEP,2013,5,1255667,1301933,2,SEP 05-2013.pdf,1,0
OSP,2013,6,781917,1317675,1,OSP Chronic Toxicity 2013 2nd Qtr.pdf,0,0
OSP,2013,6,781917,1317677,1,OSP DMR 201306 Q.pdf,0,0
OSP,2013,6,781917,1317678,1,OSP DMR 201306.pdf,0,0
OSP,2013,6,781917,1317679,1,OSP Shoreline 201306.pdf,0,0
OSP,2013,6,781917,1319650,2,Oceanside Monitoring Report April-June 2013.pdf,1,0
OSP,2013,6,781917,1319647,2,Oceanside Monitoring Report June 2013.pdf,1,0
SEP,2013,6,1279441,1320914,1,June 2013 Wet Weather.pdf,1,0
SEP,2013,6,1279441,1317629,1,SEP 1668c PCB Congeners Qtrly 201306.pdf,0,0
SEP,2013,6,1279441,1317630,1,SEP DMR 201306 Q.pdf,0,0
SEP,2013,6,1279441,1317631,1,SEP DMR 201306 S.pdf,0,0
SEP,2013,6,1279441,1317632,1,SEP DMR 201306.pdf,0,0
SEP,2013,6,1279441,1317633,1,SEP E001 Toxicity 201306.pdf,0,0
SEP,2013,6,1279441,1317634,1,SEP Semi-Annual ChronicToxicity 201306.pdf,0,0
SEP,2013,6,1279441,1317635,1,SEP Shoreline 201306.pdf,0,0
SEP,2013,6,1279441,1320913,2,SEP 06-2013 quarterly.pdf,1,0
SEP,2013,6,1279441,1320912,2,SEP 06-2013 semiannual.pdf,1,0
SEP,2013,6,1279441,1320910,2,SEP 06-2013.pdf,1,0
OSP,2013,7,781918,1329089,1,OSP DMR 201307.pdf,0,0
OSP,2013,7,781918,1329090,1,OSP Shoreline 201307.pdf,0,0
OSP,2013,7,781918,1345332,2,OSP 7-13 SMR.pdf,1,0
SEP,2013,7,1308638,1334139,1,July 2013 Wet Weather Report.pdf,1,0
SEP,2013,7,1308638,1330392,1,SEP DMR 201307.pdf,0,0
SEP,2013,7,1308638,1330393,1,SEP E001 Toxicity 201307.pdf,0,0
SEP,2013,7,1308638,1330394,1,SEP Shoreline 201307.pdf,0,0
SEP,2013,7,1308638,1334138,2,SEP 07-2013.pdf,1,0
OSP,2013,8,781919,1338876,1,OSP DMR 201308.pdf,0,0
OSP,2013,8,781919,1338857,1,OSP Shoreline 201308.pdf,0,0
OSP,2013,8,781919,1345337,2,OSP 8-13 SMR.pdf,1,0
SEP,2013,8,1323045,1342788,1,August 2013 Wet Weather Report.pdf,1,0
SEP,2013,8,1323045,1339252,1,SEP DMR 201308.pdf,0,0
SEP,2013,8,1323045,1338861,1,SEP E001 Toxicity 201308.pdf,0,0
SEP,2013,8,1323045,1338863,1,SEP Shoreline 201308.pdf,0,0
SEP,2013,8,1323045,1342789,2,SEP 08-2013.pdf,1,0
OSP,2013,9,781920,1349608,1,OSP Chronic Toxicity 2013 3rd Qtr.pdf,0,0
OSP,2013,9,781920,1349610,1,OSP DMR 201309 Q.pdf,0,0
OSP,2013,9,781920,1349611,1,OSP DMR 201309.pdf,0,0
OSP,2013,9,781920,1349612,1,OSP Shoreline 201309.pdf,0,0
OSP,2013,9,781920,1352181,2,OSP 3rd Q 2013 SMR.pdf,1,0
OSP,2013,9,781920,1352177,2,OSP 9-13 SMR.pdf,1,0
SEP,2013,9,1335124,1351487,1,SEP 1668c PCB Congeners Qtrly 201309.pdf,0,0
SEP,2013,9,1335124,1351477,1,SEP DMR 201309 Q.pdf,0,0
SEP,2013,9,1335124,1351478,1,SEP DMR 201309.pdf,0,0
SEP,2013,9,1335124,1351480,1,SEP E001 Toxicity 201309.pdf,0,0
SEP,2013,9,1335124,1351481,1,SEP E002 Toxicity 201309.pdf,0,0
SEP,2013,9,1335124,1351483,1,SEP E003 Toxicity 201309.pdf,0,0
SEP,2013,9,1335124,1351485,1,SEP Shoreline 201309.pdf,0,0
SEP,2013,9,1335124,1353602,1,September 2013 Wet Weather Report.pdf,1,0
SEP,2013,9,1335124,1353604,2,SEP 09-2013 Final.pdf,1,0
SEP,2013,9,1335124,1353605,2,SEP 09-2013 quarterly.pdf,1,0
OSP,2013,10,781921,1359759,1,OSP DMR 201310.pdf,0,0
OSP,2013,10,781921,1359760,1,OSP Shoreline 201310.pdf,0,0
OSP,2013,10,781921,1363836,2,OSP 10-13 SMR.pdf,1,0
SEP,2013,10,1348834,1363723,1,October 2013 Bayside Wet Weather Report.pdf,1,0
SEP,2013,10,1348834,1361637,1,SEP DMR 201310.pdf,0,0
SEP,2013,10,1348834,1359762,1,SEP E001 Toxicity 201310.pdf,0,0
SEP,2013,10,1348834,1359763,1,SEP Shoreline 201310.pdf,0,0
SEP,2013,10,1348834,1363726,2,SEP 10-2013.pdf,1,0
OSP,2013,11,781922,1370102,1,OSP DMR 201311.pdf,0,0
OSP,2013,11,781922,1370093,1,OSP Shoreline 201311.pdf,0,0
OSP,2013,11,781922,1370434,2,OSP 11-13 SMR.pdf,1,0
SEP,2013,11,1348835,1370128,1,November 2013 Wet Weather Report.pdf,1,0
SEP,2013,11,1348835,1370131,1,SEP DMR 201311.pdf,0,0
SEP,2013,11,1348835,1369186,1,SEP E001 Toxicity 201311.pdf,0,0
SEP,2013,11,1348835,1369560,1,SEP E001B Toxicity 201311.pdf,0,0
SEP,2013,11,1348835,1369187,1,SEP E003 Toxicity 201311.pdf,0,0
SEP,2013,11,1348835,1369188,1,SEP Shoreline 201311.pdf,0,0
SEP,2013,11,1348835,1370129,2,SEP 11-2013.pdf,1,0
OSP,2013,12,781923,1382245,1,OSP DMR 201312 Q.pdf,0,0
OSP,2013,12,781923,1382244,1,OSP DMR 201312.pdf,0,0
OSP,2013,12,781923,1382246,1,OSP Shoreline 201312.pdf,0,0
OSP,2013,12,781923,1407301,2,OSP 12-13 SMR.pdf,1,0
OSP,2013,12,781923,1385431,2,OSP 4th Q 2013 SMR.pdf,1,0
SEP,2013,12,1348836,1385351,1,December 2013 Bayside Wet Weather Report.pdf,1,0
SEP,2013,12,1348836,1382306,1,SEP 1668c PCB Congeners Qtrly 201312.pdf,0,0
SEP,2013,12,1348836,1383207,1,SEP DMR 201312 Q.pdf,0,0
SEP,2013,12,1348836,1384817,1,SEP DMR 201312.pdf,0,0
SEP,2013,12,1348836,1383209,1,SEP E001 Toxicity 201312.pdf,0,0
SEP,2013,12,1348836,1383210,1,SEP E001B Toxicity 201312.pdf,0,0
SEP,2013,12,1348836,1383211,1,SEP E003 Toxicity 201312.pdf,0,0
SEP,2013,12,1348836,1383212,1,SEP Shoreline 201312.pdf,0,0
SEP,2013,12,1348836,1385334,2,SEP 12-2013 quarterly.pdf,1,0
SEP,2013,12,1348836,1385335,2,SEP 12-2013.pdf,1,0
OSP,2014,1,781924,1402300,1,OSP DMR 201401.pdf,0,0
OSP,2014,1,781924,1402302,1,OSP Shoreline 201401.pdf,0,0
OSP,2014,1,781924,1405342,2,OSP 1-2014 SMR.pdf,1,0
SEP,2014,1,1348837,1407424,1,2014 January Bayside Wet Weather Report.pdf,1,0
SEP,2014,1,1348837,1398954,1,SEP DMR 201401.pdf,0,0
SEP,2014,1,1348837,1398955,1,SEP E001 Toxicity 201401.pdf,0,0
SEP,2014,1,1348837,1398956,1,SEP Shoreline 201401.pdf,0,0
SEP,2014,1,1348837,1407426,2,SEP 01-2014.pdf,1,0
OSP,2014,2,781925,1417378,1,OSP DMR 201402.pdf,0,0
OSP,2014,2,781925,1417379,1,OSP Shoreline 201402.pdf,0,0
OSP,2014,2,781925,1418127,2,OSP 2-14 SMR.pdf,1,0
SEP,2014,2,1348838,1419483,1,February 2014 Bayside WW Report.pdf,0,0
SEP,2014,2,1348838,1419304,1,SEP DMR 201402.pdf,0,0
SEP,2014,2,1348838,1417360,1,SEP E001 Toxicity 201402.pdf,0,0
SEP,2014,2,1348838,1417361,1,SEP E001B Toxicity 201402.pdf,0,0
SEP,2014,2,1348838,1417362,1,SEP E003 Toxicity 201402.pdf,0,0
SEP,2014,2,1348838,1417363,1,SEP Shoreline 201402.pdf,0,0
SEP,2014,2,1348838,1419484,2,SEP 02-2014.pdf,1,0
OSP,2014,3,781926,1429141,1,OSP Chronic Toxicity 2014 1st Qtr.pdf,0,0
OSP,2014,3,781926,1429256,1,OSP DMR 201403 Q.pdf,0,0
OSP,2014,3,781926,1429257,1,OSP DMR 201403.pdf,0,0
OSP,2014,3,781926,1429140,1,OSP Shoreline 201403.pdf,0,0
OSP,2014,3,781926,1431207,2,OSP 1st Q 2014 SMR.pdf,1,0
OSP,2014,3,781926,1431206,2,OSP 3-14 SMR.pdf,1,0
SEP,2014,3,1348839,1433585,1,March 2014 Bayside Wet Weather Report.pdf,1,0
SEP,2014,3,1348839,1431512,1,SEP 1668c PCB Congeners Qtrly 201403.PDF,0,0
SEP,2014,3,1348839,1431504,1,SEP DMR 201403 Q.pdf,0,0
SEP,2014,3,1348839,1432366,1,SEP DMR 201403.pdf,0,0
SEP,2014,3,1348839,1431505,1,SEP E001 Toxicity 201403.pdf,0,0
SEP,2014,3,1348839,1431506,1,SEP E001B Toxicity 201403.pdf,0,0
SEP,2014,3,1348839,1431508,1,SEP E003 Toxicity 201403.pdf,0,0
SEP,2014,3,1348839,1431509,1,SEP Shoreline 201403.pdf,0,0
SEP,2014,3,1348839,1433587,2,SEP 03-2014 quarterly.pdf,1,0
SEP,2014,3,1348839,1433586,2,SEP 03-2014.pdf,1,0
OSP,2014,4,781927,1449229,1,OSP DMR 201404.pdf,0,0
OSP,2014,4,781927,1449137,1,OSP Shoreline 201404.pdf,0,0
OSP,2014,4,781927,1452096,2,OSP 4-14 SMR.pdf,1,0
SEP,2014,4,1348840,1453099,1,April 2014 Bayside Wet Weather Report.pdf,1,0
SEP,2014,4,1348840,1451897,1,SEP DMR 201404.pdf,0,0
SEP,2014,4,1348840,1448582,1,SEP E001 Toxicity 201404.pdf,0,0
SEP,2014,4,1348840,1448583,1,SEP E001B Toxicity 201404.pdf,0,0
SEP,2014,4,1348840,1448584,1,SEP E003 Toxicity 201404.pdf,0,0
SEP,2014,4,1348840,1448585,1,SEP Shoreline 201404.pdf,0,0
SEP,2014,4,1348840,1453100,2,SEP 04-2014.pdf,1,0
OSP,2014,5,781928,1465360,1,OSP DMR 201405.pdf,0,0
OSP,2014,5,781928,1464453,1,OSP Shoreline 201405.pdf,0,0
OSP,2014,5,781928,1466413,2,OSP 5-14 SMR.pdf,1,0
SEP,2014,5,1348841,1466279,1,2014 May Bayside Wet Weather Report.pdf,1,0
SEP,2014,5,1348841,1465096,1,SEP DMR 201405.pdf,0,0
SEP,2014,5,1348841,1464349,1,SEP E001 Toxicity 201405.pdf,0,0
SEP,2014,5,1348841,1464350,1,SEP Shoreline 201405.pdf,0,0
SEP,2014,5,1348841,1466500,2,SEP 05-2014.pdf,1,0
OSP,2014,6,781929,1479136,1,OSP Chronic Toxicity 2014 2nd Qtr.pdf,0,0
OSP,2014,6,781929,1479137,1,OSP DMR 201406 Q.pdf,0,0
OSP,2014,6,781929,1479138,1,OSP DMR 201406.pdf,0,0
OSP,2014,6,781929,1479139,1,OSP Shoreline 201406.pdf,0,0
OSP,2014,6,781929,1480925,2,OSP 2nd Q 2014 SMR.pdf,1,0
OSP,2014,6,781929,1480929,2,OSP 6-14 SMR.pdf,1,0
SEP,2014,6,1348842,1482195,1,June 2014 Wet Weather Report.pdf,1,0
SEP,2014,6,1348842,1478932,1,SEP 1668c PCB Congeners Qtrly 201406.PDF,0,0
SEP,2014,6,1348842,1478933,1,SEP DMR 201406 Q.pdf,0,0
SEP,2014,6,1348842,1478935,1,SEP DMR 201406 S.pdf,0,0
SEP,2014,6,1348842,1478934,1,SEP DMR 201406.pdf,0,0
SEP,2014,6,1348842,1478936,1,SEP E001 Toxicity 201406.pdf,0,0
SEP,2014,6,1348842,1478937,1,SEP Semi-Annual ChronicToxicity and Special Study 201406.pdf,0,0
SEP,2014,6,1348842,1478938,1,SEP Shoreline 201406.pdf,0,0
SEP,2014,6,1348842,1482110,1,SEP_Ammonia Report_rev2July2014.pdf,0,0
SEP,2014,6,1348842,1481774,2,SEP 06-2014 quarterly.pdf,1,0
SEP,2014,6,1348842,1482156,2,SEP 06-2014 semiannual.pdf,1,0
SEP,2014,6,1348842,1481775,2,SEP 06-2014.pdf,1,0
OSP,2014,7,781930,1490561,1,OSP DMR 201407.pdf,0,0
OSP,2014,7,781930,1490562,1,OSP Shoreline 201407.pdf,0,0
OSP,2014,7,781930,1494708,2,OSP 7-14 SMR.pdf,1,0
SEP,2014,7,1348843,1495171,1,2014 July Wet Weather Report.pdf,1,0
SEP,2014,7,1348843,1493160,1,SEP DMR 201407.pdf,0,0
SEP,2014,7,1348843,1492834,1,SEP E001 Toxicity 201407.pdf,0,0
SEP,2014,7,1348843,1492835,1,SEP Shoreline 201407.pdf,0,0
SEP,2014,7,1348843,1495173,2,SEP 07-2014.pdf,1,0
OSP,2014,8,781931,1503674,1,OSP Shoreline 201408.pdf,0,0
OSP,2014,8,781931,1524252,2,OSP 8-14 Cvr rev 11-04.pdf,1,0
OSP,2014,8,781931,1507842,2,OSP 8-14 SMR.pdf,1,0
SEP,2014,8,1348844,1509122,1,August 2014 Bayside Wet Weather Report.pdf,1,0
SEP,2014,8,1348844,1504105,1,SEP E001 Toxicity 201408.pdf,0,0
SEP,2014,8,1348844,1504106,1,SEP Shoreline 201408.pdf,0,0
SEP,2014,8,1348844,1509077,2,SEP 08-2014.pdf,1,0
OSP,2014,9,1495963,1519405,1,OSP Chronic Toxicity 2014 3rd Qtr.pdf,0,0
OSP,2014,9,1495963,1519406,1,OSP Shoreline 201409.pdf,0,0
OSP,2014,9,1495963,1520747,2,OSP 3rd Q 2014 SMR.pdf,1,0
OSP,2014,9,1495963,1520746,2,OSP 9-14 SMR.pdf,1,0
SEP,2014,9,1348845,1519403,1,SEP 1668c PCB Congeners Qtrly 201409.PDF,0,0
SEP,2014,9,1348845,1519014,1,SEP E001 Toxicity 201409.pdf,0,0
SEP,2014,9,1348845,1519015,1,SEP E003 Toxicity 201409.pdf,0,0
SEP,2014,9,1348845,1519402,1,SEP Semi-Annual ChronicToxicity 201308.pdf,0,0
SEP,2014,9,1348845,1519017,1,SEP Shoreline 201409.pdf,0,0
SEP,2014,9,1348845,1520983,1,September 2014 Bayside Wet Weather Report.pdf,1,0
SEP,2014,9,1348845,1521002,2,SEP 09-2014 quarterly.pdf,1,0
SEP,2014,9,1348845,1521003,2,SEP 09-2014.pdf,1,0
OSP,2014,10,1509918,1528862,1,OSP Chronic Toxicity 2014 4th Qtr.pdf,0,0
OSP,2014,10,1509918,1528863,1,OSP Shoreline 201410.pdf,0,0
OSP,2014,10,1509918,1530354,2,OSP 10-14 SMR.pdf,1,0
SEP,2014,10,1348846,1530056,1,2014 October Bayside Wet Weather Report.pdf,1,0
SEP,2014,10,1348846,1528900,1,SEP E001 Toxicity 201410.pdf,0,0
SEP,2014,10,1348846,1528901,1,SEP Semi-Annual ChronicToxicity 201410 Untreated Effluent.pdf,0,0
SEP,2014,10,1348846,1528902,1,SEP Semi-Annual ChronicToxicity 201410 Zeolite Treated Effluent.pdf,0,0
SEP,2014,10,1348846,1528903,1,SEP Shoreline 201410.pdf,0,0
SEP,2014,10,1348846,1530351,2,SEP 10-2014.pdf,1,0
OSP,2014,11,1523001,1540937,1,OSP Shoreline 201411.pdf,0,0
OSP,2014,11,1523001,1543280,2,OSP 11-14 SMR.pdf,1,0
SEP,2014,11,1348847,1543316,1,2014 November Bayside Wet Weather Report.pdf,1,0
SEP,2014,11,1348847,1538504,1,SEP E001 Toxicity 201411.pdf,0,0
SEP,2014,11,1348847,1538505,1,SEP E003 Toxicity 201411.pdf,0,0
SEP,2014,11,1348847,1538506,1,SEP Shoreline 201411.pdf,0,0
SEP,2014,11,1348847,1543315,2,SEP 11-2014.pdf,1,0
OSP,2014,12,1531358,1561680,1,OSP Shoreline 201412.pdf,0,0
OSP,2014,12,1531358,1564422,2,OSP 12-14 SMR.pdf,1,0
SEP,2014,12,1348848,1568017,1,2014 December Bayside Wet Weather Report.pdf,1,0
SEP,2014,12,1348848,1559386,1,SEP 1668c PCB Congeners Qtrly 201412.PDF,0,0
SEP,2014,12,1348848,1559387,1,SEP E001 Toxicity 201412.pdf,0,0
SEP,2014,12,1348848,1559390,1,SEP E001B Toxicity 201412.pdf,0,0
SEP,2014,12,1348848,1559392,1,SEP E003 Toxicity 201412.pdf,0,0
SEP,2014,12,1348848,1559393,1,SEP Shoreline 201412.pdf,0,0
SEP,2014,12,1348848,1568019,2,SEP 12-2014.pdf,1,0
OSP,2015,1,1547109,1576509,1,OSP Shoreline 201501.pdf,0,0
OSP,2015,1,1547109,1581137,2,OSP 1-15 SMR.pdf,1,0
SEP,2015,1,1348849,1583553,1,2015 January Bayside Wet Weather Report.pdf,1,0
SEP,2015,1,1348849,1576507,1,SEP E001 Toxicity 201501.pdf,0,0
SEP,2015,1,1348849,1576505,1,SEP Shoreline 201501.pdf,0,0
SEP,2015,1,1348849,1583576,2,SEP 01-2015.pdf,1,0
OSP,2015,2,1568767,1593400,1,OSP Shoreline 201502.pdf,0,0
OSP,2015,2,1568767,1595710,2,OSP 2-15 SMR.pdf,1,0
SEP,2015,2,1348850,1597222,1,2015 February Bayside Wet Weather Report.pdf,1,0
SEP,2015,2,1348850,1595528,1,SEP E001 Toxicity 201502.pdf,0,0
SEP,2015,2,1348850,1595529,1,SEP E001B Toxicity 201502.pdf,0,0
SEP,2015,2,1348850,1595530,1,SEP E003 Toxicity 201502.pdf,0,0
SEP,2015,2,1348850,1595531,1,SEP Shoreline 201502.pdf,0,0
SEP,2015,2,1348850,1597269,2,SEP 02-2015.pdf,1,0
OSP,2015,3,1583387,1609684,1,OSP Chronic Toxicity 2015 1st Qtr.pdf,0,0
OSP,2015,3,1583387,1609685,1,OSP Shoreline 201503.pdf,0,0
OSP,2015,3,1583387,1613048,2,OSP 3-15 SMR.pdf,1,0
SEP,2015,3,1348851,1615990,1,2015 March Bayside Wet Weather Report.pdf,1,0
SEP,2015,3,1348851,1607334,1,SEP 1668c PCB Congeners Qtrly 201503.pdf,0,0
SEP,2015,3,1348851,1607331,1,SEP E001 Toxicity 201503.pdf,0,0
SEP,2015,3,1348851,1607332,1,SEP Shoreline 201503.pdf,0,0
SEP,2015,3,1348851,1615933,2,SEP 03-2015.pdf,1,0
OSP,2015,4,1598402,1629121,1,OSP Shoreline 201504.pdf,0,0
OSP,2015,4,1598402,1630780,2,OSP 4-15 SMR.pdf,1,0
SEP,2015,4,1348852,1662750,1,2015 April Wet Weather Report.pdf,1,0
SEP,2015,4,1348852,1629538,1,SEP E001 Toxicity 201504.pdf,0,0
SEP,2015,4,1348852,1629539,1,SEP E001B Toxicity 201504.pdf,0,0
SEP,2015,4,1348852,1629586,1,SEP E003 Toxicity 201504.pdf,0,0
SEP,2015,4,1348852,1629584,1,SEP Shoreline 201504.pdf,0,0
SEP,2015,4,1348852,1636392,2,SEP 04-2015.pdf,1,0
OSP,2015,5,1616321,1643950,1,OSP Chronic Toxicity 2015 2nd Qtr.pdf,0,0
OSP,2015,5,1616321,1643949,1,OSP Shoreline 201505.pdf,0,0
OSP,2015,5,1616321,1645332,2,OSP 5-15 SMR.pdf,1,0
SEP,2015,5,1348853,1646710,1,2015 May Bayside Wet Weather Report.pdf,1,0
SEP,2015,5,1348853,1640086,1,SEP E001 Toxicity 201505.pdf,0,0
SEP,2015,5,1348853,1640087,1,SEP Shoreline 201505.pdf,0,0
SEP,2015,5,1348853,1646711,2,SEP 05-2015.pdf,1,0
OSP,2015,6,1636866,1655928,1,OSP Chronic Toxicity 2015 2nd Qtr.pdf,0,0
OSP,2015,6,1636866,1655289,1,OSP Shoreline 201506.pdf,0,0
OSP,2015,6,1636866,1667360,2,OSP 6-15 SMR rev 08-17.pdf,1,0
SEP,2015,6,1348854,1661300,1,2015 June Wet Weather Report.pdf,1,0
SEP,2015,6,1348854,1657219,1,SEP 1668c PCB Congeners Qtrly 201506.pdf,0,0
SEP,2015,6,1348854,1658031,1,SEP E001A Toxicity 201506.pdf,0,0
SEP,2015,6,1348854,1657220,1,SEP Semi-Annual Chronic Toxicity 201506 Untreated Effluent.pdf,0,0
SEP,2015,6,1348854,1657221,1,SEP Semi-Annual Chronic Toxicity 201506 Zeolite Treated Effluent with Ammonia Add-back.pdf,0,0
SEP,2015,6,1348854,1657222,1,SEP Semi-Annual Chronic Toxicity 201506 Zeolite Treated Effluent.pdf,0,0
SEP,2015,6,1348854,1657223,1,SEP Shoreline 201506.pdf,0,0
SEP,2015,6,1348854,1661298,2,SEP 06-2015.pdf,1,0
OSP,2015,7,1648059,1667742,1,OSP Shoreline 201507.pdf,0,0
OSP,2015,7,1648059,1669163,2,OSP 7-15 SMR.pdf,1,0
SEP,2015,7,1348855,1671833,1,2015 July Bayside Wet Weather Report.pdf,1,0
SEP,2015,7,1348855,1667192,1,SEP E001A Toxicity 201507.pdf,0,0
SEP,2015,7,1348855,1667191,1,SEP Shoreline 201507.pdf,0,0
SEP,2015,7,1348855,1671830,2,SEP 07-2015.pdf,1,0
OSP,2015,8,1662469,1680791,1,OSP Chronic Toxicity 2015 3rd Qtr.pdf,0,0
OSP,2015,8,1662469,1680052,1,OSP Shoreline 201508.pdf,0,0
OSP,2015,8,1662469,1682389,2,OSP 8-15 SMR.pdf,1,0
SEP,2015,8,1348856,1680307,1,SEP E001A Toxicity 201508.pdf,0,0
SEP,2015,8,1348856,1680292,1,SEP Shoreline 201508.pdf,0,0
SEP,2015,8,1348856,1680800,2,SEP 08-2015.pdf,1,0
OSP,2015,9,1673268,1690003,1,OSP Shoreline 201509.pdf,0,0
OSP,2015,9,1673268,1693281,2,OSP 9-15 SMR.pdf,1,0
SEP,2015,9,1348857,1696248,1,2015 September Bayside Wet Weather Report.pdf,1,0
SEP,2015,9,1348857,1689150,1,SEP 1668c PCB Congeners Qtrly 201509.pdf,0,0
SEP,2015,9,1348857,1689151,1,SEP E001A Toxicity 201509.pdf,0,0
SEP,2015,9,1348857,1692855,1,SEP Shoreline 201509.pdf,0,0
SEP,2015,9,1348857,1696249,2,SEP 09-2015.pdf,1,0
OSP,2015,10,1684425,1704153,1,OSP Shoreline 201510.pdf,0,0
OSP,2015,10,1684425,1705405,2,OSP 10-15 SMR.pdf,1,0
SEP,2015,10,1348858,1709178,1,2015 Ocotber Bayside Wet Weather Report.pdf,1,0
SEP,2015,10,1348858,1704156,1,SEP E001A Toxicity 201510.pdf,0,0
SEP,2015,10,1348858,1704158,1,SEP Shoreline 201510.pdf,0,0
SEP,2015,10,1348858,1709387,2,SEP 10-2015.pdf,1,0
OSP,2015,11,1696794,1713273,1,OSP Chronic Toxicity 2015 4th Qtr.pdf,0,0
OSP,2015,11,1696794,1713275,1,OSP Shoreline 201511.pdf,0,0
OSP,2015,11,1696794,1714193,2,OSP 11-15 SMR.pdf,1,0
SEP,2015,11,1348859,1718430,1,November 2015 Bayside Wet Weather Report.pdf,1,0
SEP,2015,11,1348859,1713278,1,SEP E001A Toxicity 201511.pdf,0,0
SEP,2015,11,1348859,1713279,1,SEP E001B Toxicity 201511.pdf,0,0
SEP,2015,11,1348859,1713299,1,SEP E003 Toxicity 201511.pdf,0,0
SEP,2015,11,1348859,1713300,1,SEP Shoreline 201511.pdf,0,0
SEP,2015,11,1348859,1718698,2,SEP 11-2015.pdf,1,0
OSP,2015,12,1709980,1727896,1,OSP Shoreline 201512.pdf,0,0
OSP,2015,12,1709980,1731817,2,OSP 12-15 SMR.pdf,1,0
SEP,2015,12,1348860,1733190,1,2015 December Bayside Wet Weather Report.pdf,1,0
SEP,2015,12,1348860,1727774,1,SEP 1668c PCB Congeners Qtrly 201512.pdf,0,0
SEP,2015,12,1348860,1727764,1,SEP E001A Toxicity 201512.pdf,0,0
SEP,2015,12,1348860,1727765,1,SEP E001B Toxicity 201512.pdf,0,0
SEP,2015,12,1348860,1727766,1,SEP E003 Toxicity 201512.pdf,0,0
SEP,2015,12,1348860,1730473,1,SEP Semi-Annual  201512 Ammonia Add-back 10% Effluent.pdf,0,0
SEP,2015,12,1348860,1727768,1,SEP Semi-Annual Chronic Toxicity 201512 Untreated Effluent.pdf,0,0
SEP,2015,12,1348860,1727769,1,SEP Semi-Annual Chronic Toxicity 201512 Zeolite Treated Effluent.pdf,0,0
SEP,2015,12,1348860,1727767,1,SEP Shoreline 201512.pdf,0,0
SEP,2015,12,1348860,1733192,2,SEP 12-2015.pdf,1,0
OSP,2016,1,1721777,1749202,1,OSP Shoreline 201601.pdf,0,0
OSP,2016,1,1721777,1751497,2,OSP 1-16 SMR.pdf,1,0
SEP,2016,1,1348861,1752484,1,2016 January Bayside Wet Weather Report.pdf,1,0
SEP,2016,1,1348861,1748961,1,SEP E001A Toxicity 201601.pdf,0,0
SEP,2016,1,1348861,1748963,1,SEP E001B Toxicity 201601.pdf,0,0
SEP,2016,1,1348861,1748964,1,SEP E003 Toxicity 2016012.pdf,0,0
SEP,2016,1,1348861,1748959,1,SEP Shoreline 201601.pdf,0,0
SEP,2016,1,1348861,1752486,2,SEP 01-2016.pdf,1,0
OSP,2016,2,1734601,1757152,1,OSP Shoreline 201602.pdf,0,0
OSP,2016,2,1734601,1759540,2,OSP 2-16 SMR.pdf,1,0
SEP,2016,2,1348862,1760224,1,2016 February Bayside Wet Weather Report.pdf,1,0
SEP,2016,2,1348862,1757154,1,SEP E001A Toxicity 201602.pdf,0,0
SEP,2016,2,1348862,1757155,1,SEP E001B Toxicity 201602.pdf,0,0
SEP,2016,2,1348862,1757156,1,SEP E003 Toxicity 201602.pdf,0,0
SEP,2016,2,1348862,1757153,1,SEP Shoreline 201602.pdf,0,0
SEP,2016,2,1348862,1761081,2,2016 February SEP.pdf,1,0
OSP,2016,3,1752174,1768065,1,OSP Chronic Toxicity 2016 1st Qtr.pdf,0,0
OSP,2016,3,1752174,1768064,1,OSP Shoreline 201603.pdf,0,0
OSP,2016,3,1752174,1770989,2,OSP 3-16 SMR.pdf,1,0
SEP,2016,3,1348863,1773702,1,2016 March Bayside Wet Weather Report .pdf,1,0
SEP,2016,3,1348863,1767493,1,SEP 1668c PCB Congeners Qtrly 201603.pdf,0,0
SEP,2016,3,1348863,1767494,1,SEP E001A Toxicity 201603.pdf,0,0
SEP,2016,3,1348863,1767495,1,SEP E001B Toxicity 201603.pdf,0,0
SEP,2016,3,1348863,1767496,1,SEP E003 Toxicity 201603.pdf,0,0
SEP,2016,3,1348863,1767497,1,SEP Shoreline 201603.pdf,0,0
SEP,2016,3,1348863,1778123,2,SEP 03-2016.pdf,1,0
OSP,2016,4,1762316,1782584,1,OSP Shoreline 201604.pdf,0,0
OSP,2016,4,1762316,1784998,2,OSP 4-16 SMR.pdf,1,0
SEP,2016,4,1348864,1784989,1,2016 April Bayside Wet Weather Report.pdf,1,0
SEP,2016,4,1348864,1782115,1,SEP E001A Toxicity 201604.pdf,0,0
SEP,2016,4,1348864,1782117,1,SEP E003 Toxicity 201604.pdf,0,0
SEP,2016,4,1348864,1782118,1,SEP Semi-Annual Chronic Toxicity 201606 Ammonia Add-back 10% Effluent.pdf,0,0
SEP,2016,4,1348864,1782119,1,SEP Semi-Annual Chronic Toxicity 201606 Untreated Effluent.pdf,0,0
SEP,2016,4,1348864,1782120,1,SEP Semi-Annual Chronic Toxicity 201606 Zeolite Treated Effluent.pdf,0,0
SEP,2016,4,1348864,1782121,1,SEP Shoreline 201604.pdf,0,0
SEP,2016,4,1348864,1784991,2,SEP 04-2016.pdf,1,0
OSP,2016,5,1775124,1791692,1,OSP Shoreline 201605.pdf,0,0
OSP,2016,5,1775124,1792614,2,OSP 5-16 SMR.pdf,1,0
SEP,2016,5,1348865,1795528,1,2016 May Bayside Wet Weather Report.pdf,1,0
SEP,2016,5,1348865,1790595,1,SEP 1668c PCB Congeners Qtrly 201606.pdf,0,0
SEP,2016,5,1348865,1790098,1,SEP E001A Toxicity 201605.pdf,0,0
SEP,2016,5,1348865,1790099,1,SEP Shoreline 201605.pdf,0,0
SEP,2016,5,1348865,1795529,2,SEP 05-2016.pdf,1,0
OSP,2016,6,1786157,1808355,1,OSP Chronic Toxicity 2016 2nd Qtr.pdf,0,0
OSP,2016,6,1786157,1808354,1,OSP Shoreline 201606.pdf,0,0
OSP,2016,6,1786157,1810016,2,OSP 6-16 SMR.pdf,1,0
SEP,2016,6,1348866,1810647,1,June 2016 Bayside Wet Weather Report.pdf,1,0
SEP,2016,6,1348866,1804549,1,SEP E001A Toxicity 201606.pdf,0,0
SEP,2016,6,1348866,1804550,1,SEP Shoreline 201606.pdf,0,0
SEP,2016,6,1348866,1810648,2,SEP 06-2016.pdf,1,0
OSP,2016,7,1797830,1821817,1,OSP Shoreline 201607.pdf,0,0
OSP,2016,7,1797830,1822560,2,OSP 7-16 SMR.pdf,1,0
SEP,2016,7,1348867,1825345,1,July 2016 Wet Weather Report.pdf,1,0
SEP,2016,7,1348867,1820466,1,SEP E001A Toxicity 201607.pdf,0,0
SEP,2016,7,1348867,1820467,1,SEP Shoreline 201607.pdf,0,0
SEP,2016,7,1348867,1825234,2,SEP 07-2016.pdf,1,0
OSP,2016,8,1811129,1830632,1,OSP Chronic Toxicity 2016 3rd Qtr.pdf,0,0
OSP,2016,8,1811129,1830631,1,OSP Shoreline 201608.pdf,0,0
OSP,2016,8,1811129,1832364,2,OSP 8-16 SMR.pdf,1,0
SEP,2016,8,1348868,1834499,1,August 2016 Bayside.pdf,0,0
SEP,2016,8,1348868,1831052,1,SEP 1668c PCB Congeners Qtrly 201609.pdf,0,0
SEP,2016,8,1348868,1830192,1,SEP E001A Toxicity 201608.pdf,0,0
SEP,2016,8,1348868,1830193,1,SEP Shoreline 201608.pdf,0,0
SEP,2016,8,1348868,1834490,2,Cover page 08-2016.pdf,1,0
OSP,2016,9,1826320,1840456,1,OSP Shoreline 201609.pdf,0,0
OSP,2016,9,1826320,1845392,2,OSP 9-16 SMR.pdf,1,0
SEP,2016,9,1348869,1843038,1,SEP E001A Toxicity 201609.pdf,0,0
SEP,2016,9,1348869,1843039,1,SEP Shoreline 201609.pdf,0,0
SEP,2016,9,1348869,1849287,2,SEP09-2016A.pdf,1,0
SEP,2016,9,1348869,1847197,2,September 2016 SMR.pdf,1,0
OSP,2016,10,1835660,1859002,2,OSP 10-16 SMR.pdf,1,0
SEP,2016,10,1348870,1856692,1,SEP E001A Toxicity 201610.pdf,0,0
SEP,2016,10,1348870,1856693,1,SEP E003 Toxicity 201610.pdf,0,0
SEP,2016,10,1348870,1856694,1,SEP Semi-Annual Chronic Toxicity 201610 Ammonia Add-back 10% Effluent.pdf,0,0
SEP,2016,10,1348870,1856695,1,SEP Semi-Annual Chronic Toxicity 201610 Untreated Effluent.pdf,0,0
SEP,2016,10,1348870,1856696,1,SEP Semi-Annual Chronic Toxicity 201610 Zeolite Treated Effluent.pdf,0,0
SEP,2016,10,1348870,1856685,1,SEP Shoreline 201610.pdf,0,0
SEP,2016,10,1348870,2758018,2,2016-10 FINAL WW Summary 2023Sep Revision.pdf,1,1
SEP,2016,10,1348870,2758017,2,2016-10 SEP SMR CL Amendment Final.pdf,1,0
SEP,2016,10,1348870,1883372,2,October Bayside Drainage 2016 A1.pdf,1,0
SEP,2016,10,1348870,2758019,2,SEP E003 Toxicity 20161016 16_10b_E003 Oct15.pdf,1,0
SEP,2016,10,1348870,1883371,2,SEP-10-2016A.pdf,1,0
OSP,2016,11,1847716,1866120,1,OSP Chronic Toxicity 2016 4th Qtr.pdf,0,0
OSP,2016,11,1847716,1866119,1,OSP Shoreline 201611.pdf,0,0
OSP,2016,11,1847716,1868737,2,OSP 11-16 SMR.pdf,1,0
SEP,2016,11,1348871,1866127,1,SEP 1668c PCB Congeners Qtrly 201612.pdf,0,0
SEP,2016,11,1348871,1866123,1,SEP E001A Toxicity 201611.pdf,0,0
SEP,2016,11,1348871,1866124,1,SEP E001B Toxicity 201611.pdf,0,0
SEP,2016,11,1348871,1866125,1,SEP E003 Toxicity 201611.pdf,0,0
SEP,2016,11,1348871,1868162,1,SEP Shoreline 201611.pdf,0,0
SEP,2016,11,1348871,2758022,2,2016-11 FINAL WW Summary 2023Sep Revision.pdf,1,1
SEP,2016,11,1348871,2758021,2,2016-11 SEP SMR CL Amendment Final.pdf,1,0
SEP,2016,11,1348871,1883359,2,Bayside Drainage System Nov-2016.pdf,1,0
SEP,2016,11,1348871,1883358,2,SEP-11-2016.pdf,1,0
OSP,2016,12,1860022,1877165,1,OSP Shoreline 201612.pdf,0,0
OSP,2016,12,1860022,1883215,2,OSP 12-16 SMR.pdf,1,0
SEP,2016,12,1348872,1875512,1,SEP E001A Toxicity 201612.pdf,0,0
SEP,2016,12,1348872,1875513,1,SEP E001B Toxicity 201612.pdf,0,0
SEP,2016,12,1348872,1875514,1,SEP E003 Toxicity 201612.pdf,0,0
SEP,2016,12,1348872,1875515,1,SEP Shoreline 201612.pdf,0,0
SEP,2016,12,1348872,2758025,2,2016-11 FINAL WW Summary 2023Sep Revision.pdf,1,1
SEP,2016,12,1348872,2758024,2,2016-11 SEP SMR CL Amendment Final.pdf,1,0
SEP,2016,12,1348872,1883350,2,December 2016 Bayside Drainage System Narrative.doc,1,0
SEP,2016,12,1348872,1883351,2,December Bayside Drainage 2016.pdf,1,0
SEP,2016,12,1348872,1883349,2,SEP-12-2016C.pdf,1,0
OSP,2017,1,1871743,1892548,1,OSP Shoreline 201701.pdf,0,0
OSP,2017,1,1871743,1896969,2,OSP 1-17 SMR.pdf,1,0
SEP,2017,1,2019055,2752912,1,SEP 001A Toxicity 2017_01.pdf,0,0
SEP,2017,1,2019055,2752913,1,SEP 001B Toxicity 2017_01.pdf,0,0
SEP,2017,1,2019055,2752914,1,SEP 003 Toxicity 2017_01.pdf,0,0
SEP,2017,1,2019055,2752910,1,SEP Shoreline Report 2017_01.pdf,0,0
SEP,2017,1,2019055,2758061,2,2017-01 FINAL WW Summary 2023Sep Revision.pdf,1,1
SEP,2017,1,2019055,2758060,2,2017-01 SEP SMR CL Amendment Final.pdf,1,0
OSP,2017,2,1884832,1904739,1,OSP Chronic Toxicity 2017 1st Qtr.pdf,0,0
OSP,2017,2,1884832,1904866,1,OSP Shoreline 201702.pdf,0,0
OSP,2017,2,1884832,1907122,2,OSP 2-17 SMR.pdf,1,0
SEP,2017,2,1348874,1903872,1,SEP E001A Toxicity 201702.pdf,0,0
SEP,2017,2,1348874,1903873,1,SEP E001B Toxicity 201702.pdf,0,0
SEP,2017,2,1348874,1903875,1,SEP E003 Toxicity 201702.pdf,0,0
SEP,2017,2,1348874,1903876,1,SEP Shoreline 201702.pdf,0,0
SEP,2017,2,1348874,2758028,2,2017-02 FINAL WW Summary 2023Sep Revision.pdf,1,1
SEP,2017,2,1348874,2758027,2,2017-02 SEP SMR CL Amendment Final.pdf,1,0
SEP,2017,2,1348874,1907906,2,Bayside Drainage System 2-2017.pdf,1,0
SEP,2017,2,1348874,1907904,2,SEP-2-2017.pdf,1,0
OSP,2017,3,1897493,1917506,1,OSP Shoreline 201703.pdf,0,0
OSP,2017,3,1897493,1919575,2,OSP 3-17 SMR.pdf,1,0
SEP,2017,3,1348875,1916499,1,SEP 1668c PCB Congeners Qtrly 201703.pdf,0,0
SEP,2017,3,1348875,1916495,1,SEP E001A Toxicity 201703.pdf,0,0
SEP,2017,3,1348875,1916496,1,SEP E001B Toxicity 201703.pdf,0,0
SEP,2017,3,1348875,1916497,1,SEP E003 Toxicity 201703.pdf,0,0
SEP,2017,3,1348875,1916498,1,SEP Shoreline 201703.pdf,0,0
SEP,2017,3,1348875,2758032,2,2017-03 FINAL WW Summary 2023Sep Revision.pdf,1,1
SEP,2017,3,1348875,2758031,2,2017-03 SEP SMR CL Amendment Final.pdf,1,0
SEP,2017,3,1348875,1976902,2,MARCH BAYSIDE DRAINAGE 2017B.pdf,1,0
SEP,2017,3,1348875,1976901,2,SEP-03-2017B.pdf,1,0
OSP,2017,4,1909267,1927992,1,OSP Shoreline 201704.pdf,0,0
OSP,2017,4,1909267,1932373,2,OSP 4-17 SMR.pdf,1,0
SEP,2017,4,1348876,1928359,1,SEP E001A Toxicity 201704.pdf,0,0
SEP,2017,4,1348876,1928360,1,SEP E001B Toxicity 201704.pdf,0,0
SEP,2017,4,1348876,1928361,1,SEP E003 Toxicity 201704.pdf,0,0
SEP,2017,4,1348876,1928362,1,SEP Shoreline 201704.pdf,0,0
SEP,2017,4,1348876,2758037,2,2017-04 FINAL WW Summary 2023Sep Revision.pdf,1,1
SEP,2017,4,1348876,2758036,2,2017-04 SEP SMR CL Amendment Final.pdf,1,0
SEP,2017,4,1348876,1932400,2,APRIL BAYSIDE DRAINAGE A.pdf,1,0
SEP,2017,4,1348876,1932399,2,SEP--4-2017.pdf,1,0
OSP,2017,5,1921433,1938617,1,OSP Chronic Toxicity 2017 2nd Qtr.pdf,0,0
OSP,2017,5,1921433,1938616,1,OSP Shoreline 201705.pdf,0,0
OSP,2017,5,1921433,1943433,2,OSP 5-17 SMR.pdf,1,0
SEP,2017,5,1348877,1936852,1,SEP 1668c PCB Congeners Qtrly 201706.pdf,0,0
SEP,2017,5,1348877,1936853,1,SEP E001A Toxicity 201705.pdf,0,0
SEP,2017,5,1348877,1936857,1,SEP Semi-Annual Chronic Toxicity 201705 Ammonia Add-back 10% Effluent.pdf,0,0
SEP,2017,5,1348877,1936893,1,SEP Semi-Annual Chronic Toxicity 201705 Untreated Effluent.pdf,0,0
SEP,2017,5,1348877,1936858,1,SEP Semi-Annual Chronic Toxicity 201705 Zeolite Treated Effluent.pdf,0,0
SEP,2017,5,1348877,1936854,1,SEP Shoreline 201705.pdf,0,0
SEP,2017,5,1348877,2758040,2,2017-05 FINAL WW Summary 2023Sep Revision.pdf,1,0
SEP,2017,5,1348877,2758039,2,2017-05 SEP SMR CL Amendment Final.pdf,1,0
SEP,2017,5,1348877,1947201,2,May Bayside Drainage.pdf,1,0
SEP,2017,5,1348877,1947199,2,SEP-5-2017.pdf,1,0
OSP,2017,6,1934509,1953966,1,OSP Shoreline 201706.pdf,0,0
OSP,2017,6,1934509,1957934,2,OSP 6-17 SMR.pdf,1,0
SEP,2017,6,1348878,1953502,1,SEP E001A Toxicity 201706.pdf,0,0
SEP,2017,6,1348878,1953098,1,SEP Shoreline 201706.pdf,0,0
SEP,2017,6,1348878,2758043,2,2017-06 FINAL WW Summary 2023Sep Revision.pdf,1,0
SEP,2017,6,1348878,2758042,2,2017-06 SEP SMR CL Amendment Final.pdf,1,0
SEP,2017,6,1348878,1957164,2,JUNE BAYSIDE DRAINAGE 2017.pdf,1,0
SEP,2017,6,1348878,1957161,2,SEP-6-2017A.pdf,1,0
OSP,2017,7,1949531,1965680,1,OSP Shoreline 201707.pdf,0,0
OSP,2017,7,1949531,1969059,2,OSP 7-17 SMR.pdf,1,0
SEP,2017,7,1348879,1965151,1,SEP E001A Toxicity 201707.pdf,0,0
SEP,2017,7,1348879,1965152,1,SEP Shoreline 201707.pdf,0,0
SEP,2017,7,1348879,2758046,2,2017-07 FINAL WW Summary 2023Sep Revision.pdf,1,0
SEP,2017,7,1348879,2758045,2,2017-07 SEP SMR CL Amendment Final.pdf,1,0
SEP,2017,7,1348879,1968774,2,July_SMR_complete.pdf,1,0
OSP,2017,8,1960344,1974525,1,OSP Shoreline 201708.pdf,0,0
OSP,2017,8,1960344,1979054,2,OSP 8-17 SMR.pdf,1,0
SEP,2017,8,1348880,1976184,1,SEP 1668c PCB Congeners Qtrly 201707.pdf,0,0
SEP,2017,8,1348880,1976185,1,SEP E001A Toxicity 201708.pdf,0,0
SEP,2017,8,1348880,1976186,1,SEP Shoreline 201708.pdf,0,0
SEP,2017,8,1348880,2758049,2,2017-08 FINAL WW Summary 2023Sep Revision.pdf,1,0
SEP,2017,8,1348880,2758048,2,2017-08 SEP SMR CL Amendment Final.pdf,1,0
SEP,2017,8,1348880,1979398,2,AUGUST BAYSIDE DRAINAGE REPORT 2017.pdf,1,0
SEP,2017,8,1348880,1979397,2,SEP-8-2017.pdf,1,0
OSP,2017,9,1971144,1987037,1,OSP Chronic Toxicity 2017 3rd Qtr.pdf,0,0
OSP,2017,9,1971144,1987030,1,OSP Shoreline 201709.pdf,0,0
OSP,2017,9,1971144,1989771,2,OSP 9-17 SMR.pdf,1,0
SEP,2017,9,1348881,1986067,1,SEP E001A Toxicity 201709.pdf,0,0
SEP,2017,9,1348881,1986068,1,SEP Shoreline 201709.pdf,0,0
SEP,2017,9,1348881,2612949,2,2017-09 SEP SMR CL Amendment Final.pdf,1,0
SEP,2017,9,1348881,1990610,2,SEP-9-2017.pdf,1,0
OSP,2017,10,1980576,2003186,1,OSP Shoreline 201710.pdf,0,0
OSP,2017,10,1980576,2004830,2,OSP 10-17 SMR.pdf,1,0
SEP,2017,10,1348882,2002834,1,SEP E001A Toxicity 201710.pdf,0,0
SEP,2017,10,1348882,2002835,1,SEP Shoreline 201710.pdf,0,0
SEP,2017,10,1348882,2758052,2,2017-10 FINAL WW Summary 2023Sep Revision.pdf,1,0
SEP,2017,10,1348882,2758051,2,2017-10 SEP SMR CL Amendment Final.pdf,1,0
SEP,2017,10,1348882,2005244,2,OCTOBER BAYSIDE DRAINAGE REPORT 2017.pdf,1,0
SEP,2017,10,1348882,2005243,2,SEP-10-2017.pdf,1,0
OSP,2017,11,1992087,2013093,1,OSP Shoreline 201711.pdf,0,0
OSP,2017,11,1992087,2047607,2,OSP 11-17 SMR-1.pdf,1,0
SEP,2017,11,1348883,2010636,1,SEP 1668c PCB Congeners Qtrly 201711.pdf,0,0
SEP,2017,11,1348883,2010638,1,SEP E001A Toxicity 201711.pdf,0,0
SEP,2017,11,1348883,2010640,1,SEP E001B Toxicity 201711.pdf,0,0
SEP,2017,11,1348883,2010642,1,SEP E003 Toxicity 201711a.pdf,0,0
SEP,2017,11,1348883,2010643,1,SEP E003 Toxicity 201711b.pdf,0,0
SEP,2017,11,1348883,2010644,1,SEP E003 Toxicity 201711c.pdf,0,0
SEP,2017,11,1348883,2010645,1,SEP Semi-Annual Chronic Toxicity 201711 Ammonia Add-back 10% Effluent.pdf,0,0
SEP,2017,11,1348883,2010646,1,SEP Semi-Annual Chronic Toxicity 201711 Untreated Effluent.pdf,0,0
SEP,2017,11,1348883,2010647,1,SEP Semi-Annual Chronic Toxicity 201711 Zeolite Treated Effluent.pdf,0,0
SEP,2017,11,1348883,2010649,1,SEP Shoreline 201711.pdf,0,0
SEP,2017,11,1348883,2013866,2,NOVEMBER BAYSIDE DRAINAGE REPORT 2017.pdf,1,1
SEP,2017,11,1348883,2013865,2,SEP-11-2017.pdf,1,0
OSP,2017,12,2019032,2024874,1,OSP Chronic Toxicity 2017 4th Qtr.pdf,0,0
OSP,2017,12,2019032,2024873,1,OSP Shoreline 201712.pdf,0,0
OSP,2017,12,2019032,2029178,2,OSP 12-17 SMR.pdf,1,0
SEP,2017,12,2019056,2024231,1,SEP E001A Toxicity 201712a.pdf,0,0
SEP,2017,12,2019056,2024232,1,SEP E001A Toxicity 201712b.pdf,0,0
SEP,2017,12,2019056,2024230,1,SEP Shoreline 201712.pdf,0,0
SEP,2017,12,2019056,2029580,2,FINAL Dec 2017 eSMR Bayside.pdf,1,0
SEP,2017,12,2019056,2029581,2,SMR-12-2017.pdf,1,0
OSP,2018,1,2019036,2039517,1,OSP Shoreline 201801.pdf,0,0
OSP,2018,1,2019036,2041542,2,OSP 1-18 SMR.pdf,1,1
SEP,2018,1,2019060,2038101,1,SEP E001A Toxicity 201801a.pdf,0,0
SEP,2018,1,2019060,2038102,1,SEP E001A Toxicity 201801b.pdf,0,0
SEP,2018,1,2019060,2038103,1,SEP E001B Toxicity 201801a.pdf,0,0
SEP,2018,1,2019060,2038105,1,SEP E001B Toxicity 201801b.pdf,0,0
SEP,2018,1,2019060,2038106,1,SEP E03 Toxicity 201801.pdf,0,0
SEP,2018,1,2019060,2038108,1,SEP Shoreline 201801.pdf,0,0
SEP,2018,1,2019060,2041036,2,SEP-01-2018_SMR_Final.pdf,1,1
OSP,2018,2,2019037,2045749,1,OSP Chronic Toxicity 2018 1st Qtr.pdf,0,0
OSP,2018,2,2019037,2045747,1,OSP Shoreline 201802.pdf,0,0
OSP,2018,2,2019037,2047845,2,OSP 2-18 SMR.pdf,1,0
SEP,2018,2,2019061,2045543,1,SEP E001A Toxicity 201802a.pdf,0,0
SEP,2018,2,2019061,2045545,1,SEP E001A Toxicity 201802b.pdf,0,0
SEP,2018,2,2019061,2045549,1,SEP Semi-Annual Chronic Toxicity 201802 Ammonia Add-back 10% Effluent.pdf,0,0
SEP,2018,2,2019061,2045551,1,SEP Semi-Annual Chronic Toxicity 201802 Untreated Effluent.pdf,0,0
SEP,2018,2,2019061,2045552,1,SEP Semi-Annual Chronic Toxicity 201802 Zeolite Treated Effluent.pdf,0,0
SEP,2018,2,2019061,2045553,1,SEP Shoreline 201802.pdf,0,0
SEP,2018,2,2019061,2758502,2,2018-02 SEP SMR CL Amendment Final.pdf,1,0
SEP,2018,2,2019061,2047613,2,SEP-02-2018_SMR_Final.pdf,1,0
OSP,2018,3,2019038,2055295,1,OSP Shoreline 201803.pdf,0,0
OSP,2018,3,2019038,2581139,2,2018-03 OSP SMR CL Amend Final_v3.pdf,1,1
SEP,2018,3,2019062,2053454,1,SEP E001A Toxicity 201803a.pdf,0,0
SEP,2018,3,2019062,2053455,1,SEP E001A Toxicity 201803b.pdf,0,0
SEP,2018,3,2019062,2053456,1,SEP E001B Toxicity 201803.pdf,0,0
SEP,2018,3,2019062,2053458,1,SEP E03 Toxicity 201803.pdf,0,0
SEP,2018,3,2019062,2053452,1,SEP Shoreline 201803.pdf,0,0
SEP,2018,3,2019062,2057404,2,SEP-03-2018_SMR_Final.pdf,1,0
OSP,2018,4,2019039,2065074,1,OSP Shoreline 201804.pdf,0,0
OSP,2018,4,2019039,2065629,2,OSP-04-2018_SMR_Final.pdf,1,1
SEP,2018,4,2019063,2065065,1,SEP E001A Toxicity 201804a.pdf,0,0
SEP,2018,4,2019063,2065066,1,SEP E001A Toxicity 201804b.pdf,0,0
SEP,2018,4,2019063,2065067,1,SEP E001B Toxicity 201804.pdf,0,0
SEP,2018,4,2019063,2065068,1,SEP E003 Toxicity 201804.pdf,0,0
SEP,2018,4,2019063,2065070,1,SEP Shoreline 201804.pdf,0,0
SEP,2018,4,2019063,2065605,2,SEP-04-2018_SMR_Final.pdf,1,1
OSP,2018,5,2019040,2073577,1,OSP Shoreline 201805.pdf,0,0
OSP,2018,5,2019040,2075104,2,OSP-05- 2018_SMR_final.pdf,1,0
SEP,2018,5,2019064,2072295,1,SEP E001A Toxicity 201805a.pdf,0,0
SEP,2018,5,2019064,2072297,1,SEP E001A Toxicity 201805b.pdf,0,0
SEP,2018,5,2019064,2072298,1,SEP Shoreline 201805.pdf,0,0
SEP,2018,5,2019064,2075033,2,SEP-05-2018_SMR_Final.pdf,1,0
OSP,2018,6,2019041,2083023,1,OSP Chronic Toxicity 2018 2nd Qtr.pdf,0,0
OSP,2018,6,2019041,2083526,1,OSP Shoreline 201806.pdf,0,0
OSP,2018,6,2019041,2085517,2,Final -1cover letter OSP _June.pdf,1,0
SEP,2018,6,2019065,2081634,1,SEP E001A Toxicity 201806a.pdf,0,0
SEP,2018,6,2019065,2081635,1,SEP E001A Toxicity 201806b.pdf,0,0
SEP,2018,6,2019065,2081637,1,SEP Shoreline 201806.pdf,0,0
SEP,2018,6,2019065,2085360,2,SEP_cover_June_SMR_Final.pdf,1,0
OSP,2018,7,2019042,2099767,1,OSP Shoreline 201807.pdf,0,0
OSP,2018,7,2019042,2103949,2,Final Jul 2018cover letter OSP .pdf,1,0
SEP,2018,7,2019066,2095659,1,SEP E001A Toxicity 201807a.pdf,0,0
SEP,2018,7,2019066,2095660,1,SEP E001A Toxicity 201807b.pdf,0,0
SEP,2018,7,2019066,2095658,1,SEP Shoreline 201807.pdf,0,0
SEP,2018,7,2019066,2104178,2,SEP_cover_July_SMR_Final.pdf,1,0
OSP,2018,8,2019043,2112350,1,OSP Shoreline 201808.pdf,0,0
OSP,2018,8,2019043,2116422,2,2018-08 OSP SMR CL FINAL.pdf,1,0
SEP,2018,8,2019067,2113441,1,SEP E001A Toxicity 201808.pdf,0,0
SEP,2018,8,2019067,2115655,1,SEP Shoreline 201808.pdf,0,0
SEP,2018,8,2019067,2116416,2,2018-08 SEP SMR_Final.pdf,1,0
OSP,2018,9,2019044,2127780,1,OSP Chronic Toxicity 2018 3rd Qtr.pdf,0,0
OSP,2018,9,2019044,2127777,1,OSP Shoreline 201809.pdf,0,0
OSP,2018,9,2019044,2128714,2,2018-09 OSP SMR CL FINAL.pdf,1,0
SEP,2018,9,2019068,2125264,1,SEP E001A Toxicity 201809.pdf,0,0
SEP,2018,9,2019068,2123086,1,SEP Semi-Annual Chronic Toxicity 201809 Ammonia Add-back 10% Effluent.pdf,0,0
SEP,2018,9,2019068,2123087,1,SEP Semi-Annual Chronic Toxicity 201809 Untreated Effluent.pdf,0,0
SEP,2018,9,2019068,2123088,1,SEP Semi-Annual Chronic Toxicity 201809 Zeolite Treated Effluent.pdf,0,0
SEP,2018,9,2019068,2123082,1,SEP Shoreline 201809.pdf,0,0
SEP,2018,9,2019068,2129359,2,2018-09 SEP SMR Final.pdf,1,0
OSP,2018,10,2019045,2135296,1,OSP Chronic Toxicity 2018 4th Qtr.pdf,0,0
OSP,2018,10,2019045,2135293,1,OSP Shoreline 201810.pdf,0,0
OSP,2018,10,2019045,2137922,2,2018-10 OSP SMR CL FINAL.pdf,1,0
SEP,2018,10,2019069,2135056,1,SEP E001A Toxicity 201810.pdf,0,0
SEP,2018,10,2019069,2135057,1,SEP Shoreline 201810.pdf,0,0
SEP,2018,10,2019069,2138005,2,2018-10 SEP SMR Final.pdf,1,0
OSP,2018,11,2019046,2144765,1,OSP Shoreline 201811.pdf,0,0
OSP,2018,11,2019046,2175989,2,2018-11 FINAL OSP TSS 2019.02.14.pdf,1,1
OSP,2018,11,2019046,2151996,2,2018-11 OSP SMR FINAL.pdf,1,0
SEP,2018,11,2019070,2144679,1,SEP E001A Toxicity 201811.pdf,0,0
SEP,2018,11,2019070,2144680,1,SEP E001B Toxicity 201811.pdf,0,0
SEP,2018,11,2019070,2144681,1,SEP E003 Toxicity 201811.pdf,0,0
SEP,2018,11,2019070,2144682,1,SEP shoreline 201811.pdf,0,0
SEP,2018,11,2019070,2151994,2,2018-11 SEP SMR FINAL.pdf,1,1
OSP,2018,12,2019047,2163701,1,OSP Shoreline 201812.pdf,0,0
OSP,2018,12,2019047,2167953,2,2018-12 OSP SMR CL FINAL.pdf,1,1
SEP,2018,12,2019071,2163394,1,SEP E001A Toxicity 201812a.pdf,0,0
SEP,2018,12,2019071,2163395,1,SEP E001A Toxicity 201812b.pdf,0,0
SEP,2018,12,2019071,2163396,1,SEP E001B Toxicity 201812.pdf,0,0
SEP,2018,12,2019071,2163397,1,SEP E003 Toxicity 201812.pdf,0,0
SEP,2018,12,2019071,2163398,1,SEP Shoreline 201812.pdf,0,0
SEP,2018,12,2019071,2168129,2,2018-12 SEP SMR FINAL.pdf,1,1
OSP,2019,1,2019051,2180647,1,OSP Shoreline 201901.pdf,0,0
OSP,2019,1,2019051,2185819,2,2019-01 OSP SMR CL FINAL.pdf,1,1
SEP,2019,1,2019076,2178552,1,SEP 001B Toxicity 201901.pdf,0,0
SEP,2019,1,2019076,2178554,1,SEP 003 Toxicity 201901.pdf,0,0
SEP,2019,1,2019076,2178556,1,SEP Shoreline 201901.pdf,0,0
SEP,2019,1,2019076,2185371,2,2019-01 SEP SMR FINAL.pdf,1,1
OSP,2019,2,2170290,2190363,1,OSP Chronic Toxicity 2019 1st Qtr.pdf,0,0
OSP,2019,2,2170290,2191851,1,OSP Shoreline 201902.pdf,0,0
OSP,2019,2,2170290,2193219,2,2019-02 OSP SMR CL FINAL.pdf,1,1
SEP,2019,2,2019077,2190352,1,SEP 001B Toxicity 201902.pdf,0,0
SEP,2019,2,2019077,2190355,1,SEP 003 Toxicity 201902.pdf,0,0
SEP,2019,2,2019077,2190350,1,SEP E001A Toxicity 201902.pdf,0,0
SEP,2019,2,2019077,2190357,1,SEP Shoreline 201902.pdf,0,0
SEP,2019,2,2019077,2193248,2,2019-02 SEP SMR CL Final.pdf,1,1
OSP,2019,3,2172637,2198178,1,OSP Shoreline 201903.pdf,0,0
OSP,2019,3,2172637,2202900,2,2019-03 OSP SMR CL FINAL.pdf,1,1
SEP,2019,3,2172898,2200226,1,SEP 001A Toxicity 201903.pdf,0,0
SEP,2019,3,2172898,2200227,1,SEP 001B Toxicity 201903.pdf,0,0
SEP,2019,3,2172898,2200228,1,SEP 003 Toxicity 201903.pdf,0,0
SEP,2019,3,2172898,2200229,1,SEP Shoreline 201903.pdf,0,0
SEP,2019,3,2172898,2204181,2,2019-03 SEP SMR CL Final.pdf,1,1
OSP,2019,4,2172638,2210239,1,OSP Chronic Toxicity 2019 2nd Qtr.pdf,0,0
OSP,2019,4,2172638,2210238,1,OSP Shoreline 201904.pdf,0,0
OSP,2019,4,2172638,2213302,2,2019-04 OSP SMR CL Final.pdf,1,0
SEP,2019,4,2172899,2208558,1,SEP E001A Toxicity 201904a.pdf,0,0
SEP,2019,4,2172899,2208559,1,SEP E001A Toxicity 201904b.pdf,0,0
SEP,2019,4,2172899,2208554,1,SEP Semi-Annual Chronic Toxicity 201904 Ammonia Add-back 10% Effluent.pdf,0,0
SEP,2019,4,2172899,2208556,1,SEP Semi-Annual Chronic Toxicity 201904 Untreated Effluent.pdf,0,0
SEP,2019,4,2172899,2208557,1,SEP Semi-Annual Chronic Toxicity 201904 Zeolite Treated Effluent.pdf,0,0
SEP,2019,4,2172899,2208560,1,SEP Shoreline 201904.pdf,0,0
SEP,2019,4,2172899,2213304,2,2019-04 SEP SMR CL Final.pdf,1,0
OSP,2019,5,2184869,2217936,1,OSP Shoreline 201905.pdf,0,0
OSP,2019,5,2184869,2223686,2,2019-05 OSP SMR CL FINAL.pdf,1,0
SEP,2019,5,2184937,2220424,1,SEP 001A Toxicity 201905.pdf,0,0
SEP,2019,5,2184937,2220425,1,SEP 001B Toxicity 201905.pdf,0,0
SEP,2019,5,2184937,2220426,1,SEP 003 Toxicity 201905.pdf,0,0
SEP,2019,5,2184937,2220427,1,SEP Shoreline 201905.pdf,0,0
SEP,2019,5,2184937,2225741,2,2019-05 SEP SMR CL FINAL.pdf,1,1
OSP,2019,6,2194476,2268485,1,OSP Shoreline 201906.pdf,0,0
OSP,2019,6,2194476,2236080,2,2019-06 OSP SMR CL FINAL.pdf,1,0
SEP,2019,6,2194675,2230281,1,SEP 001A Toxicity 201906A.pdf,0,0
SEP,2019,6,2194675,2230282,1,SEP 001A Toxicity 201906B.pdf,0,0
SEP,2019,6,2194675,2230271,1,SEP Shoreline 201906.pdf,0,0
SEP,2019,6,2194675,2236148,2,2019-06 SEP SMR CL FINAL_ac.pdf,1,0
OSP,2019,7,2204947,2246582,1,OSP Shoreline 201907.pdf,0,0
OSP,2019,7,2204947,2249151,2,2019-07 OSP SMR CL Final.pdf,1,0
SEP,2019,7,2205012,2246766,1,SEP 001A Toxicity 201907.pdf,0,0
SEP,2019,7,2205012,2246764,1,SEP Shoreline 201907.pdf,0,0
SEP,2019,7,2205012,2257220,2,2019-07 SEP SMR Final nutrients.pdf,1,0
OSP,2019,8,2215156,2253047,1,OSP Chronic Toxicity 2019 3rd Qtr.pdf,0,0
OSP,2019,8,2215156,2253362,1,OSP Shoreline 201908.pdf,0,0
OSP,2019,8,2215156,2257016,2,2019-08 OSP SMR CL FINAL.pdf,1,0
SEP,2019,8,2215228,2253266,1,SEP E001A Toxicity 201908.pdf,0,0
SEP,2019,8,2215228,2254011,1,SEP E002-E001A Bypass Toxicity 201908.pdf,0,0
SEP,2019,8,2215228,2295202,1,SEP Shoreline 2019_08.pdf,0,0
SEP,2019,8,2215228,2257233,2,2019-08 SEP SMR Final_nutrients.pdf,1,0
OSP,2019,9,2224969,2264173,1,OSP Shoreline Report 2019_09.pdf,0,0
OSP,2019,9,2224969,2268475,2,2019-09 OSP SMR CL FINAL.pdf,1,0
SEP,2019,9,2225198,2263145,1,SEP E001A Toxicity 201909.pdf,0,0
SEP,2019,9,2225198,2263144,1,SEP Shoreline 201909.pdf,0,0
SEP,2019,9,2225198,2266489,2,2019-09 SEP SMR CL Final.pdf,1,0
OSP,2019,10,2238918,2271343,1,OSP Chronic Toxicity 2019 4th Qtr.pdf,0,0
OSP,2019,10,2238918,2270094,1,OSP Shoreline Report 2019_10.pdf,0,0
OSP,2019,10,2238918,2274142,2,2019-10 OSP SMR CL FINAL.pdf,1,0
SEP,2019,10,2238987,2271252,1,SEP E001A Toxicity 201910.pdf,0,0
SEP,2019,10,2238987,2271253,1,SEP Semi-Annual Chronic Toxicity 201910 Ammonia Add-back 10% Effluent.pdf,0,0
SEP,2019,10,2238987,2271255,1,SEP Semi-Annual Chronic Toxicity 201910 Untreated Effluent.pdf,0,0
SEP,2019,10,2238987,2271257,1,SEP Semi-Annual Chronic Toxicity 201910 Zeolite Treated Effluent.pdf,0,0
SEP,2019,10,2238987,2270088,1,SEP Shoreline 2019_10.pdf,0,0
SEP,2019,10,2238987,2274187,2,2019-10 SEP SMR CL Final.pdf,1,0
OSP,2019,11,2249916,2282404,1,OSP Shoreline 201911.pdf,0,0
OSP,2019,11,2249916,2282838,2,2019-11 OSP SMR CL Final.pdf,1,1
SEP,2019,11,2249984,2281153,1,SEP 001A Toxicity 201911.pdf,0,0
SEP,2019,11,2249984,2281154,1,SEP 001B Toxicity 201911.pdf,0,0
SEP,2019,11,2249984,2281156,1,SEP 003 Toxicity 201911.pdf,0,0
SEP,2019,11,2249984,2281163,1,SEP Shoreline 201911.pdf,0,0
SEP,2019,11,2249984,2282833,2,2019-11 SEP SMR CL Final.pdf,1,1
OSP,2019,12,2257796,2310023,1,OSP Shoreline 201912_corrected.pdf,0,0
OSP,2019,12,2257796,2312610,2,2019-12 OSP SMR CL Final_v2.pdf,1,1
SEP,2019,12,2257863,2291207,1,SEP 001B Toxicity 201912.pdf,0,0
SEP,2019,12,2257863,2291208,1,SEP 003 Toxicity 201912.pdf,0,0
SEP,2019,12,2257863,2291206,1,SEP E001A Toxicity 201912.pdf,0,0
SEP,2019,12,2257863,2291209,1,SEP Shoreline 201912.pdf,0,0
SEP,2019,12,2257863,2299581,2,2019-12 SEP SMR CL final.pdf,1,1
OSP,2020,1,2287794,2308304,1,OSP Shoreline 202001.pdf,0,0
OSP,2020,1,2287794,2310267,2,2020-01 OSP SMR CL Final.pdf,1,1
SEP,2020,1,2288698,2306770,1,SEP 001B Toxicity 202001.pdf,0,0
SEP,2020,1,2288698,2306771,1,SEP 003 Toxicity 202001.pdf,0,0
SEP,2020,1,2288698,2306769,1,SEP E001A Toxicity 202001.pdf,0,0
SEP,2020,1,2288698,2306460,1,SEP Shoreline 202001.pdf,0,0
SEP,2020,1,2288698,2310265,2,2020-01 SEP SMR CL Final.pdf,1,1
SEP,2020,1,2288698,2327866,2,2020-04-02 Jan2020 SMR Additional Wet Weather Bacti Sampling Info.pdf,1,0
OSP,2020,2,2287795,2319164,1,OSP Shoreline 202002.pdf,0,0
OSP,2020,2,2287795,2320198,2,2020-02 OSP SMR CL FINAL.pdf,1,0
SEP,2020,2,2288699,2317007,1,SEP E001A Toxicity 202002.pdf,0,0
SEP,2020,2,2288699,2317008,1,SEP Shoreline 202002.pdf,0,0
SEP,2020,2,2288699,2320054,2,2020-02 SEP SMR CL Final.pdf,1,0
OSP,2020,3,2326461,2328833,1,OSP Chronic Toxicity 2020 1st Qtr.pdf,0,0
OSP,2020,3,2326461,2328463,1,OSP Shoreline 202003.pdf,0,0
OSP,2020,3,2326461,2332559,2,2020-03 OSP SMR CL FINAL2.pdf,1,0
SEP,2020,3,2288700,2326652,1,SEP 001B Toxicity 202003.pdf,0,0
SEP,2020,3,2288700,2326651,1,SEP 003 Toxicity 202003.pdf,0,0
SEP,2020,3,2288700,2326649,1,SEP E001A Toxicity 20200302.pdf,0,0
SEP,2020,3,2288700,2326650,1,SEP E001A Toxicity 20200309.pdf,0,0
SEP,2020,3,2288700,2326648,1,SEP Shoreline 202003.pdf,0,0
SEP,2020,3,2288700,2331192,2,2020-03 SEP SMR CL Final.pdf,1,0
OSP,2020,4,2326462,2338241,1,OSP Shoreline 202004 v2.pdf,0,0
OSP,2020,4,2326462,2342642,2,2020-04 OSP SMR CL Final.pdf,1,0
SEP,2020,4,2303030,2337347,1,SEP E001A Toxicity 202004.pdf,0,0
SEP,2020,4,2303030,2338229,1,SEP Shoreline 202004.pdf,0,0
SEP,2020,4,2303030,2342640,2,2020-04 SEP SMR CL Final.pdf,1,0
OSP,2020,5,2326463,2349884,1,OSP Shoreline 202005.pdf,0,0
OSP,2020,5,2326463,2351874,2,2020-05 OSP SMR CL FINAL.pdf,1,0
SEP,2020,5,2312519,2348163,1,SEP E001A Toxicity SR 202005.pdf,0,0
SEP,2020,5,2312519,2348162,1,SEP Shoreline 202005.pdf,0,0
SEP,2020,5,2312519,2349873,2,2020-05 SEP SMR CL Final.pdf,1,0
OSP,2020,6,2326464,2360716,1,OSP Chronic Toxicity 2020 2nd Qtr.pdf,0,0
OSP,2020,6,2326464,2360714,1,OSP Shoreline 202006.pdf,0,0
OSP,2020,6,2326464,2364091,2,2020-06 OSP SMR CL FINAL.pdf,1,0
SEP,2020,6,2321859,2358126,1,SEP E001A Toxicity SR 202006.pdf,0,0
SEP,2020,6,2321859,2360057,1,SEP Semi-Annual Chronic Toxicity 202006 Ammonia Add-back 10% Effluent.pdf,0,0
SEP,2020,6,2321859,2360058,1,SEP Semi-Annual Chronic Toxicity 202006 Untreated Effluent_combined.pdf,0,0
SEP,2020,6,2321859,2360059,1,SEP Semi-Annual Chronic Toxicity 202006 Zeolite Treated Effluent_combined.pdf,0,0
SEP,2020,6,2321859,2358133,1,SEP Shoreline 202006.pdf,0,0
SEP,2020,6,2321859,2363137,2,2020-06 SEP SMR CL Final.pdf,1,0
OSP,2020,7,2326465,2371281,1,OSP Chronic Toxicity 2020 3rd Qtr .pdf,0,0
OSP,2020,7,2326465,2371282,1,OSP Shoreline 202007.pdf,0,0
OSP,2020,7,2326465,2375392,2,2020-07 OSP SMR CL.pdf,1,0
SEP,2020,7,2333329,2369816,1,SEP E001A Toxicity SR 202007.pdf,0,0
SEP,2020,7,2333329,2369699,1,SEP Shoreline 202007.pdf,0,0
SEP,2020,7,2333329,2375104,2,2020-07 SEP SMR CL Final.pdf,1,0
OSP,2020,8,2326466,2381721,1,OSP Shoreline 202008.pdf,0,0
OSP,2020,8,2326466,2383572,2,2020-08 OSP SMR CL.pdf,1,0
SEP,2020,8,2343107,2381184,1,SEP E001A Toxicity SR 2020087.pdf,0,0
SEP,2020,8,2343107,2381191,1,SEP Shoreline 202008.pdf,0,0
SEP,2020,8,2343107,2382687,2,2020-08 SEP SMR CL Final.pdf,1,0
OSP,2020,9,2326467,2391422,1,OSP Shoreline 202009.pdf,0,0
OSP,2020,9,2326467,2393217,2,2020-09 OSP SMR CL.pdf,1,0
SEP,2020,9,2354068,2389174,1,SEP E001A Toxicity SR 2020_09.pdf,0,0
SEP,2020,9,2354068,2389173,1,SEP Shoreline 202009.pdf,0,0
SEP,2020,9,2354068,2392979,2,2020-09 SEP SMR CL Final.pdf,1,0
OSP,2020,10,2326468,2399802,1,OSP Chronic Toxicity 2020 4th Qtr.pdf,0,0
OSP,2020,10,2326468,2399801,1,OSP Shoreline 202010.pdf,0,0
OSP,2020,10,2326468,2401545,2,2020-10 OSP SMR CL.pdf,1,0
SEP,2020,10,2365715,2398875,1,SEP E001A Toxicity SR 2020_10.pdf,0,0
SEP,2020,10,2365715,2398876,1,"SEP Semi-Annual Chronic Toxicity 202010 Untreated, Zeolite Treated, 10% Ammonia Add back.pdf",0,0
SEP,2020,10,2365715,2398874,1,SEP Shoreline 202010.pdf,0,0
SEP,2020,10,2365715,2401587,2,2020-10 SEP SMR CL Final.pdf,1,0
OSP,2020,11,2326469,2406546,1,OSP Shoreline 202011.pdf,0,0
OSP,2020,11,2326469,2409960,2,2020-11 OSP SMR CL.pdf,1,0
SEP,2020,11,2376756,2409029,1,SEP E001A Toxicity SR 2020_11_02.pdf,0,0
SEP,2020,11,2376756,2408386,1,SEP E001A Toxicity SR 2020_11_12 pH Adjusted.pdf,0,0
SEP,2020,11,2376756,2408384,1,SEP E003 Toxicity SR 202011.pdf,0,0
SEP,2020,11,2376756,2408382,1,SEP Shoreline 202011.pdf,0,0
SEP,2020,11,2376756,2409827,2,2020-11 SEP SMR CL Final.pdf,1,0
OSP,2020,12,2326470,2421761,1,OSP Shoreline 2020_12.pdf,0,0
OSP,2020,12,2326470,2428145,2,2020-12 OSP SMR CL.pdf,1,0
SEP,2020,12,2384527,2421748,1,SEP 001B Toxicity 2020_12.pdf,0,0
SEP,2020,12,2384527,2421749,1,SEP 003 Toxicity 2020_12.pdf,0,0
SEP,2020,12,2384527,2421746,1,SEP E001A Toxicity SR 2020_12 pH Adjusted.pdf,0,0
SEP,2020,12,2384527,2421745,1,SEP Shoreline 2020_12.pdf,0,0
SEP,2020,12,2384527,2428294,2,2020-12 SEP SMR CL Final.pdf,1,1
OSP,2021,1,2326474,2436349,1,OSP Shoreline 2021_01.pdf,0,0
OSP,2021,1,2326474,2441267,2,2021-01 OSP SMR CL.pdf,1,1
SEP,2021,1,2416007,2435675,1,SEP 001B Toxicity 2021_01.pdf,0,0
SEP,2021,1,2416007,2435676,1,SEP 003 Toxcity 2021_01.pdf,0,0
SEP,2021,1,2416007,2435674,1,SEP E001A Toxicity SR 2021_01 pH Adjusted.pdf,0,0
SEP,2021,1,2416007,2435678,1,SEP E001A_002 Bypass Toxcity SR 2021_01 pH Adjusted.pdf,0,0
SEP,2021,1,2416007,2435672,1,SEP Shoreline 2021_01.pdf,0,0
SEP,2021,1,2416007,2441245,2,2021-01 SEP SMR CL Final_v2.pdf,1,1
OSP,2021,2,2326475,2459242,1,OSP Chronic Toxicity 2021 1st Qtr.pdf,0,0
OSP,2021,2,2326475,2459243,1,OSP Shoreline 2021_02.pdf,0,0
OSP,2021,2,2326475,2461971,2,2021-02 OSP SMR CL.pdf,1,0
SEP,2021,2,2416008,2457470,1,SEP 001B Toxicity 2021_02.pdf,0,0
SEP,2021,2,2416008,2457471,1,SEP 003 Toxcity 2021_02.pdf,0,0
SEP,2021,2,2416008,2457472,1,SEP E001A Toxicity SR 2021_02 pH Adjusted.pdf,0,0
SEP,2021,2,2416008,2445230,1,SEP Shoreline Report 2021_02.pdf,0,0
SEP,2021,2,2416008,2461639,2,2021-02 SEP SMR CL Final.pdf,1,0
OSP,2021,3,2326476,2472406,1,OSP Shoreline 2021_03.pdf,0,0
OSP,2021,3,2326476,2475607,2,2021-03 OSP SMR CL.pdf,1,0
SEP,2021,3,2416009,2472529,1,SEP 003 Toxcity 2021_03.pdf,0,0
SEP,2021,3,2416009,2472528,1,SEP E001A Toxicity SR 2021_03 pH Adjusted.pdf,0,0
SEP,2021,3,2416009,2472527,1,SEP Shoreline Report 2021_03.pdf,0,0
SEP,2021,3,2416009,2476309,2,2021-03 SEP SMR CL Final.pdf,1,0
OSP,2021,4,2326477,2481947,1,OSP Chronic Toxicity 2021 2nd Qtr.pdf,0,0
OSP,2021,4,2326477,2481562,1,OSP Shoreline 2021_04.pdf,0,0
OSP,2021,4,2326477,2484287,2,2021-04 OSP SMR CL.pdf,1,0
SEP,2021,4,2429342,2482358,1,SEP E001A Toxicity SR 2021_04 pH Adjusted.pdf,0,0
SEP,2021,4,2429342,2482357,1,SEP Shoreline Report 2021_04.pdf,0,0
SEP,2021,4,2429342,2490685,2,2021-04 SEP SMR CL Final.pdf,1,0
OSP,2021,5,2326478,2488915,1,OSP Shoreline 2021_05.pdf,0,0
OSP,2021,5,2326478,2491818,2,2021-05 OSP SMR CL Final.pdf,1,0
SEP,2021,5,2440992,2490661,1,SEP E001A Acute Toxicity SR 2021_05.pdf,0,0
SEP,2021,5,2440992,2490662,1,"SEP Semi-Annual Chronic Toxicity 2021_05 Untreated, Zeolite, 10% Ammonia Add back.pdf",0,0
SEP,2021,5,2440992,2488967,1,SEP Shoreline Report 2021_05.pdf,0,0
SEP,2021,5,2440992,2491823,2,2021-05 SEP SMR CL Final.pdf,1,0
OSP,2021,6,2326479,2519802,1,OSP Shoreline Report 2021_06.pdf,0,0
OSP,2021,6,2326479,2503427,2,2021-06 OSP  CL.pdf,1,0
SEP,2021,6,2465072,2498273,1,SEP E001A Toxicity SR 2021_06 pH Adjusted.pdf,0,0
SEP,2021,6,2465072,2498272,1,SEP Shoreline Report 2021_06.pdf,0,0
SEP,2021,6,2465072,2503407,2,2021-06 SEP Final CL.pdf,1,0
OSP,2021,7,2326480,2511445,1,OSP Shoreline 2021_07.pdf,0,0
OSP,2021,7,2326480,2514199,2,2021-07 OSP CL.pdf,1,0
SEP,2021,7,2477427,2511334,1,SEP E001A Toxicity SR 2021_07 pH Adjusted.pdf,0,0
SEP,2021,7,2477427,2511333,1,SEP Shoreline Report 2021_07.pdf,0,0
SEP,2021,7,2477427,2514499,2,2021-07 SEP Final CL.pdf,1,0
OSP,2021,8,2326481,2519413,1,OSP Chronic Toxicity 2021 3rd Quarter.pdf,0,0
OSP,2021,8,2326481,2519414,1,OSP Shoreline 2021_08.pdf,0,0
OSP,2021,8,2326481,2521514,2,2021-08 OSP CL.pdf,1,0
SEP,2021,8,2485451,2519396,1,SEP E001A Toxicity 2021_08 pH Adjusted.pdf,0,0
SEP,2021,8,2485451,2519397,1,SEP Shoreline Report 2021_08.pdf,0,0
SEP,2021,8,2485451,2521530,2,2021-08 SEP Final CL.pdf,1,0
OSP,2021,9,2326482,2530557,1,OSP Shoreline 2021_09.pdf,0,0
OSP,2021,9,2326482,2534358,2,2021-09 OSP CL.pdf,1,0
SEP,2021,9,2494974,2529131,1,SEP E001A Toxicity 2021_09 pH Adjusted.pdf,0,0
SEP,2021,9,2494974,2530549,1,SEP Shoreline 2012_09.pdf,0,0
SEP,2021,9,2494974,2532756,2,2021-09 SEP Final CL.pdf,1,0
OSP,2021,10,2326483,2538989,1,OSP Shoreline 2021_10.pdf,0,0
OSP,2021,10,2326483,2540254,2,2021-10 OSP CL.pdf,1,1
SEP,2021,10,2505923,2538827,1,SEP 001B Toxicity 2021_10.pdf,0,0
SEP,2021,10,2505923,2538828,1,SEP 003 Toxcity 2021_10.pdf,0,0
SEP,2021,10,2505923,2538829,1,SEP E001A Toxicity pH adjusted 2021_10.pdf,0,0
SEP,2021,10,2505923,2538826,1,SEP Shoreline 2021_10.pdf,0,0
SEP,2021,10,2505923,2540709,2,2021-10 SEP Final CL.pdf,1,1
SEP,2021,10,2505923,2540710,2,SEP Oct 2021 CSD Data.pdf,1,0
OSP,2021,11,2326484,2547412,1,OSP Chronic Toxicity 2021 4th Qtr.pdf,0,0
OSP,2021,11,2326484,2547409,1,OSP Shoreline 2021_11.pdf,0,0
OSP,2021,11,2326484,2548812,2,2021-11 OSP Final CL.pdf,1,1
SEP,2021,11,2516206,2618654,1,NPP 003 Toxicity 2021_11.pdf,0,0
SEP,2021,11,2516206,2618658,1,SEP 001A Toxicity pH adjusted 2021_11.pdf,0,0
SEP,2021,11,2516206,2618655,1,SEP 001B Toxicity 2021_11.pdf,0,0
SEP,2021,11,2516206,2547408,1,SEP Shoreline 2021_11.pdf,0,0
SEP,2021,11,2516206,2547697,2,2021-11 SEP Final CL.pdf,1,1
SEP,2021,11,2516206,2547699,2,November 2021 CSD Data.pdf,1,0
OSP,2021,12,2326485,2558836,1,OSP Shoreline 2021_12 updated.pdf,0,0
OSP,2021,12,2326485,2561193,2,2021-12 OSP CL.pdf,1,1
SEP,2021,12,2524068,2557524,1,SEP 001A Toxicity pH adjusted 2021_12.pdf,0,0
SEP,2021,12,2524068,2557525,1,SEP 001B Toxicity 2021_12.pdf,0,0
SEP,2021,12,2524068,2557526,1,SEP 003 Toxicity 2021_12.pdf,0,0
SEP,2021,12,2524068,2559789,1,"SEP Semi-Annual Chronic Toxicity 2021_11 Untreated, Zeolite, 10% Ammonia Add back.pdf",0,0
SEP,2021,12,2524068,2558204,1,SEP Shoreline 2021_12.pdf,0,0
SEP,2021,12,2524068,2563116,2,2021-12 SEP Final CL.pdf,1,1
SEP,2021,12,2524068,2563120,2,SEP Dec 2021 CSD Data.pdf,1,0
OSP,2022,1,2326489,2570547,1,OSP Chronic Toxicity 2022 1st Qtr.pdf,0,0
OSP,2022,1,2326489,2570546,1,OSP Shoreline 2022_01.pdf,0,0
OSP,2022,1,2326489,2574664,2,2022-01 OSP CL.pdf,1,0
SEP,2022,1,2553857,2570483,1,SEP 001A Toxicity pH adjusted 2022_01.pdf,0,0
SEP,2022,1,2553857,2570484,1,"SEP Semi-Annual Chronic Toxicity 2022_01 Untreated, Zeolite, 10% Ammonia Add back.pdf",0,0
SEP,2022,1,2553857,2570485,1,SEP Shoreline 2022_01.pdf,0,0
SEP,2022,1,2553857,2583596,2,2022-01 SEP SMR CL Final.pdf,1,0
OSP,2022,2,2326490,2578573,1,OSP Shoreline 2022_02.pdf,0,0
OSP,2022,2,2326490,2579605,2,2022-02 OSP CL.pdf,1,0
SEP,2022,2,2553858,2577521,1,SEP 001A Toxicity pH adjusted 2022_02.pdf,0,0
SEP,2022,2,2553858,2577522,1,SEP Shoreline 2022_02.pdf,0,0
SEP,2022,2,2553858,2579102,2,2022-02 SEP SMR CL Final.pdf,1,0
OSP,2022,3,2326491,2588652,1,OSP Shoreline 2022_03.pdf,0,0
OSP,2022,3,2326491,2591329,2,2022-03 OSP CL.pdf,1,0
SEP,2022,3,2553859,2588593,1,SEP 001A Toxicity pH adjusted 2022_03.pdf,0,0
SEP,2022,3,2553859,2586438,1,SEP Shoreline 2022_03.pdf,0,0
SEP,2022,3,2553859,2591115,2,2022-03 SEP Final CL.pdf,1,0
OSP,2022,4,2326492,2601197,1,OSP Chronic Toxicity 2022 2nd Qtr.pdf,0,0
OSP,2022,4,2326492,2601199,1,OSP Shoreline Report 2022_04.pdf,0,0
OSP,2022,4,2326492,2604906,2,2022-04 OSP CL.pdf,1,0
SEP,2022,4,2566381,2599144,1,SEP 001A Toxicity pH adjusted 2022_04.pdf,0,0
SEP,2022,4,2566381,2599145,1,SEP Shoreline 2022_04.pdf,0,0
SEP,2022,4,2566381,2604972,2,2022-04 SEP Final CL.pdf,1,0
OSP,2022,5,2326493,2610846,1,OSP Shoreline Report 2022_05.pdf,0,0
OSP,2022,5,2326493,2613594,2,2022-05 OSP CL.pdf,1,0
SEP,2022,5,2574344,2609896,1,SEP 001A Toxicity pH adjusted 2022_05.pdf,0,0
SEP,2022,5,2574344,2609895,1,SEP Shoreline 2022_05.pdf,0,0
SEP,2022,5,2574344,2613513,2,2022-05 SEP Final CL.pdf,1,0
OSP,2022,6,2326494,2622541,1,OSP Shoreline Report 2022_06.pdf,0,0
OSP,2022,6,2326494,2626370,2,2022-06 OSP CL.pdf,1,0
SEP,2022,6,2582734,2621133,1,SEP 001A Toxicity pH adjusted 2022_06.pdf,0,0
SEP,2022,6,2582734,2621132,1,SEP Shoreline 2022_06.pdf,0,0
SEP,2022,6,2582734,2626476,2,2022-06 SEP Final CL.pdf,1,0
OSP,2022,7,2326495,2633211,1,OSP Shoreline Report 2022_07.pdf,0,0
OSP,2022,7,2326495,2634495,2,2022-07 OSP CL.pdf,1,0
SEP,2022,7,2593394,2632699,1,SEP 001A Toxicity pH adjusted 2022_07.pdf,0,0
SEP,2022,7,2593394,2632698,1,SEP Shoreline report 2022_07.pdf,0,0
SEP,2022,7,2593394,2635243,2,2022-07 SEP Final CL.pdf,1,0
OSP,2022,8,2326496,2639730,1,OSP Chronic Toxicity 2022 3rd Qtr.pdf,0,0
OSP,2022,8,2326496,2639728,1,OSP Shoreline Report 2022_08.pdf,0,0
OSP,2022,8,2326496,2642883,2,2022-08 OSP CL.pdf,1,0
SEP,2022,8,2606783,2640618,1,SEP 001A Toxicity pH adjusted 2022_08.pdf,0,0
SEP,2022,8,2606783,2640616,1,SEP Shoreline report 2022_08.pdf,0,0
SEP,2022,8,2606783,2643114,2,2022-08 SEP Final CL.pdf,1,0
OSP,2022,9,2326497,2648743,1,OSP Shoreline Report 2022_09.pdf,0,0
OSP,2022,9,2326497,2649995,2,2022-09 OSP CL.pdf,1,0
SEP,2022,9,2616945,2647954,1,SEP 001A Toxicity pH adjusted 2022_09.pdf,0,0
SEP,2022,9,2616945,2651526,1,SEP Shoreline report 2022_09.pdf,0,0
SEP,2022,9,2616945,2651196,2,2022-09 SEP Final CL.pdf,1,0
OSP,2022,10,2326498,2657192,1,OSP Chronic Toxicity 2022 4th Qtr.pdf,0,0
OSP,2022,10,2326498,2657193,1,OSP Shoreline Report 2022_10.pdf,0,0
OSP,2022,10,2326498,2658562,2,2022-10 OSP CL.pdf,1,0
SEP,2022,10,2628408,2656979,1,SEP 001A Toxicity pH adjusted 2022_10.pdf,0,0
SEP,2022,10,2628408,2656982,1,"SEP Semi-Annual Chronic Toxicity 2022_10 Untreated, Zeolite, 10% Ammonia Add back.pdf",0,0
SEP,2022,10,2628408,2656986,1,SEP Shoreline report 2022_10.pdf,0,0
SEP,2022,10,2628408,2658784,2,2022-10 SEP Final CL.pdf,1,0
OSP,2022,11,2326499,2665286,1,OSP Shoreline 2022_11.pdf,0,0
OSP,2022,11,2326499,2666934,2,2022-11 OSP CL.pdf,1,0
SEP,2022,11,2636704,2665132,1,SEP 001A Toxicity pH adjusted 2022_11.pdf,0,0
SEP,2022,11,2636704,2665135,1,SEP 001B Toxicity 2022_11.pdf,0,0
SEP,2022,11,2636704,2665134,1,SEP 003 Toxicity 2022_11.pdf,0,0
SEP,2022,11,2636704,2665136,1,SEP Shoreline report 2022_11.pdf,0,0
SEP,2022,11,2636704,2666847,2,2022-11 SEP Final CL.pdf,1,0
OSP,2022,12,2326500,2681421,1,OSP Shoreline 2022_12.pdf,0,0
OSP,2022,12,2326500,2682963,2,2022-12 OSP CL.pdf,1,1
SEP,2022,12,2644145,2681439,1,SEP 001A Toxicity pH adjusted 2022_12.pdf,0,0
SEP,2022,12,2644145,2681440,1,SEP 001B Toxicity 2022_12.pdf,0,0
SEP,2022,12,2644145,2681441,1,SEP 003 Toxicity 2022_12.pdf,0,0
SEP,2022,12,2644145,2681432,1,SEP Shoreline 2022_12.pdf,0,0
SEP,2022,12,2644145,2683062,2,2022-12 SEP Final CL.pdf,1,1
OSP,2023,1,2326504,2694347,1,OSP Chronic Toxicity 2023 1st Qtr.pdf,0,0
OSP,2023,1,2326504,2694348,1,OSP Shoreline 2023_01.pdf,0,0
OSP,2023,1,2326504,2695691,2,2023-01 OSP SMR.pdf,1,1
SEP,2023,1,2673079,2694331,1,SEP 001A Toxicity pH adjusted 2023_01.pdf,0,0
SEP,2023,1,2673079,2694332,1,SEP 001B Toxicity 2023_01.pdf,0,0
SEP,2023,1,2673079,2694333,1,SEP 003 Toxcity 2023_01.pdf,0,0
SEP,2023,1,2673079,2697019,1,SEP Jan 2023 CSD Data_final2.pdf,0,0
SEP,2023,1,2673079,2694334,1,SEP Shoreline 2023_01.pdf,0,0
SEP,2023,1,2673079,2697016,2,2023-01 SEP Final CL.pdf,1,1
OSP,2023,2,2326505,2700864,1,OSP Shoreline 2023_02.pdf,0,0
OSP,2023,2,2326505,2703104,2,2023-02 OSP Final CL.pdf,1,1
SEP,2023,2,2673080,2700742,1,SEP 001A Toxicity 2023_02.pdf,0,0
SEP,2023,2,2673080,2700743,1,SEP 001B Toxicity 2023_02.pdf,0,0
SEP,2023,2,2673080,2700744,1,SEP 003 Toxcity 2023_02.pdf,0,0
SEP,2023,2,2673080,2700741,1,"SEP Semi-Annual Chronic Toxicity 2023_02 Untreated, Zeolite, 10% Ammonia Add back.pdf",0,0
SEP,2023,2,2673080,2700740,1,SEP Shoreline 2023_02.pdf,0,0
SEP,2023,2,2673080,2702863,2,2023-02 SEP Final CL_v2.pdf,1,1
OSP,2023,3,2326506,2712190,1,OSP Shoreline 2023_03.pdf,0,0
OSP,2023,3,2326506,2715739,2,2023-03 OSP CL.pdf,1,1
SEP,2023,3,2673081,2711824,1,SEP 001A Toxicity pH adjusted 2023_03.pdf,0,0
SEP,2023,3,2673081,2711825,1,SEP 001B Toxicity 2023_03.pdf,0,0
SEP,2023,3,2673081,2711826,1,SEP 003 Toxicity 2023_03.pdf,0,0
SEP,2023,3,2673081,2711860,1,SEP Shoreline 2023_03.pdf,0,0
SEP,2023,3,2673081,2717705,2,2023-03 SEP Final CL3.pdf,1,1
OSP,2023,4,2326507,2723334,1,OSP Shoreline 2023_04.pdf,0,0
OSP,2023,4,2326507,2725033,2,2023-04 OSP Final CL.pdf,1,0
SEP,2023,4,2686816,2723319,1,SEP 001A Toxicity pH adjusted 2023_04.pdf,0,0
SEP,2023,4,2686816,2722927,1,SEP Feb 2023 CSD Data_final.pdf,0,0
SEP,2023,4,2686816,2722926,1,SEP Mar 2023 CSD Data_final.pdf,0,0
SEP,2023,4,2686816,2723320,1,SEP Shoreline 2023_04.pdf,0,0
SEP,2023,4,2686816,2725031,2,2023-04 SEP Final CL.pdf,1,0
OSP,2023,5,2326508,2733038,1,OSP Shoreline 2023_05.pdf,0,0
OSP,2023,5,2326508,2733706,2,2023-05 OSP Final CL.pdf,1,0
SEP,2023,5,2696426,2732483,1,SEP 001A Toxicity pH adjusted 2023_05.pdf,0,0
SEP,2023,5,2696426,2732484,1,SEP 001B Toxicity 2023_05.pdf,0,0
SEP,2023,5,2696426,2732485,1,SEP 003 Toxcity 2023_05.pdf,0,0
SEP,2023,5,2696426,2725996,1,SEP Dec 2022 CSD Data_Final.pdf,0,0
SEP,2023,5,2696426,2732480,1,SEP Shoreline 2023_05.pdf,0,0
SEP,2023,5,2696426,2733705,2,2023-05 SEP Final CL.pdf,1,0
OSP,2023,6,2326509,2741653,1,OSP Chronic Toxicity 2023 2nd_COMBINED.pdf,0,0
OSP,2023,6,2326509,2741655,1,OSP Shoreline Report 2023_06.pdf,0,0
OSP,2023,6,2326509,2744876,2,2023-06 OSP Final CL.pdf,1,0
SEP,2023,6,2705506,2741544,1,SEP 001A Toxicity pH adjusted 2023_06.pdf,0,0
SEP,2023,6,2705506,2741545,1,SEP Shoreline 2023_06.pdf,0,0
SEP,2023,6,2705506,2744878,2,2023-06 SEP Final CL.pdf,1,0
OSP,2023,7,2326510,2751850,1,OSP Shoreline Report 2023_07.pdf,0,0
OSP,2023,7,2326510,2754021,2,2023-07 OSP Final CL.pdf,1,0
SEP,2023,7,2717584,2750682,1,SEP 001A Toxicity pH adjusted 2023_07.pdf,0,0
SEP,2023,7,2717584,2750683,1,SEP Shoreline 2023_07.pdf,0,0
SEP,2023,7,2717584,2754023,2,2023-07 SEP Final CL.pdf,1,0
OSP,2023,8,2326511,2759189,1,OSP Shoreline Report 2023_08.pdf,0,0
OSP,2023,8,2326511,2760883,2,2023-08 OSP Final CL.pdf,1,0
SEP,2023,8,2727446,2759111,1,SEP 001A Toxicity pH adjusted 2023_08.pdf,0,0
SEP,2023,8,2727446,2757773,1,SEP Shoreline 2023_08.pdf,0,0
SEP,2023,8,2727446,2766497,2,2023-08 SEP Final CL.pdf,1,0
OSP,2023,9,2326512,2766963,1,OSP Chronic Toxicity 3rd quarter 2023_07.pdf,0,0
OSP,2023,9,2326512,2766327,1,OSP Shoreline Report 2023_09.pdf,0,0
OSP,2023,9,2326512,2767330,2,2023-09 OSP SMR Final.pdf,1,0
SEP,2023,9,2736510,2766983,1,SEP 001A Toxicity pH adjusted 2023_09.pdf,0,0
SEP,2023,9,2736510,2766982,1,"SEP Semi-Annual Chronic Toxicity 2023_08 Untreated, Zeolite, 10% Ammonia Add back.pdf",0,0
SEP,2023,9,2736510,2766991,1,SEP Shoreline Report 2023_09.pdf,0,0
SEP,2023,9,2736510,2768735,2,2023-09 SEP SMR Final.pdf,1,0
OSP,2023,10,2326513,2774274,1,OSP Shoreline Report 2023_10.pdf,0,0
OSP,2023,10,2326513,2776334,2,2023-10 OSP SMR Final.pdf,1,0
SEP,2023,10,2747244,2773376,1,SEP 001A Toxicity pH adjusted 2023_10.pdf,0,0
SEP,2023,10,2747244,2773375,1,SEP Shoreline 2023_10.pdf,0,0
SEP,2023,10,2747244,2776337,2,2023-10 SEP SMR Final.pdf,1,0
OSP,2023,11,2326514,2781693,1,OSP Chronic Toxicity 4th quarter 2023_11.pdf,0,0
OSP,2023,11,2326514,2781499,1,OSP Shoreline Report 2023_11.pdf,0,0
OSP,2023,11,2326514,2782335,2,2023-11 OSP Final.pdf,1,1
SEP,2023,11,2756347,2781419,1,SEP 001B Toxicity 2023_11.pdf,0,0
SEP,2023,11,2756347,2781420,1,SEP 003 Toxcity 2023_11.pdf,0,0
SEP,2023,11,2756347,2781421,1,SEP Shoreline 2023_11.pdf,0,0
SEP,2023,11,2756347,2782343,2,2023-11 SEP SMR Final.pdf,1,1
OSP,2023,12,2326515,2795369,1,OSP Shoreline Report 2023_12.pdf,0,0
OSP,2023,12,2326515,2800479,2,2023-12 OSP Final.pdf,1,1
SEP,2023,12,2762730,2799188,1,Dec 2023 Bayside CSD Data.pdf,0,0
SEP,2023,12,2762730,2799189,1,Nov 2023 Bayside CSD Data.pdf,0,0
SEP,2023,12,2762730,2794622,1,SEP 001A Toxicity pH adjusted 2023_12.pdf,0,0
SEP,2023,12,2762730,2794627,1,SEP 001B Toxicity 2023_12.pdf,0,0
SEP,2023,12,2762730,2794624,1,SEP 003 Toxcity 2023_12.pdf,0,0
SEP,2023,12,2762730,2794628,1,SEP Shoreline 2023_12.pdf,0,0
SEP,2023,12,2762730,2799697,2,2023-12 SEP Final.pdf,1,1
OSP,2024,1,2326519,2812406,1,OSP Shoreline Report 2024_01.pdf,0,0
OSP,2024,1,2326519,2817943,2,2024-01 OSP Final.pdf,1,1
SEP,2024,1,2788057,2812719,1,SEP 001A Toxicity pH adjusted 2024_01.pdf,0,0
SEP,2024,1,2788057,2812720,1,SEP 001B Toxicity 2024_01.pdf,0,0
SEP,2024,1,2788057,2812721,1,SEP 003 Toxcity 2024_01.pdf,0,0
SEP,2024,1,2788057,2812722,1,SEP Shoreline Report 2024_01.pdf,0,0
SEP,2024,1,2788057,2818311,2,2024-01 SEP Final.pdf,1,1
OSP,2024,2,2326520,2824224,1,OSP Shoreline Report 2024_02.pdf,0,0
OSP,2024,2,2326520,2827696,2,2024-02 OSP Final.pdf,1,1
SEP,2024,2,2788058,2823317,1,SEP 001A Toxicity pH adjusted 2024_02.pdf,0,0
SEP,2024,2,2788058,2823319,1,SEP 001B Toxicity 2024_02.pdf,0,0
SEP,2024,2,2788058,2823320,1,SEP 003 Toxcity 2024_02.pdf,0,0
SEP,2024,2,2788058,2823315,1,SEP Shoreline Report 2024_02.pdf,0,0
SEP,2024,2,2788058,2827712,2,2024-02 SEP Final.pdf,1,1
OSP,2024,3,2326521,2834781,1,OSP Chronic Toxicity 2024 1st Qtr.pdf,0,0
OSP,2024,3,2326521,2834780,1,OSP Shoreline Report 2024_03.pdf,0,0
OSP,2024,3,2326521,2838913,2,2024-03 OSP Final.pdf,1,0
SEP,2024,3,2788059,2836781,1,Feb 2024 Bayside CSD Data.pdf,0,0
SEP,2024,3,2788059,2836780,1,Jan 2024 Bayside CSD Data.pdf,0,0
SEP,2024,3,2788059,2836782,1,Mar 2024 Bayside CSD Data.pdf,0,0
SEP,2024,3,2788059,2834590,1,SEP 001A Toxicity pH adjusted 2024_03.pdf,0,0
SEP,2024,3,2788059,2834591,1,SEP 001B Toxicity 2024_03.pdf,0,0
SEP,2024,3,2788059,2834592,1,SEP 003 Toxicity 2024_03.pdf,0,0
SEP,2024,3,2788059,2834593,1,SEP Shoreline Report 2024_03.pdf,0,0
SEP,2024,3,2788059,2838907,2,2024-03 SEP Final.pdf,1,1
OSP,2024,4,2326522,2845360,1,OSP Shoreline Report 2024_04.pdf,0,0
OSP,2024,4,2326522,2849468,2,2024-04 OSP Final.pdf,1,0
SEP,2024,4,2803894,2845928,1,SEP 001A Toxicity pH adjusted 2024_04.pdf,0,0
SEP,2024,4,2803894,2845929,1,SEP 001B Toxicity 2024_04.pdf,0,0
SEP,2024,4,2803894,2845930,1,SEP 003 Toxicity 2024_04.pdf,0,0
SEP,2024,4,2803894,2845931,1,SEP Shoreline Report 2024_04.pdf,0,0
SEP,2024,4,2803894,2848494,2,2024-04 SEP Final.pdf,1,0
OSP,2024,5,2326523,2854394,1,OSP Shoreline Report 2024_05.pdf,0,0
OSP,2024,5,2326523,2859176,2,2024-05 OSP Final.pdf,1,0
SEP,2024,5,2819060,2852912,1,May 2024 Bayside CSD Data.pdf,0,0
SEP,2024,5,2819060,2852906,1,SEP 001A Toxicity pH adjusted 2024_05.pdf,0,0
SEP,2024,5,2819060,2852907,1,SEP 001B Toxicity 2024_05.pdf,0,0
SEP,2024,5,2819060,2852909,1,SEP 003 Toxicity 2024_05.pdf,0,0
SEP,2024,5,2819060,2852910,1,SEP Shoreline report 2024_05.pdf,0,0
SEP,2024,5,2819060,2859183,2,2024-05 SEP Final.pdf,1,1
OSP,2024,6,2326524,2863993,1,OSP Chronic Toxicity 2024 2nd Qtr.pdf,0,0
OSP,2024,6,2326524,2863976,1,OSP Shoreline Report 2024_06.pdf,0,0
OSP,2024,6,2326524,2866493,2,2024-06 OSP Final.pdf,1,0
SEP,2024,6,2829619,2862599,1,SEP 001A Toxicity pH adjusted 2024_06.pdf,0,0
SEP,2024,6,2829619,2862600,1,"SEP Semi-Annual Chronic Toxicity 2024_05 Untreated, Zeolite, 10% Ammonia Add back.pdf",0,0
SEP,2024,6,2829619,2862601,1,SEP Shoreline Report 2024_06.pdf,0,0
SEP,2024,6,2829619,2866503,2,2024-06 SEP Final.pdf,1,0
OSP,2024,7,2326525,2874169,1,OSP Shoreline Report 2024_07.pdf,0,0
OSP,2024,7,2326525,2894720,2,2024-07 OSP final.pdf,1,0
SEP,2024,7,2839445,2873167,1,SEP 001A Toxicity pH adjusted 2024_07.pdf,0,0
SEP,2024,7,2839445,2873882,1,SEP Shoreline Report 2024_07.pdf,0,0
SEP,2024,7,2839445,2894713,2,2024-07 SEP Final.pdf,1,0
SEP,2024,7,2839445,2967956,2,2024-07 SEP SMR CL Amendment Final.pdf,1,0
OSP,2024,8,2326526,2900778,1,OSP Chronic Toxicity 2024 3rd Qtr.pdf,0,0
OSP,2024,8,2326526,2900777,1,OSP Shoreline Report 2024_08.pdf,0,0
OSP,2024,8,2326526,2903029,2,2024-08 OSP Final.pdf,1,0
OSP,2024,8,2326526,2967952,2,2024-08 OSP SMR CL Amendment Final.pdf,1,0
OSP,2024,8,2326526,2903030,2,FINAL SMR Westside_Ver17_2024_08 August.pdf,1,0
SEP,2024,8,2850296,2900394,1,SEP 001A Toxicity pH adjusted 2024_08.pdf,0,0
SEP,2024,8,2850296,2900393,1,SEP Shoreline Report 2024_08.pdf,0,0
SEP,2024,8,2850296,2903032,2,2024-08 SEP Final.pdf,1,0
SEP,2024,8,2850296,2967959,2,2024-08 SEP SMR CL Amendment Final.pdf,1,0
SEP,2024,8,2850296,2903033,2,FINAL SMR Bayside_Ver17_2024_08 August.pdf,1,0
OSP,2024,9,2326527,2909853,1,OSP Shoreline Report 2024_09.pdf,0,0
OSP,2024,9,2326527,2967954,2,2024-09 OSP SMR CL Amendment Final.pdf,1,0
OSP,2024,9,2326527,2913190,2,2024-09 OSP SMR Final.pdf,1,0
OSP,2024,9,2326527,2913193,2,FINAL SMR Westside_Ver17_2024_09 September.pdf,1,0
SEP,2024,9,2858531,2909319,1,SEP 001A Toxicity pH adjusted 2024_09.pdf,0,0
SEP,2024,9,2858531,2909320,1,SEP Shoreline Report 2024_09.pdf,0,0
SEP,2024,9,2858531,2967964,2,2024-09 SEP SMR CL Amendment Final.pdf,1,0
SEP,2024,9,2858531,2913181,2,2024-09 SEP SMR Final.pdf,1,0
SEP,2024,9,2858531,2913183,2,FINAL SMR Bayside_Ver17_2024_09 September.pdf,1,0
OSP,2024,10,2326528,2919891,1,OSP Shoreline Report 2024_10.pdf,0,0
OSP,2024,10,2326528,2922011,2,2024-10 OSP SMR Final (003).pdf,1,0
OSP,2024,10,2326528,2922010,2,FINAL SMR Westside_Ver17_2024_10 October.pdf,1,0
SEP,2024,10,2869097,2920570,1,SEP 001A Toxicity pH adjusted 2024_10.pdf,0,0
SEP,2024,10,2869097,2919878,1,SEP Shoreline Report 2024_10.pdf,0,0
SEP,2024,10,2869097,2922035,2,2024-10 SEP SMR Final.pdf,1,0
SEP,2024,10,2869097,2922034,2,FINAL SMR Bayside_Ver17_2024_10 October.pdf,1,0
OSP,2024,11,2896193,2929552,1,OSP Shoreline Report 2024_11.pdf,0,0
OSP,2024,11,2896193,2931352,2,2024-11 OSP SMR  Final.pdf,1,0
OSP,2024,11,2896193,2930538,2,Final_SMR Westside_Ver17_11 November.pdf,1,1
SEP,2024,11,2896083,2929722,1,SEP 001A Toxicity pH adjusted 2024_11.pdf,0,0
SEP,2024,11,2896083,2929723,1,SEP 001B Toxicity 2024_11.pdf,0,0
SEP,2024,11,2896083,2929724,1,SEP 003 Toxcity 2024_11.pdf,0,0
SEP,2024,11,2896083,2927349,1,SEP Shoreline Report 2024_11.pdf,0,0
SEP,2024,11,2896083,2931360,2,2024-11 SEP SMR Final.pdf,1,0
SEP,2024,11,2896083,2930528,2,Final_SMR Bayside_Ver17_11 November.pdf,1,1
OSP,2024,12,2903885,2945870,1,OSP Chronic Toxicity 2024 4th Qtr.pdf,0,0
OSP,2024,12,2903885,2945868,1,OSP Shoreline Report 2024_12.pdf,0,0
OSP,2024,12,2903885,2951452,2,2024-12 OSP SMR Final.pdf,1,0
OSP,2024,12,2903885,2951453,2,FINAL_SMR Westside_Ver17_12 December_v2.pdf,1,1
SEP,2024,12,2903771,2950591,1,Dec 2024 Bayside CSD Data.pdf,0,0
SEP,2024,12,2903771,2944821,1,SEP 001A Toxicity pH adjusted 2024_12.pdf,0,0
SEP,2024,12,2903771,2944822,1,SEP 001B Toxicity 2024_12.pdf,0,0
SEP,2024,12,2903771,2944823,1,SEP 003 Toxicity 2024_12.pdf,0,0
SEP,2024,12,2903771,2944825,1,"SEP Semi-Annual Chronic Toxicity 2024_12 Untreated, Zeolite, 10% Ammonia Add back.pdf",0,0
SEP,2024,12,2903771,2944824,1,SEP Shoreline Report 2024_12.pdf,0,0
SEP,2024,12,2903771,2951326,2,2024-12 SEP SMR final.pdf,1,0
SEP,2024,12,2903771,2951328,2,FINAL_SMR Bayside_Ver17_12_December.pdf,1,1
OSP,2025,1,2938234,2959633,1,OSP Shoreline Report 2025_01.pdf,0,0
OSP,2025,1,2938234,2963098,2,2025-01 OSP SMR final.pdf,1,0
OSP,2025,1,2938234,2963099,2,FINAL_SMR Westside_Ver17_01 January 2025.pdf,1,0
SEP,2025,1,2936134,2959343,1,SEP 001A Toxicity pH adjusted 2025_01.pdf,0,0
SEP,2025,1,2936134,2959344,1,SEP 003 Toxicity 2025_01.pdf,0,0
SEP,2025,1,2936134,2959345,1,SEP Shoreline Report 2025_01.pdf,0,0
SEP,2025,1,2936134,2963652,2,2025-01 SEP SMR Final.pdf,1,0
SEP,2025,1,2936134,2963653,2,FINAL_SMR Bayside_Ver17_01 January 2025.pdf,1,0
OSP,2025,2,2938235,2970290,1,OSP Chronic Toxicity 2025 1st Qtr.pdf,0,0
OSP,2025,2,2938235,2970291,1,OSP Shoreline Report 2025_02.pdf,0,0
OSP,2025,2,2938235,2974440,2,2025-02 OSP SMR Final.pdf,1,0
OSP,2025,2,2938235,2974441,2,FINAL_SMR Westside_Ver17_02 February 2025.pdf,1,1
SEP,2025,2,2936135,2973618,1,Feb 2025 Bayside CSD Data.pdf,0,0
SEP,2025,2,2936135,2968272,1,SEP 001A Toxicity pH adjusted 2025_02.pdf,0,0
SEP,2025,2,2936135,2968274,1,SEP 001B Toxicity 2025_02.pdf,0,0
SEP,2025,2,2936135,2968275,1,SEP 003 Toxicity 2025_02.pdf,0,0
SEP,2025,2,2936135,2968277,1,SEP Shoreline Report 2025_02.pdf,0,0
SEP,2025,2,2936135,2974609,2,2025-02 SEP SMR Final (002).pdf,1,0
SEP,2025,2,2936135,2974611,2,FINAL_SMR Bayside_Ver17_02 February 2025.pdf,1,1
OSP,2025,3,2938236,2982781,1,OSP Shoreline Report 2025_03.pdf,0,0
OSP,2025,3,2938236,2984160,2,2025-03 OSP SMR Final.pdf,1,0
OSP,2025,3,2938236,2984161,2,FINAL_SMR Westside_Ver17_03 March 2025.pdf,1,0
SEP,2025,3,2936136,2982430,1,SEP 001A Toxicity pH adjusted 2025_03.pdf,0,0
SEP,2025,3,2936136,2982431,1,SEP 001B Toxicity 2025_03.pdf,0,0
SEP,2025,3,2936136,2982432,1,SEP 003 Toxicity 2025_03.pdf,0,0
SEP,2025,3,2936136,2982433,1,SEP Shoreline Report 2025_03.pdf,0,0
SEP,2025,3,2936136,2984166,2,2025-03 SEP SMR Final.pdf,1,0
SEP,2025,3,2936136,2984168,2,FINAL_SMR Bayside_Ver17_03 March 2025.pdf,1,0
OSP,2025,4,2953419,2991257,1,OSP Shoreline Report 2025_04.pdf,0,0
OSP,2025,4,2953419,2993489,2,2025-04 OSP SMR Final.pdf,1,0
OSP,2025,4,2953419,2993490,2,FINAL_SMR Westside_Ver17_04 April 2025.pdf,1,0
SEP,2025,4,2953303,2990882,1,SEP 001A Toxicity pH adjusted 2025_04.pdf,0,0
SEP,2025,4,2953303,2990902,1,SEP Shoreline Report 2025_04.pdf,0,0
SEP,2025,4,2953303,2993492,2,2025-04 SEP SMR Final.pdf,1,0
SEP,2025,4,2953303,2993494,2,FINAL_SMR Bayside_Ver17_04 April 2025.pdf,1,0
OSP,2025,5,2964656,2998423,1,OSP Chronic Toxicity 2025_04_25 2nd Qtr.pdf,0,0
OSP,2025,5,2964656,2997686,1,OSP Shoreline Report 2025_05.pdf,0,0
OSP,2025,5,2964656,2999826,2,2025-05 OSP SMR Final.pdf,1,0
OSP,2025,5,2964656,2999827,2,Final_SMR Westside_Ver17_04 May 2025_rev1.pdf,1,0
SEP,2025,5,2964541,2997427,1,SEP 001A Toxicity pH adjusted 2025_05.pdf,0,0
SEP,2025,5,2964541,2998424,1,"SEP Semi-Annual Chronic Toxicity 2025_04_24 Untreated, Zeolite, 10% Ammonia Add back.pdf",0,0
SEP,2025,5,2964541,2997426,1,SEP Shoreline Report 2025_05.pdf,0,0
SEP,2025,5,2964541,3001741,2,2025-05 SEP SMR Final.pdf,1,0
SEP,2025,5,2964541,3001716,2,Final_SMR Bayside_Ver17_04 May2025_rev2.pdf,1,0
OSP,2025,6,2976103,3013860,2,2025-06 OSP SMR Final.pdf,1,0
OSP,2025,6,2976103,3013861,2,Final_SMR Westside_Ver17_06 June 2025.pdf,1,0
SEP,2025,6,2975720,3009892,1,SEP 001A Toxicity pH adjusted 2025_06.pdf,0,0
SEP,2025,6,2975720,3009891,1,SEP Shoreline Report 2025_06.pdf,0,0
SEP,2025,6,2975720,3013842,2,2025-06 SEP SMR Final.pdf,1,0
SEP,2025,6,2975720,3013841,2,Final_SMR Bayside_Ver17_06 June 2025.pdf,1,0
OSP,2025,7,2987686,3022382,1,OSP Shoreline Report 2025_07.pdf,0,0
OSP,2025,7,2987686,3023110,2,2025-07 OSP SMR Final.pdf,1,0
OSP,2025,7,2987686,3023111,2,Final_Monthly_FLow_Summary_Westside_Ver18_07 July 2025.pdf,1,0
SEP,2025,7,2987561,3021987,1,SEP 001A Toxicity pH adjusted 2025_07.pdf,0,0
SEP,2025,7,2987561,3021986,1,SEP Shoreline Report 2025_07.pdf,0,0
SEP,2025,7,2987561,3023053,2,2025-07 SEP SMR Final.pdf,1,0
SEP,2025,7,2987561,3023054,2,Final_Monthly_Flow_Summary_Bayside_Ver18_07 July 2025.pdf,1,0
OSP,2025,8,2995711,3032816,1,OSP Shoreline Report 2025_08.pdf,0,0
OSP,2025,8,2995711,3030560,2,2025-08 OSP SMR Final.pdf,1,0
OSP,2025,8,2995711,3030559,2,Final_Monthly_FLow_Summary_Westside_Ver18_08 August 2025.pdf,1,0
SEP,2025,8,2995475,3029216,1,SEP 001A Toxicity pH adjusted 2025_08.pdf,0,0
SEP,2025,8,2995475,3029217,1,SEP 002 Toxicity pH adjusted 2025_08.pdf,0,0
SEP,2025,8,2995475,3029215,1,SEP Shoreline Report 2025_08.pdf,0,0
SEP,2025,8,2995475,3030733,2,2025-08 SEP SMR Final.pdf,1,0
SEP,2025,8,2995475,3030734,2,Final_Monthly_Flow_Summary_Bayside_Ver18_08 August 2025.pdf,1,0
OSP,2025,9,3003489,3036219,1,OSP Chronic Toxicity 2025_08_26 3rd Qtr.pdf,0,0
OSP,2025,9,3003489,3036218,1,OSP Shoreline Report 2025_09.pdf,0,0
OSP,2025,9,3003489,3036984,2,2025-09 OSP SMR Final.pdf,1,0
OSP,2025,9,3003489,3036983,2,Draft_Monthly_FLow_Summary_Westside_Ver18_09 September 2025.pdf,1,0
SEP,2025,9,3003027,3036057,1,SEP 001A Toxicity pH adjusted 2025_09.pdf,0,0
SEP,2025,9,3003027,3036056,1,SEP Shoreline Report 2025_09.pdf,0,0
SEP,2025,9,3003027,3038501,2,2025-09 SEP SMR Final.pdf,1,0
SEP,2025,9,3003027,3038500,2,Final_Monthly_Flow_Summary_Bayside_Ver18_09 September 2025.pdf,1,0
OSP,2025,10,3018740,3110578,1,OSP Shoreline Report 2025_10.pdf,0,0
OSP,2025,10,3018740,3049163,2,2025-10 OSP SMR Final.pdf,1,0
OSP,2025,10,3018740,3049164,2,FINAL_Monthly_FLow_Summary_Westside_Ver18_10 October 2025.pdf,1,1
SEP,2025,10,3018618,3048732,1,2025-10 SFPUC CSD Chemistry Data.pdf,0,0
SEP,2025,10,3018618,3045950,1,SEP 001A Toxicity pH adjusted 2025_10.pdf,0,0
SEP,2025,10,3018618,3045951,1,SEP 001B Toxicity 2025_10.pdf,0,0
SEP,2025,10,3018618,3045952,1,SEP 003 Toxicity 2025_10.pdf,0,0
SEP,2025,10,3018618,3045949,1,SEP Shoreline Report 2025_10.pdf,0,0
SEP,2025,10,3018618,3048789,2,2025-10 SEP SMR Final.pdf,1,0
SEP,2025,10,3018618,3048788,2,FINAL_Monthly_Flow_Summary_Bayside_Ver18_10 October 2025.pdf,1,1
OSP,2025,11,3049126,3052287,1,OSP Shoreline Report 2025_11.pdf,0,0
OSP,2025,11,3049126,3057195,2,2025-11 OSP SMR Final.pdf,1,0
OSP,2025,11,3049126,3057193,2,Final_Monthly_FLow_Summary_Westside_Ver18_11 November 2025.pdf,1,1
SEP,2025,11,3025768,3054805,1,11_November_2025_EPA 308a Report_CSD.pdf,0,0
SEP,2025,11,3025768,3056654,1,2025-11 SFPUC CSD Chemistry Data.pdf,0,0
SEP,2025,11,3025768,3054802,1,SEP 001A Toxicity pH adjusted 2025_11.pdf,0,0
SEP,2025,11,3025768,3054803,1,SEP 001B Toxicity 2025_11.pdf,0,0
SEP,2025,11,3025768,3054804,1,SEP 003 Toxicity 2025_11.pdf,0,0
SEP,2025,11,3025768,3054801,1,SEP Shoreline Report 2025_11.pdf,0,0
SEP,2025,11,3025768,3057801,2,2025-11 SEP SMR Final.pdf,1,0
SEP,2025,11,3025768,3057800,2,Final_Monthly_Flow_Summary_Bayside_Ver18_11 November 2025.pdf,1,1
OSP,2025,12,3049127,3075304,1,OSP Chronic Toxicity 2025_11_25 4th Qtr_INVALID.pdf,0,0
OSP,2025,12,3049127,3075306,1,OSP Chronic Toxicity 2025_12_09 4th Qtr_INVALID.pdf,0,0
OSP,2025,12,3049127,3073608,1,OSP Chronic Toxicity 2025_12_17 4th Qtr.pdf,0,0
OSP,2025,12,3049127,3071055,1,OSP Shoreline Report 2025_12.pdf,0,0
OSP,2025,12,3049127,3075320,2,2025-12 OSP SMR Final.pdf,1,0
OSP,2025,12,3049127,3075318,2,Final_Monthly_Flow_Summary_Westside_Ver18_12 December 2025.pdf,1,1
SEP,2025,12,3032362,3071004,1,2025-12 SFPUC Bayside CSD Chemistry Data.pdf,0,0
SEP,2025,12,3032362,3071005,1,EPA 308a 2025_12.pdf,0,0
SEP,2025,12,3032362,3071007,1,SEP 001A Toxicity pH adjusted 2025_12.pdf,0,0
SEP,2025,12,3032362,3071008,1,SEP 001B Toxicity 2025_12.pdf,0,0
SEP,2025,12,3032362,3071009,1,SEP 003 Toxicity 2025_12.pdf,0,0
SEP,2025,12,3032362,3073607,1,"SEP Semi-Annual Chronic Toxicity 2025_12_16 Untreated, Zeolite, 10% Ammonia Add back.pdf",0,0
SEP,2025,12,3032362,3071006,1,SEP Shoreline Report 2025_12.pdf,0,0
SEP,2025,12,3032362,3074907,2,2025-12 SEP SMR Final.pdf,1,0
SEP,2025,12,3032362,3074904,2,Final_Monthly_Flow_Summary_Bayside_Ver18_12 December 2025.pdf,1,1
OSP,2026,1,3065632,3092100,1,OSP Shoreline Report 2026_01.pdf,0,0
OSP,2026,1,3065632,3093669,2,2026-01 OSP SMR Final.pdf,1,0
OSP,2026,1,3065632,3093668,2,Final_Monthly_Flow_Summary_Westside_Ver18_1 January 2026.pdf,1,1
SEP,2026,1,3063421,3092954,1,2026-01 SFPUC Bayside CSD Chemistry Data.pdf,0,0
SEP,2026,1,3063421,3091289,1,EPA 308a 2026_01.pdf,0,0
SEP,2026,1,3063421,3091291,1,SEP 001A Toxicity pH adjusted 2026_01.pdf,0,0
SEP,2026,1,3063421,3091292,1,SEP 001B Toxicity 2026_01.pdf,0,0
SEP,2026,1,3063421,3091293,1,SEP 003 Toxicity 2026_01.pdf,0,0
SEP,2026,1,3063421,3091290,1,SEP Shoreline Report 2026_01.pdf,0,0
SEP,2026,1,3063421,3093712,2,2026-01 SEP SMR Final CL.pdf,1,0
SEP,2026,1,3063421,3093711,2,Final_Monthly_Flow_Summary_Bayside_Ver18_1 January 2026.pdf,1,1
OSP,2026,2,3065633,3104116,1,OSP Chronic Toxicity 2026_02_06 1st Qtr_updated.pdf,0,0
OSP,2026,2,3065633,3101510,1,OSP Shoreline report 2026_02.pdf,0,0
OSP,2026,2,3065633,3104254,2,2026-02 OSP SMR CL Final.pdf,1,0
OSP,2026,2,3065633,3104256,2,Final_Monthly_Flow_Summary_Westside_Ver18_2 February 2026.pdf,1,1
SEP,2026,2,3063422,3102319,1,2026-02 SFPUC Bayside CSD Chemistry Data.pdf,0,0
SEP,2026,2,3063422,3100666,1,EPA 308a 2026_02.pdf,0,0
SEP,2026,2,3063422,3100660,1,SEP 001A Toxicity pH adjusted 2026_02.pdf,0,0
SEP,2026,2,3063422,3100661,1,SEP 001B Toxicity 2026_02.pdf,0,0
SEP,2026,2,3063422,3100662,1,SEP 003 Toxicity 2026_02.pdf,0,0
SEP,2026,2,3063422,3100664,1,SEP Shoreline Report 2026_02.pdf,0,0
SEP,2026,2,3063422,3104549,2,2026-02 SEP SMR Final CL.pdf,1,0
SEP,2026,2,3063422,3104550,2,Final_Monthly_Flow_Summary_Bayside_Ver18_2 February 2026.pdf,1,0
OSP,2026,3,3065634,3109384,1,OSP Shoreline report 2026_03.pdf,0,0
OSP,2026,3,3065634,3113247,2,2026-03 OSP SMR Final.pdf,1,0
OSP,2026,3,3065634,3113250,2,Final_Monthly_Flow_Summary_Westside_Ver18_3 March 2026.pdf,1,0
SEP,2026,3,3063423,3110606,1,SEP 001A Toxicity pH adjusted 2026_03.pdf,0,0
SEP,2026,3,3063423,3109387,1,SEP Shoreline Report 2026_03.pdf,0,0
SEP,2026,3,3063423,3113304,2,2026-03 SEP SMR Final CL.pdf,1,0
SEP,2026,3,3063423,3113303,2,Final_Monthly_Flow_Summary_Bayside_Ver18_3 March 2026.pdf,1,0
OSP,2026,4,3079319,3119087,1,OSP Shoreline report 2026_04.pdf,0,0
OSP,2026,4,3079319,3121691,2,2026-04 OSP SMR Final.pdf,1,0
OSP,2026,4,3079319,3121689,2,Final_Monthly_Flow_Summary_Westside_Ver18_4 April 2026.pdf,1,1
SEP,2026,4,3079191,3120802,1,2026-04 SFPUC Bayside CSD Chemistry Data.pdf,0,0
SEP,2026,4,3079191,3118967,1,EPA 308a 2026_04.pdf,0,0
SEP,2026,4,3079191,3119286,1,SEP 001A Toxicity pH adjusted 2026_04.pdf,0,0
SEP,2026,4,3079191,3119287,1,SEP 001B Toxicity 2026_04.pdf,0,0
SEP,2026,4,3079191,3119288,1,SEP 003 Toxicity 2026_04.pdf,0,0
SEP,2026,4,3079191,3118968,1,SEP Shoreline Report 2026_04.pdf,0,0
SEP,2026,4,3079191,3121726,2,2026-04 SEP SMR Final CL.pdf,1,0
SEP,2026,4,3079191,3121727,2,Final_Monthly_Flow_Summary_Bayside_Ver18_4 April 2026.pdf,1,1
OSP,2026,5,3095906,3127961,1,OSP Chronic Toxicity 2026_05_01 2nd Qtr.pdf,0,0
OSP,2026,5,3095906,3127578,1,OSP Shoreline Report 2026_05.pdf,0,0
OSP,2026,5,3095906,3133696,2,2026-05 OSP SMR Final.pdf,1,0
OSP,2026,5,3095906,3133695,2,Final_Monthly_Flow_Summary_Westside_Ver18_5 May 2026.pdf,1,0
SEP,2026,5,3095775,3127985,1,SEP 001A Toxicity pH adjusted 2026_05.pdf,0,0
SEP,2026,5,3095775,3127986,1,SEP 003 Toxicity 2026_05.pdf,0,0
SEP,2026,5,3095775,3127984,1,"SEP Semi-Annual Chronic Toxicity 2026_05_01 Untreated, Zeolite, 10% Ammonia Add back.pdf",0,0
SEP,2026,5,3095775,3127987,1,SEP Shoreline Report 2026_05.pdf,0,0
SEP,2026,5,3095775,3133765,2,2026-05 SEP SMR CL.pdf,1,0
SEP,2026,5,3095775,3133761,2,Final_Monthly_Flow_Summary_Bayside_Ver18_5 May 2026.pdf,1,0
OSP,2026,6,3106901,3142175,1,OSP Shoreline Report 2026_06.pdf,0,0
OSP,2026,6,3106901,3144413,2,2026-06 OSP SMR Final.pdf,1,0
OSP,2026,6,3106901,3144414,2,Final_Monthly_Flow_Summary_Westside_Ver18_6 June 2026.pdf,1,0
SEP,2026,6,3106492,3142147,1,SEP 001A Toxicity pH adjusted 2026_06.pdf,0,0
SEP,2026,6,3106492,3142146,1,SEP Shoreline Report 2026_06.pdf,0,0
SEP,2026,6,3106492,3145229,2,2026-06 SEP SMR CL.pdf,1,0
SEP,2026,6,3106492,3156186,2,Final_Monthly_Flow_Summary_Bayside_Ver18_6 June 2026.pdf,1,0
OSP,2026,7,3116575,3153585,1,OSP Shoreline Report 2026_07.pdf,0,0
OSP,2026,7,3116575,3155631,2,2026-07 OSP SMR CL Final.pdf,1,0
OSP,2026,7,3116575,3155632,2,Final_Monthly_Flow_Summary_Westside_Ver18_7 July 2026.pdf,1,0
SEP,2026,7,3116441,3153002,1,SEP 001A Toxicity pH adjusted 2026_07.pdf,0,0
SEP,2026,7,3116441,3153003,1,SEP Shoreline Report 2026_07.pdf,0,0
SEP,2026,7,3116441,3156158,2,2026-07 SEP SMR CL.pdf,1,0
SEP,2026,7,3116441,3156159,2,Final_Monthly_Flow_Summary_Bayside_Ver18_7 July 2026.pdf,1,0
OSP,2026,8,3124551,3161007,1,OSP Shoreline Report 2026_08.pdf,0,0
OSP,2026,8,3124551,3163567,2,2026-08 OSP SMR CL Final.pdf,1,0
OSP,2026,8,3124551,3163568,2,Final_Monthly_Flow_Summary_Westside_Ver18_8 August 2026.pdf,1,0
SEP,2026,8,3124302,3160464,1,SEP 001A Toxicity pH adjusted 2026_08.pdf,0,0
SEP,2026,8,3124302,3160465,1,SEP Shoreline Report 2026_08.pdf,0,0
SEP,2026,8,3124302,3163474,2,2026-08 SEP SMR CL.pdf,1,0
SEP,2026,8,3124302,3163475,2,Final_Monthly_Flow_Summary_Bayside_Ver18_8 August 2026.pdf,1,0
