facility,year,month,document_id,attachment_id,att_type,name,file,bytes,is_pdf,sha256,fetched_at,parsed
OSP,2013,1,781912,1203349,1,SFPUC OSP SMR-DMR January 2013.pdf,pdfs/OSP_2013-01_781912_1203349_SFPUC_OSP_SMR-DMR_January_2013.pdf,714969,1,73a1b5c4f2fd006ded12feb06ab8f8313e7b3cc1eb3d53f2ecaf97b5fa729c18,2026-09-29T21:42Z,0
OSP,2013,1,781912,1203348,2,OSP SMR 1-2013 Cvr Ltr.pdf,pdfs/OSP_2013-01_781912_1203348_OSP_SMR_1-2013_Cvr_Ltr.pdf,443066,1,18f7b8232c63e1983c5eda5e62da8169f68a50005f5a0327dbb745635c4d38d6,2026-09-29T21:42Z,0
SEP,2013,1,724792,1203784,1,January 2013 Bayside Wet Weather Report.pdf,pdfs/SEP_2013-01_724792_1203784_January_2013_Bayside_Wet_Weather_Report.pdf,34379,1,7385b45f635aecd3daccf7d5d1ee64a68b098397bb87b5381422c10e8e76af59,2026-09-29T21:42Z,0
SEP,2013,1,724792,1204152,2,SEP 01-2013.pdf,pdfs/SEP_2013-01_724792_1204152_SEP_01-2013.pdf,135939,1,20cad999e42ffa8ee86e26ddc11bc789ca272f51373f900d208fdf554465f7e1,2026-09-29T21:42Z,0
OSP,2013,2,781913,1228300,1,SF Oceanside Plant Feb 2013 SMR-DMR.pdf,pdfs/OSP_2013-02_781913_1228300_SF_Oceanside_Plant_Feb_2013_SMR-DMR.pdf,7719662,1,73bc215a43aeb72192f95d6e9201f5825c4c9e4d634bec30d834bd692e294c5d,2026-09-29T21:42Z,0
OSP,2013,2,781913,1228309,2,OSP 2-2013 Cvr.pdf,pdfs/OSP_2013-02_781913_1228309_OSP_2-2013_Cvr.pdf,146672,1,c728062b1b1d596d954357d2793ae4caf9d860fb3f542e9ad492228311cd0d94,2026-09-29T21:42Z,0
SEP,2013,2,724793,1229807,1,Bayside Wet Weather Report February 2013.pdf,pdfs/SEP_2013-02_724793_1229807_Bayside_Wet_Weather_Report_February_2013.pdf,33991,1,f42cd8bb24ee5dec95330bb11350a9f882cf1a9e41c7ce6e5567939dcc757941,2026-09-29T21:42Z,0
SEP,2013,2,724793,1229810,2,SEP 02-2013.pdf,pdfs/SEP_2013-02_724793_1229810_SEP_02-2013.pdf,135647,1,96155a92e56ef7fdb3e12ef92cdc0509faef47419f83ce7337d0e085a880e397,2026-09-29T21:42Z,0
OSP,2013,3,781914,1255191,2,OSP 1st QSMR.pdf,pdfs/OSP_2013-03_781914_1255191_OSP_1st_QSMR.pdf,2838431,1,6e08ca2023493f0c8bf3dcfcfc5cb8a01f599f95b9322a7cb06f069986ada640,2026-09-29T21:42Z,0
OSP,2013,3,781914,1255121,2,OSP SMR 03-13.pdf,pdfs/OSP_2013-03_781914_1255121_OSP_SMR_03-13.pdf,7993755,1,41c4eece78707523f9b3ec058957ad62318daa9debf937779b4363179c7ea9d0,2026-09-29T21:42Z,0
SEP,2013,3,1207873,1254944,1,March 2013 Bayside Wet Weather Report.pdf,pdfs/SEP_2013-03_1207873_1254944_March_2013_Bayside_Wet_Weather_Report.pdf,34173,1,605d90fdfbaf62ce8c5ba61b9d8e2d159234c68dc5fab688aa1b70ade0432359,2026-09-29T21:42Z,0
SEP,2013,3,1207873,1254945,2,SEP 03-2013 quarterly.pdf,pdfs/SEP_2013-03_1207873_1254945_SEP_03-2013_quarterly.pdf,128630,1,640ef646a7460d7f11efbdeb4340f180100cfd340b385e6eabd1919c3886b9b4,2026-09-29T21:42Z,0
SEP,2013,3,1207873,1254946,2,SEP 03-2013.pdf,pdfs/SEP_2013-03_1207873_1254946_SEP_03-2013.pdf,137661,1,ff44d8df92500246dcec3ac29bcb5b45e512796629dfa6e7c46357a7b29f0b5b,2026-09-29T21:42Z,0
OSP,2013,4,781915,1273191,2,OSP 04-13 SMR.pdf,pdfs/OSP_2013-04_781915_1273191_OSP_04-13_SMR.pdf,8111077,1,e13153d42cf264bdf97ad7f2a80e181e40e44fe56683ae5602f43f11cff79438,2026-09-29T21:42Z,0
SEP,2013,4,1232066,1273148,1,April 2013 Bayside Wet Weather Report.pdf,pdfs/SEP_2013-04_1232066_1273148_April_2013_Bayside_Wet_Weather_Report.pdf,33738,1,69a9a43b97340bbd883bc6697c8d57a75ae926f62778a7464ad99498e7b0266f,2026-09-29T21:42Z,0
SEP,2013,4,1232066,1273149,2,SEP 04-2013.pdf,pdfs/SEP_2013-04_1232066_1273149_SEP_04-2013.pdf,135303,1,52d75f0d50d660102270c4611d087aa8794adff64a50ee412338c65d8c9ad55c,2026-09-29T21:42Z,0
OSP,2013,5,781916,1301014,2,OSP 05-13 SMR.pdf,pdfs/OSP_2013-05_781916_1301014_OSP_05-13_SMR.pdf,7853947,1,0d7e2895376c07a53fde26b50de7b88b42f47295da5e29392dfd0145c5cbcbc1,2026-09-29T21:42Z,0
SEP,2013,5,1255667,1301933,2,SEP 05-2013.pdf,pdfs/SEP_2013-05_1255667_1301933_SEP_05-2013.pdf,135480,1,e25dbd57729256193d1cb34911f6d2d905f2c1045c9c2134be6cecb6f1de07b6,2026-09-29T21:42Z,0
OSP,2013,6,781917,1319650,2,Oceanside Monitoring Report April-June 2013.pdf,pdfs/OSP_2013-06_781917_1319650_Oceanside_Monitoring_Report_April-June_2013.pdf,2804414,1,780a0f2c8b1c5a0b3d8c2d9d579de538c69b5cb0031b2755ecc0a8a45d9740ca,2026-09-29T21:42Z,0
OSP,2013,6,781917,1319647,2,Oceanside Monitoring Report June 2013.pdf,pdfs/OSP_2013-06_781917_1319647_Oceanside_Monitoring_Report_June_2013.pdf,7965496,1,7a26818add054f1c0ae32649b5cf01786792b747d78f7cf8745d7ccc6e635d0a,2026-09-29T21:42Z,0
SEP,2013,6,1279441,1320914,1,June 2013 Wet Weather.pdf,pdfs/SEP_2013-06_1279441_1320914_June_2013_Wet_Weather.pdf,34515,1,a6cf66a793071a285d1098e0413e309d41b66070ee6ab7bbef4d8a21e1cd7eea,2026-09-29T21:42Z,0
SEP,2013,6,1279441,1320913,2,SEP 06-2013 quarterly.pdf,pdfs/SEP_2013-06_1279441_1320913_SEP_06-2013_quarterly.pdf,128508,1,dbe95e5894421bcba185a0c94a2934f884fba258955146217f1b3e3133ab4853,2026-09-29T21:42Z,0
SEP,2013,6,1279441,1320912,2,SEP 06-2013 semiannual.pdf,pdfs/SEP_2013-06_1279441_1320912_SEP_06-2013_semiannual.pdf,127723,1,d88c633cc979f279ea7228ed6cf4ad4843da85d44de99b39a10db18a414537c3,2026-09-29T21:42Z,0
SEP,2013,6,1279441,1320910,2,SEP 06-2013.pdf,pdfs/SEP_2013-06_1279441_1320910_SEP_06-2013.pdf,135719,1,0539829a66da0373a208818f8eda511297de985fd3ed625093201125a0e2421b,2026-09-29T21:42Z,0
OSP,2013,7,781918,1345332,2,OSP 7-13 SMR.pdf,pdfs/OSP_2013-07_781918_1345332_OSP_7-13_SMR.pdf,3990724,1,6a4c4752cc55589bec9f5b166def5f7fe457cbced7c60c8d5c468b19a5263cc8,2026-09-29T21:42Z,0
SEP,2013,7,1308638,1334139,1,July 2013 Wet Weather Report.pdf,pdfs/SEP_2013-07_1308638_1334139_July_2013_Wet_Weather_Report.pdf,32585,1,6d69a047b2b922a6fa34606d69efc3978fbe1080deeacb9053dc495cc522a63e,2026-09-29T21:42Z,0
SEP,2013,7,1308638,1334138,2,SEP 07-2013.pdf,pdfs/SEP_2013-07_1308638_1334138_SEP_07-2013.pdf,135554,1,cb3ba0659906a150531927cd37afd08306d4eeb866e518d49fc05c6e77bb0da2,2026-09-29T21:42Z,0
OSP,2013,8,781919,1345337,2,OSP 8-13 SMR.pdf,pdfs/OSP_2013-08_781919_1345337_OSP_8-13_SMR.pdf,7887286,1,7095e650cae54532edd8c42899c234b3443012b1e18438b83a25e20e351109ce,2026-09-29T21:42Z,0
SEP,2013,8,1323045,1342788,1,August 2013 Wet Weather Report.pdf,pdfs/SEP_2013-08_1323045_1342788_August_2013_Wet_Weather_Report.pdf,33846,1,3d8f567cb512237ab31235411ea6464bad08c413076ac7677f805733b72e08d0,2026-09-29T21:42Z,0
SEP,2013,8,1323045,1342789,2,SEP 08-2013.pdf,pdfs/SEP_2013-08_1323045_1342789_SEP_08-2013.pdf,135707,1,4e583d8916cf1d4472c1abc29aca3dfa67f6fb4e2fa120ea1ef64a2f313ab21a,2026-09-29T21:42Z,0
OSP,2013,9,781920,1352181,2,OSP 3rd Q 2013 SMR.pdf,pdfs/OSP_2013-09_781920_1352181_OSP_3rd_Q_2013_SMR.pdf,3097874,1,bef7536ae04324251064e4db41b54fdf102ad4290883bb089a90eb0596bd0d48,2026-09-29T21:42Z,0
OSP,2013,9,781920,1352177,2,OSP 9-13 SMR.pdf,pdfs/OSP_2013-09_781920_1352177_OSP_9-13_SMR.pdf,7678666,1,5c1213c6996007e906658fc4a114995d956d7ce2d685326f17e01dfb2be8411b,2026-09-29T21:42Z,0
SEP,2013,9,1335124,1353602,1,September 2013 Wet Weather Report.pdf,pdfs/SEP_2013-09_1335124_1353602_September_2013_Wet_Weather_Report.pdf,34053,1,7c3812ab9a3721596c562a4b09b2f39297f2310afbc46156c12f8ccbf9c05319,2026-09-29T21:42Z,0
SEP,2013,9,1335124,1353604,2,SEP 09-2013 Final.pdf,pdfs/SEP_2013-09_1335124_1353604_SEP_09-2013_Final.pdf,134857,1,66297c1d85ca6b35130f07a5619ed7586acae07f72bb46dd90b9ad54cda7fc1b,2026-09-29T21:42Z,0
SEP,2013,9,1335124,1353605,2,SEP 09-2013 quarterly.pdf,pdfs/SEP_2013-09_1335124_1353605_SEP_09-2013_quarterly.pdf,128277,1,3918bda8d51df41d9e66837b1fe41fdc0aa42c7fdcfbcbe5fc284d01d1328ead,2026-09-29T21:42Z,0
OSP,2013,10,781921,1363836,2,OSP 10-13 SMR.pdf,pdfs/OSP_2013-10_781921_1363836_OSP_10-13_SMR.pdf,11337457,1,0d074ce086f7af46a98006f13927e0a65a3d23d9b22ce1702fd3172af45fffea,2026-09-29T21:42Z,0
SEP,2013,10,1348834,1363723,1,October 2013 Bayside Wet Weather Report.pdf,pdfs/SEP_2013-10_1348834_1363723_October_2013_Bayside_Wet_Weather_Report.pdf,34826,1,5f83049d113341374898118c96b6d288a72fcf87c11d3f0feefefd378de8962f,2026-09-29T21:42Z,0
SEP,2013,10,1348834,1363726,2,SEP 10-2013.pdf,pdfs/SEP_2013-10_1348834_1363726_SEP_10-2013.pdf,132110,1,49a92249d40f5c2e5ae72614aa110dc8afaad8572fb7f9ca8f98220b4e37f04f,2026-09-29T21:42Z,0
OSP,2013,11,781922,1370434,2,OSP 11-13 SMR.pdf,pdfs/OSP_2013-11_781922_1370434_OSP_11-13_SMR.pdf,7544417,1,133407087b738d6aa4af45570cdae833d09bbc115e7bb241252585dd5b330c7b,2026-09-29T21:42Z,0
SEP,2013,11,1348835,1370128,1,November 2013 Wet Weather Report.pdf,pdfs/SEP_2013-11_1348835_1370128_November_2013_Wet_Weather_Report.pdf,33848,1,b4fd079eb117ff62ce98324987d3191111fa6cba4afa774beb3f17d19766e8e5,2026-09-29T21:42Z,0
SEP,2013,11,1348835,1370129,2,SEP 11-2013.pdf,pdfs/SEP_2013-11_1348835_1370129_SEP_11-2013.pdf,132365,1,33d1105c4e9a2a22f3cd3f856ba9d970b2573e7e01a929c611028138cb01ee99,2026-09-29T21:42Z,0
OSP,2013,12,781923,1407301,2,OSP 12-13 SMR.pdf,pdfs/OSP_2013-12_781923_1407301_OSP_12-13_SMR.pdf,7439753,1,14e3d4e22883e851c84ab7f735333e0b5c9ae72eca1de19a47aa87b808b167b5,2026-09-29T21:42Z,0
OSP,2013,12,781923,1385431,2,OSP 4th Q 2013 SMR.pdf,pdfs/OSP_2013-12_781923_1385431_OSP_4th_Q_2013_SMR.pdf,2609021,1,efb6c75e3603bf4aea6e5a81f51dea886656eee6348cb7c87fefcfa654c06fdc,2026-09-29T21:42Z,0
SEP,2013,12,1348836,1385351,1,December 2013 Bayside Wet Weather Report.pdf,pdfs/SEP_2013-12_1348836_1385351_December_2013_Bayside_Wet_Weather_Report.pdf,34481,1,081d8aaf707ea99a82f6a44b1291e1623a0b8e75ed3b88967e8de1a2b98fd8c0,2026-09-29T21:42Z,0
SEP,2013,12,1348836,1385334,2,SEP 12-2013 quarterly.pdf,pdfs/SEP_2013-12_1348836_1385334_SEP_12-2013_quarterly.pdf,128317,1,bd3be38a1f46f11949e34ef34532947e3242d350235a7dd075de115728e88c5d,2026-09-29T21:42Z,0
SEP,2013,12,1348836,1385335,2,SEP 12-2013.pdf,pdfs/SEP_2013-12_1348836_1385335_SEP_12-2013.pdf,132137,1,03cef5e5696af153cea012be5d4be25cd457803a47f92d1b6cce7c3982a12f84,2026-09-29T21:42Z,0
OSP,2014,1,781924,1405342,2,OSP 1-2014 SMR.pdf,pdfs/OSP_2014-01_781924_1405342_OSP_1-2014_SMR.pdf,7466632,1,1a4512a6afe8e4929c0c3f726f4bbd0f75b6786c6cde3b0562c69e9bf7363595,2026-09-29T21:42Z,0
SEP,2014,1,1348837,1407424,1,2014 January Bayside Wet Weather Report.pdf,pdfs/SEP_2014-01_1348837_1407424_2014_January_Bayside_Wet_Weather_Report.pdf,34157,1,5d2db89958e2080f2779b96c24f174cef7e211ea3e2410f3d744ad30cabac212,2026-09-29T21:42Z,0
SEP,2014,1,1348837,1407426,2,SEP 01-2014.pdf,pdfs/SEP_2014-01_1348837_1407426_SEP_01-2014.pdf,132333,1,53455e48894594007a1d3d7c620497af0a771dda824fd9a9e2a80c3b45431dcf,2026-09-29T21:42Z,0
OSP,2014,2,781925,1418127,2,OSP 2-14 SMR.pdf,pdfs/OSP_2014-02_781925_1418127_OSP_2-14_SMR.pdf,7858066,1,1ed658b3ca09107527341b92e165a7255a4da9471ca6d9782b5998c6888f10c6,2026-09-29T21:42Z,0
SEP,2014,2,1348838,1419484,2,SEP 02-2014.pdf,pdfs/SEP_2014-02_1348838_1419484_SEP_02-2014.pdf,134247,1,44d91db11abf5ea49f49709afd551fedcaab3ee27d1e67e0608e7e9adce731ec,2026-09-29T21:42Z,0
OSP,2014,3,781926,1431207,2,OSP 1st Q 2014 SMR.pdf,pdfs/OSP_2014-03_781926_1431207_OSP_1st_Q_2014_SMR.pdf,2684350,1,c5279953e072f11ff97de57b93fb2a18bc8a48c6f77dafda9fa55311dc9ea7b7,2026-09-29T21:42Z,0
OSP,2014,3,781926,1431206,2,OSP 3-14 SMR.pdf,pdfs/OSP_2014-03_781926_1431206_OSP_3-14_SMR.pdf,7675631,1,ed7d6b316e8dc999281f512b7a275033708fb835428668f607d16f6269673a06,2026-09-29T21:42Z,0
SEP,2014,3,1348839,1433585,1,March 2014 Bayside Wet Weather Report.pdf,pdfs/SEP_2014-03_1348839_1433585_March_2014_Bayside_Wet_Weather_Report.pdf,34630,1,29ee8e7f53a39e7957e699a6080735abc9981b8dd393f1ddf29f5f0e186bc4f6,2026-09-29T21:42Z,0
SEP,2014,3,1348839,1433587,2,SEP 03-2014 quarterly.pdf,pdfs/SEP_2014-03_1348839_1433587_SEP_03-2014_quarterly.pdf,128302,1,3f0bd2559595698437d9af147b1196cf940bdc29baf509d0ce85f6517a0b7e75,2026-09-29T21:42Z,0
SEP,2014,3,1348839,1433586,2,SEP 03-2014.pdf,pdfs/SEP_2014-03_1348839_1433586_SEP_03-2014.pdf,132581,1,dd48b59019c4ae1175542a6da037e391518e1dde1bbac8745dc0dbe074c237f8,2026-09-29T21:43Z,0
OSP,2014,4,781927,1452096,2,OSP 4-14 SMR.pdf,pdfs/OSP_2014-04_781927_1452096_OSP_4-14_SMR.pdf,7272988,1,1a5bb3494285240a476a7f4a0ff13702c4c62ab7abd915fafe2213896b569c18,2026-09-29T21:43Z,0
SEP,2014,4,1348840,1453099,1,April 2014 Bayside Wet Weather Report.pdf,pdfs/SEP_2014-04_1348840_1453099_April_2014_Bayside_Wet_Weather_Report.pdf,33679,1,ac7d49ada5caa1fcbcfd2d391bd092d118c2c04533bd5a4dfee31b9cc44b59cb,2026-09-29T21:43Z,0
SEP,2014,4,1348840,1453100,2,SEP 04-2014.pdf,pdfs/SEP_2014-04_1348840_1453100_SEP_04-2014.pdf,132275,1,a5ec4484beba412f507327754faf7b67e395a8e8498f0dfacc39f0ec59db94b7,2026-09-29T21:43Z,0
OSP,2014,5,781928,1466413,2,OSP 5-14 SMR.pdf,pdfs/OSP_2014-05_781928_1466413_OSP_5-14_SMR.pdf,7303741,1,d10195930296e1bc506c3f33fdd3a0ba64b5c57519838817190d07cf7b9c0f0e,2026-09-29T21:43Z,0
SEP,2014,5,1348841,1466279,1,2014 May Bayside Wet Weather Report.pdf,pdfs/SEP_2014-05_1348841_1466279_2014_May_Bayside_Wet_Weather_Report.pdf,33862,1,58962171dae5c8022e51e34cc7dab77af3df73a973b475224f0eb23bde9cd958,2026-09-29T21:43Z,0
SEP,2014,5,1348841,1466500,2,SEP 05-2014.pdf,pdfs/SEP_2014-05_1348841_1466500_SEP_05-2014.pdf,132499,1,1219c465b6e7b8ef38c3bc69d126577e4126bab04284ba2be946f0fc60b25835,2026-09-29T21:43Z,0
OSP,2014,6,781929,1480925,2,OSP 2nd Q 2014 SMR.pdf,pdfs/OSP_2014-06_781929_1480925_OSP_2nd_Q_2014_SMR.pdf,2637750,1,5fe207aa9d55cd0e8cf0aaa8ac4d1e3c2cc8cca682bb69a803ec611fbbb1565b,2026-09-29T21:43Z,0
OSP,2014,6,781929,1480929,2,OSP 6-14 SMR.pdf,pdfs/OSP_2014-06_781929_1480929_OSP_6-14_SMR.pdf,7268984,1,507d2d6a2deb9c8b1fadec75bdb3b3150aa64ab60ccd1e140c7c5850c76f9582,2026-09-29T21:43Z,0
SEP,2014,6,1348842,1482195,1,June 2014 Wet Weather Report.pdf,pdfs/SEP_2014-06_1348842_1482195_June_2014_Wet_Weather_Report.pdf,34361,1,8ef81fbc4df0f390f667655b7923ae08d6f62814afc2849c7e21fd7aa176cc7e,2026-09-29T21:43Z,0
SEP,2014,6,1348842,1481774,2,SEP 06-2014 quarterly.pdf,pdfs/SEP_2014-06_1348842_1481774_SEP_06-2014_quarterly.pdf,128324,1,d2d8f4f1704dd7830b2edf5b6562b8400613ad1cfb475afa2390edff91d35a06,2026-09-29T21:43Z,0
SEP,2014,6,1348842,1482156,2,SEP 06-2014 semiannual.pdf,pdfs/SEP_2014-06_1348842_1482156_SEP_06-2014_semiannual.pdf,128749,1,87077503d8960b1a757fd18a57917063c39079970da2b0b32b648488287a74bb,2026-09-29T21:43Z,0
SEP,2014,6,1348842,1481775,2,SEP 06-2014.pdf,pdfs/SEP_2014-06_1348842_1481775_SEP_06-2014.pdf,132077,1,6b8a2a98b01501953606b24559f9ad8268ba85da583e2464144e6c0bc70a3d01,2026-09-29T21:43Z,0
OSP,2014,7,781930,1494708,2,OSP 7-14 SMR.pdf,pdfs/OSP_2014-07_781930_1494708_OSP_7-14_SMR.pdf,8577453,1,d0d7c30bc5c2945ef35d53b4ea2785639feef7464de951974aee6c5fd6a5472a,2026-09-29T21:43Z,0
SEP,2014,7,1348843,1495171,1,2014 July Wet Weather Report.pdf,pdfs/SEP_2014-07_1348843_1495171_2014_July_Wet_Weather_Report.pdf,32644,1,cdfc2748ba318a79167f80b29b20efc5dc95ee480cf917f8edf48906892e098e,2026-09-29T21:43Z,0
SEP,2014,7,1348843,1495173,2,SEP 07-2014.pdf,pdfs/SEP_2014-07_1348843_1495173_SEP_07-2014.pdf,132503,1,a311699a6624657b1dbc8505d0ff5efb4925a75028c5d7e6b6585b333a6a7def,2026-09-29T21:43Z,0
OSP,2014,8,781931,1524252,2,OSP 8-14 Cvr rev 11-04.pdf,pdfs/OSP_2014-08_781931_1524252_OSP_8-14_Cvr_rev_11-04.pdf,471816,1,d4c944ae799918f210d95d9121c184de8c4f64162e083b0d1c0174c3c24cf83b,2026-09-29T21:43Z,0
OSP,2014,8,781931,1507842,2,OSP 8-14 SMR.pdf,pdfs/OSP_2014-08_781931_1507842_OSP_8-14_SMR.pdf,7235960,1,8ff3064b81a662a3ac3b0c8fd66c4071319a0c2220f8752e9cc7df8e3d5d5a5e,2026-09-29T21:43Z,0
SEP,2014,8,1348844,1509122,1,August 2014 Bayside Wet Weather Report.pdf,pdfs/SEP_2014-08_1348844_1509122_August_2014_Bayside_Wet_Weather_Report.pdf,33869,1,a7204321acbe690cc3364501e91cbae56a3d9d7b4e9fa1c0b8bae6639e2a1df2,2026-09-29T21:43Z,0
SEP,2014,8,1348844,1509077,2,SEP 08-2014.pdf,pdfs/SEP_2014-08_1348844_1509077_SEP_08-2014.pdf,132232,1,339d8cb94038233a88cb774a8ba74b0bd0889a0ea2cecaad918fa2ecd799b026,2026-09-29T21:43Z,0
OSP,2014,9,1495963,1520747,2,OSP 3rd Q 2014 SMR.pdf,pdfs/OSP_2014-09_1495963_1520747_OSP_3rd_Q_2014_SMR.pdf,1630423,1,3b2bd47ca2f3eef4631fd33305298bd06efafa6f6e3d88fda59087e1f7b4fe16,2026-09-29T21:43Z,0
OSP,2014,9,1495963,1520746,2,OSP 9-14 SMR.pdf,pdfs/OSP_2014-09_1495963_1520746_OSP_9-14_SMR.pdf,2955199,1,f3c90dc767c13b8b910f1d57180b058fb0e66db20f045ec110a0427338cc0444,2026-09-29T21:43Z,0
SEP,2014,9,1348845,1520983,1,September 2014 Bayside Wet Weather Report.pdf,pdfs/SEP_2014-09_1348845_1520983_September_2014_Bayside_Wet_Weather_Report.pdf,33439,1,1b7ff7132caa3f6c083e199f56fb2316308d3a3f92aa006a11d17e4376cfbece,2026-09-29T21:43Z,0
SEP,2014,9,1348845,1521002,2,SEP 09-2014 quarterly.pdf,pdfs/SEP_2014-09_1348845_1521002_SEP_09-2014_quarterly.pdf,128351,1,396f0c241ed6e3f28463d56de43c361a042d1c5097243bc64acd17f014e0b98c,2026-09-29T21:43Z,0
SEP,2014,9,1348845,1521003,2,SEP 09-2014.pdf,pdfs/SEP_2014-09_1348845_1521003_SEP_09-2014.pdf,126291,1,eadbe5c57f280cd1565500e61db7652d56dd057b83cbe7c41b193cb63fa2c3f7,2026-09-29T21:43Z,0
OSP,2014,10,1509918,1530354,2,OSP 10-14 SMR.pdf,pdfs/OSP_2014-10_1509918_1530354_OSP_10-14_SMR.pdf,2886417,1,7bc2c95f8e39a507e7bac9df5f78e3c7b5b4709b3743a5f7486c0557b949ccc1,2026-09-29T21:43Z,0
SEP,2014,10,1348846,1530056,1,2014 October Bayside Wet Weather Report.pdf,pdfs/SEP_2014-10_1348846_1530056_2014_October_Bayside_Wet_Weather_Report.pdf,34066,1,0508dcc82146a19943ec1f21e6c0e507bd3aac6b4c077cc9fbc34e825f108da4,2026-09-29T21:43Z,0
SEP,2014,10,1348846,1530351,2,SEP 10-2014.pdf,pdfs/SEP_2014-10_1348846_1530351_SEP_10-2014.pdf,126463,1,3025660b453279aa25da3d8a71418e39fe295271ab56a079449930c225c99b6c,2026-09-29T21:43Z,0
OSP,2014,11,1523001,1543280,2,OSP 11-14 SMR.pdf,pdfs/OSP_2014-11_1523001_1543280_OSP_11-14_SMR.pdf,2927283,1,9cff7248b3115be06d7964f3042680b96d9ef8a1ea0f34facbd8f7da1f68bc3a,2026-09-29T21:43Z,0
SEP,2014,11,1348847,1543316,1,2014 November Bayside Wet Weather Report.pdf,pdfs/SEP_2014-11_1348847_1543316_2014_November_Bayside_Wet_Weather_Report.pdf,34077,1,def7c0c8b2fb435d9dc5e35f3d8fca46f88f6026778150a96cf1f34e5cc7a68c,2026-09-29T21:43Z,0
SEP,2014,11,1348847,1543315,2,SEP 11-2014.pdf,pdfs/SEP_2014-11_1348847_1543315_SEP_11-2014.pdf,127905,1,243787db31923d7e82d1a6a2b0812d62ccfb8d868337c2e652434db40ebd200b,2026-09-29T21:43Z,0
OSP,2014,12,1531358,1564422,2,OSP 12-14 SMR.pdf,pdfs/OSP_2014-12_1531358_1564422_OSP_12-14_SMR.pdf,6595735,1,197a88040b5d75bd4313d86997095c76f87f99e2d9efa07656eeb2b6fba0ea25,2026-09-29T21:43Z,0
SEP,2014,12,1348848,1568017,1,2014 December Bayside Wet Weather Report.pdf,pdfs/SEP_2014-12_1348848_1568017_2014_December_Bayside_Wet_Weather_Report.pdf,35740,1,ac13748b30077cc6715f838215fa9df7f9fb76f65a2dd1098e3a6b8737daa61d,2026-09-29T21:43Z,0
SEP,2014,12,1348848,1568019,2,SEP 12-2014.pdf,pdfs/SEP_2014-12_1348848_1568019_SEP_12-2014.pdf,126569,1,b06cfbca44ee898f6ec239ad01668e767b7a43ff87d74233bcd8afd55cfa3816,2026-09-29T21:43Z,0
OSP,2015,1,1547109,1581137,2,OSP 1-15 SMR.pdf,pdfs/OSP_2015-01_1547109_1581137_OSP_1-15_SMR.pdf,2887843,1,802c90ee9c0f8a0b83c69dc637e1ee9f2d39c9eeb2bf64b8e38b1e289e002b57,2026-09-29T21:43Z,0
SEP,2015,1,1348849,1583553,1,2015 January Bayside Wet Weather Report.pdf,pdfs/SEP_2015-01_1348849_1583553_2015_January_Bayside_Wet_Weather_Report.pdf,30347,1,c5aab8212c37d39a8bca6b1d9da3bb663b91f1e0f38e3a11988fb6a79c2e7e10,2026-09-29T21:43Z,0
SEP,2015,1,1348849,1583576,2,SEP 01-2015.pdf,pdfs/SEP_2015-01_1348849_1583576_SEP_01-2015.pdf,127038,1,b8294434000082a9cff7303851abb0e53674cd1710a4e5895aa757dfbbea7d7a,2026-09-29T21:43Z,0
OSP,2015,2,1568767,1595710,2,OSP 2-15 SMR.pdf,pdfs/OSP_2015-02_1568767_1595710_OSP_2-15_SMR.pdf,3017790,1,af43b2c7e8a814c3f4fdacdc8dcc173a4125ba6a72813cd8df7d86e07b86f5b6,2026-09-29T21:43Z,0
SEP,2015,2,1348850,1597222,1,2015 February Bayside Wet Weather Report.pdf,pdfs/SEP_2015-02_1348850_1597222_2015_February_Bayside_Wet_Weather_Report.pdf,29598,1,0444105dbc70de023ba7f8c1ee5b52b78948898deb9986914437525cd2f9d45b,2026-09-29T21:43Z,0
SEP,2015,2,1348850,1597269,2,SEP 02-2015.pdf,pdfs/SEP_2015-02_1348850_1597269_SEP_02-2015.pdf,128737,1,1579c0a136a9ac40a59823f87d1d1193d42e0ea672251eaa821d875015535d30,2026-09-29T21:43Z,0
OSP,2015,3,1583387,1613048,2,OSP 3-15 SMR.pdf,pdfs/OSP_2015-03_1583387_1613048_OSP_3-15_SMR.pdf,3858182,1,0ecf9efe6f7be41f530fefc0d32e16a3d955a3c55e79c99031ec5c68d08c3b9d,2026-09-29T21:43Z,0
SEP,2015,3,1348851,1615990,1,2015 March Bayside Wet Weather Report.pdf,pdfs/SEP_2015-03_1348851_1615990_2015_March_Bayside_Wet_Weather_Report.pdf,30791,1,6cdcd17ad8777479f8294831e13f402370b9d1dcd11664eb3d1cb27efa367ca2,2026-09-29T21:43Z,0
SEP,2015,3,1348851,1615933,2,SEP 03-2015.pdf,pdfs/SEP_2015-03_1348851_1615933_SEP_03-2015.pdf,128696,1,29a6c80f7329184ffe703315511194e02aaef018cc86f47b2c603f5ea8240095,2026-09-29T21:43Z,0
OSP,2015,4,1598402,1630780,2,OSP 4-15 SMR.pdf,pdfs/OSP_2015-04_1598402_1630780_OSP_4-15_SMR.pdf,3086197,1,77b7bde517f0fd299a9e1dea07a2aaeb204fc6b2bc1b78f3834cb203affa3212,2026-09-29T21:43Z,0
SEP,2015,4,1348852,1662750,1,2015 April Wet Weather Report.pdf,pdfs/SEP_2015-04_1348852_1662750_2015_April_Wet_Weather_Report.pdf,29836,1,a1af6d712e8c55c29db8f52389cd7ab4a5622658186fbf1b98c4c10cda114f51,2026-09-29T21:43Z,0
SEP,2015,4,1348852,1636392,2,SEP 04-2015.pdf,pdfs/SEP_2015-04_1348852_1636392_SEP_04-2015.pdf,127261,1,cb39e60b859bbd5a2f549beee6cac6e9f836aa70e4a0e3494aa36357d747250b,2026-09-29T21:43Z,0
OSP,2015,5,1616321,1645332,2,OSP 5-15 SMR.pdf,pdfs/OSP_2015-05_1616321_1645332_OSP_5-15_SMR.pdf,3498793,1,b43e548ba41820a3fadd3bae63eda2909f2dd2244adc3ec5c1b8bc648f47692e,2026-09-29T21:43Z,0
SEP,2015,5,1348853,1646710,1,2015 May Bayside Wet Weather Report.pdf,pdfs/SEP_2015-05_1348853_1646710_2015_May_Bayside_Wet_Weather_Report.pdf,30932,1,c429a0f3c5313a0821e54f87d18574662d7f8cfa2f762a63f9dd60e3efd29271,2026-09-29T21:43Z,0
SEP,2015,5,1348853,1646711,2,SEP 05-2015.pdf,pdfs/SEP_2015-05_1348853_1646711_SEP_05-2015.pdf,126701,1,feea934858bdf6209de6e330f4fb3c88f5f4e8b254e6ee3984f0bc20bfaac066,2026-09-29T21:43Z,0
OSP,2015,6,1636866,1667360,2,OSP 6-15 SMR rev 08-17.pdf,pdfs/OSP_2015-06_1636866_1667360_OSP_6-15_SMR_rev_08-17.pdf,3979602,1,d7d388d6248a99550033823bc0ed3477a23d53ad3d8d8ee1ec29468b5963507e,2026-09-29T21:43Z,0
SEP,2015,6,1348854,1661300,1,2015 June Wet Weather Report.pdf,pdfs/SEP_2015-06_1348854_1661300_2015_June_Wet_Weather_Report.pdf,29564,1,de83825be8d0e0fedc5de4be476903b0d00c91a7ff68756da70f8e6bd294a1aa,2026-09-29T21:43Z,0
SEP,2015,6,1348854,1661298,2,SEP 06-2015.pdf,pdfs/SEP_2015-06_1348854_1661298_SEP_06-2015.pdf,126948,1,ed89085e61b0490d5faa7553bb8c4abf133c672fb7efb41d1f57313ade7d2698,2026-09-29T21:43Z,0
OSP,2015,7,1648059,1669163,2,OSP 7-15 SMR.pdf,pdfs/OSP_2015-07_1648059_1669163_OSP_7-15_SMR.pdf,2980403,1,cca1b3c16f32d4963823f643656043ac940f3f44321a63db8458693df0f64fa7,2026-09-29T21:43Z,0
SEP,2015,7,1348855,1671833,1,2015 July Bayside Wet Weather Report.pdf,pdfs/SEP_2015-07_1348855_1671833_2015_July_Bayside_Wet_Weather_Report.pdf,29332,1,fdff8e00b308b86ac91376f2f6a828a19e58366dfbb61aace5495f15ca4047d6,2026-09-29T21:43Z,0
SEP,2015,7,1348855,1671830,2,SEP 07-2015.pdf,pdfs/SEP_2015-07_1348855_1671830_SEP_07-2015.pdf,127004,1,9a6cb181df6101d43c32da31fad2419d567f7313a29ebbdc1104423a37580146,2026-09-29T21:43Z,0
OSP,2015,8,1662469,1682389,2,OSP 8-15 SMR.pdf,pdfs/OSP_2015-08_1662469_1682389_OSP_8-15_SMR.pdf,3085000,1,14d78c36f568bfb6e437d0d40a6db6311bb677ec2a52b58a2dc8a593cd00a1c7,2026-09-29T21:43Z,0
SEP,2015,8,1348856,1680800,2,SEP 08-2015.pdf,pdfs/SEP_2015-08_1348856_1680800_SEP_08-2015.pdf,128955,1,e8e957adce849fab27d8628e5ca5e042bb0e0da8bfa85eca3c6523162552a42f,2026-09-29T21:43Z,0
OSP,2015,9,1673268,1693281,2,OSP 9-15 SMR.pdf,pdfs/OSP_2015-09_1673268_1693281_OSP_9-15_SMR.pdf,4091166,1,8a0d79beb0526d2ef5bed96be2baa4a20b36b9764d65bb51672c5768830359fa,2026-09-29T21:43Z,0
SEP,2015,9,1348857,1696248,1,2015 September Bayside Wet Weather Report.pdf,pdfs/SEP_2015-09_1348857_1696248_2015_September_Bayside_Wet_Weather_Report.pdf,29956,1,14fa6010c2ba9932ab99222e9f70f190eab52cc46cc344a226d66a1449855dca,2026-09-29T21:43Z,0
SEP,2015,9,1348857,1696249,2,SEP 09-2015.pdf,pdfs/SEP_2015-09_1348857_1696249_SEP_09-2015.pdf,126832,1,b574d292e28b27b2c6a4fc27c491f3c2cb508bc8f987034c89ca5378a2a46e00,2026-09-29T21:43Z,0
OSP,2015,10,1684425,1705405,2,OSP 10-15 SMR.pdf,pdfs/OSP_2015-10_1684425_1705405_OSP_10-15_SMR.pdf,3239240,1,762073196c804513f905f4e715a97fd1091c053445ef321421578dcea49a0ded,2026-09-29T21:43Z,0
SEP,2015,10,1348858,1709178,1,2015 Ocotber Bayside Wet Weather Report.pdf,pdfs/SEP_2015-10_1348858_1709178_2015_Ocotber_Bayside_Wet_Weather_Report.pdf,29345,1,a8b53605c026c2244f9e60daeaa5cff06188dd8408d45e29d09a9e64a1e4fce7,2026-09-29T21:43Z,0
SEP,2015,10,1348858,1709387,2,SEP 10-2015.pdf,pdfs/SEP_2015-10_1348858_1709387_SEP_10-2015.pdf,128923,1,0339065b31adc5985beb108be1e7c69447727e45dbd2006b51d4f666ffda004e,2026-09-29T21:43Z,0
OSP,2015,11,1696794,1714193,2,OSP 11-15 SMR.pdf,pdfs/OSP_2015-11_1696794_1714193_OSP_11-15_SMR.pdf,3282657,1,e61ca1306cbd3cd1d02e11b1aeee65dc3a8a28fa4f5149021f50ae11d986ce85,2026-09-29T21:43Z,0
SEP,2015,11,1348859,1718430,1,November 2015 Bayside Wet Weather Report.pdf,pdfs/SEP_2015-11_1348859_1718430_November_2015_Bayside_Wet_Weather_Report.pdf,29505,1,b8821fcd34667591ec2feacbc22724a0c6c356b1adfa9922e98a2470c24a69d0,2026-09-29T21:43Z,0
SEP,2015,11,1348859,1718698,2,SEP 11-2015.pdf,pdfs/SEP_2015-11_1348859_1718698_SEP_11-2015.pdf,127057,1,5457f516f2134e27f6718b7aba5b5eb29b2045954f5914ba3710f5240d4c3b46,2026-09-29T21:43Z,0
OSP,2015,12,1709980,1731817,2,OSP 12-15 SMR.pdf,pdfs/OSP_2015-12_1709980_1731817_OSP_12-15_SMR.pdf,6316181,1,1cdacd684981bbe8464b30f1090ae6e3ccb2c15c6f75f2255e8b646463660c9a,2026-09-29T21:43Z,0
SEP,2015,12,1348860,1733190,1,2015 December Bayside Wet Weather Report.pdf,pdfs/SEP_2015-12_1348860_1733190_2015_December_Bayside_Wet_Weather_Report.pdf,31280,1,649534c891eb023772735ad94da777a285e411239c7f7e75dddfdeac78a8ffa7,2026-09-29T21:43Z,0
SEP,2015,12,1348860,1733192,2,SEP 12-2015.pdf,pdfs/SEP_2015-12_1348860_1733192_SEP_12-2015.pdf,129110,1,3c51db67b6b70430133f3aa1bc04cd1b8b3416cad717b368e1b37b5629455c80,2026-09-29T21:43Z,0
OSP,2016,1,1721777,1751497,2,OSP 1-16 SMR.pdf,pdfs/OSP_2016-01_1721777_1751497_OSP_1-16_SMR.pdf,5430478,1,9b5fc5ede479a7a641f3b6aef9f98ef356c3b508c246e74a3b61e3d7d35e83a3,2026-09-29T21:43Z,0
SEP,2016,1,1348861,1752484,1,2016 January Bayside Wet Weather Report.pdf,pdfs/SEP_2016-01_1348861_1752484_2016_January_Bayside_Wet_Weather_Report.pdf,31838,1,7a478da0c03fcdfc79da48a69f9bbd380569a39a40a14ac1cbf54f8757d99489,2026-09-29T21:43Z,0
SEP,2016,1,1348861,1752486,2,SEP 01-2016.pdf,pdfs/SEP_2016-01_1348861_1752486_SEP_01-2016.pdf,126920,1,38bfe85589c3c1024d91a49401ae131f5da55c6a58bff4fa9373ec0e9c959b76,2026-09-29T21:43Z,0
OSP,2016,2,1734601,1759540,2,OSP 2-16 SMR.pdf,pdfs/OSP_2016-02_1734601_1759540_OSP_2-16_SMR.pdf,3325648,1,7cb746d4bf36d1a0279a86aa702d6041787dc8c25e7a9bfe7f65744431464d34,2026-09-29T21:43Z,0
SEP,2016,2,1348862,1760224,1,2016 February Bayside Wet Weather Report.pdf,pdfs/SEP_2016-02_1348862_1760224_2016_February_Bayside_Wet_Weather_Report.pdf,30512,1,1c8d558d73b52e9215cd6967528058b387bddf9691bdb5e25ed35f43f3365062,2026-09-29T21:43Z,0
SEP,2016,2,1348862,1761081,2,2016 February SEP.pdf,pdfs/SEP_2016-02_1348862_1761081_2016_February_SEP.pdf,61164,1,a9ded5da46d487780aba96da43718b8bfd4cbf72de1dbe41a452c044fca765d1,2026-09-29T21:43Z,0
OSP,2016,3,1752174,1770989,2,OSP 3-16 SMR.pdf,pdfs/OSP_2016-03_1752174_1770989_OSP_3-16_SMR.pdf,6575617,1,31769cb79cd0bacbd32747a24b71e6c3d31c61182f28380e455d72d7ef3782a9,2026-09-29T21:43Z,0
SEP,2016,3,1348863,1773702,1,2016 March Bayside Wet Weather Report .pdf,pdfs/SEP_2016-03_1348863_1773702_2016_March_Bayside_Wet_Weather_Report_.pdf,30678,1,e48ad259784db06b203241f5c6bbcde6a149a497afbcbe483db5f9f91f804bba,2026-09-29T21:43Z,0
SEP,2016,3,1348863,1778123,2,SEP 03-2016.pdf,pdfs/SEP_2016-03_1348863_1778123_SEP_03-2016.pdf,129042,1,35d118cabf0ca09b83101c56dda5000e3f99927fd20038d2b79392a31c0a31ba,2026-09-29T21:43Z,0
OSP,2016,4,1762316,1784998,2,OSP 4-16 SMR.pdf,pdfs/OSP_2016-04_1762316_1784998_OSP_4-16_SMR.pdf,3318605,1,0af6f5348b9619b8b48aa344b42693a2f43a392e6692addc305366895fe85d18,2026-09-29T21:43Z,0
SEP,2016,4,1348864,1784989,1,2016 April Bayside Wet Weather Report.pdf,pdfs/SEP_2016-04_1348864_1784989_2016_April_Bayside_Wet_Weather_Report.pdf,29749,1,6f96b3408c09031ee603bb2ebfff327ac10b610b8281684177f17f4b97aeae11,2026-09-29T21:43Z,0
SEP,2016,4,1348864,1784991,2,SEP 04-2016.pdf,pdfs/SEP_2016-04_1348864_1784991_SEP_04-2016.pdf,128758,1,19687cab1a9394c823287772edfc74841dcb25628fa194f33d791f6d3d9144e1,2026-09-29T21:43Z,0
OSP,2016,5,1775124,1792614,2,OSP 5-16 SMR.pdf,pdfs/OSP_2016-05_1775124_1792614_OSP_5-16_SMR.pdf,3354930,1,8c4cbac82909ec724d6aef8ba546e316296e0ba1fc49e35acd5493e844b0db3a,2026-09-29T21:43Z,0
SEP,2016,5,1348865,1795528,1,2016 May Bayside Wet Weather Report.pdf,pdfs/SEP_2016-05_1348865_1795528_2016_May_Bayside_Wet_Weather_Report.pdf,29771,1,0afdd43ea23db99f120df52d49ec6220dbb212aab1218e441b7045dd9110e77d,2026-09-29T21:43Z,0
SEP,2016,5,1348865,1795529,2,SEP 05-2016.pdf,pdfs/SEP_2016-05_1348865_1795529_SEP_05-2016.pdf,126682,1,b5967348ea99b3f2ed6b8e4726a2a5251626d00943d49519c904ad5ed3fec0a6,2026-09-29T21:43Z,0
OSP,2016,6,1786157,1810016,2,OSP 6-16 SMR.pdf,pdfs/OSP_2016-06_1786157_1810016_OSP_6-16_SMR.pdf,4260372,1,80f736afbe738daaaf23d509d3fdfe3929f659df60179f94ee33f24796f45b29,2026-09-29T21:43Z,0
SEP,2016,6,1348866,1810647,1,June 2016 Bayside Wet Weather Report.pdf,pdfs/SEP_2016-06_1348866_1810647_June_2016_Bayside_Wet_Weather_Report.pdf,29435,1,3e274746a1874172024afe7319352d56ec6f3a981d2cf95b5115f235cb5e9d56,2026-09-29T21:43Z,0
SEP,2016,6,1348866,1810648,2,SEP 06-2016.pdf,pdfs/SEP_2016-06_1348866_1810648_SEP_06-2016.pdf,126928,1,6fe1148a6f815b2d31066f484b13fe68466c79bdd706c77d9930c79657dc6724,2026-09-29T21:43Z,0
OSP,2016,7,1797830,1822560,2,OSP 7-16 SMR.pdf,pdfs/OSP_2016-07_1797830_1822560_OSP_7-16_SMR.pdf,3287545,1,cd1259cb33e031fab5aded4d6ca572594a19a3fbb8b3c0a6345e13b59f28bb14,2026-09-29T21:43Z,0
SEP,2016,7,1348867,1825345,1,July 2016 Wet Weather Report.pdf,pdfs/SEP_2016-07_1348867_1825345_July_2016_Wet_Weather_Report.pdf,85612,1,836e593a0807d6a98583fd6a0b8574b2b2f5e339bdb2f3bc3b5637bf56590004,2026-09-29T21:43Z,0
SEP,2016,7,1348867,1825234,2,SEP 07-2016.pdf,pdfs/SEP_2016-07_1348867_1825234_SEP_07-2016.pdf,128772,1,ec5da33ee7619c666209c94da4851411855f2e46f166dc6d24aafbe6c6a66cae,2026-09-29T21:43Z,0
OSP,2016,8,1811129,1832364,2,OSP 8-16 SMR.pdf,pdfs/OSP_2016-08_1811129_1832364_OSP_8-16_SMR.pdf,3310627,1,af8393d2e4b7c21942a67b811a3f176375e8520052c29f8ee8729fa240fd6f0d,2026-09-29T21:43Z,0
SEP,2016,8,1348868,1834490,2,Cover page 08-2016.pdf,pdfs/SEP_2016-08_1348868_1834490_Cover_page_08-2016.pdf,280833,1,03cd86fb1b217cbc75ee595e427c4cb66dae6ff0d7bf0bec82e44f7e346f9cee,2026-09-29T21:43Z,0
OSP,2016,9,1826320,1845392,2,OSP 9-16 SMR.pdf,pdfs/OSP_2016-09_1826320_1845392_OSP_9-16_SMR.pdf,4229493,1,1be6ef532b45ae1c16debf1fe8c33eb6f43f8ffb6ce4d8975f6f65b5f61cf5c2,2026-09-29T21:43Z,0
SEP,2016,9,1348869,1849287,2,SEP09-2016A.pdf,pdfs/SEP_2016-09_1348869_1849287_SEP09-2016A.pdf,309798,1,ba8c07336ee39edab0f75229347ce7d3e049e571e16b7eabb1ab0740daf7766c,2026-09-29T21:43Z,0
SEP,2016,9,1348869,1847197,2,September 2016 SMR.pdf,pdfs/SEP_2016-09_1348869_1847197_September_2016_SMR.pdf,357939,1,3493466f4970fa54790d9b7f73e3e11057712c7feed7fc4313671fb45551de43,2026-09-29T21:43Z,0
OSP,2016,10,1835660,1859002,2,OSP 10-16 SMR.pdf,pdfs/OSP_2016-10_1835660_1859002_OSP_10-16_SMR.pdf,5371499,1,52e9fb2a598006d1263f48f436b93b90d13cebf7da891d65f03aee97d48786de,2026-09-29T21:44Z,0
SEP,2016,10,1348870,2758018,2,2016-10 FINAL WW Summary 2023Sep Revision.pdf,pdfs/SEP_2016-10_1348870_2758018_2016-10_FINAL_WW_Summary_2023Sep_Revision.pdf,156454,1,4277d6b04d1faef4e5c2868265d3c304aee6e646449ee9345dbebd7930a4bf6d,2026-09-29T21:44Z,1
SEP,2016,10,1348870,2758017,2,2016-10 SEP SMR CL Amendment Final.pdf,pdfs/SEP_2016-10_1348870_2758017_2016-10_SEP_SMR_CL_Amendment_Final.pdf,364412,1,e9131c7681f0e4e7c445139a4893694853afb27893f7ed5bb3c6c048fce2fe3a,2026-09-29T21:44Z,0
SEP,2016,10,1348870,1883372,2,October Bayside Drainage 2016 A1.pdf,pdfs/SEP_2016-10_1348870_1883372_October_Bayside_Drainage_2016_A1.pdf,1223691,1,43f33de52b294cc84e93af67641070c4e45bda74910c6b98cfed8980fd8658a1,2026-09-29T21:44Z,0
SEP,2016,10,1348870,2758019,2,SEP E003 Toxicity 20161016 16_10b_E003 Oct15.pdf,pdfs/SEP_2016-10_1348870_2758019_SEP_E003_Toxicity_20161016_16_10b_E003_Oct15.pdf,6008,1,63c4faa244b276d8af939017f2b941b33f12e87046c769cab21d5df1a55dbe21,2026-09-29T21:44Z,0
SEP,2016,10,1348870,1883371,2,SEP-10-2016A.pdf,pdfs/SEP_2016-10_1348870_1883371_SEP-10-2016A.pdf,389561,1,37caa6a4d34c6c556bb7a353af7c9aebd58b661cc5a02d95365e5162ae18b9ba,2026-09-29T21:44Z,0
OSP,2016,11,1847716,1868737,2,OSP 11-16 SMR.pdf,pdfs/OSP_2016-11_1847716_1868737_OSP_11-16_SMR.pdf,5285291,1,8b6e5b682f34ba7343d1f45fca8e3bd48a1cffd3a2c221a9406a32afb0e3fba4,2026-09-29T21:44Z,0
SEP,2016,11,1348871,2758022,2,2016-11 FINAL WW Summary 2023Sep Revision.pdf,pdfs/SEP_2016-11_1348871_2758022_2016-11_FINAL_WW_Summary_2023Sep_Revision.pdf,154868,1,1236776ca4cc7db055451f2f31cfb4791e61cc8b257b45dac9221ad8a201720d,2026-09-29T21:44Z,1
SEP,2016,11,1348871,2758021,2,2016-11 SEP SMR CL Amendment Final.pdf,pdfs/SEP_2016-11_1348871_2758021_2016-11_SEP_SMR_CL_Amendment_Final.pdf,363181,1,f37882201d5162a24a03dccac01101cd8b7598947a205a6b54dcaa5bf18c15c0,2026-09-29T21:44Z,0
SEP,2016,11,1348871,1883359,2,Bayside Drainage System Nov-2016.pdf,pdfs/SEP_2016-11_1348871_1883359_Bayside_Drainage_System_Nov-2016.pdf,1487417,1,eb2698b636c02a6ddb221398d808a212e6d62629dd115945f304908ab653c36c,2026-09-29T21:44Z,0
SEP,2016,11,1348871,1883358,2,SEP-11-2016.pdf,pdfs/SEP_2016-11_1348871_1883358_SEP-11-2016.pdf,289254,1,da63d602a3604bc409eb2033f2f61e54f40c0c188916727c5bc87ee82bc4af09,2026-09-29T21:44Z,0
OSP,2016,12,1860022,1883215,2,OSP 12-16 SMR.pdf,pdfs/OSP_2016-12_1860022_1883215_OSP_12-16_SMR.pdf,6521584,1,362a23e26d41f2f4f9248b56338243cde261c0ada58eca2c215a04487dfcee04,2026-09-29T21:44Z,0
SEP,2016,12,1348872,2758025,2,2016-11 FINAL WW Summary 2023Sep Revision.pdf,pdfs/SEP_2016-12_1348872_2758025_2016-11_FINAL_WW_Summary_2023Sep_Revision.pdf,154868,1,1236776ca4cc7db055451f2f31cfb4791e61cc8b257b45dac9221ad8a201720d,2026-09-29T21:44Z,1
SEP,2016,12,1348872,2758024,2,2016-11 SEP SMR CL Amendment Final.pdf,pdfs/SEP_2016-12_1348872_2758024_2016-11_SEP_SMR_CL_Amendment_Final.pdf,363181,1,f37882201d5162a24a03dccac01101cd8b7598947a205a6b54dcaa5bf18c15c0,2026-09-29T21:44Z,0
SEP,2016,12,1348872,1883350,2,December 2016 Bayside Drainage System Narrative.doc,pdfs/SEP_2016-12_1348872_1883350_December_2016_Bayside_Drainage_System_Narrative.doc,26112,0,38ee176844a3d4012e3851e9b2436466bccaca6eb88315a905ac51586df78e6c,2026-09-29T21:44Z,0
SEP,2016,12,1348872,1883351,2,December Bayside Drainage 2016.pdf,pdfs/SEP_2016-12_1348872_1883351_December_Bayside_Drainage_2016.pdf,2317088,1,79bbd0074faec1afb7c1f524cc12064d6c85147946f6135e763939829823ff27,2026-09-29T21:44Z,0
SEP,2016,12,1348872,1883349,2,SEP-12-2016C.pdf,pdfs/SEP_2016-12_1348872_1883349_SEP-12-2016C.pdf,242135,1,814f00d301a8b67994378e4bd66fd063d08d4e97598dbaed4b924b5bbe753251,2026-09-29T21:44Z,0
OSP,2017,1,1871743,1896969,2,OSP 1-17 SMR.pdf,pdfs/OSP_2017-01_1871743_1896969_OSP_1-17_SMR.pdf,5931553,1,30a546fbb3da9ac5e6106366a557e0084f99b87f30f0084ed1f5c0f07035f863,2026-09-29T21:44Z,0
SEP,2017,1,2019055,2758061,2,2017-01 FINAL WW Summary 2023Sep Revision.pdf,pdfs/SEP_2017-01_2019055_2758061_2017-01_FINAL_WW_Summary_2023Sep_Revision.pdf,187581,1,f9746e891920588c2312ba86f9d4f2777ef14a29c8636efff006ba5339b936af,2026-09-29T21:44Z,1
SEP,2017,1,2019055,2758060,2,2017-01 SEP SMR CL Amendment Final.pdf,pdfs/SEP_2017-01_2019055_2758060_2017-01_SEP_SMR_CL_Amendment_Final.pdf,395656,1,91661c4a5dddfef91a8c9cc7cf4c8dacc3d486677f129a3e12aa22ec5127d858,2026-09-29T21:44Z,0
OSP,2017,2,1884832,1907122,2,OSP 2-17 SMR.pdf,pdfs/OSP_2017-02_1884832_1907122_OSP_2-17_SMR.pdf,5547719,1,76f8510730263122fccd591f88945446ba2d80f8d7853447737e57eac1c7ad47,2026-09-29T21:44Z,0
SEP,2017,2,1348874,2758028,2,2017-02 FINAL WW Summary 2023Sep Revision.pdf,pdfs/SEP_2017-02_1348874_2758028_2017-02_FINAL_WW_Summary_2023Sep_Revision.pdf,181262,1,eb95cd6b9df144120feefe1cd04b3af1552bb1421c4ab95fda8d96ba24cbfdbd,2026-09-29T21:44Z,1
SEP,2017,2,1348874,2758027,2,2017-02 SEP SMR CL Amendment Final.pdf,pdfs/SEP_2017-02_1348874_2758027_2017-02_SEP_SMR_CL_Amendment_Final.pdf,363077,1,a79838472cfe8efcc8fecf3607f98b89f09fa32577a003ff74b361d68eb7f13f,2026-09-29T21:44Z,0
SEP,2017,2,1348874,1907906,2,Bayside Drainage System 2-2017.pdf,pdfs/SEP_2017-02_1348874_1907906_Bayside_Drainage_System_2-2017.pdf,1736020,1,ab165279eef20b10cf8387a900357f9ee10cf018f7d14bed5b0adf038935aaf6,2026-09-29T21:44Z,0
SEP,2017,2,1348874,1907904,2,SEP-2-2017.pdf,pdfs/SEP_2017-02_1348874_1907904_SEP-2-2017.pdf,293530,1,d18b8944ff4d77b1c3e3ba321309352352eca812460fa6072a0edec1858ef458,2026-09-29T21:44Z,0
OSP,2017,3,1897493,1919575,2,OSP 3-17 SMR.pdf,pdfs/OSP_2017-03_1897493_1919575_OSP_3-17_SMR.pdf,6483375,1,3ddda3b746e652f80d3553518697ef003f0b19d64fa43a072226d9338609f185,2026-09-29T21:44Z,0
SEP,2017,3,1348875,2758032,2,2017-03 FINAL WW Summary 2023Sep Revision.pdf,pdfs/SEP_2017-03_1348875_2758032_2017-03_FINAL_WW_Summary_2023Sep_Revision.pdf,179049,1,c1e9dbccffeee504dbc6ca6b2412cdf735e4220abd76a45fd19a0a2c14e37ab2,2026-09-29T21:44Z,1
SEP,2017,3,1348875,2758031,2,2017-03 SEP SMR CL Amendment Final.pdf,pdfs/SEP_2017-03_1348875_2758031_2017-03_SEP_SMR_CL_Amendment_Final.pdf,366226,1,d5e33e9bac7873d94667ff7bd8a193e0520dfefdba9ba43762f042a3ab1ecff3,2026-09-29T21:44Z,0
SEP,2017,3,1348875,1976902,2,MARCH BAYSIDE DRAINAGE 2017B.pdf,pdfs/SEP_2017-03_1348875_1976902_MARCH_BAYSIDE_DRAINAGE_2017B.pdf,1244845,1,19ef16f262cf6b0c835511d1ee8e5eb07b50ffd29c42c6cf04c048cdf1f28d57,2026-09-29T21:44Z,0
SEP,2017,3,1348875,1976901,2,SEP-03-2017B.pdf,pdfs/SEP_2017-03_1348875_1976901_SEP-03-2017B.pdf,373000,1,6e8b90705d134f21e3ffc16875d34bd827c1c2e2ec76957a43cf547edc0e708a,2026-09-29T21:44Z,0
OSP,2017,4,1909267,1932373,2,OSP 4-17 SMR.pdf,pdfs/OSP_2017-04_1909267_1932373_OSP_4-17_SMR.pdf,5387893,1,de09198d09b52c8f0f240587bb23a1cf9dc721a7d7614c6525a3885d256566c9,2026-09-29T21:44Z,0
SEP,2017,4,1348876,2758037,2,2017-04 FINAL WW Summary 2023Sep Revision.pdf,pdfs/SEP_2017-04_1348876_2758037_2017-04_FINAL_WW_Summary_2023Sep_Revision.pdf,184307,1,7b80a90c052419074309ef6d4e4c6a10de5ec16c99489f782c0d07859aa60913,2026-09-29T21:44Z,1
SEP,2017,4,1348876,2758036,2,2017-04 SEP SMR CL Amendment Final.pdf,pdfs/SEP_2017-04_1348876_2758036_2017-04_SEP_SMR_CL_Amendment_Final.pdf,362843,1,badf59bb30051127e7923556fd978b9919cec0e33e2745c13f515f701f5c0e95,2026-09-29T21:44Z,0
SEP,2017,4,1348876,1932400,2,APRIL BAYSIDE DRAINAGE A.pdf,pdfs/SEP_2017-04_1348876_1932400_APRIL_BAYSIDE_DRAINAGE_A.pdf,2901693,1,4976954aa62a35e4e30065f1564d1c5086c80a20a0308ab5a60d4417b28325d7,2026-09-29T21:44Z,0
SEP,2017,4,1348876,1932399,2,SEP--4-2017.pdf,pdfs/SEP_2017-04_1348876_1932399_SEP--4-2017.pdf,338528,1,f724fbedbb8b879f355e97d821711abd0f36f60adf71184ff849ea752fe83671,2026-09-29T21:44Z,0
OSP,2017,5,1921433,1943433,2,OSP 5-17 SMR.pdf,pdfs/OSP_2017-05_1921433_1943433_OSP_5-17_SMR.pdf,3334378,1,43803eda4c323f4a644e0802cf8f834de75e7bc6cf6c1ed7cbf404a99849f9a0,2026-09-29T21:44Z,0
SEP,2017,5,1348877,2758040,2,2017-05 FINAL WW Summary 2023Sep Revision.pdf,pdfs/SEP_2017-05_1348877_2758040_2017-05_FINAL_WW_Summary_2023Sep_Revision.pdf,172841,1,701a5ed40883c7cdd728efcde8e235b1bf5eda85bd24f7cca296469c60696551,2026-09-29T21:44Z,0
SEP,2017,5,1348877,2758039,2,2017-05 SEP SMR CL Amendment Final.pdf,pdfs/SEP_2017-05_1348877_2758039_2017-05_SEP_SMR_CL_Amendment_Final.pdf,362873,1,9aabd33ff6dbe99742ac04e8580860c561d2988669267cebd237a507f33de4e4,2026-09-29T21:44Z,0
SEP,2017,5,1348877,1947201,2,May Bayside Drainage.pdf,pdfs/SEP_2017-05_1348877_1947201_May_Bayside_Drainage.pdf,2478116,1,5d76a55d4633ba3649affdf04eed089f5f1434c685252ef998c955cba462ee90,2026-09-29T21:44Z,0
SEP,2017,5,1348877,1947199,2,SEP-5-2017.pdf,pdfs/SEP_2017-05_1348877_1947199_SEP-5-2017.pdf,280163,1,2cbc8a7ec2330dc017f2c7ce592de4e582f0490175d036072a280f23af5c3b18,2026-09-29T21:44Z,0
OSP,2017,6,1934509,1957934,2,OSP 6-17 SMR.pdf,pdfs/OSP_2017-06_1934509_1957934_OSP_6-17_SMR.pdf,4413721,1,9ffd31edc7dc30cfc0f4d4facfe70449de837474868ff597649e380960cd2db3,2026-09-29T21:44Z,0
SEP,2017,6,1348878,2758043,2,2017-06 FINAL WW Summary 2023Sep Revision.pdf,pdfs/SEP_2017-06_1348878_2758043_2017-06_FINAL_WW_Summary_2023Sep_Revision.pdf,151151,1,64e88a55b026eb98bcadef2c6b05998ceccd292411b5ab89d237cc32bc1a5ad1,2026-09-29T21:44Z,0
SEP,2017,6,1348878,2758042,2,2017-06 SEP SMR CL Amendment Final.pdf,pdfs/SEP_2017-06_1348878_2758042_2017-06_SEP_SMR_CL_Amendment_Final.pdf,363084,1,3213b8dea9752362977cb9a229bda2c9792dfc4ddb1de23d177ceba057921f83,2026-09-29T21:44Z,0
SEP,2017,6,1348878,1957164,2,JUNE BAYSIDE DRAINAGE 2017.pdf,pdfs/SEP_2017-06_1348878_1957164_JUNE_BAYSIDE_DRAINAGE_2017.pdf,2735555,1,8557937e561ae976972ff6b45722f475cd0dd8d85c4651ca3250809ddd1b4202,2026-09-29T21:44Z,0
SEP,2017,6,1348878,1957161,2,SEP-6-2017A.pdf,pdfs/SEP_2017-06_1348878_1957161_SEP-6-2017A.pdf,232446,1,7d823429cf8988765c06795176bc9f15b531b8e6998f33075a0aeefdf6af5333,2026-09-29T21:44Z,0
OSP,2017,7,1949531,1969059,2,OSP 7-17 SMR.pdf,pdfs/OSP_2017-07_1949531_1969059_OSP_7-17_SMR.pdf,3271342,1,eb35044cb82b0b5668515999b7d1aaf6fb773667b0f46552242652c78770ac24,2026-09-29T21:44Z,0
SEP,2017,7,1348879,2758046,2,2017-07 FINAL WW Summary 2023Sep Revision.pdf,pdfs/SEP_2017-07_1348879_2758046_2017-07_FINAL_WW_Summary_2023Sep_Revision.pdf,186165,1,0eeb90576ca97f1b966110da5c1a62da6f4b5bd84488e1e1aa5a42a83d07e217,2026-09-29T21:44Z,0
SEP,2017,7,1348879,2758045,2,2017-07 SEP SMR CL Amendment Final.pdf,pdfs/SEP_2017-07_1348879_2758045_2017-07_SEP_SMR_CL_Amendment_Final.pdf,363161,1,69f80986a5771fb32941bcff304e90adc1ed3231fb0c2c83b32bf72478272197,2026-09-29T21:44Z,0
SEP,2017,7,1348879,1968774,2,July_SMR_complete.pdf,pdfs/SEP_2017-07_1348879_1968774_July_SMR_complete.pdf,442909,1,eb42d804a4584736d7a59ecf9828b6509c1595de41d295f1761d8971b7d3bf0d,2026-09-29T21:44Z,0
OSP,2017,8,1960344,1979054,2,OSP 8-17 SMR.pdf,pdfs/OSP_2017-08_1960344_1979054_OSP_8-17_SMR.pdf,3257998,1,f3e03fd8728de9bc748089b618e1109dadd8e874da0f48acf5a64313febf6623,2026-09-29T21:44Z,0
SEP,2017,8,1348880,2758049,2,2017-08 FINAL WW Summary 2023Sep Revision.pdf,pdfs/SEP_2017-08_1348880_2758049_2017-08_FINAL_WW_Summary_2023Sep_Revision.pdf,164579,1,3be2d9dda22c67a91110ebf6d72da0bbb78c92f39508efc6e0ce99ae0094c021,2026-09-29T21:44Z,0
SEP,2017,8,1348880,2758048,2,2017-08 SEP SMR CL Amendment Final.pdf,pdfs/SEP_2017-08_1348880_2758048_2017-08_SEP_SMR_CL_Amendment_Final.pdf,362904,1,b8d304787941dc8e1a0ffa6564d194499db88238f92535ff36ddca574c6dd140,2026-09-29T21:44Z,0
SEP,2017,8,1348880,1979398,2,AUGUST BAYSIDE DRAINAGE REPORT 2017.pdf,pdfs/SEP_2017-08_1348880_1979398_AUGUST_BAYSIDE_DRAINAGE_REPORT_2017.pdf,2640257,1,f436626d823d3badbda20d2c71fec5b93acd78e30cefbd875d9282a79820a34e,2026-09-29T21:44Z,0
SEP,2017,8,1348880,1979397,2,SEP-8-2017.pdf,pdfs/SEP_2017-08_1348880_1979397_SEP-8-2017.pdf,247215,1,0061bac3dbec30baac70db37fd7373072cae6c165ff0e2e23278a323cc321163,2026-09-29T21:44Z,0
OSP,2017,9,1971144,1989771,2,OSP 9-17 SMR.pdf,pdfs/OSP_2017-09_1971144_1989771_OSP_9-17_SMR.pdf,4199950,1,b67c3725817099f2fbbd2b9b1ba0afaf3b0f6d3b8f54666261463b5cfcb5c45c,2026-09-29T21:44Z,0
SEP,2017,9,1348881,2612949,2,2017-09 SEP SMR CL Amendment Final.pdf,pdfs/SEP_2017-09_1348881_2612949_2017-09_SEP_SMR_CL_Amendment_Final.pdf,448399,1,68479c8f43112c4e5c3a31b4be7bebaa1d14b57773768edbcc6ff8c9183af935,2026-09-29T21:44Z,0
SEP,2017,9,1348881,1990610,2,SEP-9-2017.pdf,pdfs/SEP_2017-09_1348881_1990610_SEP-9-2017.pdf,240733,1,08b6d2a8e18e9396621aafbf59aa83c934e35d59c56c1d4b1c9bf45d5b5d53c2,2026-09-29T21:44Z,0
OSP,2017,10,1980576,2004830,2,OSP 10-17 SMR.pdf,pdfs/OSP_2017-10_1980576_2004830_OSP_10-17_SMR.pdf,3366522,1,261d257f7076287205de01e9c69d13398c507aff5b1edccf926a67b9d11f8382,2026-09-29T21:44Z,0
SEP,2017,10,1348882,2758052,2,2017-10 FINAL WW Summary 2023Sep Revision.pdf,pdfs/SEP_2017-10_1348882_2758052_2017-10_FINAL_WW_Summary_2023Sep_Revision.pdf,167649,1,b4f4ac7874e92982d0411e889d9dd0ecad1a52140bf09baee06aa8b760b2c7e2,2026-09-29T21:44Z,0
SEP,2017,10,1348882,2758051,2,2017-10 SEP SMR CL Amendment Final.pdf,pdfs/SEP_2017-10_1348882_2758051_2017-10_SEP_SMR_CL_Amendment_Final.pdf,363270,1,5b6f216841c72b0b859068e0b4200492dcd3c9c2090593ed3fe8ad0917e96db4,2026-09-29T21:44Z,0
SEP,2017,10,1348882,2005244,2,OCTOBER BAYSIDE DRAINAGE REPORT 2017.pdf,pdfs/SEP_2017-10_1348882_2005244_OCTOBER_BAYSIDE_DRAINAGE_REPORT_2017.pdf,2563779,1,b8f2a18c14bfeb549e443ae12cac81414ca8e6976b0b2e534abf54d1bb9d5010,2026-09-29T21:44Z,0
SEP,2017,10,1348882,2005243,2,SEP-10-2017.pdf,pdfs/SEP_2017-10_1348882_2005243_SEP-10-2017.pdf,321360,1,1ee9d1143c91224e8361adcb95715138f75e790efbb5e53f488b74cd05a0253d,2026-09-29T21:44Z,0
OSP,2017,11,1992087,2047607,2,OSP 11-17 SMR-1.pdf,pdfs/OSP_2017-11_1992087_2047607_OSP_11-17_SMR-1.pdf,5218380,1,7c4cb8e3f3bccd9e4cf94bfd66f428833d6ebf9fefb11bc08d477b8d27f20feb,2026-09-29T21:44Z,0
SEP,2017,11,1348883,2013866,2,NOVEMBER BAYSIDE DRAINAGE REPORT 2017.pdf,pdfs/SEP_2017-11_1348883_2013866_NOVEMBER_BAYSIDE_DRAINAGE_REPORT_2017.pdf,1401153,1,79e84aab1d2fcb5d6f6d41edfbabe9d04df90a01dd113cf84d17abb435d453ea,2026-09-29T21:44Z,1
SEP,2017,11,1348883,2013865,2,SEP-11-2017.pdf,pdfs/SEP_2017-11_1348883_2013865_SEP-11-2017.pdf,309867,1,05fe1005607ea6e53afc5e1c2439c429807fd5afe6960b57847877b844fefa9a,2026-09-29T21:44Z,0
OSP,2017,12,2019032,2029178,2,OSP 12-17 SMR.pdf,pdfs/OSP_2017-12_2019032_2029178_OSP_12-17_SMR.pdf,2727827,1,1f27f985d9fdb13c4a6d30e6a3002fa86d15454c0b3a520a8c8e735ab59b9a79,2026-09-29T21:44Z,0
SEP,2017,12,2019056,2029580,2,FINAL Dec 2017 eSMR Bayside.pdf,pdfs/SEP_2017-12_2019056_2029580_FINAL_Dec_2017_eSMR_Bayside.pdf,99565,1,d7277b6ee1a7918f71c4f75a5666bfe198b7f5a49a2676901ddffcc374ddf918,2026-09-29T21:44Z,0
SEP,2017,12,2019056,2029581,2,SMR-12-2017.pdf,pdfs/SEP_2017-12_2019056_2029581_SMR-12-2017.pdf,294295,1,b15cd2fe6f734a22bb5780bd29e2c6d3873298a7251637ff723b8d5d192123e8,2026-09-29T21:44Z,0
OSP,2018,1,2019036,2041542,2,OSP 1-18 SMR.pdf,pdfs/OSP_2018-01_2019036_2041542_OSP_1-18_SMR.pdf,4398704,1,775b8d7bc86c5789a65f9308d62240442e5453863651a1a3f84d2e5479f00cce,2026-09-29T21:44Z,1
SEP,2018,1,2019060,2041036,2,SEP-01-2018_SMR_Final.pdf,pdfs/SEP_2018-01_2019060_2041036_SEP-01-2018_SMR_Final.pdf,198370,1,980bbc5cb980b103032ad9befd11d52590e85f8d4347d76284ede2c4c915a4ff,2026-09-29T21:44Z,1
OSP,2018,2,2019037,2047845,2,OSP 2-18 SMR.pdf,pdfs/OSP_2018-02_2019037_2047845_OSP_2-18_SMR.pdf,3268418,1,0788ae2757fc50b7f1005a9c28ef0e7d44a972636c482980630badb8cfc7d252,2026-09-29T21:44Z,0
SEP,2018,2,2019061,2758502,2,2018-02 SEP SMR CL Amendment Final.pdf,pdfs/SEP_2018-02_2019061_2758502_2018-02_SEP_SMR_CL_Amendment_Final.pdf,361388,1,32f0004a20f14cf82447ac9556dd0bf17fedbd8352d930fe974de6f3dc2759c5,2026-09-29T21:44Z,0
SEP,2018,2,2019061,2047613,2,SEP-02-2018_SMR_Final.pdf,pdfs/SEP_2018-02_2019061_2047613_SEP-02-2018_SMR_Final.pdf,202917,1,2fd5ab7db016ef760abd309fb4fa53bc815954ba7b0c840904cd95e805f5413a,2026-09-29T21:44Z,0
OSP,2018,3,2019038,2581139,2,2018-03 OSP SMR CL Amend Final_v3.pdf,pdfs/OSP_2018-03_2019038_2581139_2018-03_OSP_SMR_CL_Amend_Final_v3.pdf,532073,1,a2b48c009b32fd55946985d005cf1fb35ba8f0ee3e68d38703a4518d76afa2f7,2026-09-29T21:44Z,1
SEP,2018,3,2019062,2057404,2,SEP-03-2018_SMR_Final.pdf,pdfs/SEP_2018-03_2019062_2057404_SEP-03-2018_SMR_Final.pdf,201277,1,3b436890899139062fd820c6dfdea8309d910965d34677c1075ecfed7372b072,2026-09-29T21:44Z,0
OSP,2018,4,2019039,2065629,2,OSP-04-2018_SMR_Final.pdf,pdfs/OSP_2018-04_2019039_2065629_OSP-04-2018_SMR_Final.pdf,197676,1,ef524d6991015d185377ae2ecbe4bc38aff31c4251424ff49070c108344ca729,2026-09-29T21:44Z,1
SEP,2018,4,2019063,2065605,2,SEP-04-2018_SMR_Final.pdf,pdfs/SEP_2018-04_2019063_2065605_SEP-04-2018_SMR_Final.pdf,236105,1,63f915e8526850619d1386d241f397f7b836fddadf757ea10a73eb6523d60d2d,2026-09-29T21:44Z,1
OSP,2018,5,2019040,2075104,2,OSP-05- 2018_SMR_final.pdf,pdfs/OSP_2018-05_2019040_2075104_OSP-05-_2018_SMR_final.pdf,183353,1,cec725a7f0011b0fbc2b09a1f98675d5ef7799ca0d63b47c08bc41dd275075ef,2026-09-29T21:44Z,0
SEP,2018,5,2019064,2075033,2,SEP-05-2018_SMR_Final.pdf,pdfs/SEP_2018-05_2019064_2075033_SEP-05-2018_SMR_Final.pdf,198550,1,a39c07ad6113d4c9f33327de26c46a11f0d97aad7fcf48fa2ff6df13896cd5db,2026-09-29T21:44Z,0
OSP,2018,6,2019041,2085517,2,Final -1cover letter OSP _June.pdf,pdfs/OSP_2018-06_2019041_2085517_Final_-1cover_letter_OSP__June.pdf,206970,1,e296bf8bc4ef245b322a2604e63687fbdb288978e82032292c443ada266c788b,2026-09-29T21:44Z,0
SEP,2018,6,2019065,2085360,2,SEP_cover_June_SMR_Final.pdf,pdfs/SEP_2018-06_2019065_2085360_SEP_cover_June_SMR_Final.pdf,257462,1,4e860ede4f8cdf465a629a22e8464ba256243d34c94ae000a273266993622218,2026-09-29T21:44Z,0
OSP,2018,7,2019042,2103949,2,Final Jul 2018cover letter OSP .pdf,pdfs/OSP_2018-07_2019042_2103949_Final_Jul_2018cover_letter_OSP_.pdf,204947,1,3902943bceefcecf41cf2e4c450c7104e59873e452647c4ca9217978aff90dd9,2026-09-29T21:44Z,0
SEP,2018,7,2019066,2104178,2,SEP_cover_July_SMR_Final.pdf,pdfs/SEP_2018-07_2019066_2104178_SEP_cover_July_SMR_Final.pdf,255906,1,940516d3d375f4e42bf25d1733bca85674c5ecfd600c4a06f0ce614904e620a6,2026-09-29T21:44Z,0
OSP,2018,8,2019043,2116422,2,2018-08 OSP SMR CL FINAL.pdf,pdfs/OSP_2018-08_2019043_2116422_2018-08_OSP_SMR_CL_FINAL.pdf,208464,1,fbf5ef485bb312ab2204556ccf9254461e4a9a7d7a55c71ff86ce87886b1ed2a,2026-09-29T21:44Z,0
SEP,2018,8,2019067,2116416,2,2018-08 SEP SMR_Final.pdf,pdfs/SEP_2018-08_2019067_2116416_2018-08_SEP_SMR_Final.pdf,257050,1,fdb42f4bb97351eafaed9b49e4bef17f2b111d4a1f2b7ad3cd4a979e1692ae4f,2026-09-29T21:44Z,0
OSP,2018,9,2019044,2128714,2,2018-09 OSP SMR CL FINAL.pdf,pdfs/OSP_2018-09_2019044_2128714_2018-09_OSP_SMR_CL_FINAL.pdf,240661,1,1711e4d98134d85e534e0c30273f168a13fddca37698058de133416adce96f92,2026-09-29T21:44Z,0
SEP,2018,9,2019068,2129359,2,2018-09 SEP SMR Final.pdf,pdfs/SEP_2018-09_2019068_2129359_2018-09_SEP_SMR_Final.pdf,257650,1,234880bd0c25838edfeb2a035ce2bc5733394ba19c595469c590484f8b985246,2026-09-29T21:44Z,0
OSP,2018,10,2019045,2137922,2,2018-10 OSP SMR CL FINAL.pdf,pdfs/OSP_2018-10_2019045_2137922_2018-10_OSP_SMR_CL_FINAL.pdf,209676,1,4aa2dd1dfeb22884c0cd28cceb9ee2481df2fae6e98f7e76d5df2b0ca730a766,2026-09-29T21:44Z,0
SEP,2018,10,2019069,2138005,2,2018-10 SEP SMR Final.pdf,pdfs/SEP_2018-10_2019069_2138005_2018-10_SEP_SMR_Final.pdf,260883,1,f8dfb11ea013c70afa556a5502a677b1ce79aa3656e497ed0049a5c56678efd5,2026-09-29T21:44Z,0
OSP,2018,11,2019046,2175989,2,2018-11 FINAL OSP TSS 2019.02.14.pdf,pdfs/OSP_2018-11_2019046_2175989_2018-11_FINAL_OSP_TSS_2019.02.14.pdf,257201,1,c82dd5de3304261c6647c4f40deecdde41cde528a1cad5b5fcb136f62daf7934,2026-09-29T21:44Z,1
OSP,2018,11,2019046,2151996,2,2018-11 OSP SMR FINAL.pdf,pdfs/OSP_2018-11_2019046_2151996_2018-11_OSP_SMR_FINAL.pdf,218312,1,e24b09f87e66006db2caa3e4b06746cd679d39ae17ef87128684c98be0592b5a,2026-09-29T21:44Z,0
SEP,2018,11,2019070,2151994,2,2018-11 SEP SMR FINAL.pdf,pdfs/SEP_2018-11_2019070_2151994_2018-11_SEP_SMR_FINAL.pdf,240834,1,8294f56d4e911b352e70330ece273cddb71fcf7a471f2d99c9597757d615e024,2026-09-29T21:44Z,1
OSP,2018,12,2019047,2167953,2,2018-12 OSP SMR CL FINAL.pdf,pdfs/OSP_2018-12_2019047_2167953_2018-12_OSP_SMR_CL_FINAL.pdf,211128,1,47e44bda24a2738370ff66c123bb422f2d394ce3af8e504cde69fc953a98fc2d,2026-09-29T21:44Z,1
SEP,2018,12,2019071,2168129,2,2018-12 SEP SMR FINAL.pdf,pdfs/SEP_2018-12_2019071_2168129_2018-12_SEP_SMR_FINAL.pdf,250105,1,1fe5504cfa5687dbe9bd639edd6d56409ce06f06ed986936fb2b1574353c4cd1,2026-09-29T21:44Z,1
OSP,2019,1,2019051,2185819,2,2019-01 OSP SMR CL FINAL.pdf,pdfs/OSP_2019-01_2019051_2185819_2019-01_OSP_SMR_CL_FINAL.pdf,213065,1,57fb08aee6d79e429e6964d20a233de7cbfc7f19379b2c1280e3a91708f1b28c,2026-09-29T21:44Z,1
SEP,2019,1,2019076,2185371,2,2019-01 SEP SMR FINAL.pdf,pdfs/SEP_2019-01_2019076_2185371_2019-01_SEP_SMR_FINAL.pdf,241621,1,483c0582cee36ef0eeaf448841589bc5471844b65f00aa5ae308cd8e96f1b674,2026-09-29T21:44Z,1
OSP,2019,2,2170290,2193219,2,2019-02 OSP SMR CL FINAL.pdf,pdfs/OSP_2019-02_2170290_2193219_2019-02_OSP_SMR_CL_FINAL.pdf,207381,1,450789f4e3279664624cb6ebf82e355615ca9c9b0e97c1c16b2714b54bb41906,2026-09-29T21:44Z,1
SEP,2019,2,2019077,2193248,2,2019-02 SEP SMR CL Final.pdf,pdfs/SEP_2019-02_2019077_2193248_2019-02_SEP_SMR_CL_Final.pdf,255000,1,efb101ff94e7c5dd3c4bd06c8724473f6863e95ab6209f764d50e1afc6749061,2026-09-29T21:44Z,1
OSP,2019,3,2172637,2202900,2,2019-03 OSP SMR CL FINAL.pdf,pdfs/OSP_2019-03_2172637_2202900_2019-03_OSP_SMR_CL_FINAL.pdf,203293,1,0bf5395fabd273b93014dea799ad584552336e63999289b28e25a56c3f6cf662,2026-09-29T21:44Z,1
SEP,2019,3,2172898,2204181,2,2019-03 SEP SMR CL Final.pdf,pdfs/SEP_2019-03_2172898_2204181_2019-03_SEP_SMR_CL_Final.pdf,244796,1,2971f0c62d229e8fc4d34d189d3e99400808fc97d35df0bde9754bd9731845ee,2026-09-29T21:44Z,1
OSP,2019,4,2172638,2213302,2,2019-04 OSP SMR CL Final.pdf,pdfs/OSP_2019-04_2172638_2213302_2019-04_OSP_SMR_CL_Final.pdf,205284,1,3e8a773e3a23ae731dbda2b3ae4ec642aef683d2a7543bc3d13a8e3b732b15aa,2026-09-29T21:44Z,0
SEP,2019,4,2172899,2213304,2,2019-04 SEP SMR CL Final.pdf,pdfs/SEP_2019-04_2172899_2213304_2019-04_SEP_SMR_CL_Final.pdf,247648,1,cb765f65b2e099ecb7c869773ae93310eb1b42012ae412fcecf2363adb061590,2026-09-29T21:44Z,0
OSP,2019,5,2184869,2223686,2,2019-05 OSP SMR CL FINAL.pdf,pdfs/OSP_2019-05_2184869_2223686_2019-05_OSP_SMR_CL_FINAL.pdf,204062,1,e703f5f53cd70f9262a9863e297f5c4aa8b44683be266306f8c868acf0461305,2026-09-29T21:44Z,0
SEP,2019,5,2184937,2225741,2,2019-05 SEP SMR CL FINAL.pdf,pdfs/SEP_2019-05_2184937_2225741_2019-05_SEP_SMR_CL_FINAL.pdf,257437,1,9714e7b17b891858f04c859d64a304508c05c554715dcda8df8d05edce20eeca,2026-09-29T21:44Z,1
OSP,2019,6,2194476,2236080,2,2019-06 OSP SMR CL FINAL.pdf,pdfs/OSP_2019-06_2194476_2236080_2019-06_OSP_SMR_CL_FINAL.pdf,204466,1,7b511288f02499e03a0223b2d3a30d966691faa177a750e10660a7313d1cb467,2026-09-29T21:44Z,0
SEP,2019,6,2194675,2236148,2,2019-06 SEP SMR CL FINAL_ac.pdf,pdfs/SEP_2019-06_2194675_2236148_2019-06_SEP_SMR_CL_FINAL_ac.pdf,379053,1,eb501d35d91eefe0f8a8184e51d21fc830f8d41ac47ea102436f4859174ff806,2026-09-29T21:44Z,0
OSP,2019,7,2204947,2249151,2,2019-07 OSP SMR CL Final.pdf,pdfs/OSP_2019-07_2204947_2249151_2019-07_OSP_SMR_CL_Final.pdf,206053,1,fd4fad3aee724c3e4676ec40b6ac76767971aa7879f602aa2eb04dea6a36ab7e,2026-09-29T21:45Z,0
SEP,2019,7,2205012,2257220,2,2019-07 SEP SMR Final nutrients.pdf,pdfs/SEP_2019-07_2205012_2257220_2019-07_SEP_SMR_Final_nutrients.pdf,114507,1,81d8805de295b2e73b97f08b1e7f267a8c77930c8899ed0e9abbad4af37d1898,2026-09-29T21:45Z,0
OSP,2019,8,2215156,2257016,2,2019-08 OSP SMR CL FINAL.pdf,pdfs/OSP_2019-08_2215156_2257016_2019-08_OSP_SMR_CL_FINAL.pdf,210047,1,48368f5ffe1d814a24b263781e63da9f5546bd52d7a7af6492e6330e82bc7ea9,2026-09-29T21:45Z,0
SEP,2019,8,2215228,2257233,2,2019-08 SEP SMR Final_nutrients.pdf,pdfs/SEP_2019-08_2215228_2257233_2019-08_SEP_SMR_Final_nutrients.pdf,111723,1,7c07f988df8f58cb128fdb99c469af831c564ede312a1261ad59022c9c5e9830,2026-09-29T21:45Z,0
OSP,2019,9,2224969,2268475,2,2019-09 OSP SMR CL FINAL.pdf,pdfs/OSP_2019-09_2224969_2268475_2019-09_OSP_SMR_CL_FINAL.pdf,207265,1,ac31d29f6ef90e913978f1fd69c71848e70c139eb20c1dfa4f2e7112e76f5e68,2026-09-29T21:45Z,0
SEP,2019,9,2225198,2266489,2,2019-09 SEP SMR CL Final.pdf,pdfs/SEP_2019-09_2225198_2266489_2019-09_SEP_SMR_CL_Final.pdf,222328,1,8a61ba507d41b5a5171f29ed07a137f7e9f397de6f47a62e44016ab0df824305,2026-09-29T21:45Z,0
OSP,2019,10,2238918,2274142,2,2019-10 OSP SMR CL FINAL.pdf,pdfs/OSP_2019-10_2238918_2274142_2019-10_OSP_SMR_CL_FINAL.pdf,209829,1,2e8aba455494d5f5bdcd020ef7c8a914ea65e9fa8179539ed525e71fb467bf3a,2026-09-29T21:45Z,0
SEP,2019,10,2238987,2274187,2,2019-10 SEP SMR CL Final.pdf,pdfs/SEP_2019-10_2238987_2274187_2019-10_SEP_SMR_CL_Final.pdf,222338,1,bd089ff00394b2e1ae0173ec32f04530e8a20e1b5f878d388871c814d85b33de,2026-09-29T21:45Z,0
OSP,2019,11,2249916,2282838,2,2019-11 OSP SMR CL Final.pdf,pdfs/OSP_2019-11_2249916_2282838_2019-11_OSP_SMR_CL_Final.pdf,221703,1,676bf49984f747763681ae35a15570c0d7d5887dc6cb2b95bbcfd4a2158ec080,2026-09-29T21:45Z,1
SEP,2019,11,2249984,2282833,2,2019-11 SEP SMR CL Final.pdf,pdfs/SEP_2019-11_2249984_2282833_2019-11_SEP_SMR_CL_Final.pdf,227011,1,45c8af5f60e33fee50d39fd5cf5b5f698bc117145cbddf0bfe1ffc0dbedd123d,2026-09-29T21:45Z,1
OSP,2019,12,2257796,2312610,2,2019-12 OSP SMR CL Final_v2.pdf,pdfs/OSP_2019-12_2257796_2312610_2019-12_OSP_SMR_CL_Final_v2.pdf,211504,1,10b0a43b5f8b896a168a95bd4167a8c2f20cefadb23e3a68a179f506924fa68a,2026-09-29T21:45Z,1
SEP,2019,12,2257863,2299581,2,2019-12 SEP SMR CL final.pdf,pdfs/SEP_2019-12_2257863_2299581_2019-12_SEP_SMR_CL_final.pdf,233309,1,88e1b22e31032b8299e67f21219e9099111aff4364e60b70a1a438651b91dca7,2026-09-29T21:45Z,1
OSP,2020,1,2287794,2310267,2,2020-01 OSP SMR CL Final.pdf,pdfs/OSP_2020-01_2287794_2310267_2020-01_OSP_SMR_CL_Final.pdf,210551,1,15323557dd70da2eb2775a8f54448264405b6ddcfc5c73e88b1dac3e70d3a2b4,2026-09-29T21:45Z,1
SEP,2020,1,2288698,2310265,2,2020-01 SEP SMR CL Final.pdf,pdfs/SEP_2020-01_2288698_2310265_2020-01_SEP_SMR_CL_Final.pdf,230761,1,67a221e026f380fc25d5fb479c07bd53b1d5a330a887b09313be7706a27c5385,2026-09-29T21:45Z,1
SEP,2020,1,2288698,2327866,2,2020-04-02 Jan2020 SMR Additional Wet Weather Bacti Sampling Info.pdf,pdfs/SEP_2020-01_2288698_2327866_2020-04-02_Jan2020_SMR_Additional_Wet_Weather_Bacti_Sampling_Info.pdf,113067,1,6ac28f2c70a12f821b8db1cc56a440f41c3cabfc05f71b6adf8f616017ac52f7,2026-09-29T21:45Z,0
OSP,2020,2,2287795,2320198,2,2020-02 OSP SMR CL FINAL.pdf,pdfs/OSP_2020-02_2287795_2320198_2020-02_OSP_SMR_CL_FINAL.pdf,260427,1,0620b3de7663e3a72f5f21cd9ea565053a93567bd1773bc92008b3802f06bf59,2026-09-29T21:45Z,0
SEP,2020,2,2288699,2320054,2,2020-02 SEP SMR CL Final.pdf,pdfs/SEP_2020-02_2288699_2320054_2020-02_SEP_SMR_CL_Final.pdf,219143,1,e1ff7c7d7ebcb7a96557501de871e73245fbb2fd85bd6d6665feaaceeaaa4b9b,2026-09-29T21:45Z,0
OSP,2020,3,2326461,2332559,2,2020-03 OSP SMR CL FINAL2.pdf,pdfs/OSP_2020-03_2326461_2332559_2020-03_OSP_SMR_CL_FINAL2.pdf,214736,1,9814c7677762decfe30a0fe0af09cc572388495269484b13bc7b6621b96f5030,2026-09-29T21:45Z,0
SEP,2020,3,2288700,2331192,2,2020-03 SEP SMR CL Final.pdf,pdfs/SEP_2020-03_2288700_2331192_2020-03_SEP_SMR_CL_Final.pdf,234202,1,fad3914befc985cdd8b56b6988af9d8de26c4d58ec1cae1901902b6e98fa624f,2026-09-29T21:45Z,0
OSP,2020,4,2326462,2342642,2,2020-04 OSP SMR CL Final.pdf,pdfs/OSP_2020-04_2326462_2342642_2020-04_OSP_SMR_CL_Final.pdf,215236,1,90613fb0741188f4d49e96c6a40c4503149cfa5bc439cbce186700dcfa7850a6,2026-09-29T21:45Z,0
SEP,2020,4,2303030,2342640,2,2020-04 SEP SMR CL Final.pdf,pdfs/SEP_2020-04_2303030_2342640_2020-04_SEP_SMR_CL_Final.pdf,229863,1,a4e954c9624825435fcca3396a6ce3090134619c7dc138d75a1049dcd47c7c5d,2026-09-29T21:45Z,0
OSP,2020,5,2326463,2351874,2,2020-05 OSP SMR CL FINAL.pdf,pdfs/OSP_2020-05_2326463_2351874_2020-05_OSP_SMR_CL_FINAL.pdf,212403,1,ea51dd0bac4a004161c09c92a78eded75f35bddfa3e0d7ce54019f48227908ca,2026-09-29T21:45Z,0
SEP,2020,5,2312519,2349873,2,2020-05 SEP SMR CL Final.pdf,pdfs/SEP_2020-05_2312519_2349873_2020-05_SEP_SMR_CL_Final.pdf,221416,1,3808393cd549123437d1d42203fb438f391f07a022f05b8985848192e9558170,2026-09-29T21:45Z,0
OSP,2020,6,2326464,2364091,2,2020-06 OSP SMR CL FINAL.pdf,pdfs/OSP_2020-06_2326464_2364091_2020-06_OSP_SMR_CL_FINAL.pdf,209916,1,e01a6abe655ebc15c19737da7dae94aad8ffd9132f9ce8c981f7ea9f07c215db,2026-09-29T21:45Z,0
SEP,2020,6,2321859,2363137,2,2020-06 SEP SMR CL Final.pdf,pdfs/SEP_2020-06_2321859_2363137_2020-06_SEP_SMR_CL_Final.pdf,224229,1,03e63f644c7f5a38880cca939bd57819ee44074a53a19868829958788572ecce,2026-09-29T21:45Z,0
OSP,2020,7,2326465,2375392,2,2020-07 OSP SMR CL.pdf,pdfs/OSP_2020-07_2326465_2375392_2020-07_OSP_SMR_CL.pdf,237453,1,690615c7c1895e2cb6ba4c2960e805cf2dc071e808b156880063bdda91a05ecd,2026-09-29T21:45Z,0
SEP,2020,7,2333329,2375104,2,2020-07 SEP SMR CL Final.pdf,pdfs/SEP_2020-07_2333329_2375104_2020-07_SEP_SMR_CL_Final.pdf,221454,1,d28c3ea63f6a9a3b2d7220b1b3a51fa13aa9d4dd2469f6381df4102a3a23ed8b,2026-09-29T21:45Z,0
OSP,2020,8,2326466,2383572,2,2020-08 OSP SMR CL.pdf,pdfs/OSP_2020-08_2326466_2383572_2020-08_OSP_SMR_CL.pdf,237754,1,bd9a43b75dcba1e39fcf9bd68f152685fd2f8822c176d362dd22ab9668e1f1c0,2026-09-29T21:45Z,0
SEP,2020,8,2343107,2382687,2,2020-08 SEP SMR CL Final.pdf,pdfs/SEP_2020-08_2343107_2382687_2020-08_SEP_SMR_CL_Final.pdf,218823,1,f03936bd636fc1b2ff15724993821c4767cbe29ae94602fd88fc6586368871a1,2026-09-29T21:45Z,0
OSP,2020,9,2326467,2393217,2,2020-09 OSP SMR CL.pdf,pdfs/OSP_2020-09_2326467_2393217_2020-09_OSP_SMR_CL.pdf,238568,1,975b91431e27602eb287abd70adcff546862cfbadde96ea0efff85bb2a56e24b,2026-09-29T21:45Z,0
SEP,2020,9,2354068,2392979,2,2020-09 SEP SMR CL Final.pdf,pdfs/SEP_2020-09_2354068_2392979_2020-09_SEP_SMR_CL_Final.pdf,220068,1,a5dd465387224d6c4724f02635e0ec16fb35b1d77aad442f04ec57aec53cdbdf,2026-09-29T21:45Z,0
OSP,2020,10,2326468,2401545,2,2020-10 OSP SMR CL.pdf,pdfs/OSP_2020-10_2326468_2401545_2020-10_OSP_SMR_CL.pdf,236705,1,d35741ddd706a999dea2dbe12ff031f0ed0755c8837aa805b40bd0845bb38dc9,2026-09-29T21:45Z,0
SEP,2020,10,2365715,2401587,2,2020-10 SEP SMR CL Final.pdf,pdfs/SEP_2020-10_2365715_2401587_2020-10_SEP_SMR_CL_Final.pdf,220008,1,9c99d625b77fa889c5e42251ec8fcac06fe82fdba63d0fa91efdf28be99c6b84,2026-09-29T21:45Z,0
OSP,2020,11,2326469,2409960,2,2020-11 OSP SMR CL.pdf,pdfs/OSP_2020-11_2326469_2409960_2020-11_OSP_SMR_CL.pdf,258092,1,e8ebdfdeb29822486cd50b9c3b313bd37b1eca84de95f5dc6d8f2ef16af98498,2026-09-29T21:45Z,0
SEP,2020,11,2376756,2409827,2,2020-11 SEP SMR CL Final.pdf,pdfs/SEP_2020-11_2376756_2409827_2020-11_SEP_SMR_CL_Final.pdf,239814,1,dd730d2c93336612961106f707b628d2bd080b4ab233fa88dac132c322dc4933,2026-09-29T21:45Z,0
OSP,2020,12,2326470,2428145,2,2020-12 OSP SMR CL.pdf,pdfs/OSP_2020-12_2326470_2428145_2020-12_OSP_SMR_CL.pdf,235633,1,33006759c5b99ef30d4a0d4fea7f9741754d500d599c1b1d7a6007775b7f23e6,2026-09-29T21:45Z,0
SEP,2020,12,2384527,2428294,2,2020-12 SEP SMR CL Final.pdf,pdfs/SEP_2020-12_2384527_2428294_2020-12_SEP_SMR_CL_Final.pdf,257117,1,05c390c8420e4f91f1f41595bd506caea7d7635f02eae11515d1e650b6fc8d92,2026-09-29T21:45Z,1
OSP,2021,1,2326474,2441267,2,2021-01 OSP SMR CL.pdf,pdfs/OSP_2021-01_2326474_2441267_2021-01_OSP_SMR_CL.pdf,234274,1,2537282d604c4b79d3041466947e488ed8d3decb7906a2342e6e4ab4ec045358,2026-09-29T21:45Z,1
SEP,2021,1,2416007,2441245,2,2021-01 SEP SMR CL Final_v2.pdf,pdfs/SEP_2021-01_2416007_2441245_2021-01_SEP_SMR_CL_Final_v2.pdf,514619,1,5351d4f7c267d33539849d459445f107e084119a91938ee35186997b583c2092,2026-09-29T21:45Z,1
OSP,2021,2,2326475,2461971,2,2021-02 OSP SMR CL.pdf,pdfs/OSP_2021-02_2326475_2461971_2021-02_OSP_SMR_CL.pdf,244109,1,3503f921ce94a75d19e58fa77a973d94aa6b8e13b011f6b910d92fcef7220435,2026-09-29T21:45Z,0
SEP,2021,2,2416008,2461639,2,2021-02 SEP SMR CL Final.pdf,pdfs/SEP_2021-02_2416008_2461639_2021-02_SEP_SMR_CL_Final.pdf,466489,1,f1639ccfcf50db3c5b4223a2da755f1cdb5e5820b494eb7d77a8039346c283bd,2026-09-29T21:45Z,0
OSP,2021,3,2326476,2475607,2,2021-03 OSP SMR CL.pdf,pdfs/OSP_2021-03_2326476_2475607_2021-03_OSP_SMR_CL.pdf,267027,1,404d77c0384b2940b44440405bf286b60716b63b12a95c55ad5cc3438a002bec,2026-09-29T21:45Z,0
SEP,2021,3,2416009,2476309,2,2021-03 SEP SMR CL Final.pdf,pdfs/SEP_2021-03_2416009_2476309_2021-03_SEP_SMR_CL_Final.pdf,513805,1,425afeb1f323cb4361a11c7333e31f9366a08451e1e3e9e7cbb7f57a3b3e7eba,2026-09-29T21:45Z,0
OSP,2021,4,2326477,2484287,2,2021-04 OSP SMR CL.pdf,pdfs/OSP_2021-04_2326477_2484287_2021-04_OSP_SMR_CL.pdf,257851,1,1c4890cafcab772310f8fb16dfe83b5bdbba0618ebf929881a4125d77dc018b7,2026-09-29T21:45Z,0
SEP,2021,4,2429342,2490685,2,2021-04 SEP SMR CL Final.pdf,pdfs/SEP_2021-04_2429342_2490685_2021-04_SEP_SMR_CL_Final.pdf,659818,1,269fa8f058b81b0b1a755265ee6f6acd46c9dc6e6acbcbf11ff73981209ae4d9,2026-09-29T21:45Z,0
OSP,2021,5,2326478,2491818,2,2021-05 OSP SMR CL Final.pdf,pdfs/OSP_2021-05_2326478_2491818_2021-05_OSP_SMR_CL_Final.pdf,480961,1,4ef1d06498d6dca7edebb16bd8f4f42bc1e18b164e6bfd9874a0fbbd7c9a8503,2026-09-29T21:45Z,0
SEP,2021,5,2440992,2491823,2,2021-05 SEP SMR CL Final.pdf,pdfs/SEP_2021-05_2440992_2491823_2021-05_SEP_SMR_CL_Final.pdf,513588,1,15e0cbc4fbf713590b70bb9228c9544b7e46640a143e230bdd038d55da91ac2c,2026-09-29T21:45Z,0
OSP,2021,6,2326479,2503427,2,2021-06 OSP  CL.pdf,pdfs/OSP_2021-06_2326479_2503427_2021-06_OSP__CL.pdf,303831,1,e702f41a2a84bb2eb0218335d5f8ab0ebe12c83408805b3c4b63008f3af9dc05,2026-09-29T21:45Z,0
SEP,2021,6,2465072,2503407,2,2021-06 SEP Final CL.pdf,pdfs/SEP_2021-06_2465072_2503407_2021-06_SEP_Final_CL.pdf,529086,1,6ef275d9779b92bd31fb6ab66fd8a905c53bd08ed63b5f5324b5349ee71f14ef,2026-09-29T21:45Z,0
OSP,2021,7,2326480,2514199,2,2021-07 OSP CL.pdf,pdfs/OSP_2021-07_2326480_2514199_2021-07_OSP_CL.pdf,299100,1,b7ef47ce8987d0669193dfe37813a9e11311389ffcf0d24b6c54a57dc74a7b4e,2026-09-29T21:45Z,0
SEP,2021,7,2477427,2514499,2,2021-07 SEP Final CL.pdf,pdfs/SEP_2021-07_2477427_2514499_2021-07_SEP_Final_CL.pdf,532454,1,9dc1a1c660a6e07834985528550bd7aff8540c061f0e16a719798c249ae695f9,2026-09-29T21:45Z,0
OSP,2021,8,2326481,2521514,2,2021-08 OSP CL.pdf,pdfs/OSP_2021-08_2326481_2521514_2021-08_OSP_CL.pdf,267725,1,ccde57dd26bb6c4c1538ea4991619867aa1e6f9e4f0b6128f6ecc00ac4213762,2026-09-29T21:45Z,0
SEP,2021,8,2485451,2521530,2,2021-08 SEP Final CL.pdf,pdfs/SEP_2021-08_2485451_2521530_2021-08_SEP_Final_CL.pdf,511899,1,b5e6d12128024e77439dc6213fb5568fd3d34ca25a7154c7946985347b656130,2026-09-29T21:45Z,0
OSP,2021,9,2326482,2534358,2,2021-09 OSP CL.pdf,pdfs/OSP_2021-09_2326482_2534358_2021-09_OSP_CL.pdf,270301,1,a3f048573020879e4c5806b0792a121b51750f6847035f0fd72429980d43c9d9,2026-09-29T21:45Z,0
SEP,2021,9,2494974,2532756,2,2021-09 SEP Final CL.pdf,pdfs/SEP_2021-09_2494974_2532756_2021-09_SEP_Final_CL.pdf,505297,1,7e5ddf5664aedf0a86ffc0cee29862c861404dd273bda95fc74406e074f1fb06,2026-09-29T21:45Z,0
OSP,2021,10,2326483,2540254,2,2021-10 OSP CL.pdf,pdfs/OSP_2021-10_2326483_2540254_2021-10_OSP_CL.pdf,291096,1,6fdfc6055c4f6c924488af983c218230ebb1868e367669e423c04fd77682e5d9,2026-09-29T21:45Z,1
SEP,2021,10,2505923,2540709,2,2021-10 SEP Final CL.pdf,pdfs/SEP_2021-10_2505923_2540709_2021-10_SEP_Final_CL.pdf,577796,1,06bf87fed4ff3644058a93e47c27d243a7b51647a8d4d9510511c91113ed435c,2026-09-29T21:45Z,1
SEP,2021,10,2505923,2540710,2,SEP Oct 2021 CSD Data.pdf,pdfs/SEP_2021-10_2505923_2540710_SEP_Oct_2021_CSD_Data.pdf,607850,1,54a1343c5987c1170eeb1c51ff561637d7c6a577610e1fd351162ce1d339f4f4,2026-09-29T21:45Z,0
OSP,2021,11,2326484,2548812,2,2021-11 OSP Final CL.pdf,pdfs/OSP_2021-11_2326484_2548812_2021-11_OSP_Final_CL.pdf,505542,1,1ba3737667e7b73fc49a5122859a9c08b07d6c1954a64c8d49e76cd7ea068125,2026-09-29T21:45Z,1
SEP,2021,11,2516206,2547697,2,2021-11 SEP Final CL.pdf,pdfs/SEP_2021-11_2516206_2547697_2021-11_SEP_Final_CL.pdf,535670,1,7b67b2fed1ac78b8ebc1dc3ee5f09252ce3a3cf4c80b73fd255be9e270a5a475,2026-09-29T21:45Z,1
SEP,2021,11,2516206,2547699,2,November 2021 CSD Data.pdf,pdfs/SEP_2021-11_2516206_2547699_November_2021_CSD_Data.pdf,418711,1,fb0451a3222c5ee5915e7aac471928613e97ea74af239b5d5e8835b0d93d76ab,2026-09-29T21:45Z,0
OSP,2021,12,2326485,2561193,2,2021-12 OSP CL.pdf,pdfs/OSP_2021-12_2326485_2561193_2021-12_OSP_CL.pdf,277602,1,7cc419c10067b74fb428ea6a6690c09f134954b3faec356538e01537507c69b6,2026-09-29T21:45Z,1
SEP,2021,12,2524068,2563116,2,2021-12 SEP Final CL.pdf,pdfs/SEP_2021-12_2524068_2563116_2021-12_SEP_Final_CL.pdf,549009,1,4306e83becc0483fbfa3a1a324f53d830ca0d3a629edae88341d3e6e959e1b1e,2026-09-29T21:45Z,1
SEP,2021,12,2524068,2563120,2,SEP Dec 2021 CSD Data.pdf,pdfs/SEP_2021-12_2524068_2563120_SEP_Dec_2021_CSD_Data.pdf,441725,1,6c52615d0236b6289e75f666b4539374810adbd9335af3a8655d0e2e666ee978,2026-09-29T21:45Z,0
OSP,2022,1,2326489,2574664,2,2022-01 OSP CL.pdf,pdfs/OSP_2022-01_2326489_2574664_2022-01_OSP_CL.pdf,266322,1,712d2bd284d4b41c48bee7a7d9623964c14635eae3e61cdc94078aa123e5d02e,2026-09-29T21:45Z,0
SEP,2022,1,2553857,2583596,2,2022-01 SEP SMR CL Final.pdf,pdfs/SEP_2022-01_2553857_2583596_2022-01_SEP_SMR_CL_Final.pdf,516591,1,7d6b8b7ba21413d1943a957047fe9c5548213c3dbf6ec9f4359ca2ce5a635755,2026-09-29T21:45Z,0
OSP,2022,2,2326490,2579605,2,2022-02 OSP CL.pdf,pdfs/OSP_2022-02_2326490_2579605_2022-02_OSP_CL.pdf,265049,1,4fd1c2e1050e2830da13aecdb481f387b4c9b16ff4e600f6fa65ad97195c80a4,2026-09-29T21:45Z,0
SEP,2022,2,2553858,2579102,2,2022-02 SEP SMR CL Final.pdf,pdfs/SEP_2022-02_2553858_2579102_2022-02_SEP_SMR_CL_Final.pdf,523410,1,1278579d44a8d26407a3c4e339ce27d304bdda1d4a36af48be9cfa8e742e2168,2026-09-29T21:45Z,0
OSP,2022,3,2326491,2591329,2,2022-03 OSP CL.pdf,pdfs/OSP_2022-03_2326491_2591329_2022-03_OSP_CL.pdf,268687,1,6a7a5473ddd2d769868ecf3e5fa3246e3bf7e0c21ff0d5b27c9f0085dc59b8aa,2026-09-29T21:45Z,0
SEP,2022,3,2553859,2591115,2,2022-03 SEP Final CL.pdf,pdfs/SEP_2022-03_2553859_2591115_2022-03_SEP_Final_CL.pdf,551385,1,0b19bd702b9619b22d9e93365f82acaa460cce9dc25147deb3cbd12c8f7796dc,2026-09-29T21:45Z,0
OSP,2022,4,2326492,2604906,2,2022-04 OSP CL.pdf,pdfs/OSP_2022-04_2326492_2604906_2022-04_OSP_CL.pdf,268803,1,25bb3701300dada2c873e7117996d53117e6a62dc634b93457c520181f620225,2026-09-29T21:45Z,0
SEP,2022,4,2566381,2604972,2,2022-04 SEP Final CL.pdf,pdfs/SEP_2022-04_2566381_2604972_2022-04_SEP_Final_CL.pdf,692399,1,41d80a2bf194fa1ab0e2adc9cf8c4b5d0653f71d953ea0687474abf6676d39da,2026-09-29T21:45Z,0
OSP,2022,5,2326493,2613594,2,2022-05 OSP CL.pdf,pdfs/OSP_2022-05_2326493_2613594_2022-05_OSP_CL.pdf,279547,1,3553256adc107db56b3c9048cff1b5a95c0754f2cc6c16af637b0c2519495f23,2026-09-29T21:45Z,0
SEP,2022,5,2574344,2613513,2,2022-05 SEP Final CL.pdf,pdfs/SEP_2022-05_2574344_2613513_2022-05_SEP_Final_CL.pdf,488566,1,93635c8e93396545553c166e34a2de8196c40c96ce11a0cca67092a1af2c2a0d,2026-09-29T21:45Z,0
OSP,2022,6,2326494,2626370,2,2022-06 OSP CL.pdf,pdfs/OSP_2022-06_2326494_2626370_2022-06_OSP_CL.pdf,270797,1,044822590e1942f80edda1e99013d1736b70ea2c0fb4b207fce5c44a349935a8,2026-09-29T21:45Z,0
SEP,2022,6,2582734,2626476,2,2022-06 SEP Final CL.pdf,pdfs/SEP_2022-06_2582734_2626476_2022-06_SEP_Final_CL.pdf,451777,1,9266ea57ce305d99b307d36b46e6acb425466bfdee6db46cc06a8492d8d76900,2026-09-29T21:45Z,0
OSP,2022,7,2326495,2634495,2,2022-07 OSP CL.pdf,pdfs/OSP_2022-07_2326495_2634495_2022-07_OSP_CL.pdf,265185,1,68786c8dbc3f8dd43f970765af8d4c79c3c156333005e4a952020b179a7e3bcd,2026-09-29T21:45Z,0
SEP,2022,7,2593394,2635243,2,2022-07 SEP Final CL.pdf,pdfs/SEP_2022-07_2593394_2635243_2022-07_SEP_Final_CL.pdf,449242,1,adaf9a06c21f5982da1018a13cd9d1447cbb32b073a717e6ae6577e62aea20d4,2026-09-29T21:45Z,0
OSP,2022,8,2326496,2642883,2,2022-08 OSP CL.pdf,pdfs/OSP_2022-08_2326496_2642883_2022-08_OSP_CL.pdf,268456,1,83e53fa4cf52b5946aa49a89a64d1fc659d204b7873a08339af3b718aaa17a94,2026-09-29T21:45Z,0
SEP,2022,8,2606783,2643114,2,2022-08 SEP Final CL.pdf,pdfs/SEP_2022-08_2606783_2643114_2022-08_SEP_Final_CL.pdf,446814,1,738fcbce4b9a84b29c5525cc64c27ae16d2174a77314498c170985a5e45d67fd,2026-09-29T21:45Z,0
OSP,2022,9,2326497,2649995,2,2022-09 OSP CL.pdf,pdfs/OSP_2022-09_2326497_2649995_2022-09_OSP_CL.pdf,254109,1,7af85ae5dec23b511da0875da54275d8da3f97a4d885f9203551b55aab5430b7,2026-09-29T21:45Z,0
SEP,2022,9,2616945,2651196,2,2022-09 SEP Final CL.pdf,pdfs/SEP_2022-09_2616945_2651196_2022-09_SEP_Final_CL.pdf,488084,1,cdefa54d622344322aa00cf41644b99d8b9ca29688e0a1ffe5819820fe0ec583,2026-09-29T21:45Z,0
OSP,2022,10,2326498,2658562,2,2022-10 OSP CL.pdf,pdfs/OSP_2022-10_2326498_2658562_2022-10_OSP_CL.pdf,267797,1,e31afdae67a44e7cd06cc42fafd855beb676a2017f17225113618c1aa710d252,2026-09-29T21:45Z,0
SEP,2022,10,2628408,2658784,2,2022-10 SEP Final CL.pdf,pdfs/SEP_2022-10_2628408_2658784_2022-10_SEP_Final_CL.pdf,501309,1,9e45139e9dad3710c8177f956c7d7406fc251b25f2e3cb0259f6a92432de9d75,2026-09-29T21:45Z,0
OSP,2022,11,2326499,2666934,2,2022-11 OSP CL.pdf,pdfs/OSP_2022-11_2326499_2666934_2022-11_OSP_CL.pdf,293224,1,bc19d5198743616aa007db5310d6e42b861bf3413cb69109b3ac112b9ac1a77b,2026-09-29T21:45Z,0
SEP,2022,11,2636704,2666847,2,2022-11 SEP Final CL.pdf,pdfs/SEP_2022-11_2636704_2666847_2022-11_SEP_Final_CL.pdf,534064,1,9bcf5f2ece6ce1b46713fcb77e7128fbf88eed13096be084aebd3f849099441a,2026-09-29T21:45Z,0
OSP,2022,12,2326500,2682963,2,2022-12 OSP CL.pdf,pdfs/OSP_2022-12_2326500_2682963_2022-12_OSP_CL.pdf,373393,1,c7e511815b6d719a90a6447afd0daab9f1a24de0df636856ac742ac71824d99f,2026-09-29T21:45Z,1
SEP,2022,12,2644145,2683062,2,2022-12 SEP Final CL.pdf,pdfs/SEP_2022-12_2644145_2683062_2022-12_SEP_Final_CL.pdf,576461,1,1c7cff24ba29ded4ab8af9e1e82495c9bacb3e6c56036745e08aff95151c25f6,2026-09-29T21:45Z,1
OSP,2023,1,2326504,2695691,2,2023-01 OSP SMR.pdf,pdfs/OSP_2023-01_2326504_2695691_2023-01_OSP_SMR.pdf,375125,1,13f5649f06c75f34ca54f3bc2aa0ebfd308f0a7be1499b663a29b1dc6ae94a82,2026-09-29T21:45Z,1
SEP,2023,1,2673079,2697016,2,2023-01 SEP Final CL.pdf,pdfs/SEP_2023-01_2673079_2697016_2023-01_SEP_Final_CL.pdf,544205,1,8580218cf44dc7b37b0155f6ca5b4cb4e75c50e41749d34aa9501c5b0bb2a6bb,2026-09-29T21:45Z,1
OSP,2023,2,2326505,2703104,2,2023-02 OSP Final CL.pdf,pdfs/OSP_2023-02_2326505_2703104_2023-02_OSP_Final_CL.pdf,470524,1,51f2f738ce865845ae0655f1427ad275c3027e8d2bc981d66b5df8c415958a24,2026-09-29T21:45Z,1
SEP,2023,2,2673080,2702863,2,2023-02 SEP Final CL_v2.pdf,pdfs/SEP_2023-02_2673080_2702863_2023-02_SEP_Final_CL_v2.pdf,525917,1,ba2e107cb3e31c0569c51bb74e7654b4369ffd083aee4a8b4e8f297dc22ba5f2,2026-09-29T21:45Z,1
OSP,2023,3,2326506,2715739,2,2023-03 OSP CL.pdf,pdfs/OSP_2023-03_2326506_2715739_2023-03_OSP_CL.pdf,310416,1,0cd10fff8952bf9bf726420372252d525ef01db8671173d92e4415ab1c35783e,2026-09-29T21:45Z,1
SEP,2023,3,2673081,2717705,2,2023-03 SEP Final CL3.pdf,pdfs/SEP_2023-03_2673081_2717705_2023-03_SEP_Final_CL3.pdf,583705,1,1a12f40688b831e3a64578eea8d1e036d670ed68275d8b2d7672c14b97bb8168,2026-09-29T21:45Z,1
OSP,2023,4,2326507,2725033,2,2023-04 OSP Final CL.pdf,pdfs/OSP_2023-04_2326507_2725033_2023-04_OSP_Final_CL.pdf,478768,1,f7ef37ab1624955ff327cf7812ab3901683551c44969969b70bc011ec4599092,2026-09-29T21:45Z,0
SEP,2023,4,2686816,2725031,2,2023-04 SEP Final CL.pdf,pdfs/SEP_2023-04_2686816_2725031_2023-04_SEP_Final_CL.pdf,494876,1,79bd1c7910b52943533798e0928a08603b1afa40f3ce05ee2fdf2d8768829ee5,2026-09-29T21:45Z,0
OSP,2023,5,2326508,2733706,2,2023-05 OSP Final CL.pdf,pdfs/OSP_2023-05_2326508_2733706_2023-05_OSP_Final_CL.pdf,468691,1,5f383c8b1ead7ce6063d469a006b0e61d033b7dcbdfe02cb1271840ae7ba689a,2026-09-29T21:45Z,0
SEP,2023,5,2696426,2733705,2,2023-05 SEP Final CL.pdf,pdfs/SEP_2023-05_2696426_2733705_2023-05_SEP_Final_CL.pdf,503743,1,0fd51357b4c44cc639ade57bae82a3c03767ac4a71d03f39ef1441aa1cebd219,2026-09-29T21:45Z,0
OSP,2023,6,2326509,2744876,2,2023-06 OSP Final CL.pdf,pdfs/OSP_2023-06_2326509_2744876_2023-06_OSP_Final_CL.pdf,466386,1,2c792298afc52bc0d6f9bec364ece88012b87481bb8f12e90beb417df55c5cdd,2026-09-29T21:45Z,0
SEP,2023,6,2705506,2744878,2,2023-06 SEP Final CL.pdf,pdfs/SEP_2023-06_2705506_2744878_2023-06_SEP_Final_CL.pdf,511031,1,15ff13e139114213ade82930fc0cf3119aca5278785c36d78f4eac463d6dca6b,2026-09-29T21:45Z,0
OSP,2023,7,2326510,2754021,2,2023-07 OSP Final CL.pdf,pdfs/OSP_2023-07_2326510_2754021_2023-07_OSP_Final_CL.pdf,473353,1,997dfcf0f9b7c25e3dbf8ea7a97d4fefbecd21c098a3adf775f56e9f66ff5317,2026-09-29T21:45Z,0
SEP,2023,7,2717584,2754023,2,2023-07 SEP Final CL.pdf,pdfs/SEP_2023-07_2717584_2754023_2023-07_SEP_Final_CL.pdf,489044,1,8bcc883bb7e3592a2da955f0af727891cd3cbda6b6f51dd01c40914ea3b04463,2026-09-29T21:45Z,0
OSP,2023,8,2326511,2760883,2,2023-08 OSP Final CL.pdf,pdfs/OSP_2023-08_2326511_2760883_2023-08_OSP_Final_CL.pdf,464608,1,6bdbbc474e5e9d8012115fd364c64b63c65657e0aff0a30dbdb05fc3f0f169f4,2026-09-29T21:45Z,0
SEP,2023,8,2727446,2766497,2,2023-08 SEP Final CL.pdf,pdfs/SEP_2023-08_2727446_2766497_2023-08_SEP_Final_CL.pdf,506800,1,0a1cb1d3e0e812bfe8374eb70def66bee83a40351e3b321121de2e740a19c146,2026-09-29T21:45Z,0
OSP,2023,9,2326512,2767330,2,2023-09 OSP SMR Final.pdf,pdfs/OSP_2023-09_2326512_2767330_2023-09_OSP_SMR_Final.pdf,424676,1,8a8a715ee7521e068653bab8a53df0a81a3b323afcca6af29946163dfde3191e,2026-09-29T21:45Z,0
SEP,2023,9,2736510,2768735,2,2023-09 SEP SMR Final.pdf,pdfs/SEP_2023-09_2736510_2768735_2023-09_SEP_SMR_Final.pdf,808007,1,cf9dd959ff9f3a4eb8f16d2445515deef21abf11408599820046acc88b0a4728,2026-09-29T21:45Z,0
OSP,2023,10,2326513,2776334,2,2023-10 OSP SMR Final.pdf,pdfs/OSP_2023-10_2326513_2776334_2023-10_OSP_SMR_Final.pdf,425945,1,ef6c683606b916b0c66721e284cb3429306a1af300c8ea7b486d9378ec661dae,2026-09-29T21:45Z,0
SEP,2023,10,2747244,2776337,2,2023-10 SEP SMR Final.pdf,pdfs/SEP_2023-10_2747244_2776337_2023-10_SEP_SMR_Final.pdf,453448,1,e0c463345b511c9d0f72eeec65250648b7f6817d1413509570bdfad66457a00c,2026-09-29T21:45Z,0
OSP,2023,11,2326514,2782335,2,2023-11 OSP Final.pdf,pdfs/OSP_2023-11_2326514_2782335_2023-11_OSP_Final.pdf,437448,1,65551b91c08267ed504c8d250c7af6304d626252226ff1d31299568222ab14f3,2026-09-29T21:45Z,1
SEP,2023,11,2756347,2782343,2,2023-11 SEP SMR Final.pdf,pdfs/SEP_2023-11_2756347_2782343_2023-11_SEP_SMR_Final.pdf,460204,1,5bcb6c5c08730b4d63763fdd798c9dbfd9f4c8b616edabb1448e9fbde43d6f9a,2026-09-29T21:45Z,1
OSP,2023,12,2326515,2800479,2,2023-12 OSP Final.pdf,pdfs/OSP_2023-12_2326515_2800479_2023-12_OSP_Final.pdf,435419,1,46a3ef7e808de6c064ee1f92e4949fb56ee43e58efabdd125279e49e69ee2968,2026-09-29T21:45Z,1
SEP,2023,12,2762730,2799697,2,2023-12 SEP Final.pdf,pdfs/SEP_2023-12_2762730_2799697_2023-12_SEP_Final.pdf,523842,1,7a1fbc18ff240a6ded340cbf8de45729a6ba2f6f954d500afc32e234a9408d91,2026-09-29T21:45Z,1
OSP,2024,1,2326519,2817943,2,2024-01 OSP Final.pdf,pdfs/OSP_2024-01_2326519_2817943_2024-01_OSP_Final.pdf,691881,1,282ae930bc12b787dcb995abae601fa6005dece95b1d8ea7034ab44dac18c9ec,2026-09-29T21:45Z,1
SEP,2024,1,2788057,2818311,2,2024-01 SEP Final.pdf,pdfs/SEP_2024-01_2788057_2818311_2024-01_SEP_Final.pdf,823182,1,bd4e974b8899e32f758187ba35b717d9a12c3513a3c6703e11672ff9547e5369,2026-09-29T21:45Z,1
OSP,2024,2,2326520,2827696,2,2024-02 OSP Final.pdf,pdfs/OSP_2024-02_2326520_2827696_2024-02_OSP_Final.pdf,700828,1,390046e96fe9fe2a60265cca402c9bcebc5c7056925dac95bd8143567cd942c2,2026-09-29T21:45Z,1
SEP,2024,2,2788058,2827712,2,2024-02 SEP Final.pdf,pdfs/SEP_2024-02_2788058_2827712_2024-02_SEP_Final.pdf,957958,1,d3aaad810f65a3e47f2ade52a054c16ed54e5bb6db02feb8c946862ee9ae6a7c,2026-09-29T21:45Z,1
OSP,2024,3,2326521,2838913,2,2024-03 OSP Final.pdf,pdfs/OSP_2024-03_2326521_2838913_2024-03_OSP_Final.pdf,724118,1,737e7c6aba3867b2cbaa750282906eb411ee05d981b277d237673e621e125c69,2026-09-29T21:45Z,0
SEP,2024,3,2788059,2838907,2,2024-03 SEP Final.pdf,pdfs/SEP_2024-03_2788059_2838907_2024-03_SEP_Final.pdf,1012221,1,a7524bf45d07fca3f26c28ec1434f54b800105fe08d0c4a600c6d8681b7aa3cb,2026-09-29T21:45Z,1
OSP,2024,4,2326522,2849468,2,2024-04 OSP Final.pdf,pdfs/OSP_2024-04_2326522_2849468_2024-04_OSP_Final.pdf,1080634,1,f2fd60953b2689dccfb643bc0f3f30a74c5a45b4c98377fbfd89aefa26a0d109,2026-09-29T21:45Z,0
SEP,2024,4,2803894,2848494,2,2024-04 SEP Final.pdf,pdfs/SEP_2024-04_2803894_2848494_2024-04_SEP_Final.pdf,747630,1,1fc3560358e13386124d662d7414903194b4ca92e8b1cd1259afa58e063f1420,2026-09-29T21:45Z,0
OSP,2024,5,2326523,2859176,2,2024-05 OSP Final.pdf,pdfs/OSP_2024-05_2326523_2859176_2024-05_OSP_Final.pdf,710538,1,71ff9d1b91b077999c045529b387bd1485b1e620bceea4c868a8c544da8bfecc,2026-09-29T21:45Z,0
SEP,2024,5,2819060,2859183,2,2024-05 SEP Final.pdf,pdfs/SEP_2024-05_2819060_2859183_2024-05_SEP_Final.pdf,748051,1,47f5c58c9ad7d84e24081e6e411b4ba54f1491d60a90d663e3d3aca1b1041fd6,2026-09-29T21:45Z,1
OSP,2024,6,2326524,2866493,2,2024-06 OSP Final.pdf,pdfs/OSP_2024-06_2326524_2866493_2024-06_OSP_Final.pdf,709353,1,5b8101b58d91ddf2f5d24596e2671b5cd34599ea5ce399145688e42e976652b6,2026-09-29T21:45Z,0
SEP,2024,6,2829619,2866503,2,2024-06 SEP Final.pdf,pdfs/SEP_2024-06_2829619_2866503_2024-06_SEP_Final.pdf,745005,1,db034e59c32ce4b71d8d6310472ed10288b28522c47bed1055fe6e415c425dcc,2026-09-29T21:45Z,0
OSP,2024,7,2326525,2894720,2,2024-07 OSP final.pdf,pdfs/OSP_2024-07_2326525_2894720_2024-07_OSP_final.pdf,451436,1,4bc12c247b67123315b9f87f1980e1c270fd3e63b62d2137007f0c69d1498f9c,2026-09-29T21:46Z,0
SEP,2024,7,2839445,2894713,2,2024-07 SEP Final.pdf,pdfs/SEP_2024-07_2839445_2894713_2024-07_SEP_Final.pdf,463518,1,df0983b08a9d6eec555157492529a100435555413b7813dc9cae01fda241e60b,2026-09-29T21:46Z,0
SEP,2024,7,2839445,2967956,2,2024-07 SEP SMR CL Amendment Final.pdf,pdfs/SEP_2024-07_2839445_2967956_2024-07_SEP_SMR_CL_Amendment_Final.pdf,348186,1,d39dd1183813e11d2e9b062ee778a0d08acf906ca3fb1901dac495d0074af853,2026-09-29T21:46Z,0
OSP,2024,8,2326526,2903029,2,2024-08 OSP Final.pdf,pdfs/OSP_2024-08_2326526_2903029_2024-08_OSP_Final.pdf,366165,1,84fa5fc25e80819d45c7eb56f754d37060c6945b9a66346619aefac73f51946c,2026-09-29T21:46Z,0
OSP,2024,8,2326526,2967952,2,2024-08 OSP SMR CL Amendment Final.pdf,pdfs/OSP_2024-08_2326526_2967952_2024-08_OSP_SMR_CL_Amendment_Final.pdf,349543,1,2f64fcce0e2b1ac83ab61ba6b20f7a6d575eef7364cac8d83eda77344c527a18,2026-09-29T21:46Z,0
OSP,2024,8,2326526,2903030,2,FINAL SMR Westside_Ver17_2024_08 August.pdf,pdfs/OSP_2024-08_2326526_2903030_FINAL_SMR_Westside_Ver17_2024_08_August.pdf,354638,1,402e8b020b81ebe87a78133928963c945a5092425627214027c73c280d90ca20,2026-09-29T21:46Z,0
SEP,2024,8,2850296,2903032,2,2024-08 SEP Final.pdf,pdfs/SEP_2024-08_2850296_2903032_2024-08_SEP_Final.pdf,351038,1,9b43ed0f5b442dd5fa2a7f2df2b4f5ad8cb2a01d08d3ec6ec10deb7617f29f7e,2026-09-29T21:46Z,0
SEP,2024,8,2850296,2967959,2,2024-08 SEP SMR CL Amendment Final.pdf,pdfs/SEP_2024-08_2850296_2967959_2024-08_SEP_SMR_CL_Amendment_Final.pdf,349961,1,634b985749ae01aae501b43d99e5f5a2c949c075b1da4638cbd7f8019037bfea,2026-09-29T21:46Z,0
SEP,2024,8,2850296,2903033,2,FINAL SMR Bayside_Ver17_2024_08 August.pdf,pdfs/SEP_2024-08_2850296_2903033_FINAL_SMR_Bayside_Ver17_2024_08_August.pdf,395591,1,a0defac148ca72619717f6de0289b50c288fb6cd1879c25177140774b7315d82,2026-09-29T21:46Z,0
OSP,2024,9,2326527,2967954,2,2024-09 OSP SMR CL Amendment Final.pdf,pdfs/OSP_2024-09_2326527_2967954_2024-09_OSP_SMR_CL_Amendment_Final.pdf,349209,1,82cf9b0d80dff78f81f7a91c3aed9efb8de4ec1f7e8aee92c795bfae68d4a3b4,2026-09-29T21:46Z,0
OSP,2024,9,2326527,2913190,2,2024-09 OSP SMR Final.pdf,pdfs/OSP_2024-09_2326527_2913190_2024-09_OSP_SMR_Final.pdf,176364,1,1bf9938e6a3cfda0fae702d66ab2a0ed6c7534fd27848113ed7de9e24e2b717b,2026-09-29T21:46Z,0
OSP,2024,9,2326527,2913193,2,FINAL SMR Westside_Ver17_2024_09 September.pdf,pdfs/OSP_2024-09_2326527_2913193_FINAL_SMR_Westside_Ver17_2024_09_September.pdf,355273,1,dd74dd16755e0405b3e9a5d99d9a21a68148890ed20712b4e2be3f6eda75bd83,2026-09-29T21:46Z,0
SEP,2024,9,2858531,2967964,2,2024-09 SEP SMR CL Amendment Final.pdf,pdfs/SEP_2024-09_2858531_2967964_2024-09_SEP_SMR_CL_Amendment_Final.pdf,349200,1,ddf588a6ab9be562fb9a0cbdb0a01665a086467fbd80e2f1d852eb7141cf8b3c,2026-09-29T21:46Z,0
SEP,2024,9,2858531,2913181,2,2024-09 SEP SMR Final.pdf,pdfs/SEP_2024-09_2858531_2913181_2024-09_SEP_SMR_Final.pdf,298166,1,231f71fa0596bcdedaafcb8c66f94bcd426246926dad6eb0b3be48cbcabafad0,2026-09-29T21:46Z,0
SEP,2024,9,2858531,2913183,2,FINAL SMR Bayside_Ver17_2024_09 September.pdf,pdfs/SEP_2024-09_2858531_2913183_FINAL_SMR_Bayside_Ver17_2024_09_September.pdf,395629,1,8030abaf0a41afae8e290b39fcfec674b289c64a600b837590325f3d28e41b1e,2026-09-29T21:46Z,0
OSP,2024,10,2326528,2922011,2,2024-10 OSP SMR Final (003).pdf,pdfs/OSP_2024-10_2326528_2922011_2024-10_OSP_SMR_Final__003_.pdf,354084,1,d39d0c62c39a729d446435794841abae6d900eae8cfd4369455f8b3fceabe447,2026-09-29T21:46Z,0
OSP,2024,10,2326528,2922010,2,FINAL SMR Westside_Ver17_2024_10 October.pdf,pdfs/OSP_2024-10_2326528_2922010_FINAL_SMR_Westside_Ver17_2024_10_October.pdf,354630,1,b0397f13bfb05616521e89e16202d6855a62d3e6274e00cf284ccc595d23c193,2026-09-29T21:46Z,0
SEP,2024,10,2869097,2922035,2,2024-10 SEP SMR Final.pdf,pdfs/SEP_2024-10_2869097_2922035_2024-10_SEP_SMR_Final.pdf,137908,1,c8737f83297d4e2cb9976b302294d026ce8eaed8bdeda71f8da31dfd5e4906b6,2026-09-29T21:46Z,0
SEP,2024,10,2869097,2922034,2,FINAL SMR Bayside_Ver17_2024_10 October.pdf,pdfs/SEP_2024-10_2869097_2922034_FINAL_SMR_Bayside_Ver17_2024_10_October.pdf,387587,1,ae323f4c4a9c3f77d76f489146e1d387cb97b10eb3bf6e007a022dadc1dc6e50,2026-09-29T21:46Z,0
OSP,2024,11,2896193,2931352,2,2024-11 OSP SMR  Final.pdf,pdfs/OSP_2024-11_2896193_2931352_2024-11_OSP_SMR__Final.pdf,360875,1,d68523c1bc62535bb3119e6031bace99931788e06d5ba673b090bcdb1798237d,2026-09-29T21:46Z,0
OSP,2024,11,2896193,2930538,2,Final_SMR Westside_Ver17_11 November.pdf,pdfs/OSP_2024-11_2896193_2930538_Final_SMR_Westside_Ver17_11_November.pdf,189849,1,aab10f0adbdf7007135edac7970906824358953af6d9ee5acdd8aefb84d5338f,2026-09-29T21:46Z,1
SEP,2024,11,2896083,2931360,2,2024-11 SEP SMR Final.pdf,pdfs/SEP_2024-11_2896083_2931360_2024-11_SEP_SMR_Final.pdf,366278,1,b82b7cc0033cee529c10209cce228ea0e4d984102ebfbf94276bc3e45c7ffff4,2026-09-29T21:46Z,0
SEP,2024,11,2896083,2930528,2,Final_SMR Bayside_Ver17_11 November.pdf,pdfs/SEP_2024-11_2896083_2930528_Final_SMR_Bayside_Ver17_11_November.pdf,333172,1,e6943bb9d94972bcfa7e7aec6ee4e98b7055a810aea30334d8cfea82f2f34421,2026-09-29T21:46Z,1
OSP,2024,12,2903885,2951452,2,2024-12 OSP SMR Final.pdf,pdfs/OSP_2024-12_2903885_2951452_2024-12_OSP_SMR_Final.pdf,383871,1,582f00826ccbb4af32b178825246b07abb3f337b07b037cef2f9e1333eefa4a2,2026-09-29T21:46Z,0
OSP,2024,12,2903885,2951453,2,FINAL_SMR Westside_Ver17_12 December_v2.pdf,pdfs/OSP_2024-12_2903885_2951453_FINAL_SMR_Westside_Ver17_12_December_v2.pdf,225517,1,17d797daa6f8946f1c2b4f7dd5b4bc895381c78f519391b1d611d8510fedac5d,2026-09-29T21:46Z,1
SEP,2024,12,2903771,2951326,2,2024-12 SEP SMR final.pdf,pdfs/SEP_2024-12_2903771_2951326_2024-12_SEP_SMR_final.pdf,364944,1,882eec875f4dd95aef500b59872d0c9e45a8fc46cc64f90badd585289259711a,2026-09-29T21:46Z,0
SEP,2024,12,2903771,2951328,2,FINAL_SMR Bayside_Ver17_12_December.pdf,pdfs/SEP_2024-12_2903771_2951328_FINAL_SMR_Bayside_Ver17_12_December.pdf,339442,1,93ee20967d4682ab8a748e6cdf90d4ddd44f699c6e2fa8841014a51c313539e1,2026-09-29T21:46Z,1
OSP,2025,1,2938234,2963098,2,2025-01 OSP SMR final.pdf,pdfs/OSP_2025-01_2938234_2963098_2025-01_OSP_SMR_final.pdf,350031,1,93fd7eeb0c32fecbad3bfddb07b7fbd59e2b98c6f79fb452996be3472b6f5c34,2026-09-29T21:46Z,0
OSP,2025,1,2938234,2963099,2,FINAL_SMR Westside_Ver17_01 January 2025.pdf,pdfs/OSP_2025-01_2938234_2963099_FINAL_SMR_Westside_Ver17_01_January_2025.pdf,192933,1,c53f7166f9effb228d8909c09911ceac437575eb10174a7fd45f264d813d1809,2026-09-29T21:46Z,0
SEP,2025,1,2936134,2963652,2,2025-01 SEP SMR Final.pdf,pdfs/SEP_2025-01_2936134_2963652_2025-01_SEP_SMR_Final.pdf,386091,1,29adff3c5f5124cda5dc1249479cd62b84a1733e6425333de36fe88a6a13a411,2026-09-29T21:46Z,0
SEP,2025,1,2936134,2963653,2,FINAL_SMR Bayside_Ver17_01 January 2025.pdf,pdfs/SEP_2025-01_2936134_2963653_FINAL_SMR_Bayside_Ver17_01_January_2025.pdf,347905,1,a8fb6519ace33273738018960612e9e8540621fb7312cd03036fe0d26e1edd20,2026-09-29T21:46Z,0
OSP,2025,2,2938235,2974440,2,2025-02 OSP SMR Final.pdf,pdfs/OSP_2025-02_2938235_2974440_2025-02_OSP_SMR_Final.pdf,360509,1,708d5b210f83afa59363c2c0b6c93fa326e343144671b5f82434edbd146c9f28,2026-09-29T21:46Z,0
OSP,2025,2,2938235,2974441,2,FINAL_SMR Westside_Ver17_02 February 2025.pdf,pdfs/OSP_2025-02_2938235_2974441_FINAL_SMR_Westside_Ver17_02_February_2025.pdf,367604,1,2d2599c773faa0ffa758b9aef7d94d69b758df91d6b64ad22316f3315ba019e4,2026-09-29T21:46Z,1
SEP,2025,2,2936135,2974609,2,2025-02 SEP SMR Final (002).pdf,pdfs/SEP_2025-02_2936135_2974609_2025-02_SEP_SMR_Final__002_.pdf,390316,1,2a7d41852400b132b286f7e0b80fe059eb6d5b60115beb40c259ea432d0c54ba,2026-09-29T21:46Z,0
SEP,2025,2,2936135,2974611,2,FINAL_SMR Bayside_Ver17_02 February 2025.pdf,pdfs/SEP_2025-02_2936135_2974611_FINAL_SMR_Bayside_Ver17_02_February_2025.pdf,400744,1,f0dceb135d54ea0e3a861f16c65c75ee0a36fd2ef507d094f38ef1510d8b5f55,2026-09-29T21:46Z,1
OSP,2025,3,2938236,2984160,2,2025-03 OSP SMR Final.pdf,pdfs/OSP_2025-03_2938236_2984160_2025-03_OSP_SMR_Final.pdf,384577,1,dd35c0702cc6ed539c813cfa9c281ea4a2e960056c887489e2b64d73b56189de,2026-09-29T21:46Z,0
OSP,2025,3,2938236,2984161,2,FINAL_SMR Westside_Ver17_03 March 2025.pdf,pdfs/OSP_2025-03_2938236_2984161_FINAL_SMR_Westside_Ver17_03_March_2025.pdf,357373,1,2a4c7aeca394f0ef914a62554453c5f344fd73aaa87addb996e4dd6738213b56,2026-09-29T21:46Z,0
SEP,2025,3,2936136,2984166,2,2025-03 SEP SMR Final.pdf,pdfs/SEP_2025-03_2936136_2984166_2025-03_SEP_SMR_Final.pdf,360300,1,ea45ad14732f3d04654d79f5c31ca093e1d92efc15cb5a6789b60d7f470f4f13,2026-09-29T21:46Z,0
SEP,2025,3,2936136,2984168,2,FINAL_SMR Bayside_Ver17_03 March 2025.pdf,pdfs/SEP_2025-03_2936136_2984168_FINAL_SMR_Bayside_Ver17_03_March_2025.pdf,397969,1,9311cd213d025a01aff432b95d844d684cb0e61b31a96338ea74859fa2e4588b,2026-09-29T21:46Z,0
OSP,2025,4,2953419,2993489,2,2025-04 OSP SMR Final.pdf,pdfs/OSP_2025-04_2953419_2993489_2025-04_OSP_SMR_Final.pdf,349662,1,41a7e74a785b377d528fdd7a4f61762c6ac3156e3824edd30b094bb5e4eda0c0,2026-09-29T21:46Z,0
OSP,2025,4,2953419,2993490,2,FINAL_SMR Westside_Ver17_04 April 2025.pdf,pdfs/OSP_2025-04_2953419_2993490_FINAL_SMR_Westside_Ver17_04_April_2025.pdf,106950,1,ea55e32a606c94807cce5259559924b79579f88b579acf479333465c60766cdc,2026-09-29T21:46Z,0
SEP,2025,4,2953303,2993492,2,2025-04 SEP SMR Final.pdf,pdfs/SEP_2025-04_2953303_2993492_2025-04_SEP_SMR_Final.pdf,350869,1,60d8ae2dad2b5dfe5dd21e09cb7372e828e22d8959535518470650599da54584,2026-09-29T21:46Z,0
SEP,2025,4,2953303,2993494,2,FINAL_SMR Bayside_Ver17_04 April 2025.pdf,pdfs/SEP_2025-04_2953303_2993494_FINAL_SMR_Bayside_Ver17_04_April_2025.pdf,119105,1,f13b997eca0b4e636c7e94ad63154435b8564188de2c04bc899cb5b21f546cd2,2026-09-29T21:46Z,0
OSP,2025,5,2964656,2999826,2,2025-05 OSP SMR Final.pdf,pdfs/OSP_2025-05_2964656_2999826_2025-05_OSP_SMR_Final.pdf,166835,1,001e823b3daedd5b1b729f8ae79d9ddefe578c52dbe966a50320816db001805d,2026-09-29T21:46Z,0
OSP,2025,5,2964656,2999827,2,Final_SMR Westside_Ver17_04 May 2025_rev1.pdf,pdfs/OSP_2025-05_2964656_2999827_Final_SMR_Westside_Ver17_04_May_2025_rev1.pdf,106735,1,18b6b0037e2d57c958daf1c68fa6e805b9dea1272e231be235d2ab39b61251a4,2026-09-29T21:46Z,0
SEP,2025,5,2964541,3001741,2,2025-05 SEP SMR Final.pdf,pdfs/SEP_2025-05_2964541_3001741_2025-05_SEP_SMR_Final.pdf,148646,1,df8ac04fcfad67bee96823efc6383704948d8320db768ff50c0cf2eba9c3f7cc,2026-09-29T21:46Z,0
SEP,2025,5,2964541,3001716,2,Final_SMR Bayside_Ver17_04 May2025_rev2.pdf,pdfs/SEP_2025-05_2964541_3001716_Final_SMR_Bayside_Ver17_04_May2025_rev2.pdf,118709,1,e07e734ecb348392b7753ceddced22c76d7bd9ba004fd9f62351943e34d3ba49,2026-09-29T21:46Z,0
OSP,2025,6,2976103,3013860,2,2025-06 OSP SMR Final.pdf,pdfs/OSP_2025-06_2976103_3013860_2025-06_OSP_SMR_Final.pdf,362467,1,b0813f7f3c33de0c2c7bbeb7ad9a2ab85b457602ab5e3c3d89bff7b5fddbc0ac,2026-09-29T21:46Z,0
OSP,2025,6,2976103,3013861,2,Final_SMR Westside_Ver17_06 June 2025.pdf,pdfs/OSP_2025-06_2976103_3013861_Final_SMR_Westside_Ver17_06_June_2025.pdf,106466,1,93dbd8596844f7583ab585e41891c46e57ef7e8ab3d1c3214d5517afe247c716,2026-09-29T21:46Z,0
SEP,2025,6,2975720,3013842,2,2025-06 SEP SMR Final.pdf,pdfs/SEP_2025-06_2975720_3013842_2025-06_SEP_SMR_Final.pdf,360339,1,d7ca1e4357156d62fbf04f3dbd4bfe030c15bebd27685a5fffbb20e8cb98ef69,2026-09-29T21:46Z,0
SEP,2025,6,2975720,3013841,2,Final_SMR Bayside_Ver17_06 June 2025.pdf,pdfs/SEP_2025-06_2975720_3013841_Final_SMR_Bayside_Ver17_06_June_2025.pdf,142338,1,25ddd54c5ae7949a1da8dee266b02a89a40b98c8199e357dbb6894faf327e6ba,2026-09-29T21:46Z,0
OSP,2025,7,2987686,3023110,2,2025-07 OSP SMR Final.pdf,pdfs/OSP_2025-07_2987686_3023110_2025-07_OSP_SMR_Final.pdf,362400,1,aec276326741571e6d953f147f78796ca787de88196f56fbbf6e05c8f6ba4f19,2026-09-29T21:46Z,0
OSP,2025,7,2987686,3023111,2,Final_Monthly_FLow_Summary_Westside_Ver18_07 July 2025.pdf,pdfs/OSP_2025-07_2987686_3023111_Final_Monthly_FLow_Summary_Westside_Ver18_07_July_2025.pdf,106374,1,fb97eb38ed3a8765f3cf84676b5883ec59d418fdaf09c9171717a508cfddd6fb,2026-09-29T21:46Z,0
SEP,2025,7,2987561,3023053,2,2025-07 SEP SMR Final.pdf,pdfs/SEP_2025-07_2987561_3023053_2025-07_SEP_SMR_Final.pdf,360278,1,9d41e43c9100e73a5254c40b0d5c6f849b1ad41ab1a868e388a3c27fd6cdd844,2026-09-29T21:46Z,0
SEP,2025,7,2987561,3023054,2,Final_Monthly_Flow_Summary_Bayside_Ver18_07 July 2025.pdf,pdfs/SEP_2025-07_2987561_3023054_Final_Monthly_Flow_Summary_Bayside_Ver18_07_July_2025.pdf,117575,1,aac2ecf89a3d2e0966fb6f387a5a44400dc0100adb7486cb9dffe1997d53072d,2026-09-29T21:46Z,0
OSP,2025,8,2995711,3030560,2,2025-08 OSP SMR Final.pdf,pdfs/OSP_2025-08_2995711_3030560_2025-08_OSP_SMR_Final.pdf,322913,1,3da4e8b45232694635898915738b8d3f7d568f9fad08fc6395bab17438810dee,2026-09-29T21:46Z,0
OSP,2025,8,2995711,3030559,2,Final_Monthly_FLow_Summary_Westside_Ver18_08 August 2025.pdf,pdfs/OSP_2025-08_2995711_3030559_Final_Monthly_FLow_Summary_Westside_Ver18_08_August_2025.pdf,107035,1,6c5b48f9e0e7befcaa3b847fdb51e24679b48c0f97c8127449e943de621c0a51,2026-09-29T21:46Z,0
SEP,2025,8,2995475,3030733,2,2025-08 SEP SMR Final.pdf,pdfs/SEP_2025-08_2995475_3030733_2025-08_SEP_SMR_Final.pdf,382673,1,fd0770d5a6ef96cb8aeae1419bd5fb05d75126144ba80819315b002f5f21b1bb,2026-09-29T21:46Z,0
SEP,2025,8,2995475,3030734,2,Final_Monthly_Flow_Summary_Bayside_Ver18_08 August 2025.pdf,pdfs/SEP_2025-08_2995475_3030734_Final_Monthly_Flow_Summary_Bayside_Ver18_08_August_2025.pdf,118157,1,40aa4ba82ff825092d444f1f949c814f9f451272f194bfb9622ecd4141a60da9,2026-09-29T21:46Z,0
OSP,2025,9,3003489,3036984,2,2025-09 OSP SMR Final.pdf,pdfs/OSP_2025-09_3003489_3036984_2025-09_OSP_SMR_Final.pdf,384584,1,264081c2aea04b69cafa6abb25e7757f17c6e20ee9557b776d1e01f325858d48,2026-09-29T21:46Z,0
OSP,2025,9,3003489,3036983,2,Draft_Monthly_FLow_Summary_Westside_Ver18_09 September 2025.pdf,pdfs/OSP_2025-09_3003489_3036983_Draft_Monthly_FLow_Summary_Westside_Ver18_09_September_2025.pdf,106900,1,c55cbe7a28aa26f1c26a1c21bd0eda380089a56fa00ff72776237c813d519e99,2026-09-29T21:46Z,0
SEP,2025,9,3003027,3038501,2,2025-09 SEP SMR Final.pdf,pdfs/SEP_2025-09_3003027_3038501_2025-09_SEP_SMR_Final.pdf,369133,1,b3ca0b6d81b565ceeec5f42cc158a0f81e49d554396fae8530b6022fff904538,2026-09-29T21:46Z,0
SEP,2025,9,3003027,3038500,2,Final_Monthly_Flow_Summary_Bayside_Ver18_09 September 2025.pdf,pdfs/SEP_2025-09_3003027_3038500_Final_Monthly_Flow_Summary_Bayside_Ver18_09_September_2025.pdf,118343,1,338a1dff9e4d85f04f62fc03478eda9a892116abb3b24c1eabd3c6542c84d58c,2026-09-29T21:46Z,0
OSP,2025,10,3018740,3049163,2,2025-10 OSP SMR Final.pdf,pdfs/OSP_2025-10_3018740_3049163_2025-10_OSP_SMR_Final.pdf,383598,1,08f7ef4ccf38b797807bebba4c0f176de71b9d0ab752394f4b0fc9eaf085b728,2026-09-29T21:46Z,0
OSP,2025,10,3018740,3049164,2,FINAL_Monthly_FLow_Summary_Westside_Ver18_10 October 2025.pdf,pdfs/OSP_2025-10_3018740_3049164_FINAL_Monthly_FLow_Summary_Westside_Ver18_10_October_2025.pdf,109433,1,d52c9fbc5747be53a2e9c01fbf4e671fec47d20540a0bec33b7089e838d96312,2026-09-29T21:46Z,1
SEP,2025,10,3018618,3048789,2,2025-10 SEP SMR Final.pdf,pdfs/SEP_2025-10_3018618_3048789_2025-10_SEP_SMR_Final.pdf,379230,1,beaae36670319d3f42ec86c4c929a3747e9d61a05b962d88cbd31cf501f82926,2026-09-29T21:46Z,0
SEP,2025,10,3018618,3048788,2,FINAL_Monthly_Flow_Summary_Bayside_Ver18_10 October 2025.pdf,pdfs/SEP_2025-10_3018618_3048788_FINAL_Monthly_Flow_Summary_Bayside_Ver18_10_October_2025.pdf,119815,1,2c9205109ab881f42e9fe8f3945a5490731ce0db83350b9898c8cdbfa1251761,2026-09-29T21:46Z,1
OSP,2025,11,3049126,3057195,2,2025-11 OSP SMR Final.pdf,pdfs/OSP_2025-11_3049126_3057195_2025-11_OSP_SMR_Final.pdf,406691,1,1d6ae1c4ee8d56484e7488f5913a259fc32f726618407c3d82a7af0420ab9888,2026-09-29T21:46Z,0
OSP,2025,11,3049126,3057193,2,Final_Monthly_FLow_Summary_Westside_Ver18_11 November 2025.pdf,pdfs/OSP_2025-11_3049126_3057193_Final_Monthly_FLow_Summary_Westside_Ver18_11_November_2025.pdf,112240,1,404b04a2941e5c6d935d643628f71d7155adb63ece17a2607ae77dbc18608dd9,2026-09-29T21:46Z,1
SEP,2025,11,3025768,3057801,2,2025-11 SEP SMR Final.pdf,pdfs/SEP_2025-11_3025768_3057801_2025-11_SEP_SMR_Final.pdf,420534,1,9e0082a81445b057c3587ee95df0b03493e3a6ba6fdb8cee603c2ac7336dfd5c,2026-09-29T21:46Z,0
SEP,2025,11,3025768,3057800,2,Final_Monthly_Flow_Summary_Bayside_Ver18_11 November 2025.pdf,pdfs/SEP_2025-11_3025768_3057800_Final_Monthly_Flow_Summary_Bayside_Ver18_11_November_2025.pdf,122267,1,138bf51143a9b1bad4e017c89ae03e3931d51fc373c2aba69f5cf301fa93851e,2026-09-29T21:46Z,1
OSP,2025,12,3049127,3075320,2,2025-12 OSP SMR Final.pdf,pdfs/OSP_2025-12_3049127_3075320_2025-12_OSP_SMR_Final.pdf,406619,1,ad6ee39c6c7aa81793dbd56209cf82addb67f1cfdb6cebca633f3d43522b9226,2026-09-29T21:46Z,0
OSP,2025,12,3049127,3075318,2,Final_Monthly_Flow_Summary_Westside_Ver18_12 December 2025.pdf,pdfs/OSP_2025-12_3049127_3075318_Final_Monthly_Flow_Summary_Westside_Ver18_12_December_2025.pdf,367332,1,c611dcded304c7e8c02ce9994287a5c901b570f51d984ed1d669c958efad0182,2026-09-29T21:46Z,1
SEP,2025,12,3032362,3074907,2,2025-12 SEP SMR Final.pdf,pdfs/SEP_2025-12_3032362_3074907_2025-12_SEP_SMR_Final.pdf,412230,1,a60482c3d3322e9f2d2e8b0adf07d6536a0c0ebe464d89c6d38aec9487b32949,2026-09-29T21:46Z,0
SEP,2025,12,3032362,3074904,2,Final_Monthly_Flow_Summary_Bayside_Ver18_12 December 2025.pdf,pdfs/SEP_2025-12_3032362_3074904_Final_Monthly_Flow_Summary_Bayside_Ver18_12_December_2025.pdf,514162,1,bbdb09d8c08c1467f2b70fc6f65223959fa129874affe7c34e5f7de2928f61e9,2026-09-29T21:46Z,1
OSP,2026,1,3065632,3093669,2,2026-01 OSP SMR Final.pdf,pdfs/OSP_2026-01_3065632_3093669_2026-01_OSP_SMR_Final.pdf,424567,1,3b3b45469ca73ab9992c582b90877428178b3444c5ec26134afaaf65c274a657,2026-09-29T21:46Z,0
OSP,2026,1,3065632,3093668,2,Final_Monthly_Flow_Summary_Westside_Ver18_1 January 2026.pdf,pdfs/OSP_2026-01_3065632_3093668_Final_Monthly_Flow_Summary_Westside_Ver18_1_January_2026.pdf,199816,1,8d5457d906c3d25cdcb93acbbc6c74e6a6cc1d54b413fcd4110b802902d60a0c,2026-09-29T21:46Z,1
SEP,2026,1,3063421,3093712,2,2026-01 SEP SMR Final CL.pdf,pdfs/SEP_2026-01_3063421_3093712_2026-01_SEP_SMR_Final_CL.pdf,428659,1,8b28e3ef0bcf0f6dd83a751a15b77a3ebbd01ed58ed3b9578dcc2be08199e31d,2026-09-29T21:46Z,0
SEP,2026,1,3063421,3093711,2,Final_Monthly_Flow_Summary_Bayside_Ver18_1 January 2026.pdf,pdfs/SEP_2026-01_3063421_3093711_Final_Monthly_Flow_Summary_Bayside_Ver18_1_January_2026.pdf,334557,1,5dcce3a06de18f1253e793e0445580d1a7fba301e20cd554da0c0c31dc75901f,2026-09-29T21:46Z,1
OSP,2026,2,3065633,3104254,2,2026-02 OSP SMR CL Final.pdf,pdfs/OSP_2026-02_3065633_3104254_2026-02_OSP_SMR_CL_Final.pdf,182213,1,4e15a1f4f44b49a25a74b9da308f93a70dd096401f647bbb73a1e3fcaf0b86ce,2026-09-29T21:46Z,0
OSP,2026,2,3065633,3104256,2,Final_Monthly_Flow_Summary_Westside_Ver18_2 February 2026.pdf,pdfs/OSP_2026-02_3065633_3104256_Final_Monthly_Flow_Summary_Westside_Ver18_2_February_2026.pdf,309860,1,46a94c5c92cd995bfe5080907bf170c501d20bbf04cff9c9a0f72796ab8e0b68,2026-09-29T21:46Z,1
SEP,2026,2,3063422,3104549,2,2026-02 SEP SMR Final CL.pdf,pdfs/SEP_2026-02_3063422_3104549_2026-02_SEP_SMR_Final_CL.pdf,412514,1,c3ff744a5d8f6b0b51a0bc6b94ca8a75bcd784a113060893b86d5734aa783a45,2026-09-29T21:46Z,0
SEP,2026,2,3063422,3104550,2,Final_Monthly_Flow_Summary_Bayside_Ver18_2 February 2026.pdf,pdfs/SEP_2026-02_3063422_3104550_Final_Monthly_Flow_Summary_Bayside_Ver18_2_February_2026.pdf,463689,1,2741e9b0703919979e50bf96160c87551db87a542c0c576a68a08bea14d77f32,2026-09-29T21:46Z,0
OSP,2026,3,3065634,3113247,2,2026-03 OSP SMR Final.pdf,pdfs/OSP_2026-03_3065634_3113247_2026-03_OSP_SMR_Final.pdf,422157,1,a8476124db1059db79f7eb392827594ec028cbcf55172f69d67b0868f54e5659,2026-09-29T21:46Z,0
OSP,2026,3,3065634,3113250,2,Final_Monthly_Flow_Summary_Westside_Ver18_3 March 2026.pdf,pdfs/OSP_2026-03_3065634_3113250_Final_Monthly_Flow_Summary_Westside_Ver18_3_March_2026.pdf,342734,1,c593eb383ec366d6900cfa6a0f3531d7af4878badccad18cc430f658ffb18f39,2026-09-29T21:46Z,0
SEP,2026,3,3063423,3113304,2,2026-03 SEP SMR Final CL.pdf,pdfs/SEP_2026-03_3063423_3113304_2026-03_SEP_SMR_Final_CL.pdf,396015,1,cabb09be7b0d48fe9b41eefd08c8e45948aa13bc6ee1b9ee8a3a89b5fa94b48f,2026-09-29T21:46Z,0
SEP,2026,3,3063423,3113303,2,Final_Monthly_Flow_Summary_Bayside_Ver18_3 March 2026.pdf,pdfs/SEP_2026-03_3063423_3113303_Final_Monthly_Flow_Summary_Bayside_Ver18_3_March_2026.pdf,486495,1,68c7f1cf4eb8be3d99037c15ba709f40ca2b8bee228a130542986dd742ceff31,2026-09-29T21:46Z,0
OSP,2026,4,3079319,3121691,2,2026-04 OSP SMR Final.pdf,pdfs/OSP_2026-04_3079319_3121691_2026-04_OSP_SMR_Final.pdf,412276,1,58597acb9dd9c63133d1683b1e9fd3f234d99f46da44632dbd31791992d7cf11,2026-09-29T21:46Z,0
OSP,2026,4,3079319,3121689,2,Final_Monthly_Flow_Summary_Westside_Ver18_4 April 2026.pdf,pdfs/OSP_2026-04_3079319_3121689_Final_Monthly_Flow_Summary_Westside_Ver18_4_April_2026.pdf,361362,1,6ce8ff5f4e600eccb8b9d8c66c7402be1123e5e49f87bf6ec6524a1d7336257d,2026-09-29T21:46Z,1
SEP,2026,4,3079191,3121726,2,2026-04 SEP SMR Final CL.pdf,pdfs/SEP_2026-04_3079191_3121726_2026-04_SEP_SMR_Final_CL.pdf,406709,1,c2102f354fc4cddb8cc8bdb26fb427985d60fb2da30eafc2500f58d9b129f71c,2026-09-29T21:46Z,0
SEP,2026,4,3079191,3121727,2,Final_Monthly_Flow_Summary_Bayside_Ver18_4 April 2026.pdf,pdfs/SEP_2026-04_3079191_3121727_Final_Monthly_Flow_Summary_Bayside_Ver18_4_April_2026.pdf,493504,1,7de93f1fd76265f90f419b859d320d868b7894e4d164c3314d273043019a5dab,2026-09-29T21:46Z,1
OSP,2026,5,3095906,3133696,2,2026-05 OSP SMR Final.pdf,pdfs/OSP_2026-05_3095906_3133696_2026-05_OSP_SMR_Final.pdf,449569,1,f814280acdf55351e95ff1ce92eb2e10d2e29deb832c7bd5edc066c07e8a6de2,2026-09-29T21:46Z,0
OSP,2026,5,3095906,3133695,2,Final_Monthly_Flow_Summary_Westside_Ver18_5 May 2026.pdf,pdfs/OSP_2026-05_3095906_3133695_Final_Monthly_Flow_Summary_Westside_Ver18_5_May_2026.pdf,348271,1,bf71110c6b2e7d0d916693ee5fe5a8233f307dabbbcf35e8c8e9f7408a319e79,2026-09-29T21:46Z,0
SEP,2026,5,3095775,3133765,2,2026-05 SEP SMR CL.pdf,pdfs/SEP_2026-05_3095775_3133765_2026-05_SEP_SMR_CL.pdf,417018,1,5a79410c8cfc6dc9f25ffd87975caf3b43b7008989357525eb4c46cfc1788005,2026-09-29T21:46Z,0
SEP,2026,5,3095775,3133761,2,Final_Monthly_Flow_Summary_Bayside_Ver18_5 May 2026.pdf,pdfs/SEP_2026-05_3095775_3133761_Final_Monthly_Flow_Summary_Bayside_Ver18_5_May_2026.pdf,497208,1,8b1f1ca6881a6287c81a7d989f335274769cb1074d22035580a9fd5794e1d7f9,2026-09-29T21:46Z,0
OSP,2026,6,3106901,3144413,2,2026-06 OSP SMR Final.pdf,pdfs/OSP_2026-06_3106901_3144413_2026-06_OSP_SMR_Final.pdf,424821,1,a19d7e1497fb88bfc30f16b1dcfe7845a34a3fd23c73c2f3b179c7780028bc56,2026-09-29T21:46Z,0
OSP,2026,6,3106901,3144414,2,Final_Monthly_Flow_Summary_Westside_Ver18_6 June 2026.pdf,pdfs/OSP_2026-06_3106901_3144414_Final_Monthly_Flow_Summary_Westside_Ver18_6_June_2026.pdf,341482,1,a7b686f773c498bb7f0ab6f888cf91677cc16ef788426f04213d5f5d8546940e,2026-09-29T21:46Z,0
SEP,2026,6,3106492,3145229,2,2026-06 SEP SMR CL.pdf,pdfs/SEP_2026-06_3106492_3145229_2026-06_SEP_SMR_CL.pdf,387360,1,c1c3df84fc59f11b1361b05078f3c1d568fe7bd8b1e50c06001eccab5682a9b9,2026-09-29T21:46Z,0
SEP,2026,6,3106492,3156186,2,Final_Monthly_Flow_Summary_Bayside_Ver18_6 June 2026.pdf,pdfs/SEP_2026-06_3106492_3156186_Final_Monthly_Flow_Summary_Bayside_Ver18_6_June_2026.pdf,478262,1,9c60865671d480101aaa7f81683897fc9e7eca1fb0d59d5130281ed3cceb07e9,2026-09-29T21:46Z,0
OSP,2026,7,3116575,3155631,2,2026-07 OSP SMR CL Final.pdf,pdfs/OSP_2026-07_3116575_3155631_2026-07_OSP_SMR_CL_Final.pdf,424625,1,5d6d94732afe2524530c7a7fe4e21fe96027e540ef3b89692f61c1c0dbca0f05,2026-09-29T21:46Z,0
OSP,2026,7,3116575,3155632,2,Final_Monthly_Flow_Summary_Westside_Ver18_7 July 2026.pdf,pdfs/OSP_2026-07_3116575_3155632_Final_Monthly_Flow_Summary_Westside_Ver18_7_July_2026.pdf,335215,1,e701f407b0f53774127490e5b6fa33b220ac8c35b15f759579a32bbc2d3857b5,2026-09-29T21:46Z,0
SEP,2026,7,3116441,3156158,2,2026-07 SEP SMR CL.pdf,pdfs/SEP_2026-07_3116441_3156158_2026-07_SEP_SMR_CL.pdf,411793,1,acca762e056ae8a39d91201c2fe7914c76e73d1906ebc30e87a2b1a68e9f1698,2026-09-29T21:46Z,0
SEP,2026,7,3116441,3156159,2,Final_Monthly_Flow_Summary_Bayside_Ver18_7 July 2026.pdf,pdfs/SEP_2026-07_3116441_3156159_Final_Monthly_Flow_Summary_Bayside_Ver18_7_July_2026.pdf,472399,1,625f3859876e72b26ebc49a0bb4720e7406730ec6d8efec1df3f2293af6277a2,2026-09-29T21:46Z,0
OSP,2026,8,3124551,3163567,2,2026-08 OSP SMR CL Final.pdf,pdfs/OSP_2026-08_3124551_3163567_2026-08_OSP_SMR_CL_Final.pdf,422936,1,ddf2061e3d8bf967d2dc8468cdfb32b6255cbc08dfb7d4f8fda3d088611cb423,2026-09-29T21:46Z,0
OSP,2026,8,3124551,3163568,2,Final_Monthly_Flow_Summary_Westside_Ver18_8 August 2026.pdf,pdfs/OSP_2026-08_3124551_3163568_Final_Monthly_Flow_Summary_Westside_Ver18_8_August_2026.pdf,338898,1,64fe52987354a95287ac67433a1e9f50f96654d3a9ac9893d58b63b37b21dc72,2026-09-29T21:46Z,0
SEP,2026,8,3124302,3163474,2,2026-08 SEP SMR CL.pdf,pdfs/SEP_2026-08_3124302_3163474_2026-08_SEP_SMR_CL.pdf,411945,1,7fff796fecc4b461cbf3c486857ea142b09674e0bbcc73a48bb245ada7147daf,2026-09-29T21:46Z,0
SEP,2026,8,3124302,3163475,2,Final_Monthly_Flow_Summary_Bayside_Ver18_8 August 2026.pdf,pdfs/SEP_2026-08_3124302_3163475_Final_Monthly_Flow_Summary_Bayside_Ver18_8_August_2026.pdf,473266,1,74b6b6c8186f3e5615d97f5841d131c51ff0b986db91af9c8c045307a341bba2,2026-09-29T21:46Z,0
