source,sample_date,analyte,data,first_seen
BAY#202.4_SL,2015-12-21,COLI_E,336,2016-03-19 14:05:37
BAY#202.4_SL,2015-12-21,COLI_TOTAL,1935,2016-03-19 14:05:37
BAY#202.4_SL,2015-12-21,ENTERO,185,2016-03-19 14:05:37
BAY#202.5_SL,2015-12-21,COLI_E,<10,2016-03-19 14:05:37
BAY#202.5_SL,2015-12-21,COLI_TOTAL,96,2016-03-19 14:05:37
BAY#202.5_SL,2015-12-21,ENTERO,10,2016-03-19 14:05:37
BAY#210.1_SL,2015-12-21,COLI_E,52,2016-03-19 14:05:37
BAY#210.1_SL,2015-12-21,COLI_TOTAL,331,2016-03-19 14:05:37
BAY#210.1_SL,2015-12-21,ENTERO,30,2016-03-19 14:05:37
BAY#211_SL,2015-12-21,COLI_E,63,2016-03-19 14:05:37
BAY#211_SL,2015-12-21,COLI_TOTAL,395,2016-03-19 14:05:37
BAY#211_SL,2015-12-21,ENTERO,10,2016-03-19 14:05:37
BAY#300.1_SL,2015-12-21,COLI_E,4106,2016-03-19 14:05:37
BAY#300.1_SL,2015-12-21,COLI_TOTAL,5794,2016-03-19 14:05:37
BAY#300.1_SL,2015-12-21,ENTERO,474,2016-03-19 14:05:37
BAY#301.1_SL,2015-12-21,COLI_E,1137,2016-03-19 14:05:37
BAY#301.1_SL,2015-12-21,COLI_TOTAL,17329,2016-03-19 14:05:37
BAY#301.1_SL,2015-12-21,ENTERO,2400,2016-03-19 14:05:37
BAY#301.2_SL,2015-12-21,COLI_E,663,2016-03-19 14:05:37
BAY#301.2_SL,2015-12-21,COLI_TOTAL,1439,2016-03-19 14:05:37
BAY#301.2_SL,2015-12-21,ENTERO,435,2016-03-19 14:05:37
BAY#320_SL,2015-12-21,COLI_E,74,2016-03-19 14:05:37
BAY#320_SL,2015-12-21,COLI_TOTAL,1467,2016-03-19 14:05:37
BAY#320_SL,2015-12-21,ENTERO,98,2016-03-19 14:05:37
OCEAN#15EAST_SL,2015-12-21,COLI_E,41,2016-03-19 14:05:37
OCEAN#15EAST_SL,2015-12-21,COLI_TOTAL,272,2016-03-19 14:05:37
OCEAN#15EAST_SL,2015-12-21,ENTERO,10,2016-03-19 14:05:37
OCEAN#15_SL,2015-12-21,COLI_E,20,2016-03-19 14:05:37
OCEAN#15_SL,2015-12-21,COLI_TOTAL,135,2016-03-19 14:05:37
OCEAN#15_SL,2015-12-21,ENTERO,<10,2016-03-19 14:05:37
OCEAN#16_SL,2015-12-21,COLI_E,10,2016-03-19 14:05:37
OCEAN#16_SL,2015-12-21,COLI_TOTAL,63,2016-03-19 14:05:37
OCEAN#16_SL,2015-12-21,ENTERO,<10,2016-03-19 14:05:37
OCEAN#17_SL,2015-12-21,COLI_E,30,2016-03-19 14:05:37
OCEAN#17_SL,2015-12-21,COLI_TOTAL,146,2016-03-19 14:05:37
OCEAN#17_SL,2015-12-21,ENTERO,10,2016-03-19 14:05:37
OCEAN#18_SL,2015-12-21,COLI_E,41,2016-03-19 14:05:37
OCEAN#18_SL,2015-12-21,COLI_TOTAL,132,2016-03-19 14:05:37
OCEAN#18_SL,2015-12-21,ENTERO,<10,2016-03-19 14:05:37
OCEAN#19_SL,2015-12-21,COLI_E,63,2016-03-19 14:05:37
OCEAN#19_SL,2015-12-21,COLI_TOTAL,246,2016-03-19 14:05:37
OCEAN#19_SL,2015-12-21,ENTERO,<10,2016-03-19 14:05:37
OCEAN#21.1_SL,2015-12-21,COLI_E,63,2016-03-19 14:05:37
OCEAN#21.1_SL,2015-12-21,COLI_TOTAL,175,2016-03-19 14:05:37
OCEAN#21.1_SL,2015-12-21,ENTERO,<10,2016-03-19 14:05:37
BAY#202.4_SL,2015-12-22,COLI_E,331,2016-03-19 14:05:37
BAY#202.4_SL,2015-12-22,COLI_TOTAL,1842,2016-03-19 14:05:37
BAY#202.4_SL,2015-12-22,ENTERO,197,2016-03-19 14:05:37
BAY#300.1_SL,2015-12-22,COLI_E,52,2016-03-19 14:05:37
BAY#300.1_SL,2015-12-22,COLI_TOTAL,262,2016-03-19 14:05:37
BAY#300.1_SL,2015-12-22,ENTERO,74,2016-03-19 14:05:37
BAY#301.1_SL,2015-12-22,COLI_E,473,2016-03-19 14:05:37
BAY#301.1_SL,2015-12-22,COLI_TOTAL,17329,2016-03-19 14:05:37
BAY#301.1_SL,2015-12-22,ENTERO,2382,2016-03-19 14:05:37
BAY#301.2_SL,2015-12-22,COLI_E,41,2016-03-19 14:05:37
BAY#301.2_SL,2015-12-22,COLI_TOTAL,581,2016-03-19 14:05:37
BAY#301.2_SL,2015-12-22,ENTERO,98,2016-03-19 14:05:37
BAY#320_SL,2015-12-22,COLI_E,>24196,2016-03-19 14:05:37
BAY#320_SL,2015-12-22,COLI_TOTAL,>24196,2016-03-19 14:05:37
BAY#320_SL,2015-12-22,ENTERO,11199,2016-03-19 14:05:37
BAY#202.4_SL,2015-12-23,COLI_E,41,2016-03-19 14:05:37
BAY#202.4_SL,2015-12-23,COLI_TOTAL,487,2016-03-19 14:05:37
BAY#202.4_SL,2015-12-23,ENTERO,98,2016-03-19 14:05:37
BAY#301.1_SL,2015-12-23,COLI_E,74,2016-03-19 14:05:37
BAY#301.1_SL,2015-12-23,COLI_TOTAL,323,2016-03-19 14:05:37
BAY#301.1_SL,2015-12-23,ENTERO,74,2016-03-19 14:05:37
BAY#320_SL,2015-12-23,COLI_E,677,2016-03-19 14:05:37
BAY#320_SL,2015-12-23,COLI_TOTAL,14136,2016-03-19 14:05:37
BAY#320_SL,2015-12-23,ENTERO,63,2016-03-19 14:05:37
BAY#320_SL,2015-12-24,COLI_E,161,2016-03-19 14:05:37
BAY#320_SL,2015-12-24,COLI_TOTAL,2098,2016-03-19 14:05:37
BAY#320_SL,2015-12-24,ENTERO,41,2016-03-19 14:05:37
BAY#202.4_SL,2015-12-28,COLI_E,<10,2016-03-19 14:05:37
BAY#202.4_SL,2015-12-28,COLI_TOTAL,10,2016-03-19 14:05:37
BAY#202.4_SL,2015-12-28,ENTERO,<10,2016-03-19 14:05:37
BAY#202.5_SL,2015-12-28,COLI_E,<10,2016-03-19 14:05:37
BAY#202.5_SL,2015-12-28,COLI_TOTAL,20,2016-03-19 14:05:37
BAY#202.5_SL,2015-12-28,ENTERO,10,2016-03-19 14:05:37
BAY#210.1_SL,2015-12-28,COLI_E,<10,2016-03-19 14:05:37
BAY#210.1_SL,2015-12-28,COLI_TOTAL,20,2016-03-19 14:05:37
BAY#210.1_SL,2015-12-28,ENTERO,<10,2016-03-19 14:05:37
BAY#211_SL,2015-12-28,COLI_E,<10,2016-03-19 14:05:37
BAY#211_SL,2015-12-28,COLI_TOTAL,75,2016-03-19 14:05:37
BAY#211_SL,2015-12-28,ENTERO,10,2016-03-19 14:05:37
BAY#300.1_SL,2015-12-28,COLI_E,20,2016-03-19 14:05:37
BAY#300.1_SL,2015-12-28,COLI_TOTAL,160,2016-03-19 14:05:37
BAY#300.1_SL,2015-12-28,ENTERO,10,2016-03-19 14:05:37
BAY#301.1_SL,2015-12-28,COLI_E,41,2016-03-19 14:05:37
BAY#301.1_SL,2015-12-28,COLI_TOTAL,1145,2016-03-19 14:05:37
BAY#301.1_SL,2015-12-28,ENTERO,41,2016-03-19 14:05:37
BAY#301.2_SL,2015-12-28,COLI_E,20,2016-03-19 14:05:37
BAY#301.2_SL,2015-12-28,COLI_TOTAL,63,2016-03-19 14:05:37
BAY#301.2_SL,2015-12-28,ENTERO,<10,2016-03-19 14:05:37
BAY#320_SL,2015-12-28,COLI_E,31,2016-03-19 14:05:37
BAY#320_SL,2015-12-28,COLI_TOTAL,350,2016-03-19 14:05:37
BAY#320_SL,2015-12-28,ENTERO,<10,2016-03-19 14:05:37
OCEAN#15EAST_SL,2015-12-28,COLI_E,10,2016-03-19 14:05:37
OCEAN#15EAST_SL,2015-12-28,COLI_TOTAL,41,2016-03-19 14:05:37
OCEAN#15EAST_SL,2015-12-28,ENTERO,<10,2016-03-19 14:05:37
OCEAN#15_SL,2015-12-28,COLI_E,20,2016-03-19 14:05:37
OCEAN#15_SL,2015-12-28,COLI_TOTAL,4884,2016-03-19 14:05:37
OCEAN#15_SL,2015-12-28,ENTERO,10,2016-03-19 14:05:37
OCEAN#16_SL,2015-12-28,COLI_E,<10,2016-03-19 14:05:37
OCEAN#16_SL,2015-12-28,COLI_TOTAL,41,2016-03-19 14:05:37
OCEAN#16_SL,2015-12-28,ENTERO,10,2016-03-19 14:05:37
OCEAN#17_SL,2015-12-28,COLI_E,<10,2016-03-19 14:05:37
OCEAN#17_SL,2015-12-28,COLI_TOTAL,31,2016-03-19 14:05:37
OCEAN#17_SL,2015-12-28,ENTERO,<10,2016-03-19 14:05:37
OCEAN#18_SL,2015-12-28,COLI_E,10,2016-03-19 14:05:37
OCEAN#18_SL,2015-12-28,COLI_TOTAL,30,2016-03-19 14:05:37
OCEAN#18_SL,2015-12-28,ENTERO,20,2016-03-19 14:05:37
OCEAN#19_SL,2015-12-28,COLI_E,10,2016-03-19 14:05:37
OCEAN#19_SL,2015-12-28,COLI_TOTAL,52,2016-03-19 14:05:37
OCEAN#19_SL,2015-12-28,ENTERO,<10,2016-03-19 14:05:37
OCEAN#21.1_SL,2015-12-28,COLI_E,<10,2016-03-19 14:05:37
OCEAN#21.1_SL,2015-12-28,COLI_TOTAL,41,2016-03-19 14:05:37
OCEAN#21.1_SL,2015-12-28,ENTERO,<10,2016-03-19 14:05:37
BAY#202.4_SL,2016-01-04,COLI_E,52,2016-03-19 14:05:37
BAY#202.4_SL,2016-01-04,COLI_TOTAL,97,2016-03-19 14:05:37
BAY#202.4_SL,2016-01-04,ENTERO,262,2016-03-19 14:05:37
BAY#202.5_SL,2016-01-04,COLI_E,<10,2016-03-19 14:05:37
BAY#202.5_SL,2016-01-04,COLI_TOTAL,31,2016-03-19 14:05:37
BAY#202.5_SL,2016-01-04,ENTERO,<10,2016-03-19 14:05:37
BAY#210.1_SL,2016-01-04,COLI_E,<10,2016-03-19 14:05:37
BAY#210.1_SL,2016-01-04,COLI_TOTAL,20,2016-03-19 14:05:37
BAY#210.1_SL,2016-01-04,ENTERO,<10,2016-03-19 14:05:37
BAY#211_SL,2016-01-04,COLI_E,31,2016-03-19 14:05:37
BAY#211_SL,2016-01-04,COLI_TOTAL,201,2016-03-19 14:05:37
BAY#211_SL,2016-01-04,ENTERO,10,2016-03-19 14:05:37
BAY#300.1_SL,2016-01-04,COLI_E,10,2016-03-19 14:05:37
BAY#300.1_SL,2016-01-04,COLI_TOTAL,52,2016-03-19 14:05:37
BAY#300.1_SL,2016-01-04,ENTERO,20,2016-03-19 14:05:37
BAY#301.1_SL,2016-01-04,COLI_E,399,2016-03-19 14:05:37
BAY#301.1_SL,2016-01-04,COLI_TOTAL,3873,2016-03-19 14:05:37
BAY#301.1_SL,2016-01-04,ENTERO,336,2016-03-19 14:05:37
BAY#301.2_SL,2016-01-04,COLI_E,10,2016-03-19 14:05:37
BAY#301.2_SL,2016-01-04,COLI_TOTAL,63,2016-03-19 14:05:37
BAY#301.2_SL,2016-01-04,ENTERO,20,2016-03-19 14:05:37
BAY#320_SL,2016-01-04,COLI_E,20,2016-03-19 14:05:37
BAY#320_SL,2016-01-04,COLI_TOTAL,109,2016-03-19 14:05:37
BAY#320_SL,2016-01-04,ENTERO,10,2016-03-19 14:05:37
OCEAN#15EAST_SL,2016-01-04,COLI_E,20,2016-03-19 14:05:37
OCEAN#15EAST_SL,2016-01-04,COLI_TOTAL,74,2016-03-19 14:05:37
OCEAN#15EAST_SL,2016-01-04,ENTERO,10,2016-03-19 14:05:37
OCEAN#15_SL,2016-01-04,COLI_E,20,2016-03-19 14:05:37
OCEAN#15_SL,2016-01-04,COLI_TOTAL,171,2016-03-19 14:05:37
OCEAN#15_SL,2016-01-04,ENTERO,<10,2016-03-19 14:05:37
OCEAN#16_SL,2016-01-04,COLI_E,10,2016-03-19 14:05:37
OCEAN#16_SL,2016-01-04,COLI_TOTAL,20,2016-03-19 14:05:37
OCEAN#16_SL,2016-01-04,ENTERO,<10,2016-03-19 14:05:37
OCEAN#17_SL,2016-01-04,COLI_E,10,2016-03-19 14:05:37
OCEAN#17_SL,2016-01-04,COLI_TOTAL,20,2016-03-19 14:05:37
OCEAN#17_SL,2016-01-04,ENTERO,<10,2016-03-19 14:05:37
OCEAN#18_SL,2016-01-04,COLI_E,10,2016-03-19 14:05:37
OCEAN#18_SL,2016-01-04,COLI_TOTAL,10,2016-03-19 14:05:37
OCEAN#18_SL,2016-01-04,ENTERO,20,2016-03-19 14:05:37
OCEAN#19_SL,2016-01-04,COLI_E,<10,2016-03-19 14:05:37
OCEAN#19_SL,2016-01-04,COLI_TOTAL,51,2016-03-19 14:05:37
OCEAN#19_SL,2016-01-04,ENTERO,<10,2016-03-19 14:05:37
OCEAN#21.1_SL,2016-01-04,COLI_E,20,2016-03-19 14:05:37
OCEAN#21.1_SL,2016-01-04,COLI_TOTAL,31,2016-03-19 14:05:37
OCEAN#21.1_SL,2016-01-04,ENTERO,<10,2016-03-19 14:05:37
BAY#202.4_SL,2016-01-05,COLI_E,20,2016-03-19 14:05:37
BAY#202.4_SL,2016-01-05,COLI_TOTAL,31,2016-03-19 14:05:37
BAY#202.4_SL,2016-01-05,ENTERO,146,2016-03-19 14:05:37
BAY#301.1_SL,2016-01-05,COLI_E,650,2016-03-19 14:05:37
BAY#301.1_SL,2016-01-05,COLI_TOTAL,11199,2016-03-19 14:05:37
BAY#301.1_SL,2016-01-05,ENTERO,2282,2016-03-19 14:05:37
OCEAN#15EAST_SL,2016-01-05,COLI_E,20,2016-03-19 14:05:37
OCEAN#15EAST_SL,2016-01-05,COLI_TOTAL,158,2016-03-19 14:05:37
OCEAN#15EAST_SL,2016-01-05,ENTERO,52,2016-03-19 14:05:37
OCEAN#15_SL,2016-01-05,COLI_E,241,2016-03-19 14:05:37
OCEAN#15_SL,2016-01-05,COLI_TOTAL,9804,2016-03-19 14:05:37
OCEAN#15_SL,2016-01-05,ENTERO,384,2016-03-19 14:05:37
OCEAN#16_SL,2016-01-05,COLI_E,51,2016-03-19 14:05:37
OCEAN#16_SL,2016-01-05,COLI_TOTAL,155,2016-03-19 14:05:37
OCEAN#16_SL,2016-01-05,ENTERO,379,2016-03-19 14:05:37
BAY#202.4_SL,2016-01-06,COLI_E,31,2016-03-19 14:05:37
BAY#202.4_SL,2016-01-06,COLI_TOTAL,122,2016-03-19 14:05:37
BAY#202.4_SL,2016-01-06,ENTERO,98,2016-03-19 14:05:37
BAY#301.1_SL,2016-01-06,COLI_E,259,2016-03-19 14:05:37
BAY#301.1_SL,2016-01-06,COLI_TOTAL,4884,2016-03-19 14:05:37
BAY#301.1_SL,2016-01-06,ENTERO,816,2016-03-19 14:05:37
BAY#320_SL,2016-01-06,COLI_E,>24196,2016-03-19 14:05:37
BAY#320_SL,2016-01-06,COLI_TOTAL,>24196,2016-03-19 14:05:37
BAY#320_SL,2016-01-06,ENTERO,24196,2016-03-19 14:05:37
OCEAN#15EAST_SL,2016-01-06,COLI_E,109,2016-03-19 14:05:37
OCEAN#15EAST_SL,2016-01-06,COLI_TOTAL,464,2016-03-19 14:05:37
OCEAN#15EAST_SL,2016-01-06,ENTERO,52,2016-03-19 14:05:37
OCEAN#15_SL,2016-01-06,COLI_E,85,2016-03-19 14:05:37
OCEAN#15_SL,2016-01-06,COLI_TOTAL,842,2016-03-19 14:05:37
OCEAN#15_SL,2016-01-06,ENTERO,52,2016-03-19 14:05:37
OCEAN#16_SL,2016-01-06,COLI_E,161,2016-03-19 14:05:37
OCEAN#16_SL,2016-01-06,COLI_TOTAL,439,2016-03-19 14:05:37
OCEAN#16_SL,2016-01-06,ENTERO,41,2016-03-19 14:05:37
OCEAN#18_SL,2016-01-06,COLI_E,216,2016-03-19 14:05:37
OCEAN#18_SL,2016-01-06,COLI_TOTAL,1071,2016-03-19 14:05:37
OCEAN#18_SL,2016-01-06,ENTERO,52,2016-03-19 14:05:37
OCEAN#19_SL,2016-01-06,COLI_E,591,2016-03-19 14:05:37
OCEAN#19_SL,2016-01-06,COLI_TOTAL,2755,2016-03-19 14:05:37
OCEAN#19_SL,2016-01-06,ENTERO,173,2016-03-19 14:05:37
OCEAN#20_SL,2016-01-06,COLI_E,97,2016-03-19 14:05:37
OCEAN#20_SL,2016-01-06,COLI_TOTAL,548,2016-03-19 14:05:37
OCEAN#20_SL,2016-01-06,ENTERO,84,2016-03-19 14:05:37
OCEAN#21.1_SL,2016-01-06,COLI_E,20,2016-03-19 14:05:37
OCEAN#21.1_SL,2016-01-06,COLI_TOTAL,233,2016-03-19 14:05:37
OCEAN#21.1_SL,2016-01-06,ENTERO,62,2016-03-19 14:05:37
OCEAN#21_SL,2016-01-06,COLI_E,41,2016-03-19 14:05:37
OCEAN#21_SL,2016-01-06,COLI_TOTAL,706,2016-03-19 14:05:37
OCEAN#21_SL,2016-01-06,ENTERO,63,2016-03-19 14:05:37
OCEAN#22_SL,2016-01-06,COLI_E,20,2016-03-19 14:05:37
OCEAN#22_SL,2016-01-06,COLI_TOTAL,231,2016-03-19 14:05:37
OCEAN#22_SL,2016-01-06,ENTERO,75,2016-03-19 14:05:37
BAY#301.1_SL,2016-01-07,COLI_E,85,2016-03-19 14:05:37
BAY#301.1_SL,2016-01-07,COLI_TOTAL,5794,2016-03-19 14:05:37
BAY#301.1_SL,2016-01-07,ENTERO,110,2016-03-19 14:05:37
BAY#320_SL,2016-01-07,COLI_E,>24196,2016-03-19 14:05:37
BAY#320_SL,2016-01-07,COLI_TOTAL,>24196,2016-03-19 14:05:37
BAY#320_SL,2016-01-07,ENTERO,8164,2016-03-19 14:05:37
OCEAN#19_SL,2016-01-07,COLI_E,63,2016-03-19 14:05:37
OCEAN#19_SL,2016-01-07,COLI_TOTAL,327,2016-03-19 14:05:37
OCEAN#19_SL,2016-01-07,ENTERO,52,2016-03-19 14:05:37
BAY#301.1_SL,2016-01-08,COLI_E,20,2016-03-19 14:05:37
BAY#301.1_SL,2016-01-08,COLI_TOTAL,602,2016-03-19 14:05:37
BAY#301.1_SL,2016-01-08,ENTERO,<10,2016-03-19 14:05:37
BAY#320_SL,2016-01-08,COLI_E,3076,2016-03-19 14:05:37
BAY#320_SL,2016-01-08,COLI_TOTAL,>24196,2016-03-19 14:05:37
BAY#320_SL,2016-01-08,ENTERO,292,2016-03-19 14:05:37
BAY#320_SL,2016-01-09,COLI_E,75,2016-03-19 14:05:37
BAY#320_SL,2016-01-09,COLI_TOTAL,3076,2016-03-19 14:05:37
BAY#320_SL,2016-01-09,ENTERO,31,2016-03-19 14:05:37
BAY#202.4_SL,2016-01-11,COLI_E,98,2016-03-19 14:05:37
BAY#202.4_SL,2016-01-11,COLI_TOTAL,161,2016-03-19 14:05:37
BAY#202.4_SL,2016-01-11,ENTERO,52,2016-03-19 14:05:37
BAY#202.5_SL,2016-01-11,COLI_E,31,2016-03-19 14:05:37
BAY#202.5_SL,2016-01-11,COLI_TOTAL,75,2016-03-19 14:05:37
BAY#202.5_SL,2016-01-11,ENTERO,10,2016-03-19 14:05:37
BAY#210.1_SL,2016-01-11,COLI_E,<10,2016-03-19 14:05:37
BAY#210.1_SL,2016-01-11,COLI_TOTAL,345,2016-03-19 14:05:37
BAY#210.1_SL,2016-01-11,ENTERO,10,2016-03-19 14:05:37
BAY#211_SL,2016-01-11,COLI_E,<10,2016-03-19 14:05:37
BAY#211_SL,2016-01-11,COLI_TOTAL,345,2016-03-19 14:05:37
BAY#211_SL,2016-01-11,ENTERO,292,2016-03-19 14:05:37
BAY#300.1_SL,2016-01-11,COLI_E,<10,2016-03-19 14:05:37
BAY#300.1_SL,2016-01-11,COLI_TOTAL,40,2016-03-19 14:05:37
BAY#300.1_SL,2016-01-11,ENTERO,<10,2016-03-19 14:05:37
BAY#301.1_SL,2016-01-11,COLI_E,41,2016-03-19 14:05:37
BAY#301.1_SL,2016-01-11,COLI_TOTAL,246,2016-03-19 14:05:37
BAY#301.1_SL,2016-01-11,ENTERO,63,2016-03-19 14:05:37
BAY#301.2_SL,2016-01-11,COLI_E,<10,2016-03-19 14:05:37
BAY#301.2_SL,2016-01-11,COLI_TOTAL,<10,2016-03-19 14:05:37
BAY#301.2_SL,2016-01-11,ENTERO,10,2016-03-19 14:05:37
BAY#320_SL,2016-01-11,COLI_E,75,2016-03-19 14:05:37
BAY#320_SL,2016-01-11,COLI_TOTAL,683,2016-03-19 14:05:37
BAY#320_SL,2016-01-11,ENTERO,20,2016-03-19 14:05:37
OCEAN#15EAST_SL,2016-01-11,COLI_E,20,2016-03-19 14:05:37
OCEAN#15EAST_SL,2016-01-11,COLI_TOTAL,52,2016-03-19 14:05:37
OCEAN#15EAST_SL,2016-01-11,ENTERO,20,2016-03-19 14:05:37
OCEAN#15_SL,2016-01-11,COLI_E,30,2016-03-19 14:05:37
OCEAN#15_SL,2016-01-11,COLI_TOTAL,3784,2016-03-19 14:05:37
OCEAN#15_SL,2016-01-11,ENTERO,10,2016-03-19 14:05:37
OCEAN#16_SL,2016-01-11,COLI_E,<10,2016-03-19 14:05:37
OCEAN#16_SL,2016-01-11,COLI_TOTAL,31,2016-03-19 14:05:37
OCEAN#16_SL,2016-01-11,ENTERO,<10,2016-03-19 14:05:37
OCEAN#17_SL,2016-01-11,COLI_E,<10,2016-03-19 14:05:37
OCEAN#17_SL,2016-01-11,COLI_TOTAL,97,2016-03-19 14:05:37
OCEAN#17_SL,2016-01-11,ENTERO,10,2016-03-19 14:05:37
OCEAN#18_SL,2016-01-11,COLI_E,20,2016-03-19 14:05:37
OCEAN#18_SL,2016-01-11,COLI_TOTAL,41,2016-03-19 14:05:37
OCEAN#18_SL,2016-01-11,ENTERO,<10,2016-03-19 14:05:37
OCEAN#19_SL,2016-01-11,COLI_E,20,2016-03-19 14:05:37
OCEAN#19_SL,2016-01-11,COLI_TOTAL,52,2016-03-19 14:05:37
OCEAN#19_SL,2016-01-11,ENTERO,10,2016-03-19 14:05:37
OCEAN#21.1_SL,2016-01-11,COLI_E,<10,2016-03-19 14:05:37
OCEAN#21.1_SL,2016-01-11,COLI_TOTAL,20,2016-03-19 14:05:37
OCEAN#21.1_SL,2016-01-11,ENTERO,<10,2016-03-19 14:05:37
BAY#211_SL,2016-01-12,COLI_E,<10,2016-03-19 14:05:37
BAY#211_SL,2016-01-12,COLI_TOTAL,<10,2016-03-19 14:05:37
BAY#211_SL,2016-01-12,ENTERO,<10,2016-03-19 14:05:37
BAY#220_SL,2016-01-18,COLI_E,17329,2016-03-19 14:05:37
BAY#220_SL,2016-01-18,COLI_TOTAL,>24196,2016-03-19 14:05:37
BAY#220_SL,2016-01-18,ENTERO,1674,2016-03-19 14:05:37
BAY#301.2_SL,2016-01-18,COLI_E,384,2016-03-19 14:05:37
BAY#301.2_SL,2016-01-18,COLI_TOTAL,17329,2016-03-19 14:05:37
BAY#301.2_SL,2016-01-18,ENTERO,448,2016-03-19 14:05:37
BAY#320_SL,2016-01-18,COLI_E,7270,2016-03-19 14:05:37
BAY#320_SL,2016-01-18,COLI_TOTAL,>24196,2016-03-19 14:05:37
BAY#320_SL,2016-01-18,ENTERO,2187,2016-03-19 14:05:37
OCEAN#18_SL,2016-01-18,COLI_E,98,2016-03-19 14:05:37
OCEAN#18_SL,2016-01-18,COLI_TOTAL,733,2016-03-19 14:05:37
OCEAN#18_SL,2016-01-18,ENTERO,20,2016-03-19 14:05:37
OCEAN#19_SL,2016-01-18,COLI_E,135,2016-03-19 14:05:37
OCEAN#19_SL,2016-01-18,COLI_TOTAL,960,2016-03-19 14:05:37
OCEAN#19_SL,2016-01-18,ENTERO,52,2016-03-19 14:05:37
OCEAN#20_SL,2016-01-18,COLI_E,52,2016-03-19 14:05:37
OCEAN#20_SL,2016-01-18,COLI_TOTAL,410,2016-03-19 14:05:37
OCEAN#20_SL,2016-01-18,ENTERO,41,2016-03-19 14:05:37
OCEAN#21.1_SL,2016-01-18,COLI_E,52,2016-03-19 14:05:37
OCEAN#21.1_SL,2016-01-18,COLI_TOTAL,327,2016-03-19 14:05:37
OCEAN#21.1_SL,2016-01-18,ENTERO,10,2016-03-19 14:05:37
OCEAN#21_SL,2016-01-18,COLI_E,41,2016-03-19 14:05:37
OCEAN#21_SL,2016-01-18,COLI_TOTAL,489,2016-03-19 14:05:37
OCEAN#21_SL,2016-01-18,ENTERO,20,2016-03-19 14:05:37
BAY#202.4_SL,2016-01-19,COLI_E,266,2016-03-19 14:05:37
BAY#202.4_SL,2016-01-19,COLI_TOTAL,5794,2016-03-19 14:05:37
BAY#202.4_SL,2016-01-19,ENTERO,399,2016-03-19 14:05:37
BAY#202.5_SL,2016-01-19,COLI_E,426,2016-03-19 14:05:37
BAY#202.5_SL,2016-01-19,COLI_TOTAL,4352,2016-03-19 14:05:37
BAY#202.5_SL,2016-01-19,ENTERO,495,2016-03-19 14:05:37
BAY#202_LAGOON,2016-01-19,COLI_E,1043,2016-03-19 14:05:37
BAY#202_LAGOON,2016-01-19,COLI_TOTAL,>24196,2016-03-19 14:05:37
BAY#202_LAGOON,2016-01-19,ENTERO,2187,2016-03-19 14:05:37
BAY#210.1_SL,2016-01-19,COLI_E,749,2016-03-19 14:05:37
BAY#210.1_SL,2016-01-19,COLI_TOTAL,3076,2016-03-19 14:05:37
BAY#210.1_SL,2016-01-19,ENTERO,148,2016-03-19 14:05:37
BAY#211_SL,2016-01-19,COLI_E,63,2016-03-19 14:05:37
BAY#211_SL,2016-01-19,COLI_TOTAL,428,2016-03-19 14:05:37
BAY#211_SL,2016-01-19,ENTERO,216,2016-03-19 14:05:37
BAY#220_SL,2016-01-19,COLI_E,>24196,2016-03-19 14:05:37
BAY#220_SL,2016-01-19,COLI_TOTAL,>24196,2016-03-19 14:05:37
BAY#220_SL,2016-01-19,ENTERO,>24196,2016-03-19 14:05:37
BAY#300.1_SL,2016-01-19,COLI_E,588,2016-03-19 14:05:37
BAY#300.1_SL,2016-01-19,COLI_TOTAL,6488,2016-03-19 14:05:37
BAY#300.1_SL,2016-01-19,ENTERO,1467,2016-03-19 14:05:37
BAY#301.1_SL,2016-01-19,COLI_E,697,2016-03-19 14:05:37
BAY#301.1_SL,2016-01-19,COLI_TOTAL,5794,2016-03-19 14:05:37
BAY#301.1_SL,2016-01-19,ENTERO,882,2016-03-19 14:05:37
BAY#301.2_SL,2016-01-19,COLI_E,414,2016-03-19 14:05:37
BAY#301.2_SL,2016-01-19,COLI_TOTAL,959,2016-03-19 14:05:37
BAY#301.2_SL,2016-01-19,ENTERO,959,2016-03-19 14:05:37
BAY#320_SL,2016-01-19,COLI_E,>24196,2016-03-19 14:05:37
BAY#320_SL,2016-01-19,COLI_TOTAL,>24196,2016-03-19 14:05:37
BAY#320_SL,2016-01-19,ENTERO,>24196,2016-03-19 14:05:37
OCEAN#15EAST_SL,2016-01-19,COLI_E,<10,2016-03-19 14:05:37
OCEAN#15EAST_SL,2016-01-19,COLI_TOTAL,146,2016-03-19 14:05:37
OCEAN#15EAST_SL,2016-01-19,ENTERO,10,2016-03-19 14:05:37
OCEAN#15_SL,2016-01-19,COLI_E,10,2016-03-19 14:05:37
OCEAN#15_SL,2016-01-19,COLI_TOTAL,481,2016-03-19 14:05:37
OCEAN#15_SL,2016-01-19,ENTERO,31,2016-03-19 14:05:37
OCEAN#16_SL,2016-01-19,COLI_E,<10,2016-03-19 14:05:37
OCEAN#16_SL,2016-01-19,COLI_TOTAL,110,2016-03-19 14:05:37
OCEAN#16_SL,2016-01-19,ENTERO,20,2016-03-19 14:05:37
OCEAN#17_SL,2016-01-19,COLI_E,20,2016-03-19 14:05:37
OCEAN#17_SL,2016-01-19,COLI_TOTAL,173,2016-03-19 14:05:37
OCEAN#17_SL,2016-01-19,ENTERO,31,2016-03-19 14:05:37
OCEAN#18_SL,2016-01-19,COLI_E,2247,2016-03-19 14:05:37
OCEAN#18_SL,2016-01-19,COLI_TOTAL,6131,2016-03-19 14:05:37
OCEAN#18_SL,2016-01-19,ENTERO,520,2016-03-19 14:05:37
OCEAN#19_SL,2016-01-19,COLI_E,24196,2016-03-19 14:05:37
OCEAN#19_SL,2016-01-19,COLI_TOTAL,>24196,2016-03-19 14:05:37
OCEAN#19_SL,2016-01-19,ENTERO,>24196,2016-03-19 14:05:37
OCEAN#20_SL,2016-01-19,COLI_E,336,2016-03-19 14:05:37
OCEAN#20_SL,2016-01-19,COLI_TOTAL,2481,2016-03-19 14:05:37
OCEAN#20_SL,2016-01-19,ENTERO,109,2016-03-19 14:05:37
OCEAN#21.1_SL,2016-01-19,COLI_E,4106,2016-03-19 14:05:37
OCEAN#21.1_SL,2016-01-19,COLI_TOTAL,15531,2016-03-19 14:05:37
OCEAN#21.1_SL,2016-01-19,ENTERO,749,2016-03-19 14:05:37
OCEAN#21_SL,2016-01-19,COLI_E,373,2016-03-19 14:05:37
OCEAN#21_SL,2016-01-19,COLI_TOTAL,3448,2016-03-19 14:05:37
OCEAN#21_SL,2016-01-19,ENTERO,146,2016-03-19 14:05:37
OCEAN#22_SL,2016-01-19,COLI_E,1565,2016-03-19 14:05:37
OCEAN#22_SL,2016-01-19,COLI_TOTAL,19863,2016-03-19 14:05:37
OCEAN#22_SL,2016-01-19,ENTERO,1529,2016-03-19 14:05:37
BAY#202.4_SL,2016-01-20,COLI_E,20,2016-03-19 14:05:37
BAY#202.4_SL,2016-01-20,COLI_TOTAL,146,2016-03-19 14:05:37
BAY#202.4_SL,2016-01-20,ENTERO,10,2016-03-19 14:05:37
BAY#202.5_SL,2016-01-20,COLI_E,<10,2016-03-19 14:05:37
BAY#202.5_SL,2016-01-20,COLI_TOTAL,171,2016-03-19 14:05:37
BAY#202.5_SL,2016-01-20,ENTERO,<10,2016-03-19 14:05:37
BAY#202_LAGOON,2016-01-20,COLI_E,86,2016-03-19 14:05:37
BAY#202_LAGOON,2016-01-20,COLI_TOTAL,830,2016-03-19 14:05:37
BAY#202_LAGOON,2016-01-20,ENTERO,20,2016-03-19 14:05:37
BAY#210.1_SL,2016-01-20,COLI_E,110,2016-03-19 14:05:37
BAY#210.1_SL,2016-01-20,COLI_TOTAL,836,2016-03-19 14:05:37
BAY#210.1_SL,2016-01-20,ENTERO,52,2016-03-19 14:05:37
BAY#211_SL,2016-01-20,COLI_E,52,2016-03-19 14:05:37
BAY#211_SL,2016-01-20,COLI_TOTAL,259,2016-03-19 14:05:37
BAY#211_SL,2016-01-20,ENTERO,20,2016-03-19 14:05:37
BAY#220_SL,2016-01-20,COLI_E,2613,2016-03-19 14:05:37
BAY#220_SL,2016-01-20,COLI_TOTAL,24196,2016-03-19 14:05:37
BAY#220_SL,2016-01-20,ENTERO,563,2016-03-19 14:05:37
BAY#300.1_SL,2016-01-20,COLI_E,1670,2016-03-19 14:05:37
BAY#300.1_SL,2016-01-20,COLI_TOTAL,5794,2016-03-19 14:05:37
BAY#300.1_SL,2016-01-20,ENTERO,670,2016-03-19 14:05:37
BAY#301.1_SL,2016-01-20,COLI_E,231,2016-03-19 14:05:37
BAY#301.1_SL,2016-01-20,COLI_TOTAL,4884,2016-03-19 14:05:37
BAY#301.1_SL,2016-01-20,ENTERO,256,2016-03-19 14:05:37
BAY#301.2_SL,2016-01-20,COLI_E,158,2016-03-19 14:05:37
BAY#301.2_SL,2016-01-20,COLI_TOTAL,644,2016-03-19 14:05:37
BAY#301.2_SL,2016-01-20,ENTERO,110,2016-03-19 14:05:37
BAY#320_SL,2016-01-20,COLI_E,>24196,2016-03-19 14:05:37
BAY#320_SL,2016-01-20,COLI_TOTAL,>24196,2016-03-19 14:05:37
BAY#320_SL,2016-01-20,ENTERO,17329,2016-03-19 14:05:37
OCEAN#18_SL,2016-01-20,COLI_E,31,2016-03-19 14:05:37
OCEAN#18_SL,2016-01-20,COLI_TOTAL,85,2016-03-19 14:05:37
OCEAN#18_SL,2016-01-20,ENTERO,10,2016-03-19 14:05:37
OCEAN#19_SL,2016-01-20,COLI_E,20,2016-03-19 14:05:37
OCEAN#19_SL,2016-01-20,COLI_TOTAL,109,2016-03-19 14:05:37
OCEAN#19_SL,2016-01-20,ENTERO,10,2016-03-19 14:05:37
OCEAN#20_SL,2016-01-20,COLI_E,10,2016-03-19 14:05:37
OCEAN#20_SL,2016-01-20,COLI_TOTAL,20,2016-03-19 14:05:37
OCEAN#20_SL,2016-01-20,ENTERO,<10,2016-03-19 14:05:37
OCEAN#21.1_SL,2016-01-20,COLI_E,<10,2016-03-19 14:05:37
OCEAN#21.1_SL,2016-01-20,COLI_TOTAL,10,2016-03-19 14:05:37
OCEAN#21.1_SL,2016-01-20,ENTERO,20,2016-03-19 14:05:37
OCEAN#21_SL,2016-01-20,COLI_E,10,2016-03-19 14:05:37
OCEAN#21_SL,2016-01-20,COLI_TOTAL,109,2016-03-19 14:05:37
OCEAN#21_SL,2016-01-20,ENTERO,10,2016-03-19 14:05:37
OCEAN#22_SL,2016-01-20,COLI_E,<10,2016-03-19 14:05:37
OCEAN#22_SL,2016-01-20,COLI_TOTAL,135,2016-03-19 14:05:37
OCEAN#22_SL,2016-01-20,ENTERO,<10,2016-03-19 14:05:37
BAY#220_SL,2016-01-21,COLI_E,402,2016-03-19 14:05:37
BAY#220_SL,2016-01-21,COLI_TOTAL,7701,2016-03-19 14:05:37
BAY#220_SL,2016-01-21,ENTERO,85,2016-03-19 14:05:37
BAY#300.1_SL,2016-01-21,COLI_E,20,2016-03-19 14:05:37
BAY#300.1_SL,2016-01-21,COLI_TOTAL,317,2016-03-19 14:05:37
BAY#300.1_SL,2016-01-21,ENTERO,41,2016-03-19 14:05:37
BAY#301.1_SL,2016-01-21,COLI_E,31,2016-03-19 14:05:37
BAY#301.1_SL,2016-01-21,COLI_TOTAL,605,2016-03-19 14:05:37
BAY#301.1_SL,2016-01-21,ENTERO,10,2016-03-19 14:05:37
BAY#301.2_SL,2016-01-21,COLI_E,63,2016-03-19 14:05:37
BAY#301.2_SL,2016-01-21,COLI_TOTAL,341,2016-03-19 14:05:37
BAY#301.2_SL,2016-01-21,ENTERO,10,2016-03-19 14:05:37
BAY#320_SL,2016-01-21,COLI_E,>24196,2016-03-19 14:05:37
BAY#320_SL,2016-01-21,COLI_TOTAL,>24196,2016-03-19 14:05:37
BAY#320_SL,2016-01-21,ENTERO,487,2016-03-19 14:05:37
BAY#220_SL,2016-01-22,COLI_E,833,2016-03-19 14:05:37
BAY#220_SL,2016-01-22,COLI_TOTAL,12033,2016-03-19 14:05:37
BAY#220_SL,2016-01-22,ENTERO,384,2016-03-19 14:05:37
BAY#320_SL,2016-01-22,COLI_E,368,2016-03-19 14:05:37
BAY#320_SL,2016-01-22,COLI_TOTAL,6867,2016-03-19 14:05:37
BAY#320_SL,2016-01-22,ENTERO,97,2016-03-19 14:05:37
BAY#220_SL,2016-01-23,COLI_E,441,2016-03-19 14:05:37
BAY#220_SL,2016-01-23,COLI_TOTAL,8664,2016-03-19 14:05:37
BAY#220_SL,2016-01-23,ENTERO,216,2016-03-19 14:05:37
BAY#220_SL,2016-01-24,COLI_E,110,2016-03-19 14:05:37
BAY#220_SL,2016-01-24,COLI_TOTAL,754,2016-03-19 14:05:37
BAY#220_SL,2016-01-24,ENTERO,41,2016-03-19 14:05:37
BAY#202.4_SL,2016-01-25,COLI_E,<10,2016-03-19 14:05:37
BAY#202.4_SL,2016-01-25,COLI_TOTAL,41,2016-03-19 14:05:37
BAY#202.4_SL,2016-01-25,ENTERO,20,2016-03-19 14:05:37
BAY#202.5_SL,2016-01-25,COLI_E,<10,2016-03-19 14:05:37
BAY#202.5_SL,2016-01-25,COLI_TOTAL,31,2016-03-19 14:05:37
BAY#202.5_SL,2016-01-25,ENTERO,<10,2016-03-19 14:05:37
BAY#210.1_SL,2016-01-25,COLI_E,<10,2016-03-19 14:05:37
BAY#210.1_SL,2016-01-25,COLI_TOTAL,10,2016-03-19 14:05:37
BAY#210.1_SL,2016-01-25,ENTERO,<10,2016-03-19 14:05:37
BAY#211_SL,2016-01-25,COLI_E,<10,2016-03-19 14:05:37
BAY#211_SL,2016-01-25,COLI_TOTAL,20,2016-03-19 14:05:37
BAY#211_SL,2016-01-25,ENTERO,<10,2016-03-19 14:05:37
BAY#300.1_SL,2016-01-25,COLI_E,31,2016-03-19 14:05:37
BAY#300.1_SL,2016-01-25,COLI_TOTAL,85,2016-03-19 14:05:37
BAY#300.1_SL,2016-01-25,ENTERO,20,2016-03-19 14:05:37
BAY#301.1_SL,2016-01-25,COLI_E,10,2016-03-19 14:05:37
BAY#301.1_SL,2016-01-25,COLI_TOTAL,717,2016-03-19 14:05:37
BAY#301.1_SL,2016-01-25,ENTERO,10,2016-03-19 14:05:37
BAY#301.2_SL,2016-01-25,COLI_E,10,2016-03-19 14:05:37
BAY#301.2_SL,2016-01-25,COLI_TOTAL,98,2016-03-19 14:05:37
BAY#301.2_SL,2016-01-25,ENTERO,30,2016-03-19 14:05:37
BAY#320_SL,2016-01-25,COLI_E,31,2016-03-19 14:05:37
BAY#320_SL,2016-01-25,COLI_TOTAL,98,2016-03-19 14:05:37
BAY#320_SL,2016-01-25,ENTERO,<10,2016-03-19 14:05:37
OCEAN#15EAST_SL,2016-01-25,COLI_E,<10,2016-03-19 14:05:37
OCEAN#15EAST_SL,2016-01-25,COLI_TOTAL,84,2016-03-19 14:05:37
OCEAN#15EAST_SL,2016-01-25,ENTERO,<10,2016-03-19 14:05:37
OCEAN#15_SL,2016-01-25,COLI_E,52,2016-03-19 14:05:37
OCEAN#15_SL,2016-01-25,COLI_TOTAL,5794,2016-03-19 14:05:37
OCEAN#15_SL,2016-01-25,ENTERO,10,2016-03-19 14:05:37
OCEAN#16_SL,2016-01-25,COLI_E,31,2016-03-19 14:05:37
OCEAN#16_SL,2016-01-25,COLI_TOTAL,75,2016-03-19 14:05:37
OCEAN#16_SL,2016-01-25,ENTERO,<10,2016-03-19 14:05:37
OCEAN#17_SL,2016-01-25,COLI_E,<10,2016-03-19 14:05:37
OCEAN#17_SL,2016-01-25,COLI_TOTAL,20,2016-03-19 14:05:37
OCEAN#17_SL,2016-01-25,ENTERO,<10,2016-03-19 14:05:37
OCEAN#18_SL,2016-01-25,COLI_E,10,2016-03-19 14:05:37
OCEAN#18_SL,2016-01-25,COLI_TOTAL,41,2016-03-19 14:05:37
OCEAN#18_SL,2016-01-25,ENTERO,<10,2016-03-19 14:05:37
OCEAN#19_SL,2016-01-25,COLI_E,<10,2016-03-19 14:05:37
OCEAN#19_SL,2016-01-25,COLI_TOTAL,41,2016-03-19 14:05:37
OCEAN#19_SL,2016-01-25,ENTERO,<10,2016-03-19 14:05:37
OCEAN#21.1_SL,2016-01-25,COLI_E,20,2016-03-19 14:05:37
OCEAN#21.1_SL,2016-01-25,COLI_TOTAL,96,2016-03-19 14:05:37
OCEAN#21.1_SL,2016-01-25,ENTERO,30,2016-03-19 14:05:37
BAY#202.4_SL,2016-02-01,COLI_E,20,2016-03-19 14:05:37
BAY#202.4_SL,2016-02-01,COLI_TOTAL,20,2016-03-19 14:05:37
BAY#202.4_SL,2016-02-01,ENTERO,<10,2016-03-19 14:05:37
BAY#202.5_SL,2016-02-01,COLI_E,<10,2016-03-19 14:05:37
BAY#202.5_SL,2016-02-01,COLI_TOTAL,10,2016-03-19 14:05:37
BAY#202.5_SL,2016-02-01,ENTERO,10,2016-03-19 14:05:37
BAY#210.1_SL,2016-02-01,COLI_E,10,2016-03-19 14:05:37
BAY#210.1_SL,2016-02-01,COLI_TOTAL,41,2016-03-19 14:05:37
BAY#210.1_SL,2016-02-01,ENTERO,10,2016-03-19 14:05:37
BAY#211_SL,2016-02-01,COLI_E,20,2016-03-19 14:05:37
BAY#211_SL,2016-02-01,COLI_TOTAL,134,2016-03-19 14:05:37
BAY#211_SL,2016-02-01,ENTERO,20,2016-03-19 14:05:37
BAY#300.1_SL,2016-02-01,COLI_E,20,2016-03-19 14:05:37
BAY#300.1_SL,2016-02-01,COLI_TOTAL,41,2016-03-19 14:05:37
BAY#300.1_SL,2016-02-01,ENTERO,10,2016-03-19 14:05:37
BAY#301.1_SL,2016-02-01,COLI_E,10,2016-03-19 14:05:37
BAY#301.1_SL,2016-02-01,COLI_TOTAL,84,2016-03-19 14:05:37
BAY#301.1_SL,2016-02-01,ENTERO,<10,2016-03-19 14:05:37
BAY#301.2_SL,2016-02-01,COLI_E,10,2016-03-19 14:05:37
BAY#301.2_SL,2016-02-01,COLI_TOTAL,20,2016-03-19 14:05:37
BAY#301.2_SL,2016-02-01,ENTERO,<10,2016-03-19 14:05:37
BAY#320_SL,2016-02-01,COLI_E,20,2016-03-19 14:05:37
BAY#320_SL,2016-02-01,COLI_TOTAL,74,2016-03-19 14:05:37
BAY#320_SL,2016-02-01,ENTERO,10,2016-03-19 14:05:37
OCEAN#15EAST_SL,2016-02-01,COLI_E,10,2016-03-19 14:05:37
OCEAN#15EAST_SL,2016-02-01,COLI_TOTAL,52,2016-03-19 14:05:37
OCEAN#15EAST_SL,2016-02-01,ENTERO,10,2016-03-19 14:05:37
OCEAN#15_SL,2016-02-01,COLI_E,41,2016-03-19 14:05:37
OCEAN#15_SL,2016-02-01,COLI_TOTAL,3448,2016-03-19 14:05:37
OCEAN#15_SL,2016-02-01,ENTERO,10,2016-03-19 14:05:37
OCEAN#16_SL,2016-02-01,COLI_E,<10,2016-03-19 14:05:37
OCEAN#16_SL,2016-02-01,COLI_TOTAL,20,2016-03-19 14:05:37
OCEAN#16_SL,2016-02-01,ENTERO,<10,2016-03-19 14:05:37
OCEAN#17_SL,2016-02-01,COLI_E,<10,2016-03-19 14:05:37
OCEAN#17_SL,2016-02-01,COLI_TOTAL,41,2016-03-19 14:05:37
OCEAN#17_SL,2016-02-01,ENTERO,<10,2016-03-19 14:05:37
OCEAN#18_SL,2016-02-01,COLI_E,<10,2016-03-19 14:05:37
OCEAN#18_SL,2016-02-01,COLI_TOTAL,<10,2016-03-19 14:05:37
OCEAN#18_SL,2016-02-01,ENTERO,<10,2016-03-19 14:05:37
OCEAN#19_SL,2016-02-01,COLI_E,<10,2016-03-19 14:05:37
OCEAN#19_SL,2016-02-01,COLI_TOTAL,110,2016-03-19 14:05:37
OCEAN#19_SL,2016-02-01,ENTERO,<10,2016-03-19 14:05:37
OCEAN#21.1_SL,2016-02-01,COLI_E,10,2016-03-19 14:05:37
OCEAN#21.1_SL,2016-02-01,COLI_TOTAL,98,2016-03-19 14:05:37
OCEAN#21.1_SL,2016-02-01,ENTERO,10,2016-03-19 14:05:37
BAY#202.4_SL,2016-02-08,COLI_E,<10,2016-03-19 14:05:37
BAY#202.4_SL,2016-02-08,COLI_TOTAL,10,2016-03-19 14:05:37
BAY#202.4_SL,2016-02-08,ENTERO,<10,2016-03-19 14:05:37
BAY#202.5_SL,2016-02-08,COLI_E,10,2016-03-19 14:05:37
BAY#202.5_SL,2016-02-08,COLI_TOTAL,30,2016-03-19 14:05:37
BAY#202.5_SL,2016-02-08,ENTERO,<10,2016-03-19 14:05:37
BAY#210.1_SL,2016-02-08,COLI_E,10,2016-03-19 14:05:37
BAY#210.1_SL,2016-02-08,COLI_TOTAL,10,2016-03-19 14:05:37
BAY#210.1_SL,2016-02-08,ENTERO,<10,2016-03-19 14:05:37
BAY#211_SL,2016-02-08,COLI_E,<10,2016-03-19 14:05:37
BAY#211_SL,2016-02-08,COLI_TOTAL,<10,2016-03-19 14:05:37
BAY#211_SL,2016-02-08,ENTERO,<10,2016-03-19 14:05:37
BAY#300.1_SL,2016-02-08,COLI_E,20,2016-03-19 14:05:37
BAY#300.1_SL,2016-02-08,COLI_TOTAL,209,2016-03-19 14:05:37
BAY#300.1_SL,2016-02-08,ENTERO,31,2016-03-19 14:05:37
BAY#301.1_SL,2016-02-08,COLI_E,2613,2016-03-19 14:05:37
BAY#301.1_SL,2016-02-08,COLI_TOTAL,3255,2016-03-19 14:05:37
BAY#301.1_SL,2016-02-08,ENTERO,1187,2016-03-19 14:05:37
BAY#301.2_SL,2016-02-08,COLI_E,<10,2016-03-19 14:05:37
BAY#301.2_SL,2016-02-08,COLI_TOTAL,469,2016-03-19 14:05:37
BAY#301.2_SL,2016-02-08,ENTERO,<10,2016-03-19 14:05:37
BAY#320_SL,2016-02-08,COLI_E,<10,2016-03-19 14:05:37
BAY#320_SL,2016-02-08,COLI_TOTAL,98,2016-03-19 14:05:37
BAY#320_SL,2016-02-08,ENTERO,10,2016-03-19 14:05:37
OCEAN#15EAST_SL,2016-02-08,COLI_E,10,2016-03-19 14:05:37
OCEAN#15EAST_SL,2016-02-08,COLI_TOTAL,41,2016-03-19 14:05:37
OCEAN#15EAST_SL,2016-02-08,ENTERO,<10,2016-03-19 14:05:37
OCEAN#15_SL,2016-02-08,COLI_E,<10,2016-03-19 14:05:37
OCEAN#15_SL,2016-02-08,COLI_TOTAL,131,2016-03-19 14:05:37
OCEAN#15_SL,2016-02-08,ENTERO,20,2016-03-19 14:05:37
OCEAN#16_SL,2016-02-08,COLI_E,10,2016-03-19 14:05:37
OCEAN#16_SL,2016-02-08,COLI_TOTAL,20,2016-03-19 14:05:37
OCEAN#16_SL,2016-02-08,ENTERO,20,2016-03-19 14:05:37
OCEAN#17_SL,2016-02-08,COLI_E,<10,2016-03-19 14:05:37
OCEAN#17_SL,2016-02-08,COLI_TOTAL,932,2016-03-19 14:05:37
OCEAN#17_SL,2016-02-08,ENTERO,<10,2016-03-19 14:05:37
OCEAN#18_SL,2016-02-08,COLI_E,10,2016-03-19 14:05:37
OCEAN#18_SL,2016-02-08,COLI_TOTAL,41,2016-03-19 14:05:37
OCEAN#18_SL,2016-02-08,ENTERO,<10,2016-03-19 14:05:37
OCEAN#19_SL,2016-02-08,COLI_E,10,2016-03-19 14:05:37
OCEAN#19_SL,2016-02-08,COLI_TOTAL,10,2016-03-19 14:05:37
OCEAN#19_SL,2016-02-08,ENTERO,<10,2016-03-19 14:05:37
OCEAN#21.1_SL,2016-02-08,COLI_E,<10,2016-03-19 14:05:37
OCEAN#21.1_SL,2016-02-08,COLI_TOTAL,<10,2016-03-19 14:05:37
OCEAN#21.1_SL,2016-02-08,ENTERO,<10,2016-03-19 14:05:37
BAY#301.1_SL,2016-02-09,COLI_E,10,2016-03-19 14:05:37
BAY#301.1_SL,2016-02-09,COLI_TOTAL,110,2016-03-19 14:05:37
BAY#301.1_SL,2016-02-09,ENTERO,<10,2016-03-19 14:05:37
BAY#202.4_SL,2016-02-16,COLI_E,<10,2016-03-19 14:05:37
BAY#202.4_SL,2016-02-16,COLI_TOTAL,<10,2016-03-19 14:05:37
BAY#202.4_SL,2016-02-16,ENTERO,10,2016-03-19 14:05:37
BAY#202.5_SL,2016-02-16,COLI_E,<10,2016-03-19 14:05:37
BAY#202.5_SL,2016-02-16,COLI_TOTAL,10,2016-03-19 14:05:37
BAY#202.5_SL,2016-02-16,ENTERO,<10,2016-03-19 14:05:37
BAY#210.1_SL,2016-02-16,COLI_E,<10,2016-03-19 14:05:37
BAY#210.1_SL,2016-02-16,COLI_TOTAL,74,2016-03-19 14:05:37
BAY#210.1_SL,2016-02-16,ENTERO,<10,2016-03-19 14:05:37
BAY#211_SL,2016-02-16,COLI_E,41,2016-03-19 14:05:37
BAY#211_SL,2016-02-16,COLI_TOTAL,74,2016-03-19 14:05:37
BAY#211_SL,2016-02-16,ENTERO,31,2016-03-19 14:05:37
BAY#300.1_SL,2016-02-16,COLI_E,52,2016-03-19 14:05:37
BAY#300.1_SL,2016-02-16,COLI_TOTAL,160,2016-03-19 14:05:37
BAY#300.1_SL,2016-02-16,ENTERO,20,2016-03-19 14:05:37
BAY#301.1_SL,2016-02-16,COLI_E,241,2016-03-19 14:05:37
BAY#301.1_SL,2016-02-16,COLI_TOTAL,496,2016-03-19 14:05:37
BAY#301.1_SL,2016-02-16,ENTERO,20,2016-03-19 14:05:37
BAY#301.2_SL,2016-02-16,COLI_E,<10,2016-03-19 14:05:37
BAY#301.2_SL,2016-02-16,COLI_TOTAL,<10,2016-03-19 14:05:37
BAY#301.2_SL,2016-02-16,ENTERO,<10,2016-03-19 14:05:37
BAY#320_SL,2016-02-16,COLI_E,41,2016-03-19 14:05:37
BAY#320_SL,2016-02-16,COLI_TOTAL,231,2016-03-19 14:05:37
BAY#320_SL,2016-02-16,ENTERO,20,2016-03-19 14:05:37
OCEAN#15EAST_SL,2016-02-16,COLI_E,10,2016-03-19 14:05:37
OCEAN#15EAST_SL,2016-02-16,COLI_TOTAL,41,2016-03-19 14:05:37
OCEAN#15EAST_SL,2016-02-16,ENTERO,<10,2016-03-19 14:05:37
OCEAN#15_SL,2016-02-16,COLI_E,31,2016-03-19 14:05:37
OCEAN#15_SL,2016-02-16,COLI_TOTAL,1374,2016-03-19 14:05:37
OCEAN#15_SL,2016-02-16,ENTERO,31,2016-03-19 14:05:37
OCEAN#16_SL,2016-02-16,COLI_E,<10,2016-03-19 14:05:37
OCEAN#16_SL,2016-02-16,COLI_TOTAL,10,2016-03-19 14:05:37
OCEAN#16_SL,2016-02-16,ENTERO,10,2016-03-19 14:05:37
OCEAN#17_SL,2016-02-16,COLI_E,<10,2016-03-19 14:05:37
OCEAN#17_SL,2016-02-16,COLI_TOTAL,<10,2016-03-19 14:05:37
OCEAN#17_SL,2016-02-16,ENTERO,<10,2016-03-19 14:05:37
OCEAN#18_SL,2016-02-16,COLI_E,<10,2016-03-19 14:05:37
OCEAN#18_SL,2016-02-16,COLI_TOTAL,10,2016-03-19 14:05:37
OCEAN#18_SL,2016-02-16,ENTERO,<10,2016-03-19 14:05:37
OCEAN#19_SL,2016-02-16,COLI_E,<10,2016-03-19 14:05:37
OCEAN#19_SL,2016-02-16,COLI_TOTAL,<10,2016-03-19 14:05:37
OCEAN#19_SL,2016-02-16,ENTERO,<10,2016-03-19 14:05:37
OCEAN#21.1_SL,2016-02-16,COLI_E,<10,2016-03-19 14:05:37
OCEAN#21.1_SL,2016-02-16,COLI_TOTAL,10,2016-03-19 14:05:37
OCEAN#21.1_SL,2016-02-16,ENTERO,<10,2016-03-19 14:05:37
OCEAN#17_SL,2016-02-18,COLI_E,10,2016-03-19 14:05:37
OCEAN#17_SL,2016-02-18,COLI_TOTAL,41,2016-03-19 14:05:37
OCEAN#17_SL,2016-02-18,ENTERO,10,2016-03-19 14:05:37
BAY#202.4_SL,2016-02-22,COLI_E,10,2016-03-19 14:05:37
BAY#202.4_SL,2016-02-22,COLI_TOTAL,20,2016-03-19 14:05:37
BAY#202.4_SL,2016-02-22,ENTERO,<10,2016-03-19 14:05:37
BAY#202.5_SL,2016-02-22,COLI_E,<10,2016-03-19 14:05:37
BAY#202.5_SL,2016-02-22,COLI_TOTAL,<10,2016-03-19 14:05:37
BAY#202.5_SL,2016-02-22,ENTERO,<10,2016-03-19 14:05:37
BAY#210.1_SL,2016-02-22,COLI_E,31,2016-03-19 14:05:37
BAY#210.1_SL,2016-02-22,COLI_TOTAL,41,2016-03-19 14:05:37
BAY#210.1_SL,2016-02-22,ENTERO,<10,2016-03-19 14:05:37
BAY#211_SL,2016-02-22,COLI_E,31,2016-03-19 14:05:37
BAY#211_SL,2016-02-22,COLI_TOTAL,41,2016-03-19 14:05:37
BAY#211_SL,2016-02-22,ENTERO,<10,2016-03-19 14:05:37
BAY#300.1_SL,2016-02-22,COLI_E,10,2016-03-19 14:05:37
BAY#300.1_SL,2016-02-22,COLI_TOTAL,41,2016-03-19 14:05:37
BAY#300.1_SL,2016-02-22,ENTERO,30,2016-03-19 14:05:37
BAY#301.1_SL,2016-02-22,COLI_E,<10,2016-03-19 14:05:37
BAY#301.1_SL,2016-02-22,COLI_TOTAL,20,2016-03-19 14:05:37
BAY#301.1_SL,2016-02-22,ENTERO,10,2016-03-19 14:05:37
BAY#301.2_SL,2016-02-22,COLI_E,404,2016-03-19 14:05:37
BAY#301.2_SL,2016-02-22,COLI_TOTAL,426,2016-03-19 14:05:37
BAY#301.2_SL,2016-02-22,ENTERO,41,2016-03-19 14:05:37
BAY#320_SL,2016-02-22,COLI_E,30,2016-03-19 14:05:37
BAY#320_SL,2016-02-22,COLI_TOTAL,52,2016-03-19 14:05:37
BAY#320_SL,2016-02-22,ENTERO,<10,2016-03-19 14:05:37
OCEAN#15EAST_SL,2016-02-22,COLI_E,<10,2016-03-19 14:05:37
OCEAN#15EAST_SL,2016-02-22,COLI_TOTAL,<10,2016-03-19 14:05:37
OCEAN#15EAST_SL,2016-02-22,ENTERO,<10,2016-03-19 14:05:37
OCEAN#15_SL,2016-02-22,COLI_E,749,2016-03-19 14:05:37
OCEAN#15_SL,2016-02-22,COLI_TOTAL,5172,2016-03-19 14:05:37
OCEAN#15_SL,2016-02-22,ENTERO,30,2016-03-19 14:05:37
OCEAN#16_SL,2016-02-22,COLI_E,<10,2016-03-19 14:05:37
OCEAN#16_SL,2016-02-22,COLI_TOTAL,20,2016-03-19 14:05:37
OCEAN#16_SL,2016-02-22,ENTERO,<10,2016-03-19 14:05:37
OCEAN#17_SL,2016-02-22,COLI_E,<10,2016-03-19 14:05:37
OCEAN#17_SL,2016-02-22,COLI_TOTAL,<10,2016-03-19 14:05:37
OCEAN#17_SL,2016-02-22,ENTERO,10,2016-03-19 14:05:37
OCEAN#18_SL,2016-02-22,COLI_E,<10,2016-03-19 14:05:37
OCEAN#18_SL,2016-02-22,COLI_TOTAL,52,2016-03-19 14:05:37
OCEAN#18_SL,2016-02-22,ENTERO,<10,2016-03-19 14:05:37
OCEAN#19_SL,2016-02-22,COLI_E,10,2016-03-19 14:05:37
OCEAN#19_SL,2016-02-22,COLI_TOTAL,63,2016-03-19 14:05:37
OCEAN#19_SL,2016-02-22,ENTERO,<10,2016-03-19 14:05:37
OCEAN#21.1_SL,2016-02-22,COLI_E,31,2016-03-19 14:05:37
OCEAN#21.1_SL,2016-02-22,COLI_TOTAL,85,2016-03-19 14:05:37
OCEAN#21.1_SL,2016-02-22,ENTERO,10,2016-03-19 14:05:37
BAY#301.2_SL,2016-02-23,COLI_E,<10,2016-03-19 14:05:37
BAY#301.2_SL,2016-02-23,COLI_TOTAL,<10,2016-03-19 14:05:37
BAY#301.2_SL,2016-02-23,ENTERO,10,2016-03-19 14:05:37
OCEAN#15EAST_SL,2016-02-23,COLI_E,10,2016-03-19 14:05:37
OCEAN#15EAST_SL,2016-02-23,COLI_TOTAL,31,2016-03-19 14:05:37
OCEAN#15EAST_SL,2016-02-23,ENTERO,<10,2016-03-19 14:05:37
OCEAN#15_SL,2016-02-23,COLI_E,156,2016-03-19 14:05:37
OCEAN#15_SL,2016-02-23,COLI_TOTAL,2755,2016-03-19 14:05:37
OCEAN#15_SL,2016-02-23,ENTERO,31,2016-03-19 14:05:37
BAY#202.4_SL,2016-02-29,COLI_E,10,2016-03-19 14:05:37
BAY#202.4_SL,2016-02-29,COLI_TOTAL,31,2016-03-19 14:05:37
BAY#202.4_SL,2016-02-29,ENTERO,<10,2016-03-19 14:05:37
BAY#202.5_SL,2016-02-29,COLI_E,10,2016-03-19 14:05:37
BAY#202.5_SL,2016-02-29,COLI_TOTAL,41,2016-03-19 14:05:37
BAY#202.5_SL,2016-02-29,ENTERO,<10,2016-03-19 14:05:37
BAY#210.1_SL,2016-02-29,COLI_E,41,2016-03-19 14:05:37
BAY#210.1_SL,2016-02-29,COLI_TOTAL,226,2016-03-19 14:05:37
BAY#210.1_SL,2016-02-29,ENTERO,<10,2016-03-19 14:05:37
BAY#211_SL,2016-02-29,COLI_E,98,2016-03-19 14:05:37
BAY#211_SL,2016-02-29,COLI_TOTAL,279,2016-03-19 14:05:37
BAY#211_SL,2016-02-29,ENTERO,52,2016-03-19 14:05:37
BAY#300.1_SL,2016-02-29,COLI_E,<10,2016-03-19 14:05:37
BAY#300.1_SL,2016-02-29,COLI_TOTAL,10,2016-03-19 14:05:37
BAY#300.1_SL,2016-02-29,ENTERO,<10,2016-03-19 14:05:37
BAY#301.1_SL,2016-02-29,COLI_E,98,2016-03-19 14:05:37
BAY#301.1_SL,2016-02-29,COLI_TOTAL,1789,2016-03-19 14:05:37
BAY#301.1_SL,2016-02-29,ENTERO,31,2016-03-19 14:05:37
BAY#301.2_SL,2016-02-29,COLI_E,20,2016-03-19 14:05:37
BAY#301.2_SL,2016-02-29,COLI_TOTAL,41,2016-03-19 14:05:37
BAY#301.2_SL,2016-02-29,ENTERO,20,2016-03-19 14:05:37
BAY#320_SL,2016-02-29,COLI_E,10,2016-03-19 14:05:37
BAY#320_SL,2016-02-29,COLI_TOTAL,52,2016-03-19 14:05:37
BAY#320_SL,2016-02-29,ENTERO,<10,2016-03-19 14:05:37
OCEAN#15EAST_SL,2016-02-29,COLI_E,<10,2016-03-19 14:05:37
OCEAN#15EAST_SL,2016-02-29,COLI_TOTAL,<10,2016-03-19 14:05:37
OCEAN#15EAST_SL,2016-02-29,ENTERO,<10,2016-03-19 14:05:37
OCEAN#15_SL,2016-02-29,COLI_E,<10,2016-03-19 14:05:37
OCEAN#15_SL,2016-02-29,COLI_TOTAL,888,2016-03-19 14:05:37
OCEAN#15_SL,2016-02-29,ENTERO,<10,2016-03-19 14:05:37
OCEAN#16_SL,2016-02-29,COLI_E,10,2016-03-19 14:05:37
OCEAN#16_SL,2016-02-29,COLI_TOTAL,10,2016-03-19 14:05:37
OCEAN#16_SL,2016-02-29,ENTERO,20,2016-03-19 14:05:37
OCEAN#17_SL,2016-02-29,COLI_E,<10,2016-03-19 14:05:37
OCEAN#17_SL,2016-02-29,COLI_TOTAL,<10,2016-03-19 14:05:37
OCEAN#17_SL,2016-02-29,ENTERO,10,2016-03-19 14:05:37
OCEAN#18_SL,2016-02-29,COLI_E,<10,2016-03-19 14:05:37
OCEAN#18_SL,2016-02-29,COLI_TOTAL,<10,2016-03-19 14:05:37
OCEAN#18_SL,2016-02-29,ENTERO,<10,2016-03-19 14:05:37
OCEAN#19_SL,2016-02-29,COLI_E,1046,2016-03-19 14:05:37
OCEAN#19_SL,2016-02-29,COLI_TOTAL,1046,2016-03-19 14:05:37
OCEAN#19_SL,2016-02-29,ENTERO,<10,2016-03-19 14:05:37
OCEAN#21.1_SL,2016-02-29,COLI_E,10,2016-03-19 14:05:37
OCEAN#21.1_SL,2016-02-29,COLI_TOTAL,20,2016-03-19 14:05:37
OCEAN#21.1_SL,2016-02-29,ENTERO,<10,2016-03-19 14:05:37
OCEAN#19_SL,2016-03-01,COLI_E,<10,2016-03-19 14:05:37
OCEAN#19_SL,2016-03-01,COLI_TOTAL,<10,2016-03-19 14:05:37
OCEAN#19_SL,2016-03-01,ENTERO,<10,2016-03-19 14:05:37
BAY#320_SL,2016-03-06,COLI_E,>24196,2016-03-19 14:05:37
BAY#320_SL,2016-03-06,COLI_TOTAL,>24196,2016-03-19 14:05:37
BAY#320_SL,2016-03-06,ENTERO,12033,2016-03-19 14:05:37
OCEAN#15EAST_SL,2016-03-06,COLI_E,75,2016-03-19 14:05:37
OCEAN#15EAST_SL,2016-03-06,COLI_TOTAL,448,2016-03-19 14:05:37
OCEAN#15EAST_SL,2016-03-06,ENTERO,20,2016-03-19 14:05:37
OCEAN#15_SL,2016-03-06,COLI_E,122,2016-03-19 14:05:37
OCEAN#15_SL,2016-03-06,COLI_TOTAL,15531,2016-03-19 14:05:37
OCEAN#15_SL,2016-03-06,ENTERO,63,2016-03-19 14:05:37
OCEAN#16_SL,2016-03-06,COLI_E,63,2016-03-19 14:05:37
OCEAN#16_SL,2016-03-06,COLI_TOTAL,341,2016-03-19 14:05:37
OCEAN#16_SL,2016-03-06,ENTERO,10,2016-03-19 14:05:37
OCEAN#17_SL,2016-03-06,COLI_E,86,2016-03-19 14:05:37
OCEAN#17_SL,2016-03-06,COLI_TOTAL,617,2016-03-19 14:05:37
OCEAN#17_SL,2016-03-06,ENTERO,<10,2016-03-19 14:05:37
OCEAN#18_SL,2016-03-06,COLI_E,20,2016-03-19 14:05:37
OCEAN#18_SL,2016-03-06,COLI_TOTAL,305,2016-03-19 14:05:37
OCEAN#18_SL,2016-03-06,ENTERO,<10,2016-03-19 14:05:37
OCEAN#19_SL,2016-03-06,COLI_E,52,2016-03-19 14:05:37
OCEAN#19_SL,2016-03-06,COLI_TOTAL,1250,2016-03-19 14:05:37
OCEAN#19_SL,2016-03-06,ENTERO,31,2016-03-19 14:05:37
OCEAN#20_SL,2016-03-06,COLI_E,20,2016-03-19 14:05:37
OCEAN#20_SL,2016-03-06,COLI_TOTAL,265,2016-03-19 14:05:37
OCEAN#20_SL,2016-03-06,ENTERO,10,2016-03-19 14:05:37
OCEAN#21.1_SL,2016-03-06,COLI_E,31,2016-03-19 14:05:37
OCEAN#21.1_SL,2016-03-06,COLI_TOTAL,228,2016-03-19 14:05:37
OCEAN#21.1_SL,2016-03-06,ENTERO,20,2016-03-19 14:05:37
OCEAN#21_SL,2016-03-06,COLI_E,20,2016-03-19 14:05:37
OCEAN#21_SL,2016-03-06,COLI_TOTAL,189,2016-03-19 14:05:37
OCEAN#21_SL,2016-03-06,ENTERO,10,2016-03-19 14:05:37
OCEAN#22_SL,2016-03-06,COLI_E,20,2016-03-19 14:05:37
OCEAN#22_SL,2016-03-06,COLI_TOTAL,426,2016-03-19 14:05:37
OCEAN#22_SL,2016-03-06,ENTERO,63,2016-03-19 14:05:37
BAY#202.4_SL,2016-03-07,COLI_E,379,2016-03-19 14:05:37
BAY#202.4_SL,2016-03-07,COLI_TOTAL,602,2016-03-19 14:05:37
BAY#202.4_SL,2016-03-07,ENTERO,435,2016-03-19 14:05:37
BAY#202.5_SL,2016-03-07,COLI_E,131,2016-03-19 14:05:37
BAY#202.5_SL,2016-03-07,COLI_TOTAL,1178,2016-03-19 14:05:37
BAY#202.5_SL,2016-03-07,ENTERO,158,2016-03-19 14:05:37
BAY#210.1_SL,2016-03-07,COLI_E,52,2016-03-19 14:05:37
BAY#210.1_SL,2016-03-07,COLI_TOTAL,512,2016-03-19 14:05:37
BAY#210.1_SL,2016-03-07,ENTERO,41,2016-03-19 14:05:37
BAY#211_SL,2016-03-07,COLI_E,41,2016-03-19 14:05:37
BAY#211_SL,2016-03-07,COLI_TOTAL,450,2016-03-19 14:05:37
BAY#211_SL,2016-03-07,ENTERO,41,2016-03-19 14:05:37
BAY#220_SL,2016-03-07,COLI_E,743,2016-03-19 14:05:37
BAY#220_SL,2016-03-07,COLI_TOTAL,19863,2016-03-19 14:05:37
BAY#220_SL,2016-03-07,ENTERO,120,2016-03-19 14:05:37
BAY#300.1_SL,2016-03-07,COLI_E,473,2016-03-19 14:05:37
BAY#300.1_SL,2016-03-07,COLI_TOTAL,1722,2016-03-19 14:05:37
BAY#300.1_SL,2016-03-07,ENTERO,448,2016-03-19 14:05:37
BAY#301.1_SL,2016-03-07,COLI_E,41,2016-03-19 14:05:37
BAY#301.1_SL,2016-03-07,COLI_TOTAL,1664,2016-03-19 14:05:37
BAY#301.1_SL,2016-03-07,ENTERO,52,2016-03-19 14:05:37
BAY#301.2_SL,2016-03-07,COLI_E,63,2016-03-19 14:05:37
BAY#301.2_SL,2016-03-07,COLI_TOTAL,563,2016-03-19 14:05:37
BAY#301.2_SL,2016-03-07,ENTERO,63,2016-03-19 14:05:37
BAY#320_SL,2016-03-07,COLI_E,7270,2016-03-19 14:05:37
BAY#320_SL,2016-03-07,COLI_TOTAL,>24196,2016-03-19 14:05:37
BAY#320_SL,2016-03-07,ENTERO,393,2016-03-19 14:05:37
OCEAN#15EAST_SL,2016-03-07,COLI_E,109,2016-03-19 14:05:37
OCEAN#15EAST_SL,2016-03-07,COLI_TOTAL,563,2016-03-19 14:05:37
OCEAN#15EAST_SL,2016-03-07,ENTERO,63,2016-03-19 14:05:37
OCEAN#15_SL,2016-03-07,COLI_E,145,2016-03-19 14:05:37
OCEAN#15_SL,2016-03-07,COLI_TOTAL,759,2016-03-19 14:05:37
OCEAN#15_SL,2016-03-07,ENTERO,420,2016-03-19 14:05:37
OCEAN#16_SL,2016-03-07,COLI_E,292,2016-03-19 14:05:37
OCEAN#16_SL,2016-03-07,COLI_TOTAL,749,2016-03-19 14:05:37
OCEAN#16_SL,2016-03-07,ENTERO,231,2016-03-19 14:05:37
OCEAN#17_SL,2016-03-07,COLI_E,259,2016-03-19 14:05:37
OCEAN#17_SL,2016-03-07,COLI_TOTAL,1374,2016-03-19 14:05:37
OCEAN#17_SL,2016-03-07,ENTERO,84,2016-03-19 14:05:37
OCEAN#18_SL,2016-03-07,COLI_E,146,2016-03-19 14:05:37
OCEAN#18_SL,2016-03-07,COLI_TOTAL,677,2016-03-19 14:05:37
OCEAN#18_SL,2016-03-07,ENTERO,110,2016-03-19 14:05:37
OCEAN#19_SL,2016-03-07,COLI_E,520,2016-03-19 14:05:37
OCEAN#19_SL,2016-03-07,COLI_TOTAL,2046,2016-03-19 14:05:37
OCEAN#19_SL,2016-03-07,ENTERO,315,2016-03-19 14:05:37
BAY#202.4_SL,2016-03-08,COLI_E,10,2016-03-19 14:05:37
BAY#202.4_SL,2016-03-08,COLI_TOTAL,72,2016-03-19 14:05:37
BAY#202.4_SL,2016-03-08,ENTERO,<10,2016-03-19 14:05:37
BAY#202.5_SL,2016-03-08,COLI_E,<10,2016-03-19 14:05:37
BAY#202.5_SL,2016-03-08,COLI_TOTAL,86,2016-03-19 14:05:37
BAY#202.5_SL,2016-03-08,ENTERO,<10,2016-03-19 14:05:37
BAY#220_SL,2016-03-08,COLI_E,41,2016-03-19 14:05:37
BAY#220_SL,2016-03-08,COLI_TOTAL,1450,2016-03-19 14:05:37
BAY#220_SL,2016-03-08,ENTERO,<10,2016-03-19 14:05:37
BAY#300.1_SL,2016-03-08,COLI_E,31,2016-03-19 14:05:37
BAY#300.1_SL,2016-03-08,COLI_TOTAL,97,2016-03-19 14:05:37
BAY#300.1_SL,2016-03-08,ENTERO,<10,2016-03-19 14:05:37
BAY#320_SL,2016-03-08,COLI_E,4106,2016-03-19 14:05:37
BAY#320_SL,2016-03-08,COLI_TOTAL,>24196,2016-03-19 14:05:37
BAY#320_SL,2016-03-08,ENTERO,75,2016-03-19 14:05:37
OCEAN#15EAST_SL,2016-03-08,COLI_E,10,2016-03-19 14:05:37
OCEAN#15EAST_SL,2016-03-08,COLI_TOTAL,31,2016-03-19 14:05:37
OCEAN#15EAST_SL,2016-03-08,ENTERO,<10,2016-03-19 14:05:37
OCEAN#15_SL,2016-03-08,COLI_E,10,2016-03-19 14:05:37
OCEAN#15_SL,2016-03-08,COLI_TOTAL,86,2016-03-19 14:05:37
OCEAN#15_SL,2016-03-08,ENTERO,<10,2016-03-19 14:05:37
OCEAN#16_SL,2016-03-08,COLI_E,<10,2016-03-19 14:05:37
OCEAN#16_SL,2016-03-08,COLI_TOTAL,52,2016-03-19 14:05:37
OCEAN#16_SL,2016-03-08,ENTERO,<10,2016-03-19 14:05:37
OCEAN#18_SL,2016-03-08,COLI_E,<10,2016-03-19 14:05:37
OCEAN#18_SL,2016-03-08,COLI_TOTAL,218,2016-03-19 14:05:37
OCEAN#18_SL,2016-03-08,ENTERO,<10,2016-03-19 14:05:37
OCEAN#19_SL,2016-03-08,COLI_E,10,2016-03-19 14:05:37
OCEAN#19_SL,2016-03-08,COLI_TOTAL,187,2016-03-19 14:05:37
OCEAN#19_SL,2016-03-08,ENTERO,<10,2016-03-19 14:05:37
OCEAN#21.1_SL,2016-03-08,COLI_E,41,2016-03-19 14:05:37
OCEAN#21.1_SL,2016-03-08,COLI_TOTAL,183,2016-03-19 14:05:37
OCEAN#21.1_SL,2016-03-08,ENTERO,41,2016-03-19 14:05:37
BAY#320_SL,2016-03-09,COLI_E,3282,2016-03-19 14:05:37
BAY#320_SL,2016-03-09,COLI_TOTAL,6131,2016-03-19 14:05:37
BAY#320_SL,2016-03-09,ENTERO,20,2016-03-19 14:05:37
BAY#320_SL,2016-03-10,COLI_E,798,2016-03-19 14:05:37
BAY#320_SL,2016-03-10,COLI_TOTAL,2909,2016-03-19 14:05:37
BAY#320_SL,2016-03-10,ENTERO,20,2016-03-19 14:05:37
BAY#220_SL,2016-03-11,COLI_E,17329,2016-03-19 14:05:37
BAY#220_SL,2016-03-11,COLI_TOTAL,>24196,2016-03-19 14:05:37
BAY#220_SL,2016-03-11,ENTERO,3448,2016-03-19 14:05:37
BAY#320_SL,2016-03-11,COLI_E,>24196,2016-03-19 14:05:37
BAY#320_SL,2016-03-11,COLI_TOTAL,>24196,2016-03-19 14:05:37
BAY#320_SL,2016-03-11,ENTERO,17329,2016-03-19 14:05:37
OCEAN#18_SL,2016-03-11,COLI_E,10,2016-03-19 14:05:37
OCEAN#18_SL,2016-03-11,COLI_TOTAL,146,2016-03-19 14:05:37
OCEAN#18_SL,2016-03-11,ENTERO,41,2016-03-19 14:05:37
OCEAN#19_SL,2016-03-11,COLI_E,1081,2016-03-19 14:05:37
OCEAN#19_SL,2016-03-11,COLI_TOTAL,2247,2016-03-19 14:05:37
OCEAN#19_SL,2016-03-11,ENTERO,73,2016-03-19 14:05:37
OCEAN#20_SL,2016-03-11,COLI_E,122,2016-03-19 14:05:37
OCEAN#20_SL,2016-03-11,COLI_TOTAL,2143,2016-03-19 14:05:37
OCEAN#20_SL,2016-03-11,ENTERO,187,2016-03-19 14:05:37
OCEAN#21.1_SL,2016-03-11,COLI_E,52,2016-03-19 14:05:37
OCEAN#21.1_SL,2016-03-11,COLI_TOTAL,1935,2016-03-19 14:05:37
OCEAN#21.1_SL,2016-03-11,ENTERO,183,2016-03-19 14:05:37
OCEAN#21_SL,2016-03-11,COLI_E,75,2016-03-19 14:05:37
OCEAN#21_SL,2016-03-11,COLI_TOTAL,1314,2016-03-19 14:05:37
OCEAN#21_SL,2016-03-11,ENTERO,95,2016-03-19 14:05:37
BAY#220_SL,2016-03-12,COLI_E,109,2016-03-19 14:05:37
BAY#220_SL,2016-03-12,COLI_TOTAL,5794,2016-03-19 14:05:37
BAY#220_SL,2016-03-12,ENTERO,41,2016-03-19 14:05:37
BAY#320_SL,2016-03-12,COLI_E,>24196,2016-03-19 14:05:37
BAY#320_SL,2016-03-12,COLI_TOTAL,>24196,2016-03-19 14:05:37
BAY#320_SL,2016-03-12,ENTERO,2187,2016-03-19 14:05:37
OCEAN#19_SL,2016-03-12,COLI_E,41,2016-03-19 14:05:37
OCEAN#19_SL,2016-03-12,COLI_TOTAL,328,2016-03-19 14:05:37
OCEAN#19_SL,2016-03-12,ENTERO,10,2016-03-19 14:05:37
OCEAN#20_SL,2016-03-12,COLI_E,20,2016-03-19 14:05:37
OCEAN#20_SL,2016-03-12,COLI_TOTAL,120,2016-03-19 14:05:37
OCEAN#20_SL,2016-03-12,ENTERO,<10,2016-03-19 14:05:37
OCEAN#21.1_SL,2016-03-12,COLI_E,10,2016-03-19 14:05:37
OCEAN#21.1_SL,2016-03-12,COLI_TOTAL,52,2016-03-19 14:05:37
OCEAN#21.1_SL,2016-03-12,ENTERO,10,2016-03-19 14:05:37
BAY#220_SL,2016-03-13,COLI_E,3873,2016-03-19 14:05:37
BAY#220_SL,2016-03-13,COLI_TOTAL,>24196,2016-03-19 14:05:37
BAY#220_SL,2016-03-13,ENTERO,1145,2016-03-19 14:05:37
BAY#320_SL,2016-03-13,COLI_E,>24196,2016-03-19 14:05:37
BAY#320_SL,2016-03-13,COLI_TOTAL,>24196,2016-03-19 14:05:37
BAY#320_SL,2016-03-13,ENTERO,>24196,2016-03-19 14:05:37
OCEAN#18_SL,2016-03-13,COLI_E,41,2016-03-19 14:05:37
OCEAN#18_SL,2016-03-13,COLI_TOTAL,364,2016-03-19 14:05:37
OCEAN#18_SL,2016-03-13,ENTERO,41,2016-03-19 14:05:37
OCEAN#19_SL,2016-03-13,COLI_E,1723,2016-03-19 14:05:37
OCEAN#19_SL,2016-03-13,COLI_TOTAL,19863,2016-03-19 14:05:37
OCEAN#19_SL,2016-03-13,ENTERO,465,2016-03-19 14:05:37
OCEAN#20_SL,2016-03-13,COLI_E,31,2016-03-19 14:05:37
OCEAN#20_SL,2016-03-13,COLI_TOTAL,350,2016-03-19 14:05:37
OCEAN#20_SL,2016-03-13,ENTERO,31,2016-03-19 14:05:37
OCEAN#21.1_SL,2016-03-13,COLI_E,10,2016-03-19 14:05:37
OCEAN#21.1_SL,2016-03-13,COLI_TOTAL,228,2016-03-19 14:05:37
OCEAN#21.1_SL,2016-03-13,ENTERO,20,2016-03-19 14:05:37
OCEAN#21_SL,2016-03-13,COLI_E,697,2016-03-19 14:05:37
OCEAN#21_SL,2016-03-13,COLI_TOTAL,6488,2016-03-19 14:05:37
OCEAN#21_SL,2016-03-13,ENTERO,235,2016-03-19 14:05:37
BAY#202.4_SL,2016-03-14,COLI_E,31,2016-03-19 14:05:37
BAY#202.4_SL,2016-03-14,COLI_TOTAL,173,2016-03-19 14:05:37
BAY#202.4_SL,2016-03-14,ENTERO,10,2016-03-19 14:05:37
BAY#202.5_SL,2016-03-14,COLI_E,10,2016-03-19 14:05:37
BAY#202.5_SL,2016-03-14,COLI_TOTAL,169,2016-03-19 14:05:37
BAY#202.5_SL,2016-03-14,ENTERO,10,2016-03-19 14:05:37
BAY#210.1_SL,2016-03-14,COLI_E,20,2016-03-19 14:05:37
BAY#210.1_SL,2016-03-14,COLI_TOTAL,231,2016-03-19 14:05:37
BAY#210.1_SL,2016-03-14,ENTERO,10,2016-03-19 14:05:37
BAY#211_SL,2016-03-14,COLI_E,63,2016-03-19 14:05:37
BAY#211_SL,2016-03-14,COLI_TOTAL,288,2016-03-19 14:05:37
BAY#211_SL,2016-03-14,ENTERO,41,2016-03-19 14:05:37
BAY#220_SL,2016-03-14,COLI_E,384,2016-03-19 14:05:37
BAY#220_SL,2016-03-14,COLI_TOTAL,6867,2016-03-19 14:05:37
BAY#220_SL,2016-03-14,ENTERO,122,2016-03-19 14:05:37
BAY#300.1_SL,2016-03-14,COLI_E,31,2016-03-19 14:05:37
BAY#300.1_SL,2016-03-14,COLI_TOTAL,455,2016-03-19 14:05:37
BAY#300.1_SL,2016-03-14,ENTERO,52,2016-03-19 14:05:37
BAY#301.1_SL,2016-03-14,COLI_E,443,2016-03-19 14:05:37
BAY#301.1_SL,2016-03-14,COLI_TOTAL,15531,2016-03-19 14:05:37
BAY#301.1_SL,2016-03-14,ENTERO,389,2016-03-19 14:05:37
BAY#301.2_SL,2016-03-14,COLI_E,31,2016-03-19 14:05:37
BAY#301.2_SL,2016-03-14,COLI_TOTAL,341,2016-03-19 14:05:37
BAY#301.2_SL,2016-03-14,ENTERO,10,2016-03-19 14:05:37
BAY#320_SL,2016-03-14,COLI_E,>24196,2016-03-19 14:05:37
BAY#320_SL,2016-03-14,COLI_TOTAL,>24196,2016-03-19 14:05:37
BAY#320_SL,2016-03-14,ENTERO,3873,2016-03-19 14:05:37
OCEAN#15EAST_SL,2016-03-14,COLI_E,<10,2016-03-19 14:05:37
OCEAN#15EAST_SL,2016-03-14,COLI_TOTAL,110,2016-03-19 14:05:37
OCEAN#15EAST_SL,2016-03-14,ENTERO,20,2016-03-19 14:05:37
OCEAN#15_SL,2016-03-14,COLI_E,31,2016-03-19 14:05:37
OCEAN#15_SL,2016-03-14,COLI_TOTAL,1187,2016-03-19 14:05:37
OCEAN#15_SL,2016-03-14,ENTERO,31,2016-03-19 14:05:37
OCEAN#16_SL,2016-03-14,COLI_E,41,2016-03-19 14:05:37
OCEAN#16_SL,2016-03-14,COLI_TOTAL,73,2016-03-19 14:05:37
OCEAN#16_SL,2016-03-14,ENTERO,<10,2016-03-19 14:05:37
OCEAN#17_SL,2016-03-14,COLI_E,<10,2016-03-19 14:05:37
OCEAN#17_SL,2016-03-14,COLI_TOTAL,63,2016-03-19 14:05:37
OCEAN#17_SL,2016-03-14,ENTERO,<10,2016-03-19 14:05:37
OCEAN#18_SL,2016-03-14,COLI_E,20,2016-03-19 14:05:37
OCEAN#18_SL,2016-03-14,COLI_TOTAL,97,2016-03-19 14:05:37
OCEAN#18_SL,2016-03-14,ENTERO,10,2016-03-19 14:05:37
OCEAN#19_SL,2016-03-14,COLI_E,122,2016-03-19 14:05:37
OCEAN#19_SL,2016-03-14,COLI_TOTAL,350,2016-03-19 14:05:37
OCEAN#19_SL,2016-03-14,ENTERO,20,2016-03-19 14:05:37
OCEAN#21.1_SL,2016-03-14,COLI_E,<10,2016-03-19 14:05:37
OCEAN#21.1_SL,2016-03-14,COLI_TOTAL,41,2016-03-19 14:05:37
OCEAN#21.1_SL,2016-03-14,ENTERO,<10,2016-03-19 14:05:37
OCEAN#21_SL,2016-03-14,COLI_E,20,2016-03-19 14:05:37
OCEAN#21_SL,2016-03-14,COLI_TOTAL,121,2016-03-19 14:05:37
OCEAN#21_SL,2016-03-14,ENTERO,20,2016-03-19 14:05:37
BAY#220_SL,2016-03-15,COLI_E,63,2016-03-19 14:05:37
BAY#220_SL,2016-03-15,COLI_TOTAL,488,2016-03-19 14:05:37
BAY#220_SL,2016-03-15,ENTERO,10,2016-03-19 14:05:37
BAY#301.1_SL,2016-03-15,COLI_E,31,2016-03-19 14:05:37
BAY#301.1_SL,2016-03-15,COLI_TOTAL,309,2016-03-19 14:05:37
BAY#301.1_SL,2016-03-15,ENTERO,<10,2016-03-19 14:05:37
BAY#320_SL,2016-03-15,COLI_E,336,2016-03-19 14:05:37
BAY#320_SL,2016-03-15,COLI_TOTAL,10462,2016-03-19 14:05:37
BAY#320_SL,2016-03-15,ENTERO,31,2016-03-19 14:05:37
OCEAN#17_SL,2016-03-15,COLI_E,10,2016-03-19 14:05:37
OCEAN#17_SL,2016-03-15,COLI_TOTAL,86,2016-03-19 14:05:37
OCEAN#17_SL,2016-03-15,ENTERO,20,2016-03-19 14:05:37
BAY#320_SL,2016-03-16,COLI_E,51,2016-03-19 14:05:37
BAY#320_SL,2016-03-16,COLI_TOTAL,712,2016-03-19 14:05:37
BAY#320_SL,2016-03-16,ENTERO,10,2016-03-19 14:05:37
BAY#202.4_SL,2016-03-21,COLI_E,10,2016-03-22 15:00:03
BAY#202.4_SL,2016-03-21,COLI_TOTAL,10,2016-03-22 15:00:03
BAY#202.4_SL,2016-03-21,ENTERO,<10,2016-03-22 15:00:03
BAY#202.5_SL,2016-03-21,COLI_E,<10,2016-03-22 15:00:03
BAY#202.5_SL,2016-03-21,COLI_TOTAL,52,2016-03-22 15:00:03
BAY#202.5_SL,2016-03-21,ENTERO,<10,2016-03-22 15:00:03
BAY#210.1_SL,2016-03-21,COLI_E,<10,2016-03-22 15:00:03
BAY#210.1_SL,2016-03-21,COLI_TOTAL,41,2016-03-22 15:00:03
BAY#210.1_SL,2016-03-21,ENTERO,10,2016-03-22 15:00:03
BAY#211_SL,2016-03-21,COLI_E,30,2016-03-22 15:00:03
BAY#211_SL,2016-03-21,COLI_TOTAL,61,2016-03-22 15:00:03
BAY#211_SL,2016-03-21,ENTERO,10,2016-03-22 15:00:03
BAY#300.1_SL,2016-03-21,COLI_E,384,2016-03-22 15:00:03
BAY#300.1_SL,2016-03-21,COLI_TOTAL,1112,2016-03-22 15:00:03
BAY#300.1_SL,2016-03-21,ENTERO,173,2016-03-22 15:00:03
BAY#301.1_SL,2016-03-21,COLI_E,41,2016-03-22 15:00:03
BAY#301.1_SL,2016-03-21,COLI_TOTAL,12033,2016-03-22 15:00:03
BAY#301.1_SL,2016-03-21,ENTERO,754,2016-03-22 15:00:03
BAY#301.2_SL,2016-03-21,COLI_E,<10,2016-03-22 15:00:03
BAY#301.2_SL,2016-03-21,COLI_TOTAL,10,2016-03-22 15:00:03
BAY#301.2_SL,2016-03-21,ENTERO,41,2016-03-22 15:00:03
BAY#320_SL,2016-03-21,COLI_E,31,2016-03-22 15:00:03
BAY#320_SL,2016-03-21,COLI_TOTAL,399,2016-03-22 15:00:03
BAY#320_SL,2016-03-21,ENTERO,10,2016-03-22 15:00:03
OCEAN#15EAST_SL,2016-03-21,COLI_E,620,2016-03-22 15:00:03
OCEAN#15EAST_SL,2016-03-21,COLI_TOTAL,1334,2016-03-22 15:00:03
OCEAN#15EAST_SL,2016-03-21,ENTERO,697,2016-03-22 15:00:03
OCEAN#15_SL,2016-03-21,COLI_E,41,2016-03-22 15:00:03
OCEAN#15_SL,2016-03-21,COLI_TOTAL,109,2016-03-22 15:00:03
OCEAN#15_SL,2016-03-21,ENTERO,<10,2016-03-22 15:00:03
OCEAN#16_SL,2016-03-21,COLI_E,20,2016-03-22 15:00:03
OCEAN#16_SL,2016-03-21,COLI_TOTAL,121,2016-03-22 15:00:03
OCEAN#16_SL,2016-03-21,ENTERO,145,2016-03-22 15:00:03
OCEAN#17_SL,2016-03-21,COLI_E,455,2016-03-22 15:00:03
OCEAN#17_SL,2016-03-21,COLI_TOTAL,6867,2016-03-22 15:00:03
OCEAN#17_SL,2016-03-21,ENTERO,169,2016-03-22 15:00:03
OCEAN#18_SL,2016-03-21,COLI_E,41,2016-03-22 15:00:03
OCEAN#18_SL,2016-03-21,COLI_TOTAL,134,2016-03-22 15:00:03
OCEAN#18_SL,2016-03-21,ENTERO,<10,2016-03-22 15:00:03
OCEAN#19_SL,2016-03-21,COLI_E,<10,2016-03-22 15:00:03
OCEAN#19_SL,2016-03-21,COLI_TOTAL,20,2016-03-22 15:00:03
OCEAN#19_SL,2016-03-21,ENTERO,20,2016-03-22 15:00:03
OCEAN#21.1_SL,2016-03-21,COLI_E,52,2016-03-22 15:00:03
OCEAN#21.1_SL,2016-03-21,COLI_TOTAL,121,2016-03-22 15:00:03
OCEAN#21.1_SL,2016-03-21,ENTERO,20,2016-03-22 15:00:03
BAY#300.1_SL,2016-03-22,COLI_E,<10,2016-03-23 15:03:19
BAY#300.1_SL,2016-03-22,COLI_TOTAL,52,2016-03-23 15:03:19
BAY#300.1_SL,2016-03-22,ENTERO,<10,2016-03-23 15:03:19
BAY#301.1_SL,2016-03-22,COLI_E,10,2016-03-23 15:03:19
BAY#301.1_SL,2016-03-22,COLI_TOTAL,1396,2016-03-23 15:03:19
BAY#301.1_SL,2016-03-22,ENTERO,41,2016-03-23 15:03:19
OCEAN#15EAST_SL,2016-03-22,COLI_E,<10,2016-03-23 15:03:19
OCEAN#15EAST_SL,2016-03-22,COLI_TOTAL,95,2016-03-23 15:03:19
OCEAN#15EAST_SL,2016-03-22,ENTERO,10,2016-03-23 15:03:19
OCEAN#16_SL,2016-03-22,COLI_E,10,2016-03-23 15:03:19
OCEAN#16_SL,2016-03-22,COLI_TOTAL,74,2016-03-23 15:03:19
OCEAN#16_SL,2016-03-22,ENTERO,<10,2016-03-23 15:03:19
OCEAN#17_SL,2016-03-22,COLI_E,<10,2016-03-23 15:03:19
OCEAN#17_SL,2016-03-22,COLI_TOTAL,20,2016-03-23 15:03:19
OCEAN#17_SL,2016-03-22,ENTERO,<10,2016-03-23 15:03:19
BAY#202.4_SL,2016-03-28,COLI_E,<10,2016-03-29 15:00:08
BAY#202.4_SL,2016-03-28,COLI_TOTAL,20,2016-03-29 15:00:08
BAY#202.4_SL,2016-03-28,ENTERO,<10,2016-03-29 15:00:08
BAY#202.5_SL,2016-03-28,COLI_E,10,2016-03-29 15:00:08
BAY#202.5_SL,2016-03-28,COLI_TOTAL,63,2016-03-29 15:00:08
BAY#202.5_SL,2016-03-28,ENTERO,<10,2016-03-29 15:00:08
BAY#210.1_SL,2016-03-28,COLI_E,<10,2016-03-29 15:00:08
BAY#210.1_SL,2016-03-28,COLI_TOTAL,20,2016-03-29 15:00:08
BAY#210.1_SL,2016-03-28,ENTERO,<10,2016-03-29 15:00:08
BAY#211_SL,2016-03-28,COLI_E,122,2016-03-29 15:00:08
BAY#211_SL,2016-03-28,COLI_TOTAL,216,2016-03-29 15:00:08
BAY#211_SL,2016-03-28,ENTERO,31,2016-03-29 15:00:08
BAY#300.1_SL,2016-03-28,COLI_E,63,2016-03-29 15:00:08
BAY#300.1_SL,2016-03-28,COLI_TOTAL,332,2016-03-29 15:00:08
BAY#300.1_SL,2016-03-28,ENTERO,20,2016-03-29 15:00:08
BAY#301.1_SL,2016-03-28,COLI_E,20,2016-03-29 15:00:08
BAY#301.1_SL,2016-03-28,COLI_TOTAL,908,2016-03-29 15:00:08
BAY#301.1_SL,2016-03-28,ENTERO,52,2016-03-29 15:00:08
BAY#301.2_SL,2016-03-28,COLI_E,<10,2016-03-29 15:00:08
BAY#301.2_SL,2016-03-28,COLI_TOTAL,<10,2016-03-29 15:00:08
BAY#301.2_SL,2016-03-28,ENTERO,10,2016-03-29 15:00:08
BAY#320_SL,2016-03-28,COLI_E,20,2016-03-29 15:00:08
BAY#320_SL,2016-03-28,COLI_TOTAL,426,2016-03-29 15:00:08
BAY#320_SL,2016-03-28,ENTERO,<10,2016-03-29 15:00:08
OCEAN#15EAST_SL,2016-03-28,COLI_E,<10,2016-03-29 15:00:08
OCEAN#15EAST_SL,2016-03-28,COLI_TOTAL,10,2016-03-29 15:00:08
OCEAN#15EAST_SL,2016-03-28,ENTERO,<10,2016-03-29 15:00:08
OCEAN#15_SL,2016-03-28,COLI_E,10,2016-03-29 15:00:08
OCEAN#15_SL,2016-03-28,COLI_TOTAL,3076,2016-03-29 15:00:08
OCEAN#15_SL,2016-03-28,ENTERO,20,2016-03-29 15:00:08
OCEAN#16_SL,2016-03-28,COLI_E,10,2016-03-29 15:00:08
OCEAN#16_SL,2016-03-28,COLI_TOTAL,10,2016-03-29 15:00:08
OCEAN#16_SL,2016-03-28,ENTERO,<10,2016-03-29 15:00:08
OCEAN#17_SL,2016-03-28,COLI_E,10,2016-03-29 15:00:08
OCEAN#17_SL,2016-03-28,COLI_TOTAL,20,2016-03-29 15:00:08
OCEAN#17_SL,2016-03-28,ENTERO,<10,2016-03-29 15:00:08
OCEAN#18_SL,2016-03-28,COLI_E,<10,2016-03-29 15:00:08
OCEAN#18_SL,2016-03-28,COLI_TOTAL,10,2016-03-29 15:00:08
OCEAN#18_SL,2016-03-28,ENTERO,<10,2016-03-29 15:00:08
OCEAN#19_SL,2016-03-28,COLI_E,<10,2016-03-29 15:00:08
OCEAN#19_SL,2016-03-28,COLI_TOTAL,10,2016-03-29 15:00:08
OCEAN#19_SL,2016-03-28,ENTERO,<10,2016-03-29 15:00:08
OCEAN#21.1_SL,2016-03-28,COLI_E,<10,2016-03-29 15:00:08
OCEAN#21.1_SL,2016-03-28,COLI_TOTAL,<10,2016-03-29 15:00:08
OCEAN#21.1_SL,2016-03-28,ENTERO,<10,2016-03-29 15:00:08
BAY#202.4_SL,2016-04-04,COLI_E,<10,2016-04-05 15:00:07
BAY#202.4_SL,2016-04-04,COLI_TOTAL,20,2016-04-05 15:00:07
BAY#202.4_SL,2016-04-04,ENTERO,<10,2016-04-05 15:00:07
BAY#202.5_SL,2016-04-04,COLI_E,<10,2016-04-05 15:00:07
BAY#202.5_SL,2016-04-04,COLI_TOTAL,<10,2016-04-05 15:00:07
BAY#202.5_SL,2016-04-04,ENTERO,<10,2016-04-05 15:00:07
BAY#210.1_SL,2016-04-04,COLI_E,10,2016-04-05 15:00:07
BAY#210.1_SL,2016-04-04,COLI_TOTAL,160,2016-04-05 15:00:07
BAY#210.1_SL,2016-04-04,ENTERO,10,2016-04-05 15:00:07
BAY#211_SL,2016-04-04,COLI_E,336,2016-04-05 15:00:07
BAY#211_SL,2016-04-04,COLI_TOTAL,684,2016-04-05 15:00:07
BAY#211_SL,2016-04-04,ENTERO,30,2016-04-05 15:00:07
BAY#300.1_SL,2016-04-04,COLI_E,10,2016-04-05 15:00:07
BAY#300.1_SL,2016-04-04,COLI_TOTAL,187,2016-04-05 15:00:07
BAY#300.1_SL,2016-04-04,ENTERO,<10,2016-04-05 15:00:07
BAY#301.1_SL,2016-04-04,COLI_E,2909,2016-04-05 15:00:07
BAY#301.1_SL,2016-04-04,COLI_TOTAL,3873,2016-04-05 15:00:07
BAY#301.1_SL,2016-04-04,ENTERO,1607,2016-04-05 15:00:07
BAY#301.2_SL,2016-04-04,COLI_E,<10,2016-04-05 15:00:07
BAY#301.2_SL,2016-04-04,COLI_TOTAL,<10,2016-04-05 15:00:07
BAY#301.2_SL,2016-04-04,ENTERO,<10,2016-04-05 15:00:07
BAY#320_SL,2016-04-04,COLI_E,41,2016-04-05 15:00:07
BAY#320_SL,2016-04-04,COLI_TOTAL,197,2016-04-05 15:00:07
BAY#320_SL,2016-04-04,ENTERO,<10,2016-04-05 15:00:07
OCEAN#15EAST_SL,2016-04-04,COLI_E,<10,2016-04-05 15:00:07
OCEAN#15EAST_SL,2016-04-04,COLI_TOTAL,<10,2016-04-05 15:00:07
OCEAN#15EAST_SL,2016-04-04,ENTERO,<10,2016-04-05 15:00:07
OCEAN#15_SL,2016-04-04,COLI_E,30,2016-04-05 15:00:07
OCEAN#15_SL,2016-04-04,COLI_TOTAL,6131,2016-04-05 15:00:07
OCEAN#15_SL,2016-04-04,ENTERO,<10,2016-04-05 15:00:07
OCEAN#16_SL,2016-04-04,COLI_E,<10,2016-04-05 15:00:07
OCEAN#16_SL,2016-04-04,COLI_TOTAL,<10,2016-04-05 15:00:07
OCEAN#16_SL,2016-04-04,ENTERO,<10,2016-04-05 15:00:07
OCEAN#17_SL,2016-04-04,COLI_E,10,2016-04-05 15:00:07
OCEAN#17_SL,2016-04-04,COLI_TOTAL,10,2016-04-05 15:00:07
OCEAN#17_SL,2016-04-04,ENTERO,<10,2016-04-05 15:00:07
OCEAN#18_SL,2016-04-04,COLI_E,<10,2016-04-05 15:00:07
OCEAN#18_SL,2016-04-04,COLI_TOTAL,10,2016-04-05 15:00:07
OCEAN#18_SL,2016-04-04,ENTERO,<10,2016-04-05 15:00:07
OCEAN#19_SL,2016-04-04,COLI_E,<10,2016-04-05 15:00:07
OCEAN#19_SL,2016-04-04,COLI_TOTAL,20,2016-04-05 15:00:07
OCEAN#19_SL,2016-04-04,ENTERO,<10,2016-04-05 15:00:07
OCEAN#21.1_SL,2016-04-04,COLI_E,<10,2016-04-05 15:00:07
OCEAN#21.1_SL,2016-04-04,COLI_TOTAL,<10,2016-04-05 15:00:07
OCEAN#21.1_SL,2016-04-04,ENTERO,<10,2016-04-05 15:00:07
BAY#301.1_SL,2016-04-05,COLI_E,30,2016-04-06 15:00:04
BAY#301.1_SL,2016-04-05,COLI_TOTAL,171,2016-04-06 15:00:04
BAY#301.1_SL,2016-04-05,ENTERO,<10,2016-04-06 15:00:04
BAY#202.4_SL,2016-04-11,COLI_E,10,2016-04-12 15:00:02
BAY#202.4_SL,2016-04-11,COLI_TOTAL,52,2016-04-12 15:00:02
BAY#202.4_SL,2016-04-11,ENTERO,20,2016-04-12 15:00:02
BAY#202.5_SL,2016-04-11,COLI_E,<10,2016-04-12 15:00:02
BAY#202.5_SL,2016-04-11,COLI_TOTAL,41,2016-04-12 15:00:02
BAY#202.5_SL,2016-04-11,ENTERO,<10,2016-04-12 15:00:02
BAY#210.1_SL,2016-04-11,COLI_E,<10,2016-04-12 15:00:02
BAY#210.1_SL,2016-04-11,COLI_TOTAL,41,2016-04-12 15:00:02
BAY#210.1_SL,2016-04-11,ENTERO,<10,2016-04-12 15:00:02
BAY#211_SL,2016-04-11,COLI_E,20,2016-04-12 15:00:02
BAY#211_SL,2016-04-11,COLI_TOTAL,63,2016-04-12 15:00:02
BAY#211_SL,2016-04-11,ENTERO,<10,2016-04-12 15:00:02
BAY#300.1_SL,2016-04-11,COLI_E,379,2016-04-12 15:00:02
BAY#300.1_SL,2016-04-11,COLI_TOTAL,3255,2016-04-12 15:00:02
BAY#300.1_SL,2016-04-11,ENTERO,223,2016-04-12 15:00:02
BAY#301.1_SL,2016-04-11,COLI_E,134,2016-04-12 15:00:02
BAY#301.1_SL,2016-04-11,COLI_TOTAL,8664,2016-04-12 15:00:02
BAY#301.1_SL,2016-04-11,ENTERO,226,2016-04-12 15:00:02
BAY#301.2_SL,2016-04-11,COLI_E,41,2016-04-12 15:00:02
BAY#301.2_SL,2016-04-11,COLI_TOTAL,63,2016-04-12 15:00:02
BAY#301.2_SL,2016-04-11,ENTERO,<10,2016-04-12 15:00:02
BAY#320_SL,2016-04-11,COLI_E,31,2016-04-12 15:00:02
BAY#320_SL,2016-04-11,COLI_TOTAL,9804,2016-04-12 15:00:02
BAY#320_SL,2016-04-11,ENTERO,63,2016-04-12 15:00:02
OCEAN#15EAST_SL,2016-04-11,COLI_E,10,2016-04-12 15:00:02
OCEAN#15EAST_SL,2016-04-11,COLI_TOTAL,97,2016-04-12 15:00:02
OCEAN#15EAST_SL,2016-04-11,ENTERO,10,2016-04-12 15:00:02
OCEAN#15_SL,2016-04-11,COLI_E,10,2016-04-12 15:00:02
OCEAN#15_SL,2016-04-11,COLI_TOTAL,131,2016-04-12 15:00:02
OCEAN#15_SL,2016-04-11,ENTERO,<10,2016-04-12 15:00:02
OCEAN#16_SL,2016-04-11,COLI_E,10,2016-04-12 15:00:02
OCEAN#16_SL,2016-04-11,COLI_TOTAL,20,2016-04-12 15:00:02
OCEAN#16_SL,2016-04-11,ENTERO,10,2016-04-12 15:00:02
OCEAN#17_SL,2016-04-11,COLI_E,<10,2016-04-12 15:00:02
OCEAN#17_SL,2016-04-11,COLI_TOTAL,52,2016-04-12 15:00:02
OCEAN#17_SL,2016-04-11,ENTERO,<10,2016-04-12 15:00:02
OCEAN#18_SL,2016-04-11,COLI_E,10,2016-04-12 15:00:02
OCEAN#18_SL,2016-04-11,COLI_TOTAL,10,2016-04-12 15:00:02
OCEAN#18_SL,2016-04-11,ENTERO,<10,2016-04-12 15:00:02
OCEAN#19_SL,2016-04-11,COLI_E,20,2016-04-12 15:00:02
OCEAN#19_SL,2016-04-11,COLI_TOTAL,20,2016-04-12 15:00:02
OCEAN#19_SL,2016-04-11,ENTERO,<10,2016-04-12 15:00:02
OCEAN#21.1_SL,2016-04-11,COLI_E,20,2016-04-12 15:00:02
OCEAN#21.1_SL,2016-04-11,COLI_TOTAL,20,2016-04-12 15:00:02
OCEAN#21.1_SL,2016-04-11,ENTERO,<10,2016-04-12 15:00:02
BAY#300.1_SL,2016-04-12,COLI_E,20,2016-04-14 07:22:33
BAY#300.1_SL,2016-04-12,COLI_TOTAL,1789,2016-04-14 07:22:33
BAY#300.1_SL,2016-04-12,ENTERO,<10,2016-04-14 07:22:33
BAY#301.1_SL,2016-04-12,COLI_E,10,2016-04-14 07:22:33
BAY#301.1_SL,2016-04-12,COLI_TOTAL,3282,2016-04-14 07:22:33
BAY#301.1_SL,2016-04-12,ENTERO,<10,2016-04-14 07:22:33
BAY#202.4_SL,2016-04-18,COLI_E,<10,2016-04-19 15:00:03
BAY#202.4_SL,2016-04-18,COLI_TOTAL,<10,2016-04-19 15:00:03
BAY#202.4_SL,2016-04-18,ENTERO,<10,2016-04-19 15:00:03
BAY#202.5_SL,2016-04-18,COLI_E,<10,2016-04-19 15:00:03
BAY#202.5_SL,2016-04-18,COLI_TOTAL,10,2016-04-19 15:00:03
BAY#202.5_SL,2016-04-18,ENTERO,<10,2016-04-19 15:00:03
BAY#210.1_SL,2016-04-18,COLI_E,30,2016-04-19 15:00:03
BAY#210.1_SL,2016-04-18,COLI_TOTAL,108,2016-04-19 15:00:03
BAY#210.1_SL,2016-04-18,ENTERO,<10,2016-04-19 15:00:03
BAY#211_SL,2016-04-18,COLI_E,30,2016-04-19 15:00:03
BAY#211_SL,2016-04-18,COLI_TOTAL,41,2016-04-19 15:00:03
BAY#211_SL,2016-04-18,ENTERO,<10,2016-04-19 15:00:03
BAY#300.1_SL,2016-04-18,COLI_E,<10,2016-04-19 15:00:03
BAY#300.1_SL,2016-04-18,COLI_TOTAL,96,2016-04-19 15:00:03
BAY#300.1_SL,2016-04-18,ENTERO,<10,2016-04-19 15:00:03
BAY#301.1_SL,2016-04-18,COLI_E,31,2016-04-19 15:00:03
BAY#301.1_SL,2016-04-18,COLI_TOTAL,298,2016-04-19 15:00:03
BAY#301.1_SL,2016-04-18,ENTERO,10,2016-04-19 15:00:03
BAY#301.2_SL,2016-04-18,COLI_E,<10,2016-04-19 15:00:03
BAY#301.2_SL,2016-04-18,COLI_TOTAL,20,2016-04-19 15:00:03
BAY#301.2_SL,2016-04-18,ENTERO,<10,2016-04-19 15:00:03
BAY#320_SL,2016-04-18,COLI_E,<10,2016-04-19 15:00:03
BAY#320_SL,2016-04-18,COLI_TOTAL,20,2016-04-19 15:00:03
BAY#320_SL,2016-04-18,ENTERO,<10,2016-04-19 15:00:03
OCEAN#15EAST_SL,2016-04-18,COLI_E,10,2016-04-19 15:00:03
OCEAN#15EAST_SL,2016-04-18,COLI_TOTAL,10,2016-04-19 15:00:03
OCEAN#15EAST_SL,2016-04-18,ENTERO,<10,2016-04-19 15:00:03
OCEAN#15_SL,2016-04-18,COLI_E,<10,2016-04-19 15:00:03
OCEAN#15_SL,2016-04-18,COLI_TOTAL,520,2016-04-19 15:00:03
OCEAN#15_SL,2016-04-18,ENTERO,10,2016-04-19 15:00:03
OCEAN#16_SL,2016-04-18,COLI_E,<10,2016-04-19 15:00:03
OCEAN#16_SL,2016-04-18,COLI_TOTAL,20,2016-04-19 15:00:03
OCEAN#16_SL,2016-04-18,ENTERO,<10,2016-04-19 15:00:03
OCEAN#17_SL,2016-04-18,COLI_E,<10,2016-04-19 15:00:03
OCEAN#17_SL,2016-04-18,COLI_TOTAL,<10,2016-04-19 15:00:03
OCEAN#17_SL,2016-04-18,ENTERO,<10,2016-04-19 15:00:03
OCEAN#18_SL,2016-04-18,COLI_E,<10,2016-04-19 15:00:03
OCEAN#18_SL,2016-04-18,COLI_TOTAL,<10,2016-04-19 15:00:03
OCEAN#18_SL,2016-04-18,ENTERO,<10,2016-04-19 15:00:03
OCEAN#19_SL,2016-04-18,COLI_E,<10,2016-04-19 15:00:03
OCEAN#19_SL,2016-04-18,COLI_TOTAL,<10,2016-04-19 15:00:03
OCEAN#19_SL,2016-04-18,ENTERO,<10,2016-04-19 15:00:03
OCEAN#21.1_SL,2016-04-18,COLI_E,<10,2016-04-19 15:00:03
OCEAN#21.1_SL,2016-04-18,COLI_TOTAL,20,2016-04-19 15:00:03
OCEAN#21.1_SL,2016-04-18,ENTERO,<10,2016-04-19 15:00:03
BAY#202.4_SL,2016-04-25,COLI_E,<10,2016-04-27 07:00:24
BAY#202.4_SL,2016-04-25,COLI_TOTAL,10,2016-04-27 07:00:24
BAY#202.4_SL,2016-04-25,ENTERO,<10,2016-04-27 07:00:24
BAY#202.5_SL,2016-04-25,COLI_E,<10,2016-04-27 07:00:24
BAY#202.5_SL,2016-04-25,COLI_TOTAL,10,2016-04-27 07:00:24
BAY#202.5_SL,2016-04-25,ENTERO,<10,2016-04-27 07:00:24
BAY#210.1_SL,2016-04-25,COLI_E,<10,2016-04-27 07:00:24
BAY#210.1_SL,2016-04-25,COLI_TOTAL,10,2016-04-27 07:00:24
BAY#210.1_SL,2016-04-25,ENTERO,<10,2016-04-27 07:00:24
BAY#211_SL,2016-04-25,COLI_E,20,2016-04-27 07:00:24
BAY#211_SL,2016-04-25,COLI_TOTAL,31,2016-04-27 07:00:24
BAY#211_SL,2016-04-25,ENTERO,<10,2016-04-27 07:00:24
BAY#300.1_SL,2016-04-25,COLI_E,20,2016-04-27 07:00:24
BAY#300.1_SL,2016-04-25,COLI_TOTAL,428,2016-04-27 07:00:24
BAY#300.1_SL,2016-04-25,ENTERO,<10,2016-04-27 07:00:24
BAY#301.1_SL,2016-04-25,COLI_E,10,2016-04-27 07:00:24
BAY#301.1_SL,2016-04-25,COLI_TOTAL,145,2016-04-27 07:00:24
BAY#301.1_SL,2016-04-25,ENTERO,10,2016-04-27 07:00:24
BAY#301.2_SL,2016-04-25,COLI_E,<10,2016-04-27 07:00:24
BAY#301.2_SL,2016-04-25,COLI_TOTAL,<10,2016-04-27 07:00:24
BAY#301.2_SL,2016-04-25,ENTERO,<10,2016-04-27 07:00:24
BAY#320_SL,2016-04-25,COLI_E,20,2016-04-27 07:00:24
BAY#320_SL,2016-04-25,COLI_TOTAL,573,2016-04-27 07:00:24
BAY#320_SL,2016-04-25,ENTERO,10,2016-04-27 07:00:24
OCEAN#15EAST_SL,2016-04-25,COLI_E,<10,2016-04-26 15:00:06
OCEAN#15EAST_SL,2016-04-25,COLI_TOTAL,31,2016-04-26 15:00:06
OCEAN#15EAST_SL,2016-04-25,ENTERO,<10,2016-04-26 15:00:06
OCEAN#15_SL,2016-04-25,COLI_E,63,2016-04-26 15:00:06
OCEAN#15_SL,2016-04-25,COLI_TOTAL,4106,2016-04-26 15:00:06
OCEAN#15_SL,2016-04-25,ENTERO,31,2016-04-26 15:00:06
OCEAN#16_SL,2016-04-25,COLI_E,<10,2016-04-26 15:00:06
OCEAN#16_SL,2016-04-25,COLI_TOTAL,<10,2016-04-26 15:00:06
OCEAN#16_SL,2016-04-25,ENTERO,<10,2016-04-26 15:00:06
OCEAN#17_SL,2016-04-25,COLI_E,<10,2016-04-26 15:00:06
OCEAN#17_SL,2016-04-25,COLI_TOTAL,<10,2016-04-26 15:00:06
OCEAN#17_SL,2016-04-25,ENTERO,<10,2016-04-26 15:00:06
OCEAN#18_SL,2016-04-25,COLI_E,10,2016-04-26 15:00:06
OCEAN#18_SL,2016-04-25,COLI_TOTAL,10,2016-04-26 15:00:06
OCEAN#18_SL,2016-04-25,ENTERO,<10,2016-04-26 15:00:06
OCEAN#19_SL,2016-04-25,COLI_E,<10,2016-04-26 15:00:06
OCEAN#19_SL,2016-04-25,COLI_TOTAL,<10,2016-04-26 15:00:06
OCEAN#19_SL,2016-04-25,ENTERO,<10,2016-04-26 15:00:06
OCEAN#21.1_SL,2016-04-25,COLI_E,10,2016-04-26 15:00:06
OCEAN#21.1_SL,2016-04-25,COLI_TOTAL,20,2016-04-26 15:00:06
OCEAN#21.1_SL,2016-04-25,ENTERO,<10,2016-04-26 15:00:06
BAY#202.4_SL,2016-05-02,COLI_E,<10,2016-05-03 15:28:28
BAY#202.4_SL,2016-05-02,COLI_TOTAL,<10,2016-05-03 15:28:28
BAY#202.4_SL,2016-05-02,ENTERO,10,2016-05-03 15:28:28
BAY#202.5_SL,2016-05-02,COLI_E,<10,2016-05-03 15:28:28
BAY#202.5_SL,2016-05-02,COLI_TOTAL,51,2016-05-03 15:28:28
BAY#202.5_SL,2016-05-02,ENTERO,<10,2016-05-03 15:28:28
BAY#210.1_SL,2016-05-02,COLI_E,10,2016-05-03 15:28:28
BAY#210.1_SL,2016-05-02,COLI_TOTAL,75,2016-05-03 15:28:28
BAY#210.1_SL,2016-05-02,ENTERO,<10,2016-05-03 15:28:28
BAY#211_SL,2016-05-02,COLI_E,20,2016-05-03 15:28:28
BAY#211_SL,2016-05-02,COLI_TOTAL,282,2016-05-03 15:28:28
BAY#211_SL,2016-05-02,ENTERO,31,2016-05-03 15:28:28
BAY#300.1_SL,2016-05-02,COLI_E,<10,2016-05-03 15:28:28
BAY#300.1_SL,2016-05-02,COLI_TOTAL,10,2016-05-03 15:28:28
BAY#300.1_SL,2016-05-02,ENTERO,<10,2016-05-03 15:28:28
BAY#301.1_SL,2016-05-02,COLI_E,183,2016-05-03 15:28:28
BAY#301.1_SL,2016-05-02,COLI_TOTAL,1918,2016-05-03 15:28:28
BAY#301.1_SL,2016-05-02,ENTERO,<10,2016-05-03 15:28:28
BAY#301.2_SL,2016-05-02,COLI_E,10,2016-05-03 15:28:28
BAY#301.2_SL,2016-05-02,COLI_TOTAL,10,2016-05-03 15:28:28
BAY#301.2_SL,2016-05-02,ENTERO,10,2016-05-03 15:28:28
BAY#320_SL,2016-05-02,COLI_E,10,2016-05-03 15:28:28
BAY#320_SL,2016-05-02,COLI_TOTAL,74,2016-05-03 15:28:28
BAY#320_SL,2016-05-02,ENTERO,10,2016-05-03 15:28:28
OCEAN#15EAST_SL,2016-05-02,COLI_E,<10,2016-05-03 15:28:28
OCEAN#15EAST_SL,2016-05-02,COLI_TOTAL,<10,2016-05-03 15:28:28
OCEAN#15EAST_SL,2016-05-02,ENTERO,<10,2016-05-03 15:28:28
OCEAN#15_SL,2016-05-02,COLI_E,20,2016-05-03 15:28:28
OCEAN#15_SL,2016-05-02,COLI_TOTAL,10462,2016-05-03 15:28:28
OCEAN#15_SL,2016-05-02,ENTERO,84,2016-05-03 15:28:28
OCEAN#16_SL,2016-05-02,COLI_E,<10,2016-05-03 15:28:28
OCEAN#16_SL,2016-05-02,COLI_TOTAL,20,2016-05-03 15:28:28
OCEAN#16_SL,2016-05-02,ENTERO,<10,2016-05-03 15:28:28
OCEAN#17_SL,2016-05-02,COLI_E,<10,2016-05-03 15:28:28
OCEAN#17_SL,2016-05-02,COLI_TOTAL,<10,2016-05-03 15:28:28
OCEAN#17_SL,2016-05-02,ENTERO,10,2016-05-03 15:28:28
OCEAN#18_SL,2016-05-02,COLI_E,<10,2016-05-03 15:28:28
OCEAN#18_SL,2016-05-02,COLI_TOTAL,10,2016-05-03 15:28:28
OCEAN#18_SL,2016-05-02,ENTERO,<10,2016-05-03 15:28:28
OCEAN#19_SL,2016-05-02,COLI_E,<10,2016-05-03 15:28:28
OCEAN#19_SL,2016-05-02,COLI_TOTAL,10,2016-05-03 15:28:28
OCEAN#19_SL,2016-05-02,ENTERO,<10,2016-05-03 15:28:28
OCEAN#21.1_SL,2016-05-02,COLI_E,<10,2016-05-03 15:28:28
OCEAN#21.1_SL,2016-05-02,COLI_TOTAL,<10,2016-05-03 15:28:28
OCEAN#21.1_SL,2016-05-02,ENTERO,<10,2016-05-03 15:28:28
OCEAN#15EAST_SL,2016-05-03,COLI_E,10,2016-05-04 15:44:50
OCEAN#15EAST_SL,2016-05-03,COLI_TOTAL,41,2016-05-04 15:44:50
OCEAN#15EAST_SL,2016-05-03,ENTERO,<10,2016-05-04 15:44:50
OCEAN#15_SL,2016-05-03,COLI_E,31,2016-05-04 15:44:50
OCEAN#15_SL,2016-05-03,COLI_TOTAL,189,2016-05-04 15:44:50
OCEAN#15_SL,2016-05-03,ENTERO,10,2016-05-04 15:44:50
BAY#202.4_SL,2016-05-09,COLI_E,41,2016-05-10 15:05:10
BAY#202.4_SL,2016-05-09,COLI_TOTAL,120,2016-05-10 15:05:10
BAY#202.4_SL,2016-05-09,ENTERO,1198,2016-05-10 15:05:10
BAY#202.5_SL,2016-05-09,COLI_E,63,2016-05-10 15:05:10
BAY#202.5_SL,2016-05-09,COLI_TOTAL,161,2016-05-10 15:05:10
BAY#202.5_SL,2016-05-09,ENTERO,20,2016-05-10 15:05:10
BAY#210.1_SL,2016-05-09,COLI_E,<10,2016-05-10 15:05:10
BAY#210.1_SL,2016-05-09,COLI_TOTAL,<10,2016-05-10 15:05:10
BAY#210.1_SL,2016-05-09,ENTERO,<10,2016-05-10 15:05:10
BAY#211_SL,2016-05-09,COLI_E,<10,2016-05-10 15:05:10
BAY#211_SL,2016-05-09,COLI_TOTAL,<10,2016-05-10 15:05:10
BAY#211_SL,2016-05-09,ENTERO,<10,2016-05-10 15:05:10
BAY#300.1_SL,2016-05-09,COLI_E,63,2016-05-10 15:05:10
BAY#300.1_SL,2016-05-09,COLI_TOTAL,218,2016-05-10 15:05:10
BAY#300.1_SL,2016-05-09,ENTERO,41,2016-05-10 15:05:10
BAY#301.1_SL,2016-05-09,COLI_E,41,2016-05-10 15:05:10
BAY#301.1_SL,2016-05-09,COLI_TOTAL,171,2016-05-10 15:05:10
BAY#301.1_SL,2016-05-09,ENTERO,10,2016-05-10 15:05:10
BAY#301.2_SL,2016-05-09,COLI_E,<10,2016-05-10 15:05:10
BAY#301.2_SL,2016-05-09,COLI_TOTAL,10,2016-05-10 15:05:10
BAY#301.2_SL,2016-05-09,ENTERO,10,2016-05-10 15:05:10
BAY#320_SL,2016-05-09,COLI_E,20,2016-05-10 15:05:10
BAY#320_SL,2016-05-09,COLI_TOTAL,63,2016-05-10 15:05:10
BAY#320_SL,2016-05-09,ENTERO,<10,2016-05-10 15:05:10
OCEAN#15EAST_SL,2016-05-09,COLI_E,20,2016-05-10 15:05:10
OCEAN#15EAST_SL,2016-05-09,COLI_TOTAL,41,2016-05-10 15:05:10
OCEAN#15EAST_SL,2016-05-09,ENTERO,<10,2016-05-10 15:05:10
OCEAN#15_SL,2016-05-09,COLI_E,10,2016-05-10 15:05:10
OCEAN#15_SL,2016-05-09,COLI_TOTAL,813,2016-05-10 15:05:10
OCEAN#15_SL,2016-05-09,ENTERO,10,2016-05-10 15:05:10
OCEAN#16_SL,2016-05-09,COLI_E,<10,2016-05-10 15:05:10
OCEAN#16_SL,2016-05-09,COLI_TOTAL,10,2016-05-10 15:05:10
OCEAN#16_SL,2016-05-09,ENTERO,<10,2016-05-10 15:05:10
OCEAN#17_SL,2016-05-09,COLI_E,<10,2016-05-10 15:05:10
OCEAN#17_SL,2016-05-09,COLI_TOTAL,20,2016-05-10 15:05:10
OCEAN#17_SL,2016-05-09,ENTERO,<10,2016-05-10 15:05:10
OCEAN#18_SL,2016-05-09,COLI_E,<10,2016-05-10 15:05:10
OCEAN#18_SL,2016-05-09,COLI_TOTAL,<10,2016-05-10 15:05:10
OCEAN#18_SL,2016-05-09,ENTERO,<10,2016-05-10 15:05:10
OCEAN#19_SL,2016-05-09,COLI_E,20,2016-05-10 15:05:10
OCEAN#19_SL,2016-05-09,COLI_TOTAL,20,2016-05-10 15:05:10
OCEAN#19_SL,2016-05-09,ENTERO,<10,2016-05-10 15:05:10
OCEAN#21.1_SL,2016-05-09,COLI_E,10,2016-05-10 15:05:10
OCEAN#21.1_SL,2016-05-09,COLI_TOTAL,10,2016-05-10 15:05:10
OCEAN#21.1_SL,2016-05-09,ENTERO,<10,2016-05-10 15:05:10
BAY#202.4_SL,2016-05-10,COLI_E,10,2016-05-11 15:00:02
BAY#202.4_SL,2016-05-10,COLI_TOTAL,30,2016-05-11 15:00:02
BAY#202.4_SL,2016-05-10,ENTERO,63,2016-05-11 15:00:02
BAY#202.4_SL,2016-05-16,COLI_E,<10,2016-05-17 15:00:07
BAY#202.4_SL,2016-05-16,COLI_TOTAL,<10,2016-05-17 15:00:07
BAY#202.4_SL,2016-05-16,ENTERO,10,2016-05-17 15:00:07
BAY#202.5_SL,2016-05-16,COLI_E,<10,2016-05-17 15:00:07
BAY#202.5_SL,2016-05-16,COLI_TOTAL,<10,2016-05-17 15:00:07
BAY#202.5_SL,2016-05-16,ENTERO,<10,2016-05-17 15:00:07
BAY#210.1_SL,2016-05-16,COLI_E,<10,2016-05-17 15:00:07
BAY#210.1_SL,2016-05-16,COLI_TOTAL,75,2016-05-17 15:00:07
BAY#210.1_SL,2016-05-16,ENTERO,<10,2016-05-17 15:00:07
BAY#211_SL,2016-05-16,COLI_E,<10,2016-05-17 15:00:07
BAY#211_SL,2016-05-16,COLI_TOTAL,10,2016-05-17 15:00:07
BAY#211_SL,2016-05-16,ENTERO,<10,2016-05-17 15:00:07
BAY#300.1_SL,2016-05-16,COLI_E,<10,2016-05-17 15:00:07
BAY#300.1_SL,2016-05-16,COLI_TOTAL,31,2016-05-17 15:00:07
BAY#300.1_SL,2016-05-16,ENTERO,<10,2016-05-17 15:00:07
BAY#301.1_SL,2016-05-16,COLI_E,<10,2016-05-17 15:00:07
BAY#301.1_SL,2016-05-16,COLI_TOTAL,3076,2016-05-17 15:00:07
BAY#301.1_SL,2016-05-16,ENTERO,10,2016-05-17 15:00:07
BAY#301.2_SL,2016-05-16,COLI_E,<10,2016-05-17 15:00:07
BAY#301.2_SL,2016-05-16,COLI_TOTAL,10,2016-05-17 15:00:07
BAY#301.2_SL,2016-05-16,ENTERO,<10,2016-05-17 15:00:07
BAY#320_SL,2016-05-16,COLI_E,41,2016-05-17 15:00:07
BAY#320_SL,2016-05-16,COLI_TOTAL,74,2016-05-17 15:00:07
BAY#320_SL,2016-05-16,ENTERO,20,2016-05-17 15:00:07
OCEAN#15EAST_SL,2016-05-16,COLI_E,<10,2016-05-17 15:00:07
OCEAN#15EAST_SL,2016-05-16,COLI_TOTAL,52,2016-05-17 15:00:07
OCEAN#15EAST_SL,2016-05-16,ENTERO,<10,2016-05-17 15:00:07
OCEAN#15_SL,2016-05-16,COLI_E,<10,2016-05-17 15:00:07
OCEAN#15_SL,2016-05-16,COLI_TOTAL,52,2016-05-17 15:00:07
OCEAN#15_SL,2016-05-16,ENTERO,<10,2016-05-17 15:00:07
OCEAN#16_SL,2016-05-16,COLI_E,<10,2016-05-17 15:00:07
OCEAN#16_SL,2016-05-16,COLI_TOTAL,20,2016-05-17 15:00:07
OCEAN#16_SL,2016-05-16,ENTERO,<10,2016-05-17 15:00:07
OCEAN#17_SL,2016-05-16,COLI_E,<10,2016-05-17 15:00:07
OCEAN#17_SL,2016-05-16,COLI_TOTAL,<10,2016-05-17 15:00:07
OCEAN#17_SL,2016-05-16,ENTERO,<10,2016-05-17 15:00:07
OCEAN#18_SL,2016-05-16,COLI_E,<10,2016-05-17 15:00:07
OCEAN#18_SL,2016-05-16,COLI_TOTAL,10,2016-05-17 15:00:07
OCEAN#18_SL,2016-05-16,ENTERO,<10,2016-05-17 15:00:07
OCEAN#19_SL,2016-05-16,COLI_E,<10,2016-05-17 15:00:07
OCEAN#19_SL,2016-05-16,COLI_TOTAL,<10,2016-05-17 15:00:07
OCEAN#19_SL,2016-05-16,ENTERO,<10,2016-05-17 15:00:07
OCEAN#21.1_SL,2016-05-16,COLI_E,<10,2016-05-17 15:00:07
OCEAN#21.1_SL,2016-05-16,COLI_TOTAL,<10,2016-05-17 15:00:07
OCEAN#21.1_SL,2016-05-16,ENTERO,10,2016-05-17 15:00:07
BAY#202.4_SL,2016-05-23,COLI_E,86,2016-05-24 15:00:03
BAY#202.4_SL,2016-05-23,COLI_TOTAL,110,2016-05-24 15:00:03
BAY#202.4_SL,2016-05-23,ENTERO,20,2016-05-24 15:00:03
BAY#202.5_SL,2016-05-23,COLI_E,10,2016-05-24 15:00:03
BAY#202.5_SL,2016-05-23,COLI_TOTAL,31,2016-05-24 15:00:03
BAY#202.5_SL,2016-05-23,ENTERO,10,2016-05-24 15:00:03
BAY#210.1_SL,2016-05-23,COLI_E,<10,2016-05-24 15:00:03
BAY#210.1_SL,2016-05-23,COLI_TOTAL,<10,2016-05-24 15:00:03
BAY#210.1_SL,2016-05-23,ENTERO,<10,2016-05-24 15:00:03
BAY#211_SL,2016-05-23,COLI_E,228,2016-05-24 15:00:03
BAY#211_SL,2016-05-23,COLI_TOTAL,833,2016-05-24 15:00:03
BAY#211_SL,2016-05-23,ENTERO,<10,2016-05-24 15:00:03
BAY#300.1_SL,2016-05-23,COLI_E,135,2016-05-24 15:00:03
BAY#300.1_SL,2016-05-23,COLI_TOTAL,631,2016-05-24 15:00:03
BAY#300.1_SL,2016-05-23,ENTERO,<10,2016-05-24 15:00:03
BAY#301.1_SL,2016-05-23,COLI_E,10,2016-05-24 15:00:03
BAY#301.1_SL,2016-05-23,COLI_TOTAL,135,2016-05-24 15:00:03
BAY#301.1_SL,2016-05-23,ENTERO,<10,2016-05-24 15:00:03
BAY#301.2_SL,2016-05-23,COLI_E,<10,2016-05-24 15:00:03
BAY#301.2_SL,2016-05-23,COLI_TOTAL,<10,2016-05-24 15:00:03
BAY#301.2_SL,2016-05-23,ENTERO,<10,2016-05-24 15:00:03
BAY#320_SL,2016-05-23,COLI_E,52,2016-05-24 15:00:03
BAY#320_SL,2016-05-23,COLI_TOTAL,203,2016-05-24 15:00:03
BAY#320_SL,2016-05-23,ENTERO,<10,2016-05-24 15:00:03
OCEAN#15EAST_SL,2016-05-23,COLI_E,<10,2016-05-24 15:00:03
OCEAN#15EAST_SL,2016-05-23,COLI_TOTAL,75,2016-05-24 15:00:03
OCEAN#15EAST_SL,2016-05-23,ENTERO,<10,2016-05-24 15:00:03
OCEAN#15_SL,2016-05-23,COLI_E,20,2016-05-24 15:00:03
OCEAN#15_SL,2016-05-23,COLI_TOTAL,457,2016-05-24 15:00:03
OCEAN#15_SL,2016-05-23,ENTERO,<10,2016-05-24 15:00:03
OCEAN#16_SL,2016-05-23,COLI_E,<10,2016-05-24 15:00:03
OCEAN#16_SL,2016-05-23,COLI_TOTAL,<10,2016-05-24 15:00:03
OCEAN#16_SL,2016-05-23,ENTERO,<10,2016-05-24 15:00:03
OCEAN#17_SL,2016-05-23,COLI_E,<10,2016-05-24 15:00:03
OCEAN#17_SL,2016-05-23,COLI_TOTAL,20,2016-05-24 15:00:03
OCEAN#17_SL,2016-05-23,ENTERO,<10,2016-05-24 15:00:03
OCEAN#18_SL,2016-05-23,COLI_E,10,2016-05-24 15:00:03
OCEAN#18_SL,2016-05-23,COLI_TOTAL,10,2016-05-24 15:00:03
OCEAN#18_SL,2016-05-23,ENTERO,<10,2016-05-24 15:00:03
OCEAN#19_SL,2016-05-23,COLI_E,10,2016-05-24 15:00:03
OCEAN#19_SL,2016-05-23,COLI_TOTAL,20,2016-05-24 15:00:03
OCEAN#19_SL,2016-05-23,ENTERO,10,2016-05-24 15:00:03
OCEAN#21.1_SL,2016-05-23,COLI_E,<10,2016-05-24 15:00:03
OCEAN#21.1_SL,2016-05-23,COLI_TOTAL,<10,2016-05-24 15:00:03
OCEAN#21.1_SL,2016-05-23,ENTERO,<10,2016-05-24 15:00:03
BAY#202.4_SL,2016-05-31,COLI_E,10,2016-06-01 15:00:01
BAY#202.4_SL,2016-05-31,COLI_TOTAL,10,2016-06-01 15:00:01
BAY#202.4_SL,2016-05-31,ENTERO,20,2016-06-01 15:00:01
BAY#202.5_SL,2016-05-31,COLI_E,10,2016-06-01 15:00:01
BAY#202.5_SL,2016-05-31,COLI_TOTAL,20,2016-06-01 15:00:01
BAY#202.5_SL,2016-05-31,ENTERO,<10,2016-06-01 15:00:01
BAY#210.1_SL,2016-05-31,COLI_E,10,2016-06-01 15:00:01
BAY#210.1_SL,2016-05-31,COLI_TOTAL,20,2016-06-01 15:00:01
BAY#210.1_SL,2016-05-31,ENTERO,<10,2016-06-01 15:00:01
BAY#211_SL,2016-05-31,COLI_E,<10,2016-06-01 15:00:01
BAY#211_SL,2016-05-31,COLI_TOTAL,86,2016-06-01 15:00:01
BAY#211_SL,2016-05-31,ENTERO,<10,2016-06-01 15:00:01
BAY#300.1_SL,2016-05-31,COLI_E,63,2016-06-01 15:00:01
BAY#300.1_SL,2016-05-31,COLI_TOTAL,262,2016-06-01 15:00:01
BAY#300.1_SL,2016-05-31,ENTERO,<10,2016-06-01 15:00:01
BAY#301.1_SL,2016-05-31,COLI_E,41,2016-06-01 15:00:01
BAY#301.1_SL,2016-05-31,COLI_TOTAL,2359,2016-06-01 15:00:01
BAY#301.1_SL,2016-05-31,ENTERO,41,2016-06-01 15:00:01
BAY#301.2_SL,2016-05-31,COLI_E,209,2016-06-01 15:00:01
BAY#301.2_SL,2016-05-31,COLI_TOTAL,209,2016-06-01 15:00:01
BAY#301.2_SL,2016-05-31,ENTERO,20,2016-06-01 15:00:01
BAY#320_SL,2016-05-31,COLI_E,10,2016-06-01 15:00:01
BAY#320_SL,2016-05-31,COLI_TOTAL,41,2016-06-01 15:00:01
BAY#320_SL,2016-05-31,ENTERO,<10,2016-06-01 15:00:01
OCEAN#15EAST_SL,2016-05-31,COLI_E,<10,2016-06-01 15:00:01
OCEAN#15EAST_SL,2016-05-31,COLI_TOTAL,<10,2016-06-01 15:00:01
OCEAN#15EAST_SL,2016-05-31,ENTERO,<10,2016-06-01 15:00:01
OCEAN#15_SL,2016-05-31,COLI_E,97,2016-06-01 15:00:01
OCEAN#15_SL,2016-05-31,COLI_TOTAL,1624,2016-06-01 15:00:01
OCEAN#15_SL,2016-05-31,ENTERO,41,2016-06-01 15:00:01
OCEAN#16_SL,2016-05-31,COLI_E,<10,2016-06-01 15:00:01
OCEAN#16_SL,2016-05-31,COLI_TOTAL,<10,2016-06-01 15:00:01
OCEAN#16_SL,2016-05-31,ENTERO,<10,2016-06-01 15:00:01
OCEAN#17_SL,2016-05-31,COLI_E,<10,2016-06-01 15:00:01
OCEAN#17_SL,2016-05-31,COLI_TOTAL,10,2016-06-01 15:00:01
OCEAN#17_SL,2016-05-31,ENTERO,<10,2016-06-01 15:00:01
OCEAN#18_SL,2016-05-31,COLI_E,10,2016-06-01 15:00:01
OCEAN#18_SL,2016-05-31,COLI_TOTAL,41,2016-06-01 15:00:01
OCEAN#18_SL,2016-05-31,ENTERO,<10,2016-06-01 15:00:01
OCEAN#19_SL,2016-05-31,COLI_E,10,2016-06-01 15:00:01
OCEAN#19_SL,2016-05-31,COLI_TOTAL,20,2016-06-01 15:00:01
OCEAN#19_SL,2016-05-31,ENTERO,<10,2016-06-01 15:00:01
OCEAN#21.1_SL,2016-05-31,COLI_E,<10,2016-06-01 15:00:01
OCEAN#21.1_SL,2016-05-31,COLI_TOTAL,<10,2016-06-01 15:00:01
OCEAN#21.1_SL,2016-05-31,ENTERO,<10,2016-06-01 15:00:01
BAY#202.4_SL,2016-06-06,COLI_E,<10,2016-06-07 15:00:01
BAY#202.4_SL,2016-06-06,COLI_TOTAL,<10,2016-06-07 15:00:01
BAY#202.4_SL,2016-06-06,ENTERO,<10,2016-06-07 15:00:01
BAY#202.5_SL,2016-06-06,COLI_E,<10,2016-06-07 15:00:01
BAY#202.5_SL,2016-06-06,COLI_TOTAL,<10,2016-06-07 15:00:01
BAY#202.5_SL,2016-06-06,ENTERO,<10,2016-06-07 15:00:01
BAY#210.1_SL,2016-06-06,COLI_E,<10,2016-06-07 15:00:01
BAY#210.1_SL,2016-06-06,COLI_TOTAL,<10,2016-06-07 15:00:01
BAY#210.1_SL,2016-06-06,ENTERO,<10,2016-06-07 15:00:01
BAY#211_SL,2016-06-06,COLI_E,84,2016-06-07 15:00:01
BAY#211_SL,2016-06-06,COLI_TOTAL,171,2016-06-07 15:00:01
BAY#211_SL,2016-06-06,ENTERO,<10,2016-06-07 15:00:01
BAY#300.1_SL,2016-06-06,COLI_E,108,2016-06-07 15:00:01
BAY#300.1_SL,2016-06-06,COLI_TOTAL,288,2016-06-07 15:00:01
BAY#300.1_SL,2016-06-06,ENTERO,10,2016-06-07 15:00:01
BAY#301.1_SL,2016-06-06,COLI_E,20,2016-06-07 15:00:01
BAY#301.1_SL,2016-06-06,COLI_TOTAL,131,2016-06-07 15:00:01
BAY#301.1_SL,2016-06-06,ENTERO,20,2016-06-07 15:00:01
BAY#301.2_SL,2016-06-06,COLI_E,<10,2016-06-07 15:00:01
BAY#301.2_SL,2016-06-06,COLI_TOTAL,<10,2016-06-07 15:00:01
BAY#301.2_SL,2016-06-06,ENTERO,10,2016-06-07 15:00:01
BAY#320_SL,2016-06-06,COLI_E,10,2016-06-07 15:00:01
BAY#320_SL,2016-06-06,COLI_TOTAL,10,2016-06-07 15:00:01
BAY#320_SL,2016-06-06,ENTERO,<10,2016-06-07 15:00:01
OCEAN#15EAST_SL,2016-06-06,COLI_E,20,2016-06-07 15:00:01
OCEAN#15EAST_SL,2016-06-06,COLI_TOTAL,120,2016-06-07 15:00:01
OCEAN#15EAST_SL,2016-06-06,ENTERO,20,2016-06-07 15:00:01
OCEAN#15_SL,2016-06-06,COLI_E,<10,2016-06-07 15:00:01
OCEAN#15_SL,2016-06-06,COLI_TOTAL,295,2016-06-07 15:00:01
OCEAN#15_SL,2016-06-06,ENTERO,<10,2016-06-07 15:00:01
OCEAN#16_SL,2016-06-06,COLI_E,<10,2016-06-07 15:00:01
OCEAN#16_SL,2016-06-06,COLI_TOTAL,<10,2016-06-07 15:00:01
OCEAN#16_SL,2016-06-06,ENTERO,<10,2016-06-07 15:00:01
OCEAN#17_SL,2016-06-06,COLI_E,<10,2016-06-07 15:00:01
OCEAN#17_SL,2016-06-06,COLI_TOTAL,10,2016-06-07 15:00:01
OCEAN#17_SL,2016-06-06,ENTERO,10,2016-06-07 15:00:01
OCEAN#18_SL,2016-06-06,COLI_E,<10,2016-06-07 15:00:01
OCEAN#18_SL,2016-06-06,COLI_TOTAL,<10,2016-06-07 15:00:01
OCEAN#18_SL,2016-06-06,ENTERO,<10,2016-06-07 15:00:01
OCEAN#19_SL,2016-06-06,COLI_E,<10,2016-06-07 15:00:01
OCEAN#19_SL,2016-06-06,COLI_TOTAL,10,2016-06-07 15:00:01
OCEAN#19_SL,2016-06-06,ENTERO,41,2016-06-07 15:00:01
OCEAN#21.1_SL,2016-06-06,COLI_E,<10,2016-06-07 15:00:01
OCEAN#21.1_SL,2016-06-06,COLI_TOTAL,10,2016-06-07 15:00:01
OCEAN#21.1_SL,2016-06-06,ENTERO,<10,2016-06-07 15:00:01
BAY#202.4_SL,2016-06-13,COLI_E,<10,2016-06-14 15:00:03
BAY#202.4_SL,2016-06-13,COLI_TOTAL,<10,2016-06-14 15:00:03
BAY#202.4_SL,2016-06-13,ENTERO,41,2016-06-14 15:00:03
BAY#202.5_SL,2016-06-13,COLI_E,10,2016-06-14 15:00:03
BAY#202.5_SL,2016-06-13,COLI_TOTAL,1956,2016-06-14 15:00:03
BAY#202.5_SL,2016-06-13,ENTERO,<10,2016-06-14 15:00:03
BAY#210.1_SL,2016-06-13,COLI_E,41,2016-06-14 15:00:03
BAY#210.1_SL,2016-06-13,COLI_TOTAL,85,2016-06-14 15:00:03
BAY#210.1_SL,2016-06-13,ENTERO,10,2016-06-14 15:00:03
BAY#211_SL,2016-06-13,COLI_E,10,2016-06-14 15:00:03
BAY#211_SL,2016-06-13,COLI_TOTAL,31,2016-06-14 15:00:03
BAY#211_SL,2016-06-13,ENTERO,<10,2016-06-14 15:00:03
BAY#300.1_SL,2016-06-13,COLI_E,10,2016-06-14 15:00:03
BAY#300.1_SL,2016-06-13,COLI_TOTAL,52,2016-06-14 15:00:03
BAY#300.1_SL,2016-06-13,ENTERO,<10,2016-06-14 15:00:03
BAY#301.1_SL,2016-06-13,COLI_E,63,2016-06-14 15:00:03
BAY#301.1_SL,2016-06-13,COLI_TOTAL,298,2016-06-14 15:00:03
BAY#301.1_SL,2016-06-13,ENTERO,10,2016-06-14 15:00:03
BAY#301.2_SL,2016-06-13,COLI_E,<10,2016-06-14 15:00:03
BAY#301.2_SL,2016-06-13,COLI_TOTAL,121,2016-06-14 15:00:03
BAY#301.2_SL,2016-06-13,ENTERO,<10,2016-06-14 15:00:03
BAY#320_SL,2016-06-13,COLI_E,52,2016-06-14 15:00:03
BAY#320_SL,2016-06-13,COLI_TOTAL,368,2016-06-14 15:00:03
BAY#320_SL,2016-06-13,ENTERO,<10,2016-06-14 15:00:03
OCEAN#15EAST_SL,2016-06-13,COLI_E,20,2016-06-14 15:00:03
OCEAN#15EAST_SL,2016-06-13,COLI_TOTAL,85,2016-06-14 15:00:03
OCEAN#15EAST_SL,2016-06-13,ENTERO,<10,2016-06-14 15:00:03
OCEAN#15_SL,2016-06-13,COLI_E,10,2016-06-14 15:00:03
OCEAN#15_SL,2016-06-13,COLI_TOTAL,657,2016-06-14 15:00:03
OCEAN#15_SL,2016-06-13,ENTERO,<10,2016-06-14 15:00:03
OCEAN#16_SL,2016-06-13,COLI_E,<10,2016-06-14 15:00:03
OCEAN#16_SL,2016-06-13,COLI_TOTAL,<10,2016-06-14 15:00:03
OCEAN#16_SL,2016-06-13,ENTERO,<10,2016-06-14 15:00:03
OCEAN#17_SL,2016-06-13,COLI_E,<10,2016-06-14 15:00:03
OCEAN#17_SL,2016-06-13,COLI_TOTAL,<10,2016-06-14 15:00:03
OCEAN#17_SL,2016-06-13,ENTERO,<10,2016-06-14 15:00:03
OCEAN#18_SL,2016-06-13,COLI_E,<10,2016-06-14 15:00:03
OCEAN#18_SL,2016-06-13,COLI_TOTAL,<10,2016-06-14 15:00:03
OCEAN#18_SL,2016-06-13,ENTERO,<10,2016-06-14 15:00:03
OCEAN#19_SL,2016-06-13,COLI_E,<10,2016-06-14 15:00:03
OCEAN#19_SL,2016-06-13,COLI_TOTAL,<10,2016-06-14 15:00:03
OCEAN#19_SL,2016-06-13,ENTERO,<10,2016-06-14 15:00:03
OCEAN#21.1_SL,2016-06-13,COLI_E,<10,2016-06-14 15:00:03
OCEAN#21.1_SL,2016-06-13,COLI_TOTAL,10,2016-06-14 15:00:03
OCEAN#21.1_SL,2016-06-13,ENTERO,<10,2016-06-14 15:00:03
BAY#202.4_SL,2016-06-20,COLI_E,41,2016-06-21 15:06:40
BAY#202.4_SL,2016-06-20,COLI_TOTAL,86,2016-06-21 15:06:40
BAY#202.4_SL,2016-06-20,ENTERO,20,2016-06-21 15:06:40
BAY#202.5_SL,2016-06-20,COLI_E,<10,2016-06-21 15:06:40
BAY#202.5_SL,2016-06-20,COLI_TOTAL,20,2016-06-21 15:06:40
BAY#202.5_SL,2016-06-20,ENTERO,10,2016-06-21 15:06:40
BAY#210.1_SL,2016-06-20,COLI_E,<10,2016-06-21 15:06:40
BAY#210.1_SL,2016-06-20,COLI_TOTAL,10,2016-06-21 15:06:40
BAY#210.1_SL,2016-06-20,ENTERO,<10,2016-06-21 15:06:40
BAY#211_SL,2016-06-20,COLI_E,31,2016-06-21 15:06:40
BAY#211_SL,2016-06-20,COLI_TOTAL,4611,2016-06-21 15:06:40
BAY#211_SL,2016-06-20,ENTERO,<10,2016-06-21 15:06:40
BAY#300.1_SL,2016-06-20,COLI_E,20,2016-06-21 15:06:40
BAY#300.1_SL,2016-06-20,COLI_TOTAL,63,2016-06-21 15:06:40
BAY#300.1_SL,2016-06-20,ENTERO,<10,2016-06-21 15:06:40
BAY#301.1_SL,2016-06-20,COLI_E,10,2016-06-21 15:06:40
BAY#301.1_SL,2016-06-20,COLI_TOTAL,187,2016-06-21 15:06:40
BAY#301.1_SL,2016-06-20,ENTERO,10,2016-06-21 15:06:40
BAY#301.2_SL,2016-06-20,COLI_E,<10,2016-06-21 15:06:40
BAY#301.2_SL,2016-06-20,COLI_TOTAL,<10,2016-06-21 15:06:40
BAY#301.2_SL,2016-06-20,ENTERO,<10,2016-06-21 15:06:40
BAY#320_SL,2016-06-20,COLI_E,10,2016-06-21 15:06:40
BAY#320_SL,2016-06-20,COLI_TOTAL,135,2016-06-21 15:06:40
BAY#320_SL,2016-06-20,ENTERO,10,2016-06-21 15:06:40
OCEAN#15EAST_SL,2016-06-20,COLI_E,10,2016-06-21 15:06:40
OCEAN#15EAST_SL,2016-06-20,COLI_TOTAL,31,2016-06-21 15:06:40
OCEAN#15EAST_SL,2016-06-20,ENTERO,<10,2016-06-21 15:06:40
OCEAN#15_SL,2016-06-20,COLI_E,41,2016-06-21 15:06:40
OCEAN#15_SL,2016-06-20,COLI_TOTAL,738,2016-06-21 15:06:40
OCEAN#15_SL,2016-06-20,ENTERO,20,2016-06-21 15:06:40
OCEAN#16_SL,2016-06-20,COLI_E,<10,2016-06-21 15:06:40
OCEAN#16_SL,2016-06-20,COLI_TOTAL,20,2016-06-21 15:06:40
OCEAN#16_SL,2016-06-20,ENTERO,<10,2016-06-21 15:06:40
OCEAN#17_SL,2016-06-20,COLI_E,<10,2016-06-21 15:06:40
OCEAN#17_SL,2016-06-20,COLI_TOTAL,<10,2016-06-21 15:06:40
OCEAN#17_SL,2016-06-20,ENTERO,<10,2016-06-21 15:06:40
OCEAN#18_SL,2016-06-20,COLI_E,<10,2016-06-21 15:06:40
OCEAN#18_SL,2016-06-20,COLI_TOTAL,<10,2016-06-21 15:06:40
OCEAN#18_SL,2016-06-20,ENTERO,<10,2016-06-21 15:06:40
OCEAN#19_SL,2016-06-20,COLI_E,<10,2016-06-21 15:06:40
OCEAN#19_SL,2016-06-20,COLI_TOTAL,<10,2016-06-21 15:06:40
OCEAN#19_SL,2016-06-20,ENTERO,<10,2016-06-21 15:06:40
OCEAN#21.1_SL,2016-06-20,COLI_E,<10,2016-06-21 15:06:40
OCEAN#21.1_SL,2016-06-20,COLI_TOTAL,<10,2016-06-21 15:06:40
OCEAN#21.1_SL,2016-06-20,ENTERO,<10,2016-06-21 15:06:40
BAY#320_SL,2016-06-21,COLI_E,10,2016-06-22 15:00:07
BAY#320_SL,2016-06-21,COLI_TOTAL,31,2016-06-22 15:00:07
BAY#320_SL,2016-06-21,ENTERO,<10,2016-06-22 15:00:07
BAY#202.4_SL,2016-06-27,COLI_E,<10,2016-06-28 15:00:07
BAY#202.4_SL,2016-06-27,COLI_TOTAL,<10,2016-06-28 15:00:07
BAY#202.4_SL,2016-06-27,ENTERO,<10,2016-06-28 15:00:07
BAY#202.5_SL,2016-06-27,COLI_E,<10,2016-06-28 15:00:07
BAY#202.5_SL,2016-06-27,COLI_TOTAL,20,2016-06-28 15:00:07
BAY#202.5_SL,2016-06-27,ENTERO,10,2016-06-28 15:00:07
BAY#210.1_SL,2016-06-27,COLI_E,<10,2016-06-28 15:00:07
BAY#210.1_SL,2016-06-27,COLI_TOTAL,110,2016-06-28 15:00:07
BAY#210.1_SL,2016-06-27,ENTERO,<10,2016-06-28 15:00:07
BAY#211_SL,2016-06-27,COLI_E,<10,2016-06-28 15:00:07
BAY#211_SL,2016-06-27,COLI_TOTAL,63,2016-06-28 15:00:07
BAY#211_SL,2016-06-27,ENTERO,<10,2016-06-28 15:00:07
BAY#300.1_SL,2016-06-27,COLI_E,10,2016-06-28 15:00:07
BAY#300.1_SL,2016-06-27,COLI_TOTAL,52,2016-06-28 15:00:07
BAY#300.1_SL,2016-06-27,ENTERO,20,2016-06-28 15:00:07
BAY#301.1_SL,2016-06-27,COLI_E,31,2016-06-28 15:00:07
BAY#301.1_SL,2016-06-27,COLI_TOTAL,2755,2016-06-28 15:00:07
BAY#301.1_SL,2016-06-27,ENTERO,52,2016-06-28 15:00:07
BAY#301.2_SL,2016-06-27,COLI_E,20,2016-06-28 15:00:07
BAY#301.2_SL,2016-06-27,COLI_TOTAL,187,2016-06-28 15:00:07
BAY#301.2_SL,2016-06-27,ENTERO,<10,2016-06-28 15:00:07
BAY#320_SL,2016-06-27,COLI_E,10,2016-06-28 15:00:07
BAY#320_SL,2016-06-27,COLI_TOTAL,197,2016-06-28 15:00:07
BAY#320_SL,2016-06-27,ENTERO,<10,2016-06-28 15:00:07
OCEAN#15EAST_SL,2016-06-27,COLI_E,<10,2016-06-28 15:00:07
OCEAN#15EAST_SL,2016-06-27,COLI_TOTAL,10,2016-06-28 15:00:07
OCEAN#15EAST_SL,2016-06-27,ENTERO,<10,2016-06-28 15:00:07
OCEAN#15_SL,2016-06-27,COLI_E,98,2016-06-28 15:00:07
OCEAN#15_SL,2016-06-27,COLI_TOTAL,5475,2016-06-28 15:00:07
OCEAN#15_SL,2016-06-27,ENTERO,41,2016-06-28 15:00:07
OCEAN#16_SL,2016-06-27,COLI_E,<10,2016-06-28 15:00:07
OCEAN#16_SL,2016-06-27,COLI_TOTAL,10,2016-06-28 15:00:07
OCEAN#16_SL,2016-06-27,ENTERO,<10,2016-06-28 15:00:07
OCEAN#17_SL,2016-06-27,COLI_E,10,2016-06-28 15:00:07
OCEAN#17_SL,2016-06-27,COLI_TOTAL,41,2016-06-28 15:00:07
OCEAN#17_SL,2016-06-27,ENTERO,10,2016-06-28 15:00:07
OCEAN#18_SL,2016-06-27,COLI_E,<10,2016-06-28 15:00:07
OCEAN#18_SL,2016-06-27,COLI_TOTAL,<10,2016-06-28 15:00:07
OCEAN#18_SL,2016-06-27,ENTERO,<10,2016-06-28 15:00:07
OCEAN#19_SL,2016-06-27,COLI_E,10,2016-06-28 15:00:07
OCEAN#19_SL,2016-06-27,COLI_TOTAL,10,2016-06-28 15:00:07
OCEAN#19_SL,2016-06-27,ENTERO,<10,2016-06-28 15:00:07
OCEAN#21.1_SL,2016-06-27,COLI_E,<10,2016-06-28 15:00:07
OCEAN#21.1_SL,2016-06-27,COLI_TOTAL,<10,2016-06-28 15:00:07
OCEAN#21.1_SL,2016-06-27,ENTERO,73,2016-06-28 15:00:07
BAY#202.4_SL,2016-07-05,COLI_E,20,2016-07-06 15:55:22
BAY#202.4_SL,2016-07-05,COLI_TOTAL,52,2016-07-06 15:55:22
BAY#202.4_SL,2016-07-05,ENTERO,41,2016-07-06 15:55:22
BAY#202.5_SL,2016-07-05,COLI_E,<10,2016-07-06 15:55:22
BAY#202.5_SL,2016-07-05,COLI_TOTAL,<10,2016-07-06 15:55:22
BAY#202.5_SL,2016-07-05,ENTERO,<10,2016-07-06 15:55:22
BAY#210.1_SL,2016-07-05,COLI_E,<10,2016-07-06 15:55:22
BAY#210.1_SL,2016-07-05,COLI_TOTAL,<10,2016-07-06 15:55:22
BAY#210.1_SL,2016-07-05,ENTERO,<10,2016-07-06 15:55:22
BAY#211_SL,2016-07-05,COLI_E,<10,2016-07-06 15:55:22
BAY#211_SL,2016-07-05,COLI_TOTAL,<10,2016-07-06 15:55:22
BAY#211_SL,2016-07-05,ENTERO,<10,2016-07-06 15:55:22
BAY#300.1_SL,2016-07-05,COLI_E,122,2016-07-06 15:55:22
BAY#300.1_SL,2016-07-05,COLI_TOTAL,173,2016-07-06 15:55:22
BAY#300.1_SL,2016-07-05,ENTERO,<10,2016-07-06 15:55:22
BAY#301.1_SL,2016-07-05,COLI_E,<10,2016-07-06 15:55:22
BAY#301.1_SL,2016-07-05,COLI_TOTAL,52,2016-07-06 15:55:22
BAY#301.1_SL,2016-07-05,ENTERO,<10,2016-07-06 15:55:22
BAY#301.2_SL,2016-07-05,COLI_E,31,2016-07-06 15:55:22
BAY#301.2_SL,2016-07-05,COLI_TOTAL,86,2016-07-06 15:55:22
BAY#301.2_SL,2016-07-05,ENTERO,10,2016-07-06 15:55:22
BAY#320_SL,2016-07-05,COLI_E,10,2016-07-06 15:55:22
BAY#320_SL,2016-07-05,COLI_TOTAL,52,2016-07-06 15:55:22
BAY#320_SL,2016-07-05,ENTERO,<10,2016-07-06 15:55:22
OCEAN#15EAST_SL,2016-07-05,COLI_E,10,2016-07-06 15:55:22
OCEAN#15EAST_SL,2016-07-05,COLI_TOTAL,31,2016-07-06 15:55:22
OCEAN#15EAST_SL,2016-07-05,ENTERO,<10,2016-07-06 15:55:22
OCEAN#15_SL,2016-07-05,COLI_E,<10,2016-07-06 15:55:22
OCEAN#15_SL,2016-07-05,COLI_TOTAL,86,2016-07-06 15:55:22
OCEAN#15_SL,2016-07-05,ENTERO,<10,2016-07-06 15:55:22
OCEAN#16_SL,2016-07-05,COLI_E,<10,2016-07-06 15:55:22
OCEAN#16_SL,2016-07-05,COLI_TOTAL,10,2016-07-06 15:55:22
OCEAN#16_SL,2016-07-05,ENTERO,<10,2016-07-06 15:55:22
OCEAN#17_SL,2016-07-05,COLI_E,10,2016-07-06 15:55:22
OCEAN#17_SL,2016-07-05,COLI_TOTAL,20,2016-07-06 15:55:22
OCEAN#17_SL,2016-07-05,ENTERO,<10,2016-07-06 15:55:22
OCEAN#18_SL,2016-07-05,COLI_E,10,2016-07-06 15:55:22
OCEAN#18_SL,2016-07-05,COLI_TOTAL,10,2016-07-06 15:55:22
OCEAN#18_SL,2016-07-05,ENTERO,<10,2016-07-06 15:55:22
OCEAN#19_SL,2016-07-05,COLI_E,20,2016-07-06 15:55:22
OCEAN#19_SL,2016-07-05,COLI_TOTAL,31,2016-07-06 15:55:22
OCEAN#19_SL,2016-07-05,ENTERO,<10,2016-07-06 15:55:22
OCEAN#21.1_SL,2016-07-05,COLI_E,20,2016-07-06 15:55:22
OCEAN#21.1_SL,2016-07-05,COLI_TOTAL,31,2016-07-06 15:55:22
OCEAN#21.1_SL,2016-07-05,ENTERO,<10,2016-07-06 15:55:22
BAY#202.4_SL,2016-07-11,COLI_E,<10,2016-07-12 15:03:18
BAY#202.4_SL,2016-07-11,COLI_TOTAL,20,2016-07-12 15:03:18
BAY#202.4_SL,2016-07-11,ENTERO,<10,2016-07-12 15:03:18
BAY#202.5_SL,2016-07-11,COLI_E,<10,2016-07-12 15:03:18
BAY#202.5_SL,2016-07-11,COLI_TOTAL,<10,2016-07-12 15:03:18
BAY#202.5_SL,2016-07-11,ENTERO,<10,2016-07-12 15:03:18
BAY#210.1_SL,2016-07-11,COLI_E,<10,2016-07-12 15:03:18
BAY#210.1_SL,2016-07-11,COLI_TOTAL,201,2016-07-12 15:03:18
BAY#210.1_SL,2016-07-11,ENTERO,<10,2016-07-12 15:03:18
BAY#211_SL,2016-07-11,COLI_E,<10,2016-07-12 15:03:18
BAY#211_SL,2016-07-11,COLI_TOTAL,86,2016-07-12 15:03:18
BAY#211_SL,2016-07-11,ENTERO,<10,2016-07-12 15:03:18
BAY#300.1_SL,2016-07-11,COLI_E,31,2016-07-12 15:03:18
BAY#300.1_SL,2016-07-11,COLI_TOTAL,134,2016-07-12 15:03:18
BAY#300.1_SL,2016-07-11,ENTERO,30,2016-07-12 15:03:18
BAY#301.1_SL,2016-07-11,COLI_E,10,2016-07-12 15:03:18
BAY#301.1_SL,2016-07-11,COLI_TOTAL,84,2016-07-12 15:03:18
BAY#301.1_SL,2016-07-11,ENTERO,<10,2016-07-12 15:03:18
BAY#301.2_SL,2016-07-11,COLI_E,10,2016-07-12 15:03:18
BAY#301.2_SL,2016-07-11,COLI_TOTAL,41,2016-07-12 15:03:18
BAY#301.2_SL,2016-07-11,ENTERO,<10,2016-07-12 15:03:18
BAY#320_SL,2016-07-11,COLI_E,10,2016-07-12 15:03:18
BAY#320_SL,2016-07-11,COLI_TOTAL,857,2016-07-12 15:03:18
BAY#320_SL,2016-07-11,ENTERO,10,2016-07-12 15:03:18
OCEAN#15EAST_SL,2016-07-11,COLI_E,<10,2016-07-12 15:03:18
OCEAN#15EAST_SL,2016-07-11,COLI_TOTAL,75,2016-07-12 15:03:18
OCEAN#15EAST_SL,2016-07-11,ENTERO,<10,2016-07-12 15:03:18
OCEAN#15_SL,2016-07-11,COLI_E,20,2016-07-12 15:03:18
OCEAN#15_SL,2016-07-11,COLI_TOTAL,369,2016-07-12 15:03:18
OCEAN#15_SL,2016-07-11,ENTERO,20,2016-07-12 15:03:18
OCEAN#16_SL,2016-07-11,COLI_E,<10,2016-07-12 15:03:18
OCEAN#16_SL,2016-07-11,COLI_TOTAL,<10,2016-07-12 15:03:18
OCEAN#16_SL,2016-07-11,ENTERO,<10,2016-07-12 15:03:18
OCEAN#17_SL,2016-07-11,COLI_E,<10,2016-07-12 15:03:18
OCEAN#17_SL,2016-07-11,COLI_TOTAL,<10,2016-07-12 15:03:18
OCEAN#17_SL,2016-07-11,ENTERO,<10,2016-07-12 15:03:18
OCEAN#18_SL,2016-07-11,COLI_E,<10,2016-07-12 15:03:18
OCEAN#18_SL,2016-07-11,COLI_TOTAL,<10,2016-07-12 15:03:18
OCEAN#18_SL,2016-07-11,ENTERO,<10,2016-07-12 15:03:18
OCEAN#19_SL,2016-07-11,COLI_E,<10,2016-07-12 15:03:18
OCEAN#19_SL,2016-07-11,COLI_TOTAL,<10,2016-07-12 15:03:18
OCEAN#19_SL,2016-07-11,ENTERO,<10,2016-07-12 15:03:18
OCEAN#21.1_SL,2016-07-11,COLI_E,<10,2016-07-12 15:03:18
OCEAN#21.1_SL,2016-07-11,COLI_TOTAL,<10,2016-07-12 15:03:18
OCEAN#21.1_SL,2016-07-11,ENTERO,10,2016-07-12 15:03:18
BAY#202.4_SL,2016-07-18,COLI_E,<10,2016-07-19 15:03:18
BAY#202.4_SL,2016-07-18,COLI_TOTAL,31,2016-07-19 15:03:18
BAY#202.4_SL,2016-07-18,ENTERO,<10,2016-07-19 15:03:18
BAY#202.5_SL,2016-07-18,COLI_E,<10,2016-07-19 15:03:18
BAY#202.5_SL,2016-07-18,COLI_TOTAL,20,2016-07-19 15:03:18
BAY#202.5_SL,2016-07-18,ENTERO,<10,2016-07-19 15:03:18
BAY#210.1_SL,2016-07-18,COLI_E,<10,2016-07-19 15:03:18
BAY#210.1_SL,2016-07-18,COLI_TOTAL,<10,2016-07-19 15:03:18
BAY#210.1_SL,2016-07-18,ENTERO,<10,2016-07-19 15:03:18
BAY#211_SL,2016-07-18,COLI_E,10,2016-07-19 15:03:18
BAY#211_SL,2016-07-18,COLI_TOTAL,20,2016-07-19 15:03:18
BAY#211_SL,2016-07-18,ENTERO,<10,2016-07-19 15:03:18
BAY#300.1_SL,2016-07-18,COLI_E,30,2016-07-19 15:03:18
BAY#300.1_SL,2016-07-18,COLI_TOTAL,120,2016-07-19 15:03:18
BAY#300.1_SL,2016-07-18,ENTERO,<10,2016-07-19 15:03:18
BAY#301.1_SL,2016-07-18,COLI_E,<10,2016-07-19 15:03:18
BAY#301.1_SL,2016-07-18,COLI_TOTAL,52,2016-07-19 15:03:18
BAY#301.1_SL,2016-07-18,ENTERO,10,2016-07-19 15:03:18
BAY#301.2_SL,2016-07-18,COLI_E,10,2016-07-19 15:03:18
BAY#301.2_SL,2016-07-18,COLI_TOTAL,10,2016-07-19 15:03:18
BAY#301.2_SL,2016-07-18,ENTERO,<10,2016-07-19 15:03:18
BAY#320_SL,2016-07-18,COLI_E,<10,2016-07-19 15:03:18
BAY#320_SL,2016-07-18,COLI_TOTAL,10,2016-07-19 15:03:18
BAY#320_SL,2016-07-18,ENTERO,<10,2016-07-19 15:03:18
OCEAN#15EAST_SL,2016-07-18,COLI_E,<10,2016-07-19 15:03:18
OCEAN#15EAST_SL,2016-07-18,COLI_TOTAL,20,2016-07-19 15:03:18
OCEAN#15EAST_SL,2016-07-18,ENTERO,<10,2016-07-19 15:03:18
OCEAN#15_SL,2016-07-18,COLI_E,10,2016-07-19 15:03:18
OCEAN#15_SL,2016-07-18,COLI_TOTAL,75,2016-07-19 15:03:18
OCEAN#15_SL,2016-07-18,ENTERO,<10,2016-07-19 15:03:18
OCEAN#16_SL,2016-07-18,COLI_E,<10,2016-07-19 15:03:18
OCEAN#16_SL,2016-07-18,COLI_TOTAL,10,2016-07-19 15:03:18
OCEAN#16_SL,2016-07-18,ENTERO,<10,2016-07-19 15:03:18
OCEAN#17_SL,2016-07-18,COLI_E,<10,2016-07-19 15:03:18
OCEAN#17_SL,2016-07-18,COLI_TOTAL,10,2016-07-19 15:03:18
OCEAN#17_SL,2016-07-18,ENTERO,<10,2016-07-19 15:03:18
OCEAN#18_SL,2016-07-18,COLI_E,<10,2016-07-19 15:03:18
OCEAN#18_SL,2016-07-18,COLI_TOTAL,10,2016-07-19 15:03:18
OCEAN#18_SL,2016-07-18,ENTERO,<10,2016-07-19 15:03:18
OCEAN#19_SL,2016-07-18,COLI_E,<10,2016-07-19 15:03:18
OCEAN#19_SL,2016-07-18,COLI_TOTAL,<10,2016-07-19 15:03:18
OCEAN#19_SL,2016-07-18,ENTERO,<10,2016-07-19 15:03:18
OCEAN#21.1_SL,2016-07-18,COLI_E,<10,2016-07-19 15:03:18
OCEAN#21.1_SL,2016-07-18,COLI_TOTAL,10,2016-07-19 15:03:18
OCEAN#21.1_SL,2016-07-18,ENTERO,<10,2016-07-19 15:03:18
BAY#202.4_SL,2016-07-25,COLI_E,10,2016-07-26 18:00:08
BAY#202.4_SL,2016-07-25,COLI_TOTAL,10,2016-07-26 18:00:08
BAY#202.4_SL,2016-07-25,ENTERO,<10,2016-07-26 18:00:08
BAY#202.5_SL,2016-07-25,COLI_E,<10,2016-07-26 18:00:08
BAY#202.5_SL,2016-07-25,COLI_TOTAL,<10,2016-07-26 18:00:08
BAY#202.5_SL,2016-07-25,ENTERO,<10,2016-07-26 18:00:08
BAY#210.1_SL,2016-07-25,COLI_E,10,2016-07-26 18:00:08
BAY#210.1_SL,2016-07-25,COLI_TOTAL,20,2016-07-26 18:00:08
BAY#210.1_SL,2016-07-25,ENTERO,<10,2016-07-26 18:00:08
BAY#211_SL,2016-07-25,COLI_E,<10,2016-07-26 18:00:08
BAY#211_SL,2016-07-25,COLI_TOTAL,75,2016-07-26 18:00:08
BAY#211_SL,2016-07-25,ENTERO,<10,2016-07-26 18:00:08
BAY#300.1_SL,2016-07-25,COLI_E,31,2016-07-26 18:00:08
BAY#300.1_SL,2016-07-25,COLI_TOTAL,75,2016-07-26 18:00:08
BAY#300.1_SL,2016-07-25,ENTERO,52,2016-07-26 18:00:08
BAY#301.1_SL,2016-07-25,COLI_E,10,2016-07-26 18:00:08
BAY#301.1_SL,2016-07-25,COLI_TOTAL,336,2016-07-26 18:00:08
BAY#301.1_SL,2016-07-25,ENTERO,<10,2016-07-26 18:00:08
BAY#301.2_SL,2016-07-25,COLI_E,52,2016-07-26 18:00:08
BAY#301.2_SL,2016-07-25,COLI_TOTAL,161,2016-07-26 18:00:08
BAY#301.2_SL,2016-07-25,ENTERO,20,2016-07-26 18:00:08
BAY#320_SL,2016-07-25,COLI_E,41,2016-07-26 18:00:08
BAY#320_SL,2016-07-25,COLI_TOTAL,364,2016-07-26 18:00:08
BAY#320_SL,2016-07-25,ENTERO,<10,2016-07-26 18:00:08
OCEAN#15EAST_SL,2016-07-25,COLI_E,10,2016-07-26 18:00:08
OCEAN#15EAST_SL,2016-07-25,COLI_TOTAL,63,2016-07-26 18:00:08
OCEAN#15EAST_SL,2016-07-25,ENTERO,<10,2016-07-26 18:00:08
OCEAN#15_SL,2016-07-25,COLI_E,10,2016-07-26 18:00:08
OCEAN#15_SL,2016-07-25,COLI_TOTAL,1354,2016-07-26 18:00:08
OCEAN#15_SL,2016-07-25,ENTERO,<10,2016-07-26 18:00:08
OCEAN#16_SL,2016-07-25,COLI_E,<10,2016-07-26 18:00:08
OCEAN#16_SL,2016-07-25,COLI_TOTAL,10,2016-07-26 18:00:08
OCEAN#16_SL,2016-07-25,ENTERO,<10,2016-07-26 18:00:08
OCEAN#17_SL,2016-07-25,COLI_E,<10,2016-07-26 18:00:08
OCEAN#17_SL,2016-07-25,COLI_TOTAL,<10,2016-07-26 18:00:08
OCEAN#17_SL,2016-07-25,ENTERO,<10,2016-07-26 18:00:08
OCEAN#18_SL,2016-07-25,COLI_E,<10,2016-07-26 18:00:08
OCEAN#18_SL,2016-07-25,COLI_TOTAL,<10,2016-07-26 18:00:08
OCEAN#18_SL,2016-07-25,ENTERO,<10,2016-07-26 18:00:08
OCEAN#19_SL,2016-07-25,COLI_E,<10,2016-07-26 18:00:08
OCEAN#19_SL,2016-07-25,COLI_TOTAL,<10,2016-07-26 18:00:08
OCEAN#19_SL,2016-07-25,ENTERO,<10,2016-07-26 18:00:08
OCEAN#21.1_SL,2016-07-25,COLI_E,<10,2016-07-26 18:00:08
OCEAN#21.1_SL,2016-07-25,COLI_TOTAL,10,2016-07-26 18:00:08
OCEAN#21.1_SL,2016-07-25,ENTERO,<10,2016-07-26 18:00:08
BAY#202.4_SL,2016-08-01,COLI_E,<10,2016-08-03 10:00:07
BAY#202.4_SL,2016-08-01,COLI_TOTAL,<10,2016-08-03 10:00:07
BAY#202.4_SL,2016-08-01,ENTERO,<10,2016-08-03 10:00:07
BAY#202.5_SL,2016-08-01,COLI_E,<10,2016-08-03 10:00:07
BAY#202.5_SL,2016-08-01,COLI_TOTAL,<10,2016-08-03 10:00:07
BAY#202.5_SL,2016-08-01,ENTERO,<10,2016-08-03 10:00:07
BAY#210.1_SL,2016-08-01,COLI_E,<10,2016-08-03 10:00:07
BAY#210.1_SL,2016-08-01,COLI_TOTAL,10,2016-08-03 10:00:07
BAY#210.1_SL,2016-08-01,ENTERO,<10,2016-08-03 10:00:07
BAY#211_SL,2016-08-01,COLI_E,110,2016-08-03 10:00:07
BAY#211_SL,2016-08-01,COLI_TOTAL,259,2016-08-03 10:00:07
BAY#211_SL,2016-08-01,ENTERO,10,2016-08-03 10:00:07
BAY#300.1_SL,2016-08-01,COLI_E,538,2016-08-03 10:00:07
BAY#300.1_SL,2016-08-01,COLI_TOTAL,959,2016-08-03 10:00:07
BAY#300.1_SL,2016-08-01,ENTERO,680,2016-08-03 10:00:07
BAY#301.1_SL,2016-08-01,COLI_E,52,2016-08-03 10:00:07
BAY#301.1_SL,2016-08-01,COLI_TOTAL,2755,2016-08-03 10:00:07
BAY#301.1_SL,2016-08-01,ENTERO,<10,2016-08-03 10:00:07
BAY#301.2_SL,2016-08-01,COLI_E,109,2016-08-03 10:00:07
BAY#301.2_SL,2016-08-01,COLI_TOTAL,243,2016-08-03 10:00:07
BAY#301.2_SL,2016-08-01,ENTERO,20,2016-08-03 10:00:07
BAY#320_SL,2016-08-01,COLI_E,<10,2016-08-03 10:00:07
BAY#320_SL,2016-08-01,COLI_TOTAL,75,2016-08-03 10:00:07
BAY#320_SL,2016-08-01,ENTERO,<10,2016-08-03 10:00:07
OCEAN#15EAST_SL,2016-08-01,COLI_E,10,2016-08-03 10:00:07
OCEAN#15EAST_SL,2016-08-01,COLI_TOTAL,52,2016-08-03 10:00:07
OCEAN#15EAST_SL,2016-08-01,ENTERO,<10,2016-08-03 10:00:07
OCEAN#15_SL,2016-08-01,COLI_E,565,2016-08-03 10:00:07
OCEAN#15_SL,2016-08-01,COLI_TOTAL,6131,2016-08-03 10:00:07
OCEAN#15_SL,2016-08-01,ENTERO,193,2016-08-03 10:00:07
OCEAN#16_SL,2016-08-01,COLI_E,<10,2016-08-03 10:00:07
OCEAN#16_SL,2016-08-01,COLI_TOTAL,10,2016-08-03 10:00:07
OCEAN#16_SL,2016-08-01,ENTERO,<10,2016-08-03 10:00:07
OCEAN#17_SL,2016-08-01,COLI_E,<10,2016-08-03 10:00:07
OCEAN#17_SL,2016-08-01,COLI_TOTAL,<10,2016-08-03 10:00:07
OCEAN#17_SL,2016-08-01,ENTERO,<10,2016-08-03 10:00:07
OCEAN#18_SL,2016-08-01,COLI_E,<10,2016-08-03 10:00:07
OCEAN#18_SL,2016-08-01,COLI_TOTAL,<10,2016-08-03 10:00:07
OCEAN#18_SL,2016-08-01,ENTERO,<10,2016-08-03 10:00:07
OCEAN#19_SL,2016-08-01,COLI_E,<10,2016-08-03 10:00:07
OCEAN#19_SL,2016-08-01,COLI_TOTAL,10,2016-08-03 10:00:07
OCEAN#19_SL,2016-08-01,ENTERO,<10,2016-08-03 10:00:07
OCEAN#21.1_SL,2016-08-01,COLI_E,<10,2016-08-03 10:00:07
OCEAN#21.1_SL,2016-08-01,COLI_TOTAL,<10,2016-08-03 10:00:07
OCEAN#21.1_SL,2016-08-01,ENTERO,<10,2016-08-03 10:00:07
BAY#300.1_SL,2016-08-02,COLI_E,20,2016-08-03 15:00:07
BAY#300.1_SL,2016-08-02,COLI_TOTAL,132,2016-08-03 15:00:07
BAY#300.1_SL,2016-08-02,ENTERO,10,2016-08-03 15:00:07
OCEAN#15EAST_SL,2016-08-02,COLI_E,<10,2016-08-03 15:00:07
OCEAN#15EAST_SL,2016-08-02,COLI_TOTAL,20,2016-08-03 15:00:07
OCEAN#15EAST_SL,2016-08-02,ENTERO,<10,2016-08-03 15:00:07
OCEAN#15_SL,2016-08-02,COLI_E,20,2016-08-03 15:00:07
OCEAN#15_SL,2016-08-02,COLI_TOTAL,211,2016-08-03 15:00:07
OCEAN#15_SL,2016-08-02,ENTERO,10,2016-08-03 15:00:07
BAY#202.4_SL,2016-08-08,COLI_E,<10,2016-08-09 15:00:07
BAY#202.4_SL,2016-08-08,COLI_TOTAL,20,2016-08-09 15:00:07
BAY#202.4_SL,2016-08-08,ENTERO,<10,2016-08-09 15:00:07
BAY#202.5_SL,2016-08-08,COLI_E,<10,2016-08-09 15:00:07
BAY#202.5_SL,2016-08-08,COLI_TOTAL,2489,2016-08-09 15:00:07
BAY#202.5_SL,2016-08-08,ENTERO,<10,2016-08-09 15:00:07
BAY#210.1_SL,2016-08-08,COLI_E,10,2016-08-09 15:00:07
BAY#210.1_SL,2016-08-08,COLI_TOTAL,10,2016-08-09 15:00:07
BAY#210.1_SL,2016-08-08,ENTERO,<10,2016-08-09 15:00:07
BAY#211_SL,2016-08-08,COLI_E,20,2016-08-09 15:00:07
BAY#211_SL,2016-08-08,COLI_TOTAL,663,2016-08-09 15:00:07
BAY#211_SL,2016-08-08,ENTERO,10,2016-08-09 15:00:07
BAY#300.1_SL,2016-08-08,COLI_E,30,2016-08-09 15:00:07
BAY#300.1_SL,2016-08-08,COLI_TOTAL,171,2016-08-09 15:00:07
BAY#300.1_SL,2016-08-08,ENTERO,10,2016-08-09 15:00:07
BAY#301.1_SL,2016-08-08,COLI_E,41,2016-08-09 15:00:07
BAY#301.1_SL,2016-08-08,COLI_TOTAL,1198,2016-08-09 15:00:07
BAY#301.1_SL,2016-08-08,ENTERO,10,2016-08-09 15:00:07
BAY#301.2_SL,2016-08-08,COLI_E,144,2016-08-09 15:00:07
BAY#301.2_SL,2016-08-08,COLI_TOTAL,221,2016-08-09 15:00:07
BAY#301.2_SL,2016-08-08,ENTERO,10,2016-08-09 15:00:07
BAY#320_SL,2016-08-08,COLI_E,10,2016-08-09 15:00:07
BAY#320_SL,2016-08-08,COLI_TOTAL,631,2016-08-09 15:00:07
BAY#320_SL,2016-08-08,ENTERO,10,2016-08-09 15:00:07
OCEAN#15EAST_SL,2016-08-08,COLI_E,<10,2016-08-09 15:00:07
OCEAN#15EAST_SL,2016-08-08,COLI_TOTAL,1017,2016-08-09 15:00:07
OCEAN#15EAST_SL,2016-08-08,ENTERO,<10,2016-08-09 15:00:07
OCEAN#15_SL,2016-08-08,COLI_E,<10,2016-08-09 15:00:07
OCEAN#15_SL,2016-08-08,COLI_TOTAL,2481,2016-08-09 15:00:07
OCEAN#15_SL,2016-08-08,ENTERO,<10,2016-08-09 15:00:07
OCEAN#16_SL,2016-08-08,COLI_E,10,2016-08-09 15:00:07
OCEAN#16_SL,2016-08-08,COLI_TOTAL,10,2016-08-09 15:00:07
OCEAN#16_SL,2016-08-08,ENTERO,<10,2016-08-09 15:00:07
OCEAN#17_SL,2016-08-08,COLI_E,10,2016-08-09 15:00:07
OCEAN#17_SL,2016-08-08,COLI_TOTAL,10,2016-08-09 15:00:07
OCEAN#17_SL,2016-08-08,ENTERO,10,2016-08-09 15:00:07
OCEAN#18_SL,2016-08-08,COLI_E,10,2016-08-09 15:00:07
OCEAN#18_SL,2016-08-08,COLI_TOTAL,10,2016-08-09 15:00:07
OCEAN#18_SL,2016-08-08,ENTERO,<10,2016-08-09 15:00:07
OCEAN#19_SL,2016-08-08,COLI_E,10,2016-08-09 15:00:07
OCEAN#19_SL,2016-08-08,COLI_TOTAL,10,2016-08-09 15:00:07
OCEAN#19_SL,2016-08-08,ENTERO,<10,2016-08-09 15:00:07
OCEAN#21.1_SL,2016-08-08,COLI_E,10,2016-08-09 15:00:07
OCEAN#21.1_SL,2016-08-08,COLI_TOTAL,10,2016-08-09 15:00:07
OCEAN#21.1_SL,2016-08-08,ENTERO,<10,2016-08-09 15:00:07
BAY#202.4_SL,2016-08-15,COLI_E,30,2016-08-16 15:00:07
BAY#202.4_SL,2016-08-15,COLI_TOTAL,160,2016-08-16 15:00:07
BAY#202.4_SL,2016-08-15,ENTERO,52,2016-08-16 15:00:07
BAY#202.5_SL,2016-08-15,COLI_E,<10,2016-08-16 15:00:07
BAY#202.5_SL,2016-08-15,COLI_TOTAL,204,2016-08-16 15:00:07
BAY#202.5_SL,2016-08-15,ENTERO,<10,2016-08-16 15:00:07
BAY#210.1_SL,2016-08-15,COLI_E,<10,2016-08-16 15:00:07
BAY#210.1_SL,2016-08-15,COLI_TOTAL,<10,2016-08-16 15:00:07
BAY#210.1_SL,2016-08-15,ENTERO,<10,2016-08-16 15:00:07
BAY#211_SL,2016-08-15,COLI_E,548,2016-08-16 15:00:07
BAY#211_SL,2016-08-15,COLI_TOTAL,663,2016-08-16 15:00:07
BAY#211_SL,2016-08-15,ENTERO,471,2016-08-16 15:00:07
BAY#300.1_SL,2016-08-15,COLI_E,262,2016-08-16 15:00:07
BAY#300.1_SL,2016-08-15,COLI_TOTAL,836,2016-08-16 15:00:07
BAY#300.1_SL,2016-08-15,ENTERO,74,2016-08-16 15:00:07
BAY#301.1_SL,2016-08-15,COLI_E,63,2016-08-16 15:00:07
BAY#301.1_SL,2016-08-15,COLI_TOTAL,1203,2016-08-16 15:00:07
BAY#301.1_SL,2016-08-15,ENTERO,31,2016-08-16 15:00:07
BAY#301.2_SL,2016-08-15,COLI_E,20,2016-08-16 15:00:07
BAY#301.2_SL,2016-08-15,COLI_TOTAL,41,2016-08-16 15:00:07
BAY#301.2_SL,2016-08-15,ENTERO,<10,2016-08-16 15:00:07
BAY#320_SL,2016-08-15,COLI_E,<10,2016-08-16 15:00:07
BAY#320_SL,2016-08-15,COLI_TOTAL,20,2016-08-16 15:00:07
BAY#320_SL,2016-08-15,ENTERO,<10,2016-08-16 15:00:07
OCEAN#15EAST_SL,2016-08-15,COLI_E,<10,2016-08-16 15:00:07
OCEAN#15EAST_SL,2016-08-15,COLI_TOTAL,<10,2016-08-16 15:00:07
OCEAN#15EAST_SL,2016-08-15,ENTERO,<10,2016-08-16 15:00:07
OCEAN#15_SL,2016-08-15,COLI_E,10,2016-08-16 15:00:07
OCEAN#15_SL,2016-08-15,COLI_TOTAL,218,2016-08-16 15:00:07
OCEAN#15_SL,2016-08-15,ENTERO,<10,2016-08-16 15:00:07
OCEAN#16_SL,2016-08-15,COLI_E,<10,2016-08-16 15:00:07
OCEAN#16_SL,2016-08-15,COLI_TOTAL,<10,2016-08-16 15:00:07
OCEAN#16_SL,2016-08-15,ENTERO,<10,2016-08-16 15:00:07
OCEAN#17_SL,2016-08-15,COLI_E,<10,2016-08-16 15:00:07
OCEAN#17_SL,2016-08-15,COLI_TOTAL,10,2016-08-16 15:00:07
OCEAN#17_SL,2016-08-15,ENTERO,<10,2016-08-16 15:00:07
OCEAN#18_SL,2016-08-15,COLI_E,<10,2016-08-16 15:00:07
OCEAN#18_SL,2016-08-15,COLI_TOTAL,10,2016-08-16 15:00:07
OCEAN#18_SL,2016-08-15,ENTERO,<10,2016-08-16 15:00:07
OCEAN#19_SL,2016-08-15,COLI_E,10,2016-08-16 15:00:07
OCEAN#19_SL,2016-08-15,COLI_TOTAL,10,2016-08-16 15:00:07
OCEAN#19_SL,2016-08-15,ENTERO,<10,2016-08-16 15:00:07
OCEAN#21.1_SL,2016-08-15,COLI_E,<10,2016-08-16 15:00:07
OCEAN#21.1_SL,2016-08-15,COLI_TOTAL,10,2016-08-16 15:00:07
OCEAN#21.1_SL,2016-08-15,ENTERO,<10,2016-08-16 15:00:07
BAY#211_SL,2016-08-16,COLI_E,<10,2016-08-17 15:00:08
BAY#211_SL,2016-08-16,COLI_TOTAL,73,2016-08-17 15:00:08
BAY#211_SL,2016-08-16,ENTERO,10,2016-08-17 15:00:08
BAY#202.4_SL,2016-08-22,COLI_E,10,2016-08-23 15:00:07
BAY#202.4_SL,2016-08-22,COLI_TOTAL,74,2016-08-23 15:00:07
BAY#202.4_SL,2016-08-22,ENTERO,10,2016-08-23 15:00:07
BAY#202.5_SL,2016-08-22,COLI_E,41,2016-08-23 15:00:07
BAY#202.5_SL,2016-08-22,COLI_TOTAL,52,2016-08-23 15:00:07
BAY#202.5_SL,2016-08-22,ENTERO,<10,2016-08-23 15:00:07
BAY#210.1_SL,2016-08-22,COLI_E,10,2016-08-23 15:00:07
BAY#210.1_SL,2016-08-22,COLI_TOTAL,30,2016-08-23 15:00:07
BAY#210.1_SL,2016-08-22,ENTERO,<10,2016-08-23 15:00:07
BAY#211_SL,2016-08-22,COLI_E,<10,2016-08-23 15:00:07
BAY#211_SL,2016-08-22,COLI_TOTAL,20,2016-08-23 15:00:07
BAY#211_SL,2016-08-22,ENTERO,<10,2016-08-23 15:00:07
BAY#300.1_SL,2016-08-22,COLI_E,31,2016-08-23 15:00:07
BAY#300.1_SL,2016-08-22,COLI_TOTAL,213,2016-08-23 15:00:07
BAY#300.1_SL,2016-08-22,ENTERO,<10,2016-08-23 15:00:07
BAY#301.1_SL,2016-08-22,COLI_E,10,2016-08-23 15:00:07
BAY#301.1_SL,2016-08-22,COLI_TOTAL,336,2016-08-23 15:00:07
BAY#301.1_SL,2016-08-22,ENTERO,10,2016-08-23 15:00:07
BAY#301.2_SL,2016-08-22,COLI_E,121,2016-08-23 15:00:07
BAY#301.2_SL,2016-08-22,COLI_TOTAL,121,2016-08-23 15:00:07
BAY#301.2_SL,2016-08-22,ENTERO,30,2016-08-23 15:00:07
BAY#320_SL,2016-08-22,COLI_E,31,2016-08-23 15:00:07
BAY#320_SL,2016-08-22,COLI_TOTAL,243,2016-08-23 15:00:07
BAY#320_SL,2016-08-22,ENTERO,<10,2016-08-23 15:00:07
OCEAN#15EAST_SL,2016-08-22,COLI_E,<10,2016-08-23 15:00:07
OCEAN#15EAST_SL,2016-08-22,COLI_TOTAL,41,2016-08-23 15:00:07
OCEAN#15EAST_SL,2016-08-22,ENTERO,10,2016-08-23 15:00:07
OCEAN#15_SL,2016-08-22,COLI_E,20,2016-08-23 15:00:07
OCEAN#15_SL,2016-08-22,COLI_TOTAL,383,2016-08-23 15:00:07
OCEAN#15_SL,2016-08-22,ENTERO,10,2016-08-23 15:00:07
OCEAN#16_SL,2016-08-22,COLI_E,<10,2016-08-23 15:00:07
OCEAN#16_SL,2016-08-22,COLI_TOTAL,<10,2016-08-23 15:00:07
OCEAN#16_SL,2016-08-22,ENTERO,<10,2016-08-23 15:00:07
OCEAN#18_SL,2016-08-22,COLI_E,<10,2016-08-23 15:00:07
OCEAN#18_SL,2016-08-22,COLI_TOTAL,<10,2016-08-23 15:00:07
OCEAN#18_SL,2016-08-22,ENTERO,<10,2016-08-23 15:00:07
OCEAN#19_SL,2016-08-22,COLI_E,<10,2016-08-23 15:00:07
OCEAN#19_SL,2016-08-22,COLI_TOTAL,<10,2016-08-23 15:00:07
OCEAN#19_SL,2016-08-22,ENTERO,<10,2016-08-23 15:00:07
OCEAN#21.1_SL,2016-08-22,COLI_E,<10,2016-08-23 15:00:07
OCEAN#21.1_SL,2016-08-22,COLI_TOTAL,10,2016-08-23 15:00:07
OCEAN#21.1_SL,2016-08-22,ENTERO,<10,2016-08-23 15:00:07
OCEAN#17_SL,2016-08-26,COLI_E,<10,2016-08-27 15:00:02
OCEAN#17_SL,2016-08-26,COLI_TOTAL,<10,2016-08-27 15:00:02
OCEAN#17_SL,2016-08-26,ENTERO,<10,2016-08-27 15:00:02
BAY#202.4_SL,2016-08-29,COLI_E,41,2016-08-30 15:00:06
BAY#202.4_SL,2016-08-29,COLI_TOTAL,84,2016-08-30 15:00:06
BAY#202.4_SL,2016-08-29,ENTERO,41,2016-08-30 15:00:06
BAY#202.5_SL,2016-08-29,COLI_E,<10,2016-08-30 15:00:06
BAY#202.5_SL,2016-08-29,COLI_TOTAL,10,2016-08-30 15:00:06
BAY#202.5_SL,2016-08-29,ENTERO,10,2016-08-30 15:00:06
BAY#210.1_SL,2016-08-29,COLI_E,10,2016-08-30 15:00:06
BAY#210.1_SL,2016-08-29,COLI_TOTAL,20,2016-08-30 15:00:06
BAY#210.1_SL,2016-08-29,ENTERO,<10,2016-08-30 15:00:06
BAY#211_SL,2016-08-29,COLI_E,122,2016-08-30 15:00:06
BAY#211_SL,2016-08-29,COLI_TOTAL,161,2016-08-30 15:00:06
BAY#211_SL,2016-08-29,ENTERO,20,2016-08-30 15:00:06
BAY#300.1_SL,2016-08-29,COLI_E,285,2016-08-30 15:00:06
BAY#300.1_SL,2016-08-29,COLI_TOTAL,663,2016-08-30 15:00:06
BAY#300.1_SL,2016-08-29,ENTERO,<10,2016-08-30 15:00:06
BAY#301.1_SL,2016-08-29,COLI_E,20,2016-08-30 15:00:06
BAY#301.1_SL,2016-08-29,COLI_TOTAL,158,2016-08-30 15:00:06
BAY#301.1_SL,2016-08-29,ENTERO,20,2016-08-30 15:00:06
BAY#301.2_SL,2016-08-29,COLI_E,20,2016-08-30 15:00:06
BAY#301.2_SL,2016-08-29,COLI_TOTAL,30,2016-08-30 15:00:06
BAY#301.2_SL,2016-08-29,ENTERO,10,2016-08-30 15:00:06
BAY#320_SL,2016-08-29,COLI_E,119,2016-08-30 15:00:06
BAY#320_SL,2016-08-29,COLI_TOTAL,488,2016-08-30 15:00:06
BAY#320_SL,2016-08-29,ENTERO,<10,2016-08-30 15:00:06
OCEAN#15EAST_SL,2016-08-29,COLI_E,<10,2016-08-30 15:00:06
OCEAN#15EAST_SL,2016-08-29,COLI_TOTAL,20,2016-08-30 15:00:06
OCEAN#15EAST_SL,2016-08-29,ENTERO,<10,2016-08-30 15:00:06
OCEAN#15_SL,2016-08-29,COLI_E,20,2016-08-30 15:00:06
OCEAN#15_SL,2016-08-29,COLI_TOTAL,384,2016-08-30 15:00:06
OCEAN#15_SL,2016-08-29,ENTERO,41,2016-08-30 15:00:06
OCEAN#16_SL,2016-08-29,COLI_E,<10,2016-08-30 15:00:06
OCEAN#16_SL,2016-08-29,COLI_TOTAL,134,2016-08-30 15:00:06
OCEAN#16_SL,2016-08-29,ENTERO,10,2016-08-30 15:00:06
OCEAN#17_SL,2016-08-29,COLI_E,<10,2016-08-30 15:00:06
OCEAN#17_SL,2016-08-29,COLI_TOTAL,10,2016-08-30 15:00:06
OCEAN#17_SL,2016-08-29,ENTERO,<10,2016-08-30 15:00:06
OCEAN#18_SL,2016-08-29,COLI_E,<10,2016-08-30 15:00:06
OCEAN#18_SL,2016-08-29,COLI_TOTAL,10,2016-08-30 15:00:06
OCEAN#18_SL,2016-08-29,ENTERO,<10,2016-08-30 15:00:06
OCEAN#19_SL,2016-08-29,COLI_E,<10,2016-08-30 15:00:06
OCEAN#19_SL,2016-08-29,COLI_TOTAL,<10,2016-08-30 15:00:06
OCEAN#19_SL,2016-08-29,ENTERO,<10,2016-08-30 15:00:06
OCEAN#21.1_SL,2016-08-29,COLI_E,<10,2016-08-30 15:00:06
OCEAN#21.1_SL,2016-08-29,COLI_TOTAL,<10,2016-08-30 15:00:06
OCEAN#21.1_SL,2016-08-29,ENTERO,<10,2016-08-30 15:00:06
BAY#202.4_SL,2016-09-06,COLI_E,10,2016-09-08 07:37:13
BAY#202.4_SL,2016-09-06,COLI_TOTAL,20,2016-09-08 07:37:13
BAY#202.4_SL,2016-09-06,ENTERO,<10,2016-09-08 07:37:13
BAY#202.5_SL,2016-09-06,COLI_E,<10,2016-09-08 07:37:13
BAY#202.5_SL,2016-09-06,COLI_TOTAL,<10,2016-09-08 07:37:13
BAY#202.5_SL,2016-09-06,ENTERO,<10,2016-09-08 07:37:13
BAY#210.1_SL,2016-09-06,COLI_E,10,2016-09-08 07:37:13
BAY#210.1_SL,2016-09-06,COLI_TOTAL,20,2016-09-08 07:37:13
BAY#210.1_SL,2016-09-06,ENTERO,<10,2016-09-08 07:37:13
BAY#211_SL,2016-09-06,COLI_E,<10,2016-09-08 07:37:13
BAY#211_SL,2016-09-06,COLI_TOTAL,10,2016-09-08 07:37:13
BAY#211_SL,2016-09-06,ENTERO,<10,2016-09-08 07:37:13
BAY#300.1_SL,2016-09-06,COLI_E,52,2016-09-08 07:37:13
BAY#300.1_SL,2016-09-06,COLI_TOTAL,432,2016-09-08 07:37:13
BAY#300.1_SL,2016-09-06,ENTERO,<10,2016-09-08 07:37:13
BAY#301.1_SL,2016-09-06,COLI_E,86,2016-09-08 07:37:13
BAY#301.1_SL,2016-09-06,COLI_TOTAL,3448,2016-09-08 07:37:13
BAY#301.1_SL,2016-09-06,ENTERO,75,2016-09-08 07:37:13
BAY#301.2_SL,2016-09-06,COLI_E,<10,2016-09-08 07:37:13
BAY#301.2_SL,2016-09-06,COLI_TOTAL,<10,2016-09-08 07:37:13
BAY#301.2_SL,2016-09-06,ENTERO,10,2016-09-08 07:37:13
BAY#320_SL,2016-09-06,COLI_E,20,2016-09-08 07:37:13
BAY#320_SL,2016-09-06,COLI_TOTAL,683,2016-09-08 07:37:13
BAY#320_SL,2016-09-06,ENTERO,<10,2016-09-08 07:37:13
OCEAN#15EAST_SL,2016-09-06,COLI_E,20,2016-09-08 07:37:13
OCEAN#15EAST_SL,2016-09-06,COLI_TOTAL,282,2016-09-08 07:37:13
OCEAN#15EAST_SL,2016-09-06,ENTERO,10,2016-09-08 07:37:13
OCEAN#15_SL,2016-09-06,COLI_E,426,2016-09-08 07:37:13
OCEAN#15_SL,2016-09-06,COLI_TOTAL,6867,2016-09-08 07:37:13
OCEAN#15_SL,2016-09-06,ENTERO,161,2016-09-08 07:37:13
OCEAN#16_SL,2016-09-06,COLI_E,<10,2016-09-08 07:37:13
OCEAN#16_SL,2016-09-06,COLI_TOTAL,<10,2016-09-08 07:37:13
OCEAN#16_SL,2016-09-06,ENTERO,<10,2016-09-08 07:37:13
OCEAN#17_SL,2016-09-06,COLI_E,<10,2016-09-08 07:37:13
OCEAN#17_SL,2016-09-06,COLI_TOTAL,<10,2016-09-08 07:37:13
OCEAN#17_SL,2016-09-06,ENTERO,<10,2016-09-08 07:37:13
OCEAN#18_SL,2016-09-06,COLI_E,<10,2016-09-08 07:37:13
OCEAN#18_SL,2016-09-06,COLI_TOTAL,<10,2016-09-08 07:37:13
OCEAN#18_SL,2016-09-06,ENTERO,<10,2016-09-08 07:37:13
OCEAN#19_SL,2016-09-06,COLI_E,<10,2016-09-08 07:37:13
OCEAN#19_SL,2016-09-06,COLI_TOTAL,10,2016-09-08 07:37:13
OCEAN#19_SL,2016-09-06,ENTERO,<10,2016-09-08 07:37:13
OCEAN#21.1_SL,2016-09-06,COLI_E,<10,2016-09-08 07:37:13
OCEAN#21.1_SL,2016-09-06,COLI_TOTAL,<10,2016-09-08 07:37:13
OCEAN#21.1_SL,2016-09-06,ENTERO,<10,2016-09-08 07:37:13
OCEAN#15EAST_SL,2016-09-07,COLI_E,10,2016-09-08 15:00:07
OCEAN#15EAST_SL,2016-09-07,COLI_TOTAL,30,2016-09-08 15:00:07
OCEAN#15EAST_SL,2016-09-07,ENTERO,<10,2016-09-08 15:00:07
OCEAN#15_SL,2016-09-07,COLI_E,171,2016-09-08 15:00:07
OCEAN#15_SL,2016-09-07,COLI_TOTAL,5794,2016-09-08 15:00:07
OCEAN#15_SL,2016-09-07,ENTERO,122,2016-09-08 15:00:07
OCEAN#15EAST_SL,2016-09-08,COLI_E,20,2016-09-09 15:00:01
OCEAN#15EAST_SL,2016-09-08,COLI_TOTAL,108,2016-09-09 15:00:01
OCEAN#15EAST_SL,2016-09-08,ENTERO,<10,2016-09-09 15:00:01
OCEAN#15_SL,2016-09-08,COLI_E,279,2016-09-09 15:00:01
OCEAN#15_SL,2016-09-08,COLI_TOTAL,4884,2016-09-09 15:00:01
OCEAN#15_SL,2016-09-08,ENTERO,98,2016-09-09 15:00:01
BAY#202.4_SL,2016-09-12,COLI_E,<10,2016-09-13 15:00:07
BAY#202.4_SL,2016-09-12,COLI_TOTAL,<10,2016-09-13 15:00:07
BAY#202.4_SL,2016-09-12,ENTERO,<10,2016-09-13 15:00:07
BAY#202.5_SL,2016-09-12,COLI_E,10,2016-09-13 15:00:07
BAY#202.5_SL,2016-09-12,COLI_TOTAL,20,2016-09-13 15:00:07
BAY#202.5_SL,2016-09-12,ENTERO,<10,2016-09-13 15:00:07
BAY#210.1_SL,2016-09-12,COLI_E,<10,2016-09-13 15:00:07
BAY#210.1_SL,2016-09-12,COLI_TOTAL,<10,2016-09-13 15:00:07
BAY#210.1_SL,2016-09-12,ENTERO,<10,2016-09-13 15:00:07
BAY#211_SL,2016-09-12,COLI_E,<10,2016-09-13 15:00:07
BAY#211_SL,2016-09-12,COLI_TOTAL,52,2016-09-13 15:00:07
BAY#211_SL,2016-09-12,ENTERO,<10,2016-09-13 15:00:07
BAY#300.1_SL,2016-09-12,COLI_E,85,2016-09-13 15:00:07
BAY#300.1_SL,2016-09-12,COLI_TOTAL,259,2016-09-13 15:00:07
BAY#300.1_SL,2016-09-12,ENTERO,10,2016-09-13 15:00:07
BAY#301.1_SL,2016-09-12,COLI_E,52,2016-09-13 15:00:07
BAY#301.1_SL,2016-09-12,COLI_TOTAL,121,2016-09-13 15:00:07
BAY#301.1_SL,2016-09-12,ENTERO,<10,2016-09-13 15:00:07
BAY#301.2_SL,2016-09-12,COLI_E,41,2016-09-13 15:00:07
BAY#301.2_SL,2016-09-12,COLI_TOTAL,63,2016-09-13 15:00:07
BAY#301.2_SL,2016-09-12,ENTERO,<10,2016-09-13 15:00:07
BAY#320_SL,2016-09-12,COLI_E,20,2016-09-13 15:00:07
BAY#320_SL,2016-09-12,COLI_TOTAL,156,2016-09-13 15:00:07
BAY#320_SL,2016-09-12,ENTERO,<10,2016-09-13 15:00:07
OCEAN#15EAST_SL,2016-09-12,COLI_E,10,2016-09-13 15:00:07
OCEAN#15EAST_SL,2016-09-12,COLI_TOTAL,122,2016-09-13 15:00:07
OCEAN#15EAST_SL,2016-09-12,ENTERO,<10,2016-09-13 15:00:07
OCEAN#15_SL,2016-09-12,COLI_E,20,2016-09-13 15:00:07
OCEAN#15_SL,2016-09-12,COLI_TOTAL,350,2016-09-13 15:00:07
OCEAN#15_SL,2016-09-12,ENTERO,31,2016-09-13 15:00:07
OCEAN#16_SL,2016-09-12,COLI_E,<10,2016-09-13 15:00:07
OCEAN#16_SL,2016-09-12,COLI_TOTAL,10,2016-09-13 15:00:07
OCEAN#16_SL,2016-09-12,ENTERO,<10,2016-09-13 15:00:07
OCEAN#17_SL,2016-09-12,COLI_E,10,2016-09-13 15:00:07
OCEAN#17_SL,2016-09-12,COLI_TOTAL,20,2016-09-13 15:00:07
OCEAN#17_SL,2016-09-12,ENTERO,<10,2016-09-13 15:00:07
OCEAN#18_SL,2016-09-12,COLI_E,<10,2016-09-13 15:00:07
OCEAN#18_SL,2016-09-12,COLI_TOTAL,<10,2016-09-13 15:00:07
OCEAN#18_SL,2016-09-12,ENTERO,<10,2016-09-13 15:00:07
OCEAN#19_SL,2016-09-12,COLI_E,<10,2016-09-13 15:00:07
OCEAN#19_SL,2016-09-12,COLI_TOTAL,<10,2016-09-13 15:00:07
OCEAN#19_SL,2016-09-12,ENTERO,<10,2016-09-13 15:00:07
OCEAN#21.1_SL,2016-09-12,COLI_E,<10,2016-09-13 15:00:07
OCEAN#21.1_SL,2016-09-12,COLI_TOTAL,<10,2016-09-13 15:00:07
OCEAN#21.1_SL,2016-09-12,ENTERO,<10,2016-09-13 15:00:07
BAY#202.4_SL,2016-09-19,COLI_E,<10,2016-09-20 15:00:03
BAY#202.4_SL,2016-09-19,COLI_TOTAL,<10,2016-09-20 15:00:03
BAY#202.4_SL,2016-09-19,ENTERO,<10,2016-09-20 15:00:03
BAY#202.5_SL,2016-09-19,COLI_E,<10,2016-09-20 15:00:03
BAY#202.5_SL,2016-09-19,COLI_TOTAL,<10,2016-09-20 15:00:03
BAY#202.5_SL,2016-09-19,ENTERO,<10,2016-09-20 15:00:03
BAY#210.1_SL,2016-09-19,COLI_E,10,2016-09-20 15:00:03
BAY#210.1_SL,2016-09-19,COLI_TOTAL,20,2016-09-20 15:00:03
BAY#210.1_SL,2016-09-19,ENTERO,<10,2016-09-20 15:00:03
BAY#211_SL,2016-09-19,COLI_E,52,2016-09-20 15:00:03
BAY#211_SL,2016-09-19,COLI_TOTAL,160,2016-09-20 15:00:03
BAY#211_SL,2016-09-19,ENTERO,30,2016-09-20 15:00:03
BAY#300.1_SL,2016-09-19,COLI_E,30,2016-09-20 15:00:03
BAY#300.1_SL,2016-09-19,COLI_TOTAL,4611,2016-09-20 15:00:03
BAY#300.1_SL,2016-09-19,ENTERO,10,2016-09-20 15:00:03
BAY#301.1_SL,2016-09-19,COLI_E,52,2016-09-20 15:00:03
BAY#301.1_SL,2016-09-19,COLI_TOTAL,10462,2016-09-20 15:00:03
BAY#301.1_SL,2016-09-19,ENTERO,10,2016-09-20 15:00:03
BAY#301.2_SL,2016-09-19,COLI_E,75,2016-09-20 15:00:03
BAY#301.2_SL,2016-09-19,COLI_TOTAL,109,2016-09-20 15:00:03
BAY#301.2_SL,2016-09-19,ENTERO,109,2016-09-20 15:00:03
BAY#320_SL,2016-09-19,COLI_E,10,2016-09-20 15:00:03
BAY#320_SL,2016-09-19,COLI_TOTAL,31,2016-09-20 15:00:03
BAY#320_SL,2016-09-19,ENTERO,<10,2016-09-20 15:00:03
OCEAN#15EAST_SL,2016-09-19,COLI_E,<10,2016-09-20 15:00:03
OCEAN#15EAST_SL,2016-09-19,COLI_TOTAL,41,2016-09-20 15:00:03
OCEAN#15EAST_SL,2016-09-19,ENTERO,<10,2016-09-20 15:00:03
OCEAN#15_SL,2016-09-19,COLI_E,410,2016-09-20 15:00:03
OCEAN#15_SL,2016-09-19,COLI_TOTAL,7701,2016-09-20 15:00:03
OCEAN#15_SL,2016-09-19,ENTERO,109,2016-09-20 15:00:03
OCEAN#16_SL,2016-09-19,COLI_E,10,2016-09-20 15:00:03
OCEAN#16_SL,2016-09-19,COLI_TOTAL,10,2016-09-20 15:00:03
OCEAN#16_SL,2016-09-19,ENTERO,10,2016-09-20 15:00:03
OCEAN#17_SL,2016-09-19,COLI_E,10,2016-09-20 15:00:03
OCEAN#17_SL,2016-09-19,COLI_TOTAL,10,2016-09-20 15:00:03
OCEAN#17_SL,2016-09-19,ENTERO,<10,2016-09-20 15:00:03
OCEAN#18_SL,2016-09-19,COLI_E,<10,2016-09-20 15:00:03
OCEAN#18_SL,2016-09-19,COLI_TOTAL,10,2016-09-20 15:00:03
OCEAN#18_SL,2016-09-19,ENTERO,<10,2016-09-20 15:00:03
OCEAN#19_SL,2016-09-19,COLI_E,<10,2016-09-20 15:00:03
OCEAN#19_SL,2016-09-19,COLI_TOTAL,10,2016-09-20 15:00:03
OCEAN#19_SL,2016-09-19,ENTERO,<10,2016-09-20 15:00:03
OCEAN#21.1_SL,2016-09-19,COLI_E,<10,2016-09-20 15:00:03
OCEAN#21.1_SL,2016-09-19,COLI_TOTAL,<10,2016-09-20 15:00:03
OCEAN#21.1_SL,2016-09-19,ENTERO,<10,2016-09-20 15:00:03
BAY#301.1_SL,2016-09-20,COLI_E,<10,2016-09-21 15:00:05
BAY#301.1_SL,2016-09-20,COLI_TOTAL,14136,2016-09-21 15:00:05
BAY#301.1_SL,2016-09-20,ENTERO,10,2016-09-21 15:00:05
BAY#301.2_SL,2016-09-20,COLI_E,10,2016-09-21 15:00:05
BAY#301.2_SL,2016-09-20,COLI_TOTAL,10,2016-09-21 15:00:05
BAY#301.2_SL,2016-09-20,ENTERO,<10,2016-09-21 15:00:05
OCEAN#15EAST_SL,2016-09-20,COLI_E,20,2016-09-21 15:00:05
OCEAN#15EAST_SL,2016-09-20,COLI_TOTAL,75,2016-09-21 15:00:05
OCEAN#15EAST_SL,2016-09-20,ENTERO,<10,2016-09-21 15:00:05
OCEAN#15_SL,2016-09-20,COLI_E,110,2016-09-21 15:00:05
OCEAN#15_SL,2016-09-20,COLI_TOTAL,546,2016-09-21 15:00:05
OCEAN#15_SL,2016-09-20,ENTERO,20,2016-09-21 15:00:05
BAY#301.1_SL,2016-09-21,COLI_E,295,2016-09-22 15:00:02
BAY#301.1_SL,2016-09-21,COLI_TOTAL,19863,2016-09-22 15:00:02
BAY#301.1_SL,2016-09-21,ENTERO,30,2016-09-22 15:00:02
BAY#301.1_SL,2016-09-22,COLI_E,10,2016-09-23 15:00:07
BAY#301.1_SL,2016-09-22,COLI_TOTAL,1095,2016-09-23 15:00:07
BAY#301.1_SL,2016-09-22,ENTERO,<10,2016-09-23 15:00:07
BAY#202.4_SL,2016-09-26,COLI_E,<10,2016-09-27 15:00:07
BAY#202.4_SL,2016-09-26,COLI_TOTAL,31,2016-09-27 15:00:07
BAY#202.4_SL,2016-09-26,ENTERO,30,2016-09-27 15:00:07
BAY#202.5_SL,2016-09-26,COLI_E,20,2016-09-27 15:00:07
BAY#202.5_SL,2016-09-26,COLI_TOTAL,20,2016-09-27 15:00:07
BAY#202.5_SL,2016-09-26,ENTERO,<10,2016-09-27 15:00:07
BAY#210.1_SL,2016-09-26,COLI_E,<10,2016-09-27 15:00:07
BAY#210.1_SL,2016-09-26,COLI_TOTAL,10,2016-09-27 15:00:07
BAY#210.1_SL,2016-09-26,ENTERO,<10,2016-09-27 15:00:07
BAY#211_SL,2016-09-26,COLI_E,<10,2016-09-27 15:00:07
BAY#211_SL,2016-09-26,COLI_TOTAL,10,2016-09-27 15:00:07
BAY#211_SL,2016-09-26,ENTERO,<10,2016-09-27 15:00:07
BAY#300.1_SL,2016-09-26,COLI_E,86,2016-09-27 15:00:07
BAY#300.1_SL,2016-09-26,COLI_TOTAL,336,2016-09-27 15:00:07
BAY#300.1_SL,2016-09-26,ENTERO,31,2016-09-27 15:00:07
BAY#301.1_SL,2016-09-26,COLI_E,<10,2016-09-27 15:00:07
BAY#301.1_SL,2016-09-26,COLI_TOTAL,>24196,2016-09-27 15:00:07
BAY#301.1_SL,2016-09-26,ENTERO,<10,2016-09-27 15:00:07
BAY#301.2_SL,2016-09-26,COLI_E,10,2016-09-27 15:00:07
BAY#301.2_SL,2016-09-26,COLI_TOTAL,146,2016-09-27 15:00:07
BAY#301.2_SL,2016-09-26,ENTERO,<10,2016-09-27 15:00:07
BAY#320_SL,2016-09-26,COLI_E,10,2016-09-27 15:00:07
BAY#320_SL,2016-09-26,COLI_TOTAL,20,2016-09-27 15:00:07
BAY#320_SL,2016-09-26,ENTERO,10,2016-09-27 15:00:07
OCEAN#15EAST_SL,2016-09-26,COLI_E,<10,2016-09-27 15:00:07
OCEAN#15EAST_SL,2016-09-26,COLI_TOTAL,<10,2016-09-27 15:00:07
OCEAN#15EAST_SL,2016-09-26,ENTERO,<10,2016-09-27 15:00:07
OCEAN#15_SL,2016-09-26,COLI_E,135,2016-09-27 15:00:07
OCEAN#15_SL,2016-09-26,COLI_TOTAL,189,2016-09-27 15:00:07
OCEAN#15_SL,2016-09-26,ENTERO,10,2016-09-27 15:00:07
OCEAN#16_SL,2016-09-26,COLI_E,10,2016-09-27 15:00:07
OCEAN#16_SL,2016-09-26,COLI_TOTAL,10,2016-09-27 15:00:07
OCEAN#16_SL,2016-09-26,ENTERO,<10,2016-09-27 15:00:07
OCEAN#17_SL,2016-09-26,COLI_E,<10,2016-09-27 15:00:07
OCEAN#17_SL,2016-09-26,COLI_TOTAL,<10,2016-09-27 15:00:07
OCEAN#17_SL,2016-09-26,ENTERO,<10,2016-09-27 15:00:07
OCEAN#18_SL,2016-09-26,COLI_E,<10,2016-09-27 15:00:07
OCEAN#18_SL,2016-09-26,COLI_TOTAL,<10,2016-09-27 15:00:07
OCEAN#18_SL,2016-09-26,ENTERO,<10,2016-09-27 15:00:07
OCEAN#19_SL,2016-09-26,COLI_E,<10,2016-09-27 15:00:07
OCEAN#19_SL,2016-09-26,COLI_TOTAL,<10,2016-09-27 15:00:07
OCEAN#19_SL,2016-09-26,ENTERO,<10,2016-09-27 15:00:07
OCEAN#21.1_SL,2016-09-26,COLI_E,<10,2016-09-27 15:00:07
OCEAN#21.1_SL,2016-09-26,COLI_TOTAL,<10,2016-09-27 15:00:07
OCEAN#21.1_SL,2016-09-26,ENTERO,10,2016-09-27 15:00:07
BAY#301.1_SL,2016-09-27,COLI_E,20,2016-09-28 15:00:03
BAY#301.1_SL,2016-09-27,COLI_TOTAL,2987,2016-09-28 15:00:03
BAY#301.1_SL,2016-09-27,ENTERO,<10,2016-09-28 15:00:03
BAY#202.4_SL,2016-10-03,COLI_E,<10,2016-10-05 07:00:03
BAY#202.4_SL,2016-10-03,COLI_TOTAL,<10,2016-10-05 07:00:03
BAY#202.4_SL,2016-10-03,ENTERO,<10,2016-10-05 07:00:03
BAY#202.5_SL,2016-10-03,COLI_E,<10,2016-10-05 07:00:03
BAY#202.5_SL,2016-10-03,COLI_TOTAL,10,2016-10-05 07:00:03
BAY#202.5_SL,2016-10-03,ENTERO,<10,2016-10-05 07:00:03
BAY#210.1_SL,2016-10-03,COLI_E,<10,2016-10-05 07:00:03
BAY#210.1_SL,2016-10-03,COLI_TOTAL,20,2016-10-05 07:00:03
BAY#210.1_SL,2016-10-03,ENTERO,<10,2016-10-05 07:00:03
BAY#211_SL,2016-10-03,COLI_E,<10,2016-10-05 07:00:03
BAY#211_SL,2016-10-03,COLI_TOTAL,10,2016-10-05 07:00:03
BAY#211_SL,2016-10-03,ENTERO,<10,2016-10-05 07:00:03
BAY#300.1_SL,2016-10-03,COLI_E,10,2016-10-05 07:00:03
BAY#300.1_SL,2016-10-03,COLI_TOTAL,74,2016-10-05 07:00:03
BAY#300.1_SL,2016-10-03,ENTERO,<10,2016-10-05 07:00:03
BAY#301.1_SL,2016-10-03,COLI_E,146,2016-10-05 07:00:03
BAY#301.1_SL,2016-10-03,COLI_TOTAL,171,2016-10-05 07:00:03
BAY#301.1_SL,2016-10-03,ENTERO,20,2016-10-05 07:00:03
BAY#301.2_SL,2016-10-03,COLI_E,<10,2016-10-05 07:00:03
BAY#301.2_SL,2016-10-03,COLI_TOTAL,20,2016-10-05 07:00:03
BAY#301.2_SL,2016-10-03,ENTERO,<10,2016-10-05 07:00:03
BAY#320_SL,2016-10-03,COLI_E,30,2016-10-05 07:00:03
BAY#320_SL,2016-10-03,COLI_TOTAL,63,2016-10-05 07:00:03
BAY#320_SL,2016-10-03,ENTERO,<10,2016-10-05 07:00:03
OCEAN#15EAST_SL,2016-10-03,COLI_E,<10,2016-10-05 07:00:03
OCEAN#15EAST_SL,2016-10-03,COLI_TOTAL,<10,2016-10-05 07:00:03
OCEAN#15EAST_SL,2016-10-03,ENTERO,<10,2016-10-05 07:00:03
OCEAN#15_SL,2016-10-03,COLI_E,10,2016-10-05 07:00:03
OCEAN#15_SL,2016-10-03,COLI_TOTAL,146,2016-10-05 07:00:03
OCEAN#15_SL,2016-10-03,ENTERO,<10,2016-10-05 07:00:03
OCEAN#16_SL,2016-10-03,COLI_E,<10,2016-10-05 07:00:03
OCEAN#16_SL,2016-10-03,COLI_TOTAL,<10,2016-10-05 07:00:03
OCEAN#16_SL,2016-10-03,ENTERO,<10,2016-10-05 07:00:03
OCEAN#17_SL,2016-10-03,COLI_E,10,2016-10-05 07:00:03
OCEAN#17_SL,2016-10-03,COLI_TOTAL,10,2016-10-05 07:00:03
OCEAN#17_SL,2016-10-03,ENTERO,10,2016-10-05 07:00:03
OCEAN#18_SL,2016-10-03,COLI_E,<10,2016-10-05 07:00:03
OCEAN#18_SL,2016-10-03,COLI_TOTAL,<10,2016-10-05 07:00:03
OCEAN#18_SL,2016-10-03,ENTERO,<10,2016-10-05 07:00:03
OCEAN#19_SL,2016-10-03,COLI_E,<10,2016-10-05 07:00:03
OCEAN#19_SL,2016-10-03,COLI_TOTAL,<10,2016-10-05 07:00:03
OCEAN#19_SL,2016-10-03,ENTERO,<10,2016-10-05 07:00:03
OCEAN#21.1_SL,2016-10-03,COLI_E,<10,2016-10-05 07:00:03
OCEAN#21.1_SL,2016-10-03,COLI_TOTAL,<10,2016-10-05 07:00:03
OCEAN#21.1_SL,2016-10-03,ENTERO,<10,2016-10-05 07:00:03
BAY#202.4_SL,2016-10-11,COLI_E,<10,2016-10-12 15:00:09
BAY#202.4_SL,2016-10-11,COLI_TOTAL,<10,2016-10-12 15:00:09
BAY#202.4_SL,2016-10-11,ENTERO,10,2016-10-12 15:00:09
BAY#202.5_SL,2016-10-11,COLI_E,<10,2016-10-12 15:00:09
BAY#202.5_SL,2016-10-11,COLI_TOTAL,41,2016-10-12 15:00:09
BAY#202.5_SL,2016-10-11,ENTERO,10,2016-10-12 15:00:09
BAY#210.1_SL,2016-10-11,COLI_E,<10,2016-10-12 15:00:09
BAY#210.1_SL,2016-10-11,COLI_TOTAL,<10,2016-10-12 15:00:09
BAY#210.1_SL,2016-10-11,ENTERO,10,2016-10-12 15:00:09
BAY#211_SL,2016-10-11,COLI_E,<10,2016-10-12 15:00:09
BAY#211_SL,2016-10-11,COLI_TOTAL,<10,2016-10-12 15:00:09
BAY#211_SL,2016-10-11,ENTERO,10,2016-10-12 15:00:09
BAY#300.1_SL,2016-10-11,COLI_E,10,2016-10-12 15:00:09
BAY#300.1_SL,2016-10-11,COLI_TOTAL,30,2016-10-12 15:00:09
BAY#300.1_SL,2016-10-11,ENTERO,10,2016-10-12 15:00:09
BAY#301.1_SL,2016-10-11,COLI_E,98,2016-10-12 15:00:09
BAY#301.1_SL,2016-10-11,COLI_TOTAL,2924,2016-10-12 15:00:09
BAY#301.1_SL,2016-10-11,ENTERO,98,2016-10-12 15:00:09
BAY#301.2_SL,2016-10-11,COLI_E,10,2016-10-12 15:00:09
BAY#301.2_SL,2016-10-11,COLI_TOTAL,20,2016-10-12 15:00:09
BAY#301.2_SL,2016-10-11,ENTERO,<10,2016-10-12 15:00:09
BAY#320_SL,2016-10-11,COLI_E,30,2016-10-12 15:00:09
BAY#320_SL,2016-10-11,COLI_TOTAL,345,2016-10-12 15:00:09
BAY#320_SL,2016-10-11,ENTERO,<10,2016-10-12 15:00:09
OCEAN#15EAST_SL,2016-10-11,COLI_E,<10,2016-10-12 15:00:09
OCEAN#15EAST_SL,2016-10-11,COLI_TOTAL,10,2016-10-12 15:00:09
OCEAN#15EAST_SL,2016-10-11,ENTERO,10,2016-10-12 15:00:09
OCEAN#15_SL,2016-10-11,COLI_E,63,2016-10-12 15:00:09
OCEAN#15_SL,2016-10-11,COLI_TOTAL,199,2016-10-12 15:00:09
OCEAN#15_SL,2016-10-11,ENTERO,20,2016-10-12 15:00:09
OCEAN#16_SL,2016-10-11,COLI_E,41,2016-10-12 15:00:09
OCEAN#16_SL,2016-10-11,COLI_TOTAL,63,2016-10-12 15:00:09
OCEAN#16_SL,2016-10-11,ENTERO,20,2016-10-12 15:00:09
OCEAN#17_SL,2016-10-11,COLI_E,20,2016-10-12 15:00:09
OCEAN#17_SL,2016-10-11,COLI_TOTAL,52,2016-10-12 15:00:09
OCEAN#17_SL,2016-10-11,ENTERO,<10,2016-10-12 15:00:09
OCEAN#18_SL,2016-10-11,COLI_E,<10,2016-10-12 15:00:09
OCEAN#18_SL,2016-10-11,COLI_TOTAL,10,2016-10-12 15:00:09
OCEAN#18_SL,2016-10-11,ENTERO,10,2016-10-12 15:00:09
OCEAN#19_SL,2016-10-11,COLI_E,20,2016-10-12 15:00:09
OCEAN#19_SL,2016-10-11,COLI_TOTAL,20,2016-10-12 15:00:09
OCEAN#19_SL,2016-10-11,ENTERO,10,2016-10-12 15:00:09
OCEAN#21.1_SL,2016-10-11,COLI_E,<10,2016-10-12 15:00:09
OCEAN#21.1_SL,2016-10-11,COLI_TOTAL,<10,2016-10-12 15:00:09
OCEAN#21.1_SL,2016-10-11,ENTERO,<10,2016-10-12 15:00:09
BAY#320_SL,2016-10-16,COLI_E,>24196,2016-10-18 07:03:17
BAY#320_SL,2016-10-16,COLI_TOTAL,>24196,2016-10-18 07:03:17
BAY#320_SL,2016-10-16,ENTERO,>24196,2016-10-18 07:03:17
OCEAN#15EAST_SL,2016-10-16,COLI_E,20,2016-10-17 15:00:07
OCEAN#15EAST_SL,2016-10-16,COLI_TOTAL,31,2016-10-17 15:00:07
OCEAN#15EAST_SL,2016-10-16,ENTERO,<10,2016-10-17 15:00:07
OCEAN#15_SL,2016-10-16,COLI_E,<10,2016-10-17 15:00:07
OCEAN#15_SL,2016-10-16,COLI_TOTAL,246,2016-10-17 15:00:07
OCEAN#15_SL,2016-10-16,ENTERO,<10,2016-10-17 15:00:07
OCEAN#16_SL,2016-10-16,COLI_E,10,2016-10-17 15:00:07
OCEAN#16_SL,2016-10-16,COLI_TOTAL,63,2016-10-17 15:00:07
OCEAN#16_SL,2016-10-16,ENTERO,10,2016-10-17 15:00:07
BAY#202.4_SL,2016-10-17,COLI_E,464,2016-10-18 15:00:02
BAY#202.4_SL,2016-10-17,COLI_TOTAL,5475,2016-10-18 15:00:02
BAY#202.4_SL,2016-10-17,ENTERO,41,2016-10-18 15:00:02
BAY#202.5_SL,2016-10-17,COLI_E,243,2016-10-18 15:00:02
BAY#202.5_SL,2016-10-17,COLI_TOTAL,4106,2016-10-18 15:00:02
BAY#202.5_SL,2016-10-17,ENTERO,20,2016-10-18 15:00:02
BAY#210.1_SL,2016-10-17,COLI_E,323,2016-10-18 15:00:02
BAY#210.1_SL,2016-10-17,COLI_TOTAL,4106,2016-10-18 15:00:02
BAY#210.1_SL,2016-10-17,ENTERO,31,2016-10-18 15:00:02
BAY#211_SL,2016-10-17,COLI_E,246,2016-10-18 15:00:02
BAY#211_SL,2016-10-17,COLI_TOTAL,3873,2016-10-18 15:00:02
BAY#211_SL,2016-10-17,ENTERO,160,2016-10-18 15:00:02
BAY#300.1_SL,2016-10-17,COLI_E,839,2016-10-18 15:00:02
BAY#300.1_SL,2016-10-17,COLI_TOTAL,12997,2016-10-18 15:00:02
BAY#300.1_SL,2016-10-17,ENTERO,75,2016-10-18 15:00:02
BAY#301.1_SL,2016-10-17,COLI_E,627,2016-10-18 15:00:02
BAY#301.1_SL,2016-10-17,COLI_TOTAL,7701,2016-10-18 15:00:02
BAY#301.1_SL,2016-10-17,ENTERO,62,2016-10-18 15:00:02
BAY#301.2_SL,2016-10-17,COLI_E,203,2016-10-18 15:00:02
BAY#301.2_SL,2016-10-17,COLI_TOTAL,3873,2016-10-18 15:00:02
BAY#301.2_SL,2016-10-17,ENTERO,10,2016-10-18 15:00:02
BAY#320_SL,2016-10-17,COLI_E,>24196,2016-10-18 15:00:02
BAY#320_SL,2016-10-17,COLI_TOTAL,>24196,2016-10-18 15:00:02
BAY#320_SL,2016-10-17,ENTERO,8664,2016-10-18 15:00:02
OCEAN#15EAST_SL,2016-10-17,COLI_E,75,2016-10-19 07:55:14
OCEAN#15EAST_SL,2016-10-17,COLI_TOTAL,218,2016-10-19 07:55:14
OCEAN#15EAST_SL,2016-10-17,ENTERO,20,2016-10-19 07:55:14
OCEAN#15_SL,2016-10-17,COLI_E,86,2016-10-19 07:55:14
OCEAN#15_SL,2016-10-17,COLI_TOTAL,231,2016-10-19 07:55:14
OCEAN#15_SL,2016-10-17,ENTERO,<10,2016-10-19 07:55:14
OCEAN#16_SL,2016-10-17,COLI_E,20,2016-10-19 07:55:14
OCEAN#16_SL,2016-10-17,COLI_TOTAL,187,2016-10-19 07:55:14
OCEAN#16_SL,2016-10-17,ENTERO,10,2016-10-19 07:55:14
OCEAN#17_SL,2016-10-17,COLI_E,213,2016-10-19 07:55:14
OCEAN#17_SL,2016-10-17,COLI_TOTAL,933,2016-10-19 07:55:14
OCEAN#17_SL,2016-10-17,ENTERO,30,2016-10-19 07:55:14
OCEAN#18_SL,2016-10-17,COLI_E,331,2016-10-19 07:55:14
OCEAN#18_SL,2016-10-17,COLI_TOTAL,670,2016-10-19 07:55:14
OCEAN#18_SL,2016-10-17,ENTERO,134,2016-10-19 07:55:14
OCEAN#19_SL,2016-10-17,COLI_E,20,2016-10-19 07:55:14
OCEAN#19_SL,2016-10-17,COLI_TOTAL,132,2016-10-19 07:55:14
OCEAN#19_SL,2016-10-17,ENTERO,31,2016-10-19 07:55:14
OCEAN#21.1_SL,2016-10-17,COLI_E,<10,2016-10-19 07:55:14
OCEAN#21.1_SL,2016-10-17,COLI_TOTAL,173,2016-10-19 07:55:14
OCEAN#21.1_SL,2016-10-17,ENTERO,<10,2016-10-19 07:55:14
BAY#202.4_SL,2016-10-18,COLI_E,10,2016-10-20 07:35:13
BAY#202.4_SL,2016-10-18,COLI_TOTAL,216,2016-10-20 07:35:13
BAY#202.4_SL,2016-10-18,ENTERO,<10,2016-10-20 07:35:13
BAY#211_SL,2016-10-18,COLI_E,73,2016-10-20 07:35:13
BAY#211_SL,2016-10-18,COLI_TOTAL,488,2016-10-20 07:35:13
BAY#211_SL,2016-10-18,ENTERO,10,2016-10-20 07:35:13
BAY#300.1_SL,2016-10-18,COLI_E,173,2016-10-20 07:35:13
BAY#300.1_SL,2016-10-18,COLI_TOTAL,2755,2016-10-20 07:35:13
BAY#300.1_SL,2016-10-18,ENTERO,31,2016-10-20 07:35:13
BAY#301.1_SL,2016-10-18,COLI_E,86,2016-10-20 07:35:13
BAY#301.1_SL,2016-10-18,COLI_TOTAL,987,2016-10-20 07:35:13
BAY#301.1_SL,2016-10-18,ENTERO,31,2016-10-20 07:35:13
BAY#320_SL,2016-10-18,COLI_E,>24196,2016-10-20 07:35:13
BAY#320_SL,2016-10-18,COLI_TOTAL,>24196,2016-10-20 07:35:13
BAY#320_SL,2016-10-18,ENTERO,<10,2016-10-20 07:35:13
OCEAN#18_SL,2016-10-18,COLI_E,31,2016-10-20 07:35:13
OCEAN#18_SL,2016-10-18,COLI_TOTAL,132,2016-10-20 07:35:13
OCEAN#18_SL,2016-10-18,ENTERO,10,2016-10-20 07:35:13
BAY#320_SL,2016-10-19,COLI_E,1071,2016-10-20 15:00:04
BAY#320_SL,2016-10-19,COLI_TOTAL,17329,2016-10-20 15:00:04
BAY#320_SL,2016-10-19,ENTERO,148,2016-10-20 15:00:04
BAY#320_SL,2016-10-20,COLI_E,109,2016-10-21 15:53:18
BAY#320_SL,2016-10-20,COLI_TOTAL,1314,2016-10-21 15:53:18
BAY#320_SL,2016-10-20,ENTERO,<10,2016-10-21 15:53:18
BAY#202.4_SL,2016-10-24,COLI_E,<10,2016-10-25 15:00:03
BAY#202.4_SL,2016-10-24,COLI_TOTAL,<10,2016-10-25 15:00:03
BAY#202.4_SL,2016-10-24,ENTERO,10,2016-10-25 15:00:03
BAY#202.5_SL,2016-10-24,COLI_E,<10,2016-10-25 15:00:03
BAY#202.5_SL,2016-10-24,COLI_TOTAL,<10,2016-10-25 15:00:03
BAY#202.5_SL,2016-10-24,ENTERO,10,2016-10-25 15:00:03
BAY#210.1_SL,2016-10-24,COLI_E,<10,2016-10-25 15:00:03
BAY#210.1_SL,2016-10-24,COLI_TOTAL,10,2016-10-25 15:00:03
BAY#210.1_SL,2016-10-24,ENTERO,10,2016-10-25 15:00:03
BAY#211_SL,2016-10-24,COLI_E,20,2016-10-25 15:00:03
BAY#211_SL,2016-10-24,COLI_TOTAL,20,2016-10-25 15:00:03
BAY#211_SL,2016-10-24,ENTERO,<10,2016-10-25 15:00:03
BAY#300.1_SL,2016-10-24,COLI_E,197,2016-10-25 15:00:03
BAY#300.1_SL,2016-10-24,COLI_TOTAL,512,2016-10-25 15:00:03
BAY#300.1_SL,2016-10-24,ENTERO,52,2016-10-25 15:00:03
BAY#301.1_SL,2016-10-24,COLI_E,359,2016-10-25 15:00:03
BAY#301.1_SL,2016-10-24,COLI_TOTAL,789,2016-10-25 15:00:03
BAY#301.1_SL,2016-10-24,ENTERO,243,2016-10-25 15:00:03
BAY#301.2_SL,2016-10-24,COLI_E,51,2016-10-25 15:00:03
BAY#301.2_SL,2016-10-24,COLI_TOTAL,118,2016-10-25 15:00:03
BAY#301.2_SL,2016-10-24,ENTERO,84,2016-10-25 15:00:03
BAY#320_SL,2016-10-24,COLI_E,20,2016-10-25 15:00:03
BAY#320_SL,2016-10-24,COLI_TOTAL,432,2016-10-25 15:00:03
BAY#320_SL,2016-10-24,ENTERO,<10,2016-10-25 15:00:03
OCEAN#15EAST_SL,2016-10-24,COLI_E,<10,2016-10-25 15:00:03
OCEAN#15EAST_SL,2016-10-24,COLI_TOTAL,74,2016-10-25 15:00:03
OCEAN#15EAST_SL,2016-10-24,ENTERO,<10,2016-10-25 15:00:03
OCEAN#15_SL,2016-10-24,COLI_E,31,2016-10-25 15:00:03
OCEAN#15_SL,2016-10-24,COLI_TOTAL,9804,2016-10-25 15:00:03
OCEAN#15_SL,2016-10-24,ENTERO,72,2016-10-25 15:00:03
OCEAN#16_SL,2016-10-24,COLI_E,<10,2016-10-25 15:00:03
OCEAN#16_SL,2016-10-24,COLI_TOTAL,<10,2016-10-25 15:00:03
OCEAN#16_SL,2016-10-24,ENTERO,<10,2016-10-25 15:00:03
OCEAN#17_SL,2016-10-24,COLI_E,185,2016-10-25 15:00:03
OCEAN#17_SL,2016-10-24,COLI_TOTAL,373,2016-10-25 15:00:03
OCEAN#17_SL,2016-10-24,ENTERO,441,2016-10-25 15:00:03
OCEAN#18_SL,2016-10-24,COLI_E,<10,2016-10-25 15:00:03
OCEAN#18_SL,2016-10-24,COLI_TOTAL,<10,2016-10-25 15:00:03
OCEAN#18_SL,2016-10-24,ENTERO,<10,2016-10-25 15:00:03
OCEAN#19_SL,2016-10-24,COLI_E,<10,2016-10-25 15:00:03
OCEAN#19_SL,2016-10-24,COLI_TOTAL,<10,2016-10-25 15:00:03
OCEAN#19_SL,2016-10-24,ENTERO,<10,2016-10-25 15:00:03
OCEAN#21.1_SL,2016-10-24,COLI_E,<10,2016-10-25 15:00:03
OCEAN#21.1_SL,2016-10-24,COLI_TOTAL,31,2016-10-25 15:00:03
OCEAN#21.1_SL,2016-10-24,ENTERO,<10,2016-10-25 15:00:03
BAY#301.1_SL,2016-10-25,COLI_E,1467,2016-10-26 15:00:07
BAY#301.1_SL,2016-10-25,COLI_TOTAL,2723,2016-10-26 15:00:07
BAY#301.1_SL,2016-10-25,ENTERO,279,2016-10-26 15:00:07
OCEAN#17_SL,2016-10-25,COLI_E,10,2016-10-26 15:00:07
OCEAN#17_SL,2016-10-25,COLI_TOTAL,10,2016-10-26 15:00:07
OCEAN#17_SL,2016-10-25,ENTERO,<10,2016-10-26 15:00:07
BAY#301.1_SL,2016-10-26,COLI_E,63,2016-10-27 15:00:07
BAY#301.1_SL,2016-10-26,COLI_TOTAL,465,2016-10-27 15:00:07
BAY#301.1_SL,2016-10-26,ENTERO,10,2016-10-27 15:00:07
BAY#320_SL,2016-10-28,COLI_E,>24196,2016-10-29 15:00:07
BAY#320_SL,2016-10-28,COLI_TOTAL,>24196,2016-10-29 15:00:07
BAY#320_SL,2016-10-28,ENTERO,>24196,2016-10-29 15:00:07
BAY#320_SL,2016-10-29,COLI_E,19863,2016-10-30 15:00:11
BAY#320_SL,2016-10-29,COLI_TOTAL,>24196,2016-10-30 15:00:11
BAY#320_SL,2016-10-29,ENTERO,1198,2016-10-30 15:00:11
BAY#320_SL,2016-10-30,COLI_E,2909,2016-10-31 15:39:36
BAY#320_SL,2016-10-30,COLI_TOTAL,>24196,2016-10-31 15:39:36
BAY#320_SL,2016-10-30,ENTERO,41,2016-10-31 15:39:36
BAY#202.4_SL,2016-10-31,COLI_E,41,2016-11-01 15:57:20
BAY#202.4_SL,2016-10-31,COLI_TOTAL,98,2016-11-01 15:57:20
BAY#202.4_SL,2016-10-31,ENTERO,31,2016-11-01 15:57:20
BAY#202.5_SL,2016-10-31,COLI_E,10,2016-11-01 15:57:20
BAY#202.5_SL,2016-10-31,COLI_TOTAL,109,2016-11-01 15:57:20
BAY#202.5_SL,2016-10-31,ENTERO,10,2016-11-01 15:57:20
BAY#210.1_SL,2016-10-31,COLI_E,<10,2016-11-01 15:57:20
BAY#210.1_SL,2016-10-31,COLI_TOTAL,31,2016-11-01 15:57:20
BAY#210.1_SL,2016-10-31,ENTERO,<10,2016-11-01 15:57:20
BAY#211_SL,2016-10-31,COLI_E,10,2016-11-01 15:57:20
BAY#211_SL,2016-10-31,COLI_TOTAL,74,2016-11-01 15:57:20
BAY#211_SL,2016-10-31,ENTERO,<10,2016-11-01 15:57:20
BAY#300.1_SL,2016-10-31,COLI_E,119,2016-11-01 15:57:20
BAY#300.1_SL,2016-10-31,COLI_TOTAL,359,2016-11-01 15:57:20
BAY#300.1_SL,2016-10-31,ENTERO,98,2016-11-01 15:57:20
BAY#301.1_SL,2016-10-31,COLI_E,63,2016-11-01 15:57:20
BAY#301.1_SL,2016-10-31,COLI_TOTAL,384,2016-11-01 15:57:20
BAY#301.1_SL,2016-10-31,ENTERO,63,2016-11-01 15:57:20
BAY#301.2_SL,2016-10-31,COLI_E,187,2016-11-01 15:57:20
BAY#301.2_SL,2016-10-31,COLI_TOTAL,480,2016-11-01 15:57:20
BAY#301.2_SL,2016-10-31,ENTERO,20,2016-11-01 15:57:20
BAY#320_SL,2016-10-31,COLI_E,435,2016-11-01 15:57:20
BAY#320_SL,2016-10-31,COLI_TOTAL,4884,2016-11-01 15:57:20
BAY#320_SL,2016-10-31,ENTERO,52,2016-11-01 15:57:20
OCEAN#15EAST_SL,2016-10-31,COLI_E,<10,2016-11-01 15:57:20
OCEAN#15EAST_SL,2016-10-31,COLI_TOTAL,75,2016-11-01 15:57:20
OCEAN#15EAST_SL,2016-10-31,ENTERO,<10,2016-11-01 15:57:20
OCEAN#15_SL,2016-10-31,COLI_E,110,2016-11-01 15:57:20
OCEAN#15_SL,2016-10-31,COLI_TOTAL,6488,2016-11-01 15:57:20
OCEAN#15_SL,2016-10-31,ENTERO,86,2016-11-01 15:57:20
OCEAN#16_SL,2016-10-31,COLI_E,10,2016-11-01 15:57:20
OCEAN#16_SL,2016-10-31,COLI_TOTAL,20,2016-11-01 15:57:20
OCEAN#16_SL,2016-10-31,ENTERO,<10,2016-11-01 15:57:20
OCEAN#17_SL,2016-10-31,COLI_E,10,2016-11-01 15:57:20
OCEAN#17_SL,2016-10-31,COLI_TOTAL,20,2016-11-01 15:57:20
OCEAN#17_SL,2016-10-31,ENTERO,<10,2016-11-01 15:57:20
OCEAN#18_SL,2016-10-31,COLI_E,<10,2016-11-01 15:57:20
OCEAN#18_SL,2016-10-31,COLI_TOTAL,86,2016-11-01 15:57:20
OCEAN#18_SL,2016-10-31,ENTERO,10,2016-11-01 15:57:20
OCEAN#19_SL,2016-10-31,COLI_E,<10,2016-11-01 15:57:20
OCEAN#19_SL,2016-10-31,COLI_TOTAL,20,2016-11-01 15:57:20
OCEAN#19_SL,2016-10-31,ENTERO,10,2016-11-01 15:57:20
OCEAN#21.1_SL,2016-10-31,COLI_E,<10,2016-11-01 15:57:20
OCEAN#21.1_SL,2016-10-31,COLI_TOTAL,31,2016-11-01 15:57:20
OCEAN#21.1_SL,2016-10-31,ENTERO,<10,2016-11-01 15:57:20
BAY#320_SL,2016-11-01,COLI_E,135,2016-11-03 07:00:07
BAY#320_SL,2016-11-01,COLI_TOTAL,1374,2016-11-03 07:00:07
BAY#320_SL,2016-11-01,ENTERO,10,2016-11-03 07:00:07
BAY#202.4_SL,2016-11-07,COLI_E,<10,2016-11-08 15:17:36
BAY#202.4_SL,2016-11-07,COLI_TOTAL,<10,2016-11-08 15:17:36
BAY#202.4_SL,2016-11-07,ENTERO,<10,2016-11-08 15:17:36
BAY#202.5_SL,2016-11-07,COLI_E,<10,2016-11-08 15:17:36
BAY#202.5_SL,2016-11-07,COLI_TOTAL,10,2016-11-08 15:17:36
BAY#202.5_SL,2016-11-07,ENTERO,<10,2016-11-08 15:17:36
BAY#210.1_SL,2016-11-07,COLI_E,41,2016-11-08 15:17:36
BAY#210.1_SL,2016-11-07,COLI_TOTAL,85,2016-11-08 15:17:36
BAY#210.1_SL,2016-11-07,ENTERO,<10,2016-11-08 15:17:36
BAY#211_SL,2016-11-07,COLI_E,75,2016-11-08 15:17:36
BAY#211_SL,2016-11-07,COLI_TOTAL,161,2016-11-08 15:17:36
BAY#211_SL,2016-11-07,ENTERO,<10,2016-11-08 15:17:36
BAY#300.1_SL,2016-11-07,COLI_E,86,2016-11-08 15:17:36
BAY#300.1_SL,2016-11-07,COLI_TOTAL,216,2016-11-08 15:17:36
BAY#300.1_SL,2016-11-07,ENTERO,86,2016-11-08 15:17:36
BAY#301.1_SL,2016-11-07,COLI_E,305,2016-11-08 15:17:36
BAY#301.1_SL,2016-11-07,COLI_TOTAL,984,2016-11-08 15:17:36
BAY#301.1_SL,2016-11-07,ENTERO,84,2016-11-08 15:17:36
BAY#301.2_SL,2016-11-07,COLI_E,<10,2016-11-08 15:17:36
BAY#301.2_SL,2016-11-07,COLI_TOTAL,20,2016-11-08 15:17:36
BAY#301.2_SL,2016-11-07,ENTERO,10,2016-11-08 15:17:36
BAY#320_SL,2016-11-07,COLI_E,52,2016-11-08 15:17:36
BAY#320_SL,2016-11-07,COLI_TOTAL,228,2016-11-08 15:17:36
BAY#320_SL,2016-11-07,ENTERO,<10,2016-11-08 15:17:36
OCEAN#15EAST_SL,2016-11-07,COLI_E,<10,2016-11-08 15:17:36
OCEAN#15EAST_SL,2016-11-07,COLI_TOTAL,41,2016-11-08 15:17:36
OCEAN#15EAST_SL,2016-11-07,ENTERO,<10,2016-11-08 15:17:36
OCEAN#15_SL,2016-11-07,COLI_E,10,2016-11-08 15:17:36
OCEAN#15_SL,2016-11-07,COLI_TOTAL,160,2016-11-08 15:17:36
OCEAN#15_SL,2016-11-07,ENTERO,<10,2016-11-08 15:17:36
OCEAN#16_SL,2016-11-07,COLI_E,<10,2016-11-08 15:17:36
OCEAN#16_SL,2016-11-07,COLI_TOTAL,<10,2016-11-08 15:17:36
OCEAN#16_SL,2016-11-07,ENTERO,10,2016-11-08 15:17:36
OCEAN#17_SL,2016-11-07,COLI_E,10,2016-11-08 15:17:36
OCEAN#17_SL,2016-11-07,COLI_TOTAL,20,2016-11-08 15:17:36
OCEAN#17_SL,2016-11-07,ENTERO,<10,2016-11-08 15:17:36
OCEAN#18_SL,2016-11-07,COLI_E,<10,2016-11-08 15:17:36
OCEAN#18_SL,2016-11-07,COLI_TOTAL,<10,2016-11-08 15:17:36
OCEAN#18_SL,2016-11-07,ENTERO,<10,2016-11-08 15:17:36
OCEAN#19_SL,2016-11-07,COLI_E,<10,2016-11-08 15:17:36
OCEAN#19_SL,2016-11-07,COLI_TOTAL,20,2016-11-08 15:17:36
OCEAN#19_SL,2016-11-07,ENTERO,<10,2016-11-08 15:17:36
OCEAN#21.1_SL,2016-11-07,COLI_E,<10,2016-11-08 15:17:36
OCEAN#21.1_SL,2016-11-07,COLI_TOTAL,<10,2016-11-08 15:17:36
OCEAN#21.1_SL,2016-11-07,ENTERO,20,2016-11-08 15:17:36
BAY#202.4_SL,2016-11-14,COLI_E,20,2016-11-16 15:00:04
BAY#202.4_SL,2016-11-14,COLI_TOTAL,241,2016-11-16 15:00:04
BAY#202.4_SL,2016-11-14,ENTERO,158,2016-11-16 15:00:04
BAY#202.5_SL,2016-11-14,COLI_E,10,2016-11-16 15:00:04
BAY#202.5_SL,2016-11-14,COLI_TOTAL,85,2016-11-16 15:00:04
BAY#202.5_SL,2016-11-14,ENTERO,20,2016-11-16 15:00:04
BAY#210.1_SL,2016-11-14,COLI_E,10,2016-11-16 15:00:04
BAY#210.1_SL,2016-11-14,COLI_TOTAL,20,2016-11-16 15:00:04
BAY#210.1_SL,2016-11-14,ENTERO,10,2016-11-16 15:00:04
BAY#211_SL,2016-11-14,COLI_E,315,2016-11-16 15:00:04
BAY#211_SL,2016-11-14,COLI_TOTAL,670,2016-11-16 15:00:04
BAY#211_SL,2016-11-14,ENTERO,75,2016-11-16 15:00:04
BAY#300.1_SL,2016-11-14,COLI_E,187,2016-11-16 15:00:04
BAY#300.1_SL,2016-11-14,COLI_TOTAL,313,2016-11-16 15:00:04
BAY#300.1_SL,2016-11-14,ENTERO,135,2016-11-16 15:00:04
BAY#301.1_SL,2016-11-14,COLI_E,201,2016-11-16 15:00:04
BAY#301.1_SL,2016-11-14,COLI_TOTAL,1178,2016-11-16 15:00:04
BAY#301.1_SL,2016-11-14,ENTERO,108,2016-11-16 15:00:04
BAY#301.2_SL,2016-11-14,COLI_E,8664,2016-11-16 15:00:04
BAY#301.2_SL,2016-11-14,COLI_TOTAL,9804,2016-11-16 15:00:04
BAY#301.2_SL,2016-11-14,ENTERO,4611,2016-11-16 15:00:04
BAY#320_SL,2016-11-14,COLI_E,<10,2016-11-16 15:00:04
BAY#320_SL,2016-11-14,COLI_TOTAL,86,2016-11-16 15:00:04
BAY#320_SL,2016-11-14,ENTERO,51,2016-11-16 15:00:04
OCEAN#15EAST_SL,2016-11-14,COLI_E,<10,2016-11-15 15:00:01
OCEAN#15EAST_SL,2016-11-14,COLI_TOTAL,41,2016-11-15 15:00:01
OCEAN#15EAST_SL,2016-11-14,ENTERO,<10,2016-11-15 15:00:01
OCEAN#15_SL,2016-11-14,COLI_E,51,2016-11-15 15:00:01
OCEAN#15_SL,2016-11-14,COLI_TOTAL,12033,2016-11-15 15:00:01
OCEAN#15_SL,2016-11-14,ENTERO,74,2016-11-15 15:00:01
OCEAN#16_SL,2016-11-14,COLI_E,<10,2016-11-15 15:00:01
OCEAN#16_SL,2016-11-14,COLI_TOTAL,120,2016-11-15 15:00:01
OCEAN#16_SL,2016-11-14,ENTERO,<10,2016-11-15 15:00:01
OCEAN#17_SL,2016-11-14,COLI_E,<10,2016-11-15 15:00:01
OCEAN#17_SL,2016-11-14,COLI_TOTAL,10,2016-11-15 15:00:01
OCEAN#17_SL,2016-11-14,ENTERO,<10,2016-11-15 15:00:01
OCEAN#18_SL,2016-11-14,COLI_E,<10,2016-11-15 15:00:01
OCEAN#18_SL,2016-11-14,COLI_TOTAL,20,2016-11-15 15:00:01
OCEAN#18_SL,2016-11-14,ENTERO,<10,2016-11-15 15:00:01
OCEAN#19_SL,2016-11-14,COLI_E,10,2016-11-15 15:00:01
OCEAN#19_SL,2016-11-14,COLI_TOTAL,20,2016-11-15 15:00:01
OCEAN#19_SL,2016-11-14,ENTERO,<10,2016-11-15 15:00:01
OCEAN#21.1_SL,2016-11-14,COLI_E,10,2016-11-15 15:00:01
OCEAN#21.1_SL,2016-11-14,COLI_TOTAL,52,2016-11-15 15:00:01
OCEAN#21.1_SL,2016-11-14,ENTERO,20,2016-11-15 15:00:01
BAY#202.4_SL,2016-11-15,COLI_E,<10,2016-11-16 15:00:04
BAY#202.4_SL,2016-11-15,COLI_TOTAL,31,2016-11-16 15:00:04
BAY#202.4_SL,2016-11-15,ENTERO,31,2016-11-16 15:00:04
BAY#300.1_SL,2016-11-15,COLI_E,10,2016-11-16 15:00:04
BAY#300.1_SL,2016-11-15,COLI_TOTAL,75,2016-11-16 15:00:04
BAY#300.1_SL,2016-11-15,ENTERO,10,2016-11-16 15:00:04
BAY#301.1_SL,2016-11-15,COLI_E,487,2016-11-16 15:00:04
BAY#301.1_SL,2016-11-15,COLI_TOTAL,988,2016-11-16 15:00:04
BAY#301.1_SL,2016-11-15,ENTERO,309,2016-11-16 15:00:04
BAY#301.2_SL,2016-11-15,COLI_E,31,2016-11-16 15:00:04
BAY#301.2_SL,2016-11-15,COLI_TOTAL,52,2016-11-16 15:00:04
BAY#301.2_SL,2016-11-15,ENTERO,20,2016-11-16 15:00:04
OCEAN#15EAST_SL,2016-11-15,COLI_E,<10,2016-11-16 15:00:04
OCEAN#15EAST_SL,2016-11-15,COLI_TOTAL,10,2016-11-16 15:00:04
OCEAN#15EAST_SL,2016-11-15,ENTERO,10,2016-11-16 15:00:04
OCEAN#15_SL,2016-11-15,COLI_E,259,2016-11-16 15:00:04
OCEAN#15_SL,2016-11-15,COLI_TOTAL,4352,2016-11-16 15:00:04
OCEAN#15_SL,2016-11-15,ENTERO,269,2016-11-16 15:00:04
BAY#301.1_SL,2016-11-16,COLI_E,20,2016-11-17 15:00:04
BAY#301.1_SL,2016-11-16,COLI_TOTAL,52,2016-11-17 15:00:04
BAY#301.1_SL,2016-11-16,ENTERO,10,2016-11-17 15:00:04
OCEAN#15EAST_SL,2016-11-16,COLI_E,10,2016-11-17 15:00:04
OCEAN#15EAST_SL,2016-11-16,COLI_TOTAL,20,2016-11-17 15:00:04
OCEAN#15EAST_SL,2016-11-16,ENTERO,<10,2016-11-17 15:00:04
OCEAN#15_SL,2016-11-16,COLI_E,52,2016-11-17 15:00:04
OCEAN#15_SL,2016-11-16,COLI_TOTAL,816,2016-11-17 15:00:04
OCEAN#15_SL,2016-11-16,ENTERO,10,2016-11-17 15:00:04
BAY#202.4_SL,2016-11-21,COLI_E,<10,2016-11-22 15:00:03
BAY#202.4_SL,2016-11-21,COLI_TOTAL,96,2016-11-22 15:00:03
BAY#202.4_SL,2016-11-21,ENTERO,<10,2016-11-22 15:00:03
BAY#202.5_SL,2016-11-21,COLI_E,41,2016-11-22 15:00:03
BAY#202.5_SL,2016-11-21,COLI_TOTAL,187,2016-11-22 15:00:03
BAY#202.5_SL,2016-11-21,ENTERO,<10,2016-11-22 15:00:03
BAY#210.1_SL,2016-11-21,COLI_E,84,2016-11-22 15:00:03
BAY#210.1_SL,2016-11-21,COLI_TOTAL,243,2016-11-22 15:00:03
BAY#210.1_SL,2016-11-21,ENTERO,<10,2016-11-22 15:00:03
BAY#211_SL,2016-11-21,COLI_E,41,2016-11-22 15:00:03
BAY#211_SL,2016-11-21,COLI_TOTAL,97,2016-11-22 15:00:03
BAY#211_SL,2016-11-21,ENTERO,<10,2016-11-22 15:00:03
BAY#300.1_SL,2016-11-21,COLI_E,52,2016-11-22 15:00:03
BAY#300.1_SL,2016-11-21,COLI_TOTAL,173,2016-11-22 15:00:03
BAY#300.1_SL,2016-11-21,ENTERO,20,2016-11-22 15:00:03
BAY#301.1_SL,2016-11-21,COLI_E,75,2016-11-22 15:00:03
BAY#301.1_SL,2016-11-21,COLI_TOTAL,211,2016-11-22 15:00:03
BAY#301.1_SL,2016-11-21,ENTERO,41,2016-11-22 15:00:03
BAY#301.2_SL,2016-11-21,COLI_E,10,2016-11-22 15:00:03
BAY#301.2_SL,2016-11-21,COLI_TOTAL,97,2016-11-22 15:00:03
BAY#301.2_SL,2016-11-21,ENTERO,10,2016-11-22 15:00:03
BAY#320_SL,2016-11-21,COLI_E,857,2016-11-22 15:00:03
BAY#320_SL,2016-11-21,COLI_TOTAL,8164,2016-11-22 15:00:03
BAY#320_SL,2016-11-21,ENTERO,96,2016-11-22 15:00:03
OCEAN#15EAST_SL,2016-11-21,COLI_E,10,2016-11-22 15:00:03
OCEAN#15EAST_SL,2016-11-21,COLI_TOTAL,158,2016-11-22 15:00:03
OCEAN#15EAST_SL,2016-11-21,ENTERO,<10,2016-11-22 15:00:03
OCEAN#15_SL,2016-11-21,COLI_E,52,2016-11-22 15:00:03
OCEAN#15_SL,2016-11-21,COLI_TOTAL,2755,2016-11-22 15:00:03
OCEAN#15_SL,2016-11-21,ENTERO,41,2016-11-22 15:00:03
OCEAN#16_SL,2016-11-21,COLI_E,10,2016-11-22 15:00:03
OCEAN#16_SL,2016-11-21,COLI_TOTAL,84,2016-11-22 15:00:03
OCEAN#16_SL,2016-11-21,ENTERO,<10,2016-11-22 15:00:03
OCEAN#17_SL,2016-11-21,COLI_E,41,2016-11-22 15:00:03
OCEAN#17_SL,2016-11-21,COLI_TOTAL,109,2016-11-22 15:00:03
OCEAN#17_SL,2016-11-21,ENTERO,<10,2016-11-22 15:00:03
OCEAN#18_SL,2016-11-21,COLI_E,10,2016-11-22 15:00:03
OCEAN#18_SL,2016-11-21,COLI_TOTAL,98,2016-11-22 15:00:03
OCEAN#18_SL,2016-11-21,ENTERO,<10,2016-11-22 15:00:03
OCEAN#19_SL,2016-11-21,COLI_E,98,2016-11-22 15:00:03
OCEAN#19_SL,2016-11-21,COLI_TOTAL,301,2016-11-22 15:00:03
OCEAN#19_SL,2016-11-21,ENTERO,<10,2016-11-22 15:00:03
OCEAN#21.1_SL,2016-11-21,COLI_E,<10,2016-11-22 15:00:03
OCEAN#21.1_SL,2016-11-21,COLI_TOTAL,75,2016-11-22 15:00:03
OCEAN#21.1_SL,2016-11-21,ENTERO,<10,2016-11-22 15:00:03
BAY#320_SL,2016-11-22,COLI_E,<10,2016-11-23 15:00:04
BAY#320_SL,2016-11-22,COLI_TOTAL,199,2016-11-23 15:00:04
BAY#320_SL,2016-11-22,ENTERO,31,2016-11-23 15:00:04
BAY#320_SL,2016-11-23,COLI_E,<10,2016-11-24 15:00:07
BAY#320_SL,2016-11-23,COLI_TOTAL,145,2016-11-24 15:00:07
BAY#320_SL,2016-11-23,ENTERO,<10,2016-11-24 15:00:07
OCEAN#15EAST_SL,2016-11-23,COLI_E,<10,2016-11-24 15:00:07
OCEAN#15EAST_SL,2016-11-23,COLI_TOTAL,144,2016-11-24 15:00:07
OCEAN#15EAST_SL,2016-11-23,ENTERO,10,2016-11-24 15:00:07
OCEAN#15_SL,2016-11-23,COLI_E,160,2016-11-24 15:00:07
OCEAN#15_SL,2016-11-23,COLI_TOTAL,10462,2016-11-24 15:00:07
OCEAN#15_SL,2016-11-23,ENTERO,31,2016-11-24 15:00:07
OCEAN#16_SL,2016-11-23,COLI_E,20,2016-11-24 15:00:07
OCEAN#16_SL,2016-11-23,COLI_TOTAL,145,2016-11-24 15:00:07
OCEAN#16_SL,2016-11-23,ENTERO,<10,2016-11-24 15:00:07
OCEAN#15EAST_SL,2016-11-24,COLI_E,10,2016-11-25 15:00:01
OCEAN#15EAST_SL,2016-11-24,COLI_TOTAL,52,2016-11-25 15:00:01
OCEAN#15EAST_SL,2016-11-24,ENTERO,<10,2016-11-25 15:00:01
OCEAN#15_SL,2016-11-24,COLI_E,20,2016-11-25 15:00:01
OCEAN#15_SL,2016-11-24,COLI_TOTAL,134,2016-11-25 15:00:01
OCEAN#15_SL,2016-11-24,ENTERO,<10,2016-11-25 15:00:01
BAY#202.4_SL,2016-11-28,COLI_E,10,2016-11-29 15:00:12
BAY#202.4_SL,2016-11-28,COLI_TOTAL,216,2016-11-29 15:00:12
BAY#202.4_SL,2016-11-28,ENTERO,30,2016-11-29 15:00:12
BAY#202.5_SL,2016-11-28,COLI_E,<10,2016-11-29 15:00:12
BAY#202.5_SL,2016-11-28,COLI_TOTAL,<10,2016-11-29 15:00:12
BAY#202.5_SL,2016-11-28,ENTERO,<10,2016-11-29 15:00:12
BAY#210.1_SL,2016-11-28,COLI_E,<10,2016-11-29 15:00:12
BAY#210.1_SL,2016-11-28,COLI_TOTAL,10,2016-11-29 15:00:12
BAY#210.1_SL,2016-11-28,ENTERO,<10,2016-11-29 15:00:12
BAY#211_SL,2016-11-28,COLI_E,<10,2016-11-29 15:00:12
BAY#211_SL,2016-11-28,COLI_TOTAL,20,2016-11-29 15:00:12
BAY#211_SL,2016-11-28,ENTERO,10,2016-11-29 15:00:12
BAY#300.1_SL,2016-11-28,COLI_E,41,2016-11-29 15:00:12
BAY#300.1_SL,2016-11-28,COLI_TOTAL,161,2016-11-29 15:00:12
BAY#300.1_SL,2016-11-28,ENTERO,75,2016-11-29 15:00:12
BAY#301.1_SL,2016-11-28,COLI_E,20,2016-11-29 15:00:12
BAY#301.1_SL,2016-11-28,COLI_TOTAL,41,2016-11-29 15:00:12
BAY#301.1_SL,2016-11-28,ENTERO,<10,2016-11-29 15:00:12
BAY#301.2_SL,2016-11-28,COLI_E,20,2016-11-29 15:00:12
BAY#301.2_SL,2016-11-28,COLI_TOTAL,85,2016-11-29 15:00:12
BAY#301.2_SL,2016-11-28,ENTERO,75,2016-11-29 15:00:12
BAY#320_SL,2016-11-28,COLI_E,63,2016-11-29 15:00:12
BAY#320_SL,2016-11-28,COLI_TOTAL,809,2016-11-29 15:00:12
BAY#320_SL,2016-11-28,ENTERO,41,2016-11-29 15:00:12
OCEAN#15EAST_SL,2016-11-28,COLI_E,<10,2016-11-29 15:00:12
OCEAN#15EAST_SL,2016-11-28,COLI_TOTAL,85,2016-11-29 15:00:12
OCEAN#15EAST_SL,2016-11-28,ENTERO,<10,2016-11-29 15:00:12
OCEAN#15_SL,2016-11-28,COLI_E,10,2016-11-29 15:00:12
OCEAN#15_SL,2016-11-28,COLI_TOTAL,1723,2016-11-29 15:00:12
OCEAN#15_SL,2016-11-28,ENTERO,10,2016-11-29 15:00:12
OCEAN#16_SL,2016-11-28,COLI_E,<10,2016-11-29 15:00:12
OCEAN#16_SL,2016-11-28,COLI_TOTAL,41,2016-11-29 15:00:12
OCEAN#16_SL,2016-11-28,ENTERO,<10,2016-11-29 15:00:12
OCEAN#17_SL,2016-11-28,COLI_E,30,2016-11-29 15:00:12
OCEAN#17_SL,2016-11-28,COLI_TOTAL,108,2016-11-29 15:00:12
OCEAN#17_SL,2016-11-28,ENTERO,<10,2016-11-29 15:00:12
OCEAN#18_SL,2016-11-28,COLI_E,10,2016-11-29 15:00:12
OCEAN#18_SL,2016-11-28,COLI_TOTAL,201,2016-11-29 15:00:12
OCEAN#18_SL,2016-11-28,ENTERO,10,2016-11-29 15:00:12
OCEAN#19_SL,2016-11-28,COLI_E,41,2016-11-29 15:00:12
OCEAN#19_SL,2016-11-28,COLI_TOTAL,279,2016-11-29 15:00:12
OCEAN#19_SL,2016-11-28,ENTERO,<10,2016-11-29 15:00:12
OCEAN#21.1_SL,2016-11-28,COLI_E,63,2016-11-29 15:00:12
OCEAN#21.1_SL,2016-11-28,COLI_TOTAL,279,2016-11-29 15:00:12
OCEAN#21.1_SL,2016-11-28,ENTERO,10,2016-11-29 15:00:12
BAY#202.4_SL,2016-12-05,COLI_E,<10,2016-12-07 07:33:32
BAY#202.4_SL,2016-12-05,COLI_TOTAL,41,2016-12-07 07:33:32
BAY#202.4_SL,2016-12-05,ENTERO,<10,2016-12-07 07:33:32
BAY#202.5_SL,2016-12-05,COLI_E,<10,2016-12-07 07:33:32
BAY#202.5_SL,2016-12-05,COLI_TOTAL,10,2016-12-07 07:33:32
BAY#202.5_SL,2016-12-05,ENTERO,<10,2016-12-07 07:33:32
BAY#210.1_SL,2016-12-05,COLI_E,10,2016-12-07 07:33:32
BAY#210.1_SL,2016-12-05,COLI_TOTAL,20,2016-12-07 07:33:32
BAY#210.1_SL,2016-12-05,ENTERO,<10,2016-12-07 07:33:32
BAY#211_SL,2016-12-05,COLI_E,86,2016-12-07 07:33:32
BAY#211_SL,2016-12-05,COLI_TOTAL,122,2016-12-07 07:33:32
BAY#211_SL,2016-12-05,ENTERO,10,2016-12-07 07:33:32
BAY#300.1_SL,2016-12-05,COLI_E,10,2016-12-07 07:33:32
BAY#300.1_SL,2016-12-05,COLI_TOTAL,20,2016-12-07 07:33:32
BAY#300.1_SL,2016-12-05,ENTERO,<10,2016-12-07 07:33:32
BAY#301.1_SL,2016-12-05,COLI_E,<10,2016-12-07 07:33:32
BAY#301.1_SL,2016-12-05,COLI_TOTAL,<10,2016-12-07 07:33:32
BAY#301.1_SL,2016-12-05,ENTERO,<10,2016-12-07 07:33:32
BAY#301.2_SL,2016-12-05,COLI_E,41,2016-12-07 07:33:32
BAY#301.2_SL,2016-12-05,COLI_TOTAL,63,2016-12-07 07:33:32
BAY#301.2_SL,2016-12-05,ENTERO,<10,2016-12-07 07:33:32
BAY#320_SL,2016-12-05,COLI_E,31,2016-12-07 07:33:32
BAY#320_SL,2016-12-05,COLI_TOTAL,148,2016-12-07 07:33:32
BAY#320_SL,2016-12-05,ENTERO,10,2016-12-07 07:33:32
OCEAN#15EAST_SL,2016-12-05,COLI_E,<10,2016-12-07 07:33:32
OCEAN#15EAST_SL,2016-12-05,COLI_TOTAL,<10,2016-12-07 07:33:32
OCEAN#15EAST_SL,2016-12-05,ENTERO,10,2016-12-07 07:33:32
OCEAN#15_SL,2016-12-05,COLI_E,75,2016-12-07 07:33:32
OCEAN#15_SL,2016-12-05,COLI_TOTAL,5794,2016-12-07 07:33:32
OCEAN#15_SL,2016-12-05,ENTERO,30,2016-12-07 07:33:32
OCEAN#16_SL,2016-12-05,COLI_E,10,2016-12-07 07:33:32
OCEAN#16_SL,2016-12-05,COLI_TOTAL,20,2016-12-07 07:33:32
OCEAN#16_SL,2016-12-05,ENTERO,<10,2016-12-07 07:33:32
OCEAN#17_SL,2016-12-05,COLI_E,<10,2016-12-07 07:33:32
OCEAN#17_SL,2016-12-05,COLI_TOTAL,<10,2016-12-07 07:33:32
OCEAN#17_SL,2016-12-05,ENTERO,<10,2016-12-07 07:33:32
OCEAN#18_SL,2016-12-05,COLI_E,10,2016-12-07 07:33:32
OCEAN#18_SL,2016-12-05,COLI_TOTAL,20,2016-12-07 07:33:32
OCEAN#18_SL,2016-12-05,ENTERO,<10,2016-12-07 07:33:32
OCEAN#19_SL,2016-12-05,COLI_E,<10,2016-12-07 07:33:32
OCEAN#19_SL,2016-12-05,COLI_TOTAL,<10,2016-12-07 07:33:32
OCEAN#19_SL,2016-12-05,ENTERO,<10,2016-12-07 07:33:32
OCEAN#21.1_SL,2016-12-05,COLI_E,10,2016-12-07 07:33:32
OCEAN#21.1_SL,2016-12-05,COLI_TOTAL,30,2016-12-07 07:33:32
OCEAN#21.1_SL,2016-12-05,ENTERO,20,2016-12-07 07:33:32
BAY#320_SL,2016-12-08,COLI_E,24196,2016-12-09 15:00:12
BAY#320_SL,2016-12-08,COLI_TOTAL,>24196,2016-12-09 15:00:12
BAY#320_SL,2016-12-08,ENTERO,4352,2016-12-09 15:00:12
BAY#320_SL,2016-12-09,COLI_E,>24196,2016-12-10 15:00:07
BAY#320_SL,2016-12-09,COLI_TOTAL,>24196,2016-12-10 15:00:07
BAY#320_SL,2016-12-09,ENTERO,24196,2016-12-10 15:00:07
BAY#220_SL,2016-12-10,COLI_E,>24196,2016-12-11 15:00:03
BAY#220_SL,2016-12-10,COLI_TOTAL,>24196,2016-12-11 15:00:03
BAY#220_SL,2016-12-10,ENTERO,>24196,2016-12-11 15:00:03
BAY#320_SL,2016-12-10,COLI_E,627,2016-12-11 15:00:03
BAY#320_SL,2016-12-10,COLI_TOTAL,24196,2016-12-11 15:00:03
BAY#320_SL,2016-12-10,ENTERO,98,2016-12-11 15:00:03
BAY#220_SL,2016-12-11,COLI_E,>24196,2016-12-13 07:11:55
BAY#220_SL,2016-12-11,COLI_TOTAL,>24196,2016-12-13 07:11:55
BAY#220_SL,2016-12-11,ENTERO,>24196,2016-12-13 07:11:55
BAY#320_SL,2016-12-11,COLI_E,>24196,2016-12-13 07:11:55
BAY#320_SL,2016-12-11,COLI_TOTAL,>24196,2016-12-13 07:11:55
BAY#320_SL,2016-12-11,ENTERO,>24196,2016-12-13 07:11:55
OCEAN#20_SL,2016-12-11,COLI_E,74,2016-12-13 07:11:55
OCEAN#20_SL,2016-12-11,COLI_TOTAL,727,2016-12-13 07:11:55
OCEAN#20_SL,2016-12-11,ENTERO,31,2016-12-13 07:11:55
OCEAN#21.1_SL,2016-12-11,COLI_E,86,2016-12-13 07:11:55
OCEAN#21.1_SL,2016-12-11,COLI_TOTAL,677,2016-12-13 07:11:55
OCEAN#21.1_SL,2016-12-11,ENTERO,10,2016-12-13 07:11:55
OCEAN#21_SL,2016-12-11,COLI_E,97,2016-12-13 07:11:55
OCEAN#21_SL,2016-12-11,COLI_TOTAL,350,2016-12-13 07:11:55
OCEAN#21_SL,2016-12-11,ENTERO,<10,2016-12-13 07:11:55
OCEAN#22_SL,2016-12-11,COLI_E,75,2016-12-13 07:11:55
OCEAN#22_SL,2016-12-11,COLI_TOTAL,538,2016-12-13 07:11:55
OCEAN#22_SL,2016-12-11,ENTERO,160,2016-12-13 07:11:55
BAY#202.4_SL,2016-12-12,COLI_E,262,2016-12-13 15:07:08
BAY#202.4_SL,2016-12-12,COLI_TOTAL,369,2016-12-13 15:07:08
BAY#202.4_SL,2016-12-12,ENTERO,85,2016-12-13 15:07:08
BAY#202.5_SL,2016-12-12,COLI_E,10,2016-12-13 15:07:08
BAY#202.5_SL,2016-12-12,COLI_TOTAL,201,2016-12-13 15:07:08
BAY#202.5_SL,2016-12-12,ENTERO,31,2016-12-13 15:07:08
BAY#210.1_SL,2016-12-12,COLI_E,31,2016-12-13 15:07:08
BAY#210.1_SL,2016-12-12,COLI_TOTAL,201,2016-12-13 15:07:08
BAY#210.1_SL,2016-12-12,ENTERO,<10,2016-12-13 15:07:08
BAY#211_SL,2016-12-12,COLI_E,74,2016-12-13 15:07:08
BAY#211_SL,2016-12-12,COLI_TOTAL,399,2016-12-13 15:07:08
BAY#211_SL,2016-12-12,ENTERO,41,2016-12-13 15:07:08
BAY#220_SL,2016-12-12,COLI_E,8664,2016-12-13 15:07:08
BAY#220_SL,2016-12-12,COLI_TOTAL,>24196,2016-12-13 15:07:08
BAY#220_SL,2016-12-12,ENTERO,145,2016-12-13 15:07:08
BAY#300.1_SL,2016-12-12,COLI_E,934,2016-12-13 15:07:08
BAY#300.1_SL,2016-12-12,COLI_TOTAL,4106,2016-12-13 15:07:08
BAY#300.1_SL,2016-12-12,ENTERO,1259,2016-12-13 15:07:08
BAY#301.1_SL,2016-12-12,COLI_E,563,2016-12-13 15:07:08
BAY#301.1_SL,2016-12-12,COLI_TOTAL,5794,2016-12-13 15:07:08
BAY#301.1_SL,2016-12-12,ENTERO,842,2016-12-13 15:07:08
BAY#301.2_SL,2016-12-12,COLI_E,1187,2016-12-13 15:07:08
BAY#301.2_SL,2016-12-12,COLI_TOTAL,4106,2016-12-13 15:07:08
BAY#301.2_SL,2016-12-12,ENTERO,3654,2016-12-13 15:07:08
BAY#320_SL,2016-12-12,COLI_E,>24196,2016-12-13 15:07:08
BAY#320_SL,2016-12-12,COLI_TOTAL,>24196,2016-12-13 15:07:08
BAY#320_SL,2016-12-12,ENTERO,160,2016-12-13 15:07:08
OCEAN#15EAST_SL,2016-12-12,COLI_E,31,2016-12-13 15:07:08
OCEAN#15EAST_SL,2016-12-12,COLI_TOTAL,110,2016-12-13 15:07:08
OCEAN#15EAST_SL,2016-12-12,ENTERO,<10,2016-12-13 15:07:08
OCEAN#15_SL,2016-12-12,COLI_E,41,2016-12-13 15:07:08
OCEAN#15_SL,2016-12-12,COLI_TOTAL,598,2016-12-13 15:07:08
OCEAN#15_SL,2016-12-12,ENTERO,30,2016-12-13 15:07:08
OCEAN#16_SL,2016-12-12,COLI_E,31,2016-12-13 15:07:08
OCEAN#16_SL,2016-12-12,COLI_TOTAL,74,2016-12-13 15:07:08
OCEAN#16_SL,2016-12-12,ENTERO,10,2016-12-13 15:07:08
OCEAN#17_SL,2016-12-12,COLI_E,52,2016-12-13 15:07:08
OCEAN#17_SL,2016-12-12,COLI_TOTAL,213,2016-12-13 15:07:08
OCEAN#17_SL,2016-12-12,ENTERO,10,2016-12-13 15:07:08
OCEAN#18_SL,2016-12-12,COLI_E,74,2016-12-13 15:07:08
OCEAN#18_SL,2016-12-12,COLI_TOTAL,145,2016-12-13 15:07:08
OCEAN#18_SL,2016-12-12,ENTERO,41,2016-12-13 15:07:08
OCEAN#19_SL,2016-12-12,COLI_E,<10,2016-12-13 15:07:08
OCEAN#19_SL,2016-12-12,COLI_TOTAL,85,2016-12-13 15:07:08
OCEAN#19_SL,2016-12-12,ENTERO,20,2016-12-13 15:07:08
OCEAN#21.1_SL,2016-12-12,COLI_E,10,2016-12-13 15:07:08
OCEAN#21.1_SL,2016-12-12,COLI_TOTAL,85,2016-12-13 15:07:08
OCEAN#21.1_SL,2016-12-12,ENTERO,<10,2016-12-13 15:07:08
BAY#220_SL,2016-12-13,COLI_E,2987,2016-12-16 08:23:55
BAY#220_SL,2016-12-13,COLI_TOTAL,>24196,2016-12-16 08:23:55
BAY#220_SL,2016-12-13,ENTERO,86,2016-12-16 08:23:55
BAY#300.1_SL,2016-12-13,COLI_E,144,2016-12-16 08:23:55
BAY#300.1_SL,2016-12-13,COLI_TOTAL,408,2016-12-16 08:23:55
BAY#300.1_SL,2016-12-13,ENTERO,63,2016-12-16 08:23:55
BAY#301.1_SL,2016-12-13,COLI_E,86,2016-12-16 08:23:55
BAY#301.1_SL,2016-12-13,COLI_TOTAL,1467,2016-12-16 08:23:55
BAY#301.1_SL,2016-12-13,ENTERO,52,2016-12-16 08:23:55
BAY#301.2_SL,2016-12-13,COLI_E,233,2016-12-16 08:23:55
BAY#301.2_SL,2016-12-13,COLI_TOTAL,2064,2016-12-16 08:23:55
BAY#301.2_SL,2016-12-13,ENTERO,243,2016-12-16 08:23:55
BAY#320_SL,2016-12-13,COLI_E,7270,2016-12-16 08:23:55
BAY#320_SL,2016-12-13,COLI_TOTAL,>24196,2016-12-16 08:23:55
BAY#320_SL,2016-12-13,ENTERO,20,2016-12-16 08:23:55
OCEAN#22_SL,2016-12-13,COLI_E,20,2016-12-16 08:23:55
OCEAN#22_SL,2016-12-13,COLI_TOTAL,86,2016-12-16 08:23:55
OCEAN#22_SL,2016-12-13,ENTERO,31,2016-12-16 08:23:55
BAY#220_SL,2016-12-14,COLI_E,379,2016-12-16 08:23:55
BAY#220_SL,2016-12-14,COLI_TOTAL,6294,2016-12-16 08:23:55
BAY#220_SL,2016-12-14,ENTERO,30,2016-12-16 08:23:55
BAY#301.2_SL,2016-12-14,COLI_E,228,2016-12-16 08:23:55
BAY#301.2_SL,2016-12-14,COLI_TOTAL,480,2016-12-16 08:23:55
BAY#301.2_SL,2016-12-14,ENTERO,173,2016-12-16 08:23:55
BAY#320_SL,2016-12-14,COLI_E,158,2016-12-16 08:23:55
BAY#320_SL,2016-12-14,COLI_TOTAL,1789,2016-12-16 08:23:55
BAY#320_SL,2016-12-14,ENTERO,31,2016-12-16 08:23:55
BAY#301.2_SL,2016-12-15,COLI_E,480,2016-12-16 15:00:07
BAY#301.2_SL,2016-12-15,COLI_TOTAL,1500,2016-12-16 15:00:07
BAY#301.2_SL,2016-12-15,ENTERO,2755,2016-12-16 15:00:07
BAY#202.4_SL,2016-12-16,COLI_E,41,2016-12-18 07:30:20
BAY#202.4_SL,2016-12-16,COLI_TOTAL,134,2016-12-18 07:30:20
BAY#202.4_SL,2016-12-16,ENTERO,20,2016-12-18 07:30:20
BAY#202.5_SL,2016-12-16,COLI_E,41,2016-12-18 07:30:20
BAY#202.5_SL,2016-12-16,COLI_TOTAL,285,2016-12-18 07:30:20
BAY#202.5_SL,2016-12-16,ENTERO,20,2016-12-18 07:30:20
BAY#202_LAGOON,2016-12-16,COLI_E,63,2016-12-18 07:30:20
BAY#202_LAGOON,2016-12-16,COLI_TOTAL,173,2016-12-18 07:30:20
BAY#202_LAGOON,2016-12-16,ENTERO,10,2016-12-18 07:30:20
BAY#210.1_SL,2016-12-16,COLI_E,74,2016-12-18 07:30:20
BAY#210.1_SL,2016-12-16,COLI_TOTAL,399,2016-12-18 07:30:20
BAY#210.1_SL,2016-12-16,ENTERO,20,2016-12-18 07:30:20
BAY#211_SL,2016-12-16,COLI_E,52,2016-12-18 07:30:20
BAY#211_SL,2016-12-16,COLI_TOTAL,305,2016-12-18 07:30:20
BAY#211_SL,2016-12-16,ENTERO,31,2016-12-18 07:30:20
BAY#300.1_SL,2016-12-16,COLI_E,426,2016-12-18 07:30:20
BAY#300.1_SL,2016-12-16,COLI_TOTAL,1421,2016-12-18 07:30:20
BAY#300.1_SL,2016-12-16,ENTERO,529,2016-12-18 07:30:20
BAY#301.1_SL,2016-12-16,COLI_E,75,2016-12-18 07:30:20
BAY#301.1_SL,2016-12-16,COLI_TOTAL,512,2016-12-18 07:30:20
BAY#301.1_SL,2016-12-16,ENTERO,146,2016-12-18 07:30:20
BAY#301.2_SL,2016-12-16,COLI_E,120,2016-12-18 07:30:20
BAY#301.2_SL,2016-12-16,COLI_TOTAL,402,2016-12-18 07:30:20
BAY#301.2_SL,2016-12-16,ENTERO,110,2016-12-18 07:30:20
BAY#320_SL,2016-12-16,COLI_E,>24196,2016-12-18 07:30:20
BAY#320_SL,2016-12-16,COLI_TOTAL,>24196,2016-12-18 07:30:20
BAY#320_SL,2016-12-16,ENTERO,15531,2016-12-18 07:30:20
OCEAN#18_SL,2016-12-16,COLI_E,52,2016-12-18 07:30:20
OCEAN#18_SL,2016-12-16,COLI_TOTAL,216,2016-12-18 07:30:20
OCEAN#18_SL,2016-12-16,ENTERO,<10,2016-12-18 07:30:20
OCEAN#19_SL,2016-12-16,COLI_E,262,2016-12-18 07:30:20
OCEAN#19_SL,2016-12-16,COLI_TOTAL,1145,2016-12-18 07:30:20
OCEAN#19_SL,2016-12-16,ENTERO,52,2016-12-18 07:30:20
OCEAN#20_SL,2016-12-16,COLI_E,30,2016-12-18 07:30:20
OCEAN#20_SL,2016-12-16,COLI_TOTAL,364,2016-12-18 07:30:20
OCEAN#20_SL,2016-12-16,ENTERO,20,2016-12-18 07:30:20
OCEAN#21.1_SL,2016-12-16,COLI_E,109,2016-12-18 07:30:20
OCEAN#21.1_SL,2016-12-16,COLI_TOTAL,546,2016-12-18 07:30:20
OCEAN#21.1_SL,2016-12-16,ENTERO,31,2016-12-18 07:30:20
OCEAN#21_SL,2016-12-16,COLI_E,98,2016-12-18 07:30:20
OCEAN#21_SL,2016-12-16,COLI_TOTAL,417,2016-12-18 07:30:20
OCEAN#21_SL,2016-12-16,ENTERO,31,2016-12-18 07:30:20
OCEAN#22_SL,2016-12-16,COLI_E,41,2016-12-18 07:30:20
OCEAN#22_SL,2016-12-16,COLI_TOTAL,327,2016-12-18 07:30:20
OCEAN#22_SL,2016-12-16,ENTERO,<10,2016-12-18 07:30:20
BAY#300.1_SL,2016-12-17,COLI_E,816,2016-12-19 07:25:32
BAY#300.1_SL,2016-12-17,COLI_TOTAL,5794,2016-12-19 07:25:32
BAY#300.1_SL,2016-12-17,ENTERO,1421,2016-12-19 07:25:32
BAY#301.1_SL,2016-12-17,COLI_E,84,2016-12-19 07:25:32
BAY#301.1_SL,2016-12-17,COLI_TOTAL,771,2016-12-19 07:25:32
BAY#301.1_SL,2016-12-17,ENTERO,148,2016-12-19 07:25:32
BAY#301.2_SL,2016-12-17,COLI_E,41,2016-12-19 07:25:32
BAY#301.2_SL,2016-12-17,COLI_TOTAL,432,2016-12-19 07:25:32
BAY#301.2_SL,2016-12-17,ENTERO,41,2016-12-19 07:25:32
BAY#320_SL,2016-12-17,COLI_E,749,2016-12-19 07:25:32
BAY#320_SL,2016-12-17,COLI_TOTAL,14136,2016-12-19 07:25:32
BAY#320_SL,2016-12-17,ENTERO,75,2016-12-19 07:25:32
BAY#300.1_SL,2016-12-18,COLI_E,683,2016-12-19 15:00:06
BAY#300.1_SL,2016-12-18,COLI_TOTAL,3076,2016-12-19 15:00:06
BAY#300.1_SL,2016-12-18,ENTERO,4611,2016-12-19 15:00:06
BAY#301.1_SL,2016-12-18,COLI_E,84,2016-12-19 15:00:06
BAY#301.1_SL,2016-12-18,COLI_TOTAL,1483,2016-12-19 15:00:06
BAY#301.1_SL,2016-12-18,ENTERO,86,2016-12-19 15:00:06
BAY#320_SL,2016-12-18,COLI_E,107,2016-12-19 15:00:06
BAY#320_SL,2016-12-18,COLI_TOTAL,984,2016-12-19 15:00:06
BAY#320_SL,2016-12-18,ENTERO,<10,2016-12-19 15:00:06
BAY#202.4_SL,2016-12-19,COLI_E,20,2016-12-20 15:00:07
BAY#202.4_SL,2016-12-19,COLI_TOTAL,98,2016-12-20 15:00:07
BAY#202.4_SL,2016-12-19,ENTERO,<10,2016-12-20 15:00:07
BAY#202.5_SL,2016-12-19,COLI_E,<10,2016-12-20 15:00:07
BAY#202.5_SL,2016-12-19,COLI_TOTAL,134,2016-12-20 15:00:07
BAY#202.5_SL,2016-12-19,ENTERO,10,2016-12-20 15:00:07
BAY#210.1_SL,2016-12-19,COLI_E,10,2016-12-20 15:00:07
BAY#210.1_SL,2016-12-19,COLI_TOTAL,98,2016-12-20 15:00:07
BAY#210.1_SL,2016-12-19,ENTERO,<10,2016-12-20 15:00:07
BAY#211_SL,2016-12-19,COLI_E,20,2016-12-20 15:00:07
BAY#211_SL,2016-12-19,COLI_TOTAL,74,2016-12-20 15:00:07
BAY#211_SL,2016-12-19,ENTERO,<10,2016-12-20 15:00:07
BAY#300.1_SL,2016-12-19,COLI_E,109,2016-12-20 15:00:07
BAY#300.1_SL,2016-12-19,COLI_TOTAL,383,2016-12-20 15:00:07
BAY#300.1_SL,2016-12-19,ENTERO,231,2016-12-20 15:00:07
BAY#301.1_SL,2016-12-19,COLI_E,1789,2016-12-20 15:00:07
BAY#301.1_SL,2016-12-19,COLI_TOTAL,2143,2016-12-20 15:00:07
BAY#301.1_SL,2016-12-19,ENTERO,10,2016-12-20 15:00:07
BAY#301.2_SL,2016-12-19,COLI_E,20,2016-12-20 15:00:07
BAY#301.2_SL,2016-12-19,COLI_TOTAL,121,2016-12-20 15:00:07
BAY#301.2_SL,2016-12-19,ENTERO,<10,2016-12-20 15:00:07
BAY#320_SL,2016-12-19,COLI_E,74,2016-12-20 15:00:07
BAY#320_SL,2016-12-19,COLI_TOTAL,1081,2016-12-20 15:00:07
BAY#320_SL,2016-12-19,ENTERO,30,2016-12-20 15:00:07
OCEAN#15EAST_SL,2016-12-19,COLI_E,<10,2016-12-20 15:00:07
OCEAN#15EAST_SL,2016-12-19,COLI_TOTAL,85,2016-12-20 15:00:07
OCEAN#15EAST_SL,2016-12-19,ENTERO,<10,2016-12-20 15:00:07
OCEAN#15_SL,2016-12-19,COLI_E,10,2016-12-20 15:00:07
OCEAN#15_SL,2016-12-19,COLI_TOTAL,768,2016-12-20 15:00:07
OCEAN#15_SL,2016-12-19,ENTERO,10,2016-12-20 15:00:07
OCEAN#16_SL,2016-12-19,COLI_E,52,2016-12-20 15:00:07
OCEAN#16_SL,2016-12-19,COLI_TOTAL,173,2016-12-20 15:00:07
OCEAN#16_SL,2016-12-19,ENTERO,20,2016-12-20 15:00:07
OCEAN#17_SL,2016-12-19,COLI_E,10,2016-12-20 15:00:07
OCEAN#17_SL,2016-12-19,COLI_TOTAL,52,2016-12-20 15:00:07
OCEAN#17_SL,2016-12-19,ENTERO,<10,2016-12-20 15:00:07
OCEAN#18_SL,2016-12-19,COLI_E,10,2016-12-20 15:00:07
OCEAN#18_SL,2016-12-19,COLI_TOTAL,52,2016-12-20 15:00:07
OCEAN#18_SL,2016-12-19,ENTERO,<10,2016-12-20 15:00:07
OCEAN#19_SL,2016-12-19,COLI_E,134,2016-12-20 15:00:07
OCEAN#19_SL,2016-12-19,COLI_TOTAL,663,2016-12-20 15:00:07
OCEAN#19_SL,2016-12-19,ENTERO,10,2016-12-20 15:00:07
OCEAN#21.1_SL,2016-12-19,COLI_E,<10,2016-12-20 15:00:07
OCEAN#21.1_SL,2016-12-19,COLI_TOTAL,31,2016-12-20 15:00:07
OCEAN#21.1_SL,2016-12-19,ENTERO,<10,2016-12-20 15:00:07
BAY#300.1_SL,2016-12-20,COLI_E,52,2016-12-21 15:01:24
BAY#300.1_SL,2016-12-20,COLI_TOTAL,373,2016-12-21 15:01:24
BAY#300.1_SL,2016-12-20,ENTERO,520,2016-12-21 15:01:24
BAY#301.1_SL,2016-12-20,COLI_E,86,2016-12-21 15:01:24
BAY#301.1_SL,2016-12-20,COLI_TOTAL,749,2016-12-21 15:01:24
BAY#301.1_SL,2016-12-20,ENTERO,20,2016-12-21 15:01:24
BAY#300.1_SL,2016-12-21,COLI_E,20,2016-12-22 15:00:07
BAY#300.1_SL,2016-12-21,COLI_TOTAL,74,2016-12-22 15:00:07
BAY#300.1_SL,2016-12-21,ENTERO,52,2016-12-22 15:00:07
BAY#202.4_SL,2016-12-23,COLI_E,20,2016-12-24 15:00:07
BAY#202.4_SL,2016-12-23,COLI_TOTAL,109,2016-12-24 15:00:07
BAY#202.4_SL,2016-12-23,ENTERO,52,2016-12-24 15:00:07
BAY#202.5_SL,2016-12-23,COLI_E,41,2016-12-24 15:00:07
BAY#202.5_SL,2016-12-23,COLI_TOTAL,1317,2016-12-24 15:00:07
BAY#202.5_SL,2016-12-23,ENTERO,41,2016-12-24 15:00:07
BAY#210.1_SL,2016-12-23,COLI_E,10,2016-12-24 15:00:07
BAY#210.1_SL,2016-12-23,COLI_TOTAL,63,2016-12-24 15:00:07
BAY#210.1_SL,2016-12-23,ENTERO,20,2016-12-24 15:00:07
BAY#211_SL,2016-12-23,COLI_E,<10,2016-12-24 15:00:07
BAY#211_SL,2016-12-23,COLI_TOTAL,31,2016-12-24 15:00:07
BAY#211_SL,2016-12-23,ENTERO,10,2016-12-24 15:00:07
BAY#320_SL,2016-12-23,COLI_E,11199,2016-12-24 15:00:07
BAY#320_SL,2016-12-23,COLI_TOTAL,>24196,2016-12-24 15:00:07
BAY#320_SL,2016-12-23,ENTERO,3076,2016-12-24 15:00:07
OCEAN#22_SL,2016-12-23,COLI_E,2613,2016-12-24 15:00:07
OCEAN#22_SL,2016-12-23,COLI_TOTAL,>24196,2016-12-24 15:00:07
OCEAN#22_SL,2016-12-23,ENTERO,3076,2016-12-24 15:00:07
BAY#320_SL,2016-12-24,COLI_E,>24196,2016-12-25 15:32:24
BAY#320_SL,2016-12-24,COLI_TOTAL,>24196,2016-12-25 15:32:24
BAY#320_SL,2016-12-24,ENTERO,4611,2016-12-25 15:32:24
OCEAN#22_SL,2016-12-24,COLI_E,31,2016-12-25 15:32:24
OCEAN#22_SL,2016-12-24,COLI_TOTAL,135,2016-12-25 15:32:24
OCEAN#22_SL,2016-12-24,ENTERO,10,2016-12-25 15:32:24
BAY#320_SL,2016-12-25,COLI_E,359,2016-12-26 15:00:07
BAY#320_SL,2016-12-25,COLI_TOTAL,6488,2016-12-26 15:00:07
BAY#320_SL,2016-12-25,ENTERO,31,2016-12-26 15:00:07
BAY#202.4_SL,2016-12-27,COLI_E,10,2016-12-29 07:08:56
BAY#202.4_SL,2016-12-27,COLI_TOTAL,10,2016-12-29 07:08:56
BAY#202.4_SL,2016-12-27,ENTERO,<10,2016-12-29 07:08:56
BAY#202.5_SL,2016-12-27,COLI_E,<10,2016-12-29 07:08:56
BAY#202.5_SL,2016-12-27,COLI_TOTAL,97,2016-12-29 07:08:56
BAY#202.5_SL,2016-12-27,ENTERO,<10,2016-12-29 07:08:56
BAY#210.1_SL,2016-12-27,COLI_E,109,2016-12-29 07:08:56
BAY#210.1_SL,2016-12-27,COLI_TOTAL,243,2016-12-29 07:08:56
BAY#210.1_SL,2016-12-27,ENTERO,20,2016-12-29 07:08:56
BAY#211_SL,2016-12-27,COLI_E,52,2016-12-29 07:08:56
BAY#211_SL,2016-12-27,COLI_TOTAL,85,2016-12-29 07:08:56
BAY#211_SL,2016-12-27,ENTERO,10,2016-12-29 07:08:56
BAY#300.1_SL,2016-12-27,COLI_E,<10,2016-12-29 07:08:56
BAY#300.1_SL,2016-12-27,COLI_TOTAL,20,2016-12-29 07:08:56
BAY#300.1_SL,2016-12-27,ENTERO,<10,2016-12-29 07:08:56
BAY#301.1_SL,2016-12-27,COLI_E,10,2016-12-29 07:08:56
BAY#301.1_SL,2016-12-27,COLI_TOTAL,119,2016-12-29 07:08:56
BAY#301.1_SL,2016-12-27,ENTERO,<10,2016-12-29 07:08:56
BAY#301.2_SL,2016-12-27,COLI_E,<10,2016-12-29 07:08:56
BAY#301.2_SL,2016-12-27,COLI_TOTAL,97,2016-12-29 07:08:56
BAY#301.2_SL,2016-12-27,ENTERO,10,2016-12-29 07:08:56
BAY#320_SL,2016-12-27,COLI_E,10,2016-12-29 07:08:56
BAY#320_SL,2016-12-27,COLI_TOTAL,512,2016-12-29 07:08:56
BAY#320_SL,2016-12-27,ENTERO,<10,2016-12-29 07:08:56
OCEAN#15EAST_SL,2016-12-27,COLI_E,20,2016-12-28 15:00:04
OCEAN#15EAST_SL,2016-12-27,COLI_TOTAL,31,2016-12-28 15:00:04
OCEAN#15EAST_SL,2016-12-27,ENTERO,<10,2016-12-28 15:00:04
OCEAN#15_SL,2016-12-27,COLI_E,63,2016-12-28 15:00:04
OCEAN#15_SL,2016-12-27,COLI_TOTAL,5794,2016-12-28 15:00:04
OCEAN#15_SL,2016-12-27,ENTERO,74,2016-12-28 15:00:04
OCEAN#16_SL,2016-12-27,COLI_E,20,2016-12-28 15:00:04
OCEAN#16_SL,2016-12-27,COLI_TOTAL,63,2016-12-28 15:00:04
OCEAN#16_SL,2016-12-27,ENTERO,<10,2016-12-28 15:00:04
OCEAN#17_SL,2016-12-27,COLI_E,10,2016-12-28 15:00:04
OCEAN#17_SL,2016-12-27,COLI_TOTAL,41,2016-12-28 15:00:04
OCEAN#17_SL,2016-12-27,ENTERO,<10,2016-12-28 15:00:04
OCEAN#18_SL,2016-12-27,COLI_E,<10,2016-12-28 15:00:04
OCEAN#18_SL,2016-12-27,COLI_TOTAL,<10,2016-12-28 15:00:04
OCEAN#18_SL,2016-12-27,ENTERO,<10,2016-12-28 15:00:04
OCEAN#19_SL,2016-12-27,COLI_E,<10,2016-12-28 15:00:04
OCEAN#19_SL,2016-12-27,COLI_TOTAL,10,2016-12-28 15:00:04
OCEAN#19_SL,2016-12-27,ENTERO,<10,2016-12-28 15:00:04
OCEAN#21.1_SL,2016-12-27,COLI_E,<10,2016-12-28 15:00:04
OCEAN#21.1_SL,2016-12-27,COLI_TOTAL,<10,2016-12-28 15:00:04
OCEAN#21.1_SL,2016-12-27,ENTERO,<10,2016-12-28 15:00:04
BAY#202.4_SL,2017-01-03,COLI_E,10,2017-01-04 15:00:07
BAY#202.4_SL,2017-01-03,COLI_TOTAL,41,2017-01-04 15:00:07
BAY#202.4_SL,2017-01-03,ENTERO,<10,2017-01-04 15:00:07
BAY#202.5_SL,2017-01-03,COLI_E,<10,2017-01-04 15:00:07
BAY#202.5_SL,2017-01-03,COLI_TOTAL,275,2017-01-04 15:00:07
BAY#202.5_SL,2017-01-03,ENTERO,<10,2017-01-04 15:00:07
BAY#210.1_SL,2017-01-03,COLI_E,86,2017-01-04 15:00:07
BAY#210.1_SL,2017-01-03,COLI_TOTAL,148,2017-01-04 15:00:07
BAY#210.1_SL,2017-01-03,ENTERO,<10,2017-01-04 15:00:07
BAY#211_SL,2017-01-03,COLI_E,85,2017-01-04 15:00:07
BAY#211_SL,2017-01-03,COLI_TOTAL,187,2017-01-04 15:00:07
BAY#211_SL,2017-01-03,ENTERO,10,2017-01-04 15:00:07
BAY#300.1_SL,2017-01-03,COLI_E,74,2017-01-04 15:00:07
BAY#300.1_SL,2017-01-03,COLI_TOTAL,697,2017-01-04 15:00:07
BAY#300.1_SL,2017-01-03,ENTERO,350,2017-01-04 15:00:07
BAY#301.1_SL,2017-01-03,COLI_E,292,2017-01-04 15:00:07
BAY#301.1_SL,2017-01-03,COLI_TOTAL,4352,2017-01-04 15:00:07
BAY#301.1_SL,2017-01-03,ENTERO,1119,2017-01-04 15:00:07
BAY#301.2_SL,2017-01-03,COLI_E,20,2017-01-04 15:00:07
BAY#301.2_SL,2017-01-03,COLI_TOTAL,51,2017-01-04 15:00:07
BAY#301.2_SL,2017-01-03,ENTERO,10,2017-01-04 15:00:07
BAY#320_SL,2017-01-03,COLI_E,<10,2017-01-04 15:00:07
BAY#320_SL,2017-01-03,COLI_TOTAL,201,2017-01-04 15:00:07
BAY#320_SL,2017-01-03,ENTERO,<10,2017-01-04 15:00:07
OCEAN#15EAST_SL,2017-01-03,COLI_E,<10,2017-01-04 15:00:07
OCEAN#15EAST_SL,2017-01-03,COLI_TOTAL,98,2017-01-04 15:00:07
OCEAN#15EAST_SL,2017-01-03,ENTERO,<10,2017-01-04 15:00:07
OCEAN#15_SL,2017-01-03,COLI_E,10,2017-01-04 15:00:07
OCEAN#15_SL,2017-01-03,COLI_TOTAL,1296,2017-01-04 15:00:07
OCEAN#15_SL,2017-01-03,ENTERO,10,2017-01-04 15:00:07
OCEAN#16_SL,2017-01-03,COLI_E,<10,2017-01-04 15:00:07
OCEAN#16_SL,2017-01-03,COLI_TOTAL,31,2017-01-04 15:00:07
OCEAN#16_SL,2017-01-03,ENTERO,<10,2017-01-04 15:00:07
OCEAN#17_SL,2017-01-03,COLI_E,<10,2017-01-04 15:00:07
OCEAN#17_SL,2017-01-03,COLI_TOTAL,<10,2017-01-04 15:00:07
OCEAN#17_SL,2017-01-03,ENTERO,<10,2017-01-04 15:00:07
OCEAN#18_SL,2017-01-03,COLI_E,10,2017-01-04 15:00:07
OCEAN#18_SL,2017-01-03,COLI_TOTAL,10,2017-01-04 15:00:07
OCEAN#18_SL,2017-01-03,ENTERO,<10,2017-01-04 15:00:07
OCEAN#19_SL,2017-01-03,COLI_E,31,2017-01-04 15:00:07
OCEAN#19_SL,2017-01-03,COLI_TOTAL,52,2017-01-04 15:00:07
OCEAN#19_SL,2017-01-03,ENTERO,<10,2017-01-04 15:00:07
OCEAN#21.1_SL,2017-01-03,COLI_E,<10,2017-01-04 15:00:07
OCEAN#21.1_SL,2017-01-03,COLI_TOTAL,10,2017-01-04 15:00:07
OCEAN#21.1_SL,2017-01-03,ENTERO,<10,2017-01-04 15:00:07
BAY#300.1_SL,2017-01-04,COLI_E,41,2017-01-05 15:00:02
BAY#300.1_SL,2017-01-04,COLI_TOTAL,410,2017-01-05 15:00:02
BAY#300.1_SL,2017-01-04,ENTERO,75,2017-01-05 15:00:02
BAY#301.1_SL,2017-01-04,COLI_E,1014,2017-01-05 15:00:02
BAY#301.1_SL,2017-01-04,COLI_TOTAL,19863,2017-01-05 15:00:02
BAY#301.1_SL,2017-01-04,ENTERO,2282,2017-01-05 15:00:02
BAY#301.1_SL,2017-01-05,COLI_E,31,2017-01-06 15:00:01
BAY#301.1_SL,2017-01-05,COLI_TOTAL,882,2017-01-06 15:00:01
BAY#301.1_SL,2017-01-05,ENTERO,63,2017-01-06 15:00:01
BAY#320_SL,2017-01-08,COLI_E,>24196,2017-01-09 15:00:01
BAY#320_SL,2017-01-08,COLI_TOTAL,>24196,2017-01-09 15:00:01
BAY#320_SL,2017-01-08,ENTERO,>24196,2017-01-09 15:00:01
OCEAN#18_SL,2017-01-08,COLI_E,>24196,2017-01-09 15:00:01
OCEAN#18_SL,2017-01-08,COLI_TOTAL,>24196,2017-01-09 15:00:01
OCEAN#18_SL,2017-01-08,ENTERO,5794,2017-01-09 15:00:01
OCEAN#19_SL,2017-01-08,COLI_E,>24196,2017-01-09 15:00:01
OCEAN#19_SL,2017-01-08,COLI_TOTAL,>24196,2017-01-09 15:00:01
OCEAN#19_SL,2017-01-08,ENTERO,>24196,2017-01-09 15:00:01
OCEAN#20_SL,2017-01-08,COLI_E,75,2017-01-09 15:00:01
OCEAN#20_SL,2017-01-08,COLI_TOTAL,794,2017-01-09 15:00:01
OCEAN#20_SL,2017-01-08,ENTERO,145,2017-01-09 15:00:01
OCEAN#21.1_SL,2017-01-08,COLI_E,20,2017-01-09 15:00:01
OCEAN#21.1_SL,2017-01-08,COLI_TOTAL,583,2017-01-09 15:00:01
OCEAN#21.1_SL,2017-01-08,ENTERO,195,2017-01-09 15:00:01
OCEAN#21_SL,2017-01-08,COLI_E,75,2017-01-09 15:00:01
OCEAN#21_SL,2017-01-08,COLI_TOTAL,620,2017-01-09 15:00:01
OCEAN#21_SL,2017-01-08,ENTERO,122,2017-01-09 15:00:01
OCEAN#22_SL,2017-01-08,COLI_E,>24196,2017-01-09 15:00:01
OCEAN#22_SL,2017-01-08,COLI_TOTAL,>24196,2017-01-09 15:00:01
OCEAN#22_SL,2017-01-08,ENTERO,19863,2017-01-09 15:00:01
BAY#202.4_SL,2017-01-09,COLI_E,20,2017-01-10 19:47:02
BAY#202.4_SL,2017-01-09,COLI_TOTAL,201,2017-01-10 19:47:02
BAY#202.4_SL,2017-01-09,ENTERO,121,2017-01-10 19:47:02
BAY#202.5_SL,2017-01-09,COLI_E,31,2017-01-10 19:47:02
BAY#202.5_SL,2017-01-09,COLI_TOTAL,146,2017-01-10 19:47:02
BAY#202.5_SL,2017-01-09,ENTERO,20,2017-01-10 19:47:02
BAY#210.1_SL,2017-01-09,COLI_E,52,2017-01-10 19:47:02
BAY#210.1_SL,2017-01-09,COLI_TOTAL,231,2017-01-10 19:47:02
BAY#210.1_SL,2017-01-09,ENTERO,30,2017-01-10 19:47:02
BAY#211_SL,2017-01-09,COLI_E,75,2017-01-10 19:47:02
BAY#211_SL,2017-01-09,COLI_TOTAL,573,2017-01-10 19:47:02
BAY#211_SL,2017-01-09,ENTERO,414,2017-01-10 19:47:02
BAY#300.1_SL,2017-01-09,COLI_E,85,2017-01-10 19:47:02
BAY#300.1_SL,2017-01-09,COLI_TOTAL,1198,2017-01-10 19:47:02
BAY#300.1_SL,2017-01-09,ENTERO,464,2017-01-10 19:47:02
BAY#301.1_SL,2017-01-09,COLI_E,146,2017-01-10 19:47:02
BAY#301.1_SL,2017-01-09,COLI_TOTAL,4611,2017-01-10 19:47:02
BAY#301.1_SL,2017-01-09,ENTERO,546,2017-01-10 19:47:02
BAY#301.2_SL,2017-01-09,COLI_E,253,2017-01-10 19:47:02
BAY#301.2_SL,2017-01-09,COLI_TOTAL,2755,2017-01-10 19:47:02
BAY#301.2_SL,2017-01-09,ENTERO,399,2017-01-10 19:47:02
BAY#320_SL,2017-01-09,COLI_E,>24196,2017-01-10 19:47:02
BAY#320_SL,2017-01-09,COLI_TOTAL,>24196,2017-01-10 19:47:02
BAY#320_SL,2017-01-09,ENTERO,3873,2017-01-10 19:47:02
OCEAN#15EAST_SL,2017-01-09,COLI_E,10,2017-01-10 19:47:02
OCEAN#15EAST_SL,2017-01-09,COLI_TOTAL,145,2017-01-10 19:47:02
OCEAN#15EAST_SL,2017-01-09,ENTERO,<10,2017-01-10 19:47:02
OCEAN#15_SL,2017-01-09,COLI_E,31,2017-01-10 19:47:02
OCEAN#15_SL,2017-01-09,COLI_TOTAL,842,2017-01-10 19:47:02
OCEAN#15_SL,2017-01-09,ENTERO,<10,2017-01-10 19:47:02
OCEAN#16_SL,2017-01-09,COLI_E,<10,2017-01-10 19:47:02
OCEAN#16_SL,2017-01-09,COLI_TOTAL,121,2017-01-10 19:47:02
OCEAN#16_SL,2017-01-09,ENTERO,20,2017-01-10 19:47:02
OCEAN#17_SL,2017-01-09,COLI_E,10,2017-01-10 19:47:02
OCEAN#17_SL,2017-01-09,COLI_TOTAL,108,2017-01-10 19:47:02
OCEAN#17_SL,2017-01-09,ENTERO,10,2017-01-10 19:47:02
OCEAN#18_SL,2017-01-09,COLI_E,<10,2017-01-10 19:47:02
OCEAN#18_SL,2017-01-09,COLI_TOTAL,171,2017-01-10 19:47:02
OCEAN#18_SL,2017-01-09,ENTERO,<10,2017-01-10 19:47:02
OCEAN#19_SL,2017-01-09,COLI_E,63,2017-01-10 19:47:02
OCEAN#19_SL,2017-01-09,COLI_TOTAL,586,2017-01-10 19:47:02
OCEAN#19_SL,2017-01-09,ENTERO,31,2017-01-10 19:47:02
OCEAN#20_SL,2017-01-09,COLI_E,<10,2017-01-10 19:47:02
OCEAN#20_SL,2017-01-09,COLI_TOTAL,247,2017-01-10 19:47:02
OCEAN#20_SL,2017-01-09,ENTERO,85,2017-01-10 19:47:02
OCEAN#21.1_SL,2017-01-09,COLI_E,<10,2017-01-10 19:47:02
OCEAN#21.1_SL,2017-01-09,COLI_TOTAL,148,2017-01-10 19:47:02
OCEAN#21.1_SL,2017-01-09,ENTERO,10,2017-01-10 19:47:02
OCEAN#21_SL,2017-01-09,COLI_E,<10,2017-01-10 19:47:02
OCEAN#21_SL,2017-01-09,COLI_TOTAL,309,2017-01-10 19:47:02
OCEAN#21_SL,2017-01-09,ENTERO,31,2017-01-10 19:47:02
OCEAN#22_SL,2017-01-09,COLI_E,10,2017-01-10 19:47:02
OCEAN#22_SL,2017-01-09,COLI_TOTAL,135,2017-01-10 19:47:02
OCEAN#22_SL,2017-01-09,ENTERO,158,2017-01-10 19:47:02
