date,SF Downtown,SF Oceanside,precip_avg,precip_max,rain_2d_cum,rain_3d_cum,rain_5d_cum,rain_7d_cum,rain_14d_cum,rain_30d_cum,rain_lag1d,rain_lag2d,rain_lag3d,rain_lag5d,rain_lag7d,antecedent_moisture,wet_prior_3d,peak_3d,dry_spell_days,total_samples,elevated_samples,stations_sampled,exceedance_rate,elevated_station_count,elevated_basin_count,likely_cso,any_elevated,Westside_samples,Westside_elevated,Westside_exc_rate,Westside_any_elevated,North Shore_samples,North Shore_elevated,North Shore_exc_rate,North Shore_any_elevated,Southeast_samples,Southeast_elevated,Southeast_exc_rate,Southeast_any_elevated,has_sample
2020-07-01,0.0,0.0,0.0,0.0,0.0,0.0,0.0,0.0,0.0,0.0,0.0,0.0,0.0,0.0,0.0,0.0,0,0.0,1,,,,,,,,,,,,,,,,,,,,,0
2020-07-02,0.0,0.0,0.0,0.0,0.0,0.0,0.0,0.0,0.0,0.0,0.0,0.0,0.0,0.0,0.0,0.0,0,0.0,2,,,,,,,,,,,,,,,,,,,,,0
2020-07-03,0.0,0.0,0.0,0.0,0.0,0.0,0.0,0.0,0.0,0.0,0.0,0.0,0.0,0.0,0.0,0.0,0,0.0,3,,,,,,,,,,,,,,,,,,,,,0
2020-07-04,0.0,0.0,0.0,0.0,0.0,0.0,0.0,0.0,0.0,0.0,0.0,0.0,0.0,0.0,0.0,0.0,0,0.0,4,,,,,,,,,,,,,,,,,,,,,0
2020-07-05,0.0,0.0,0.0,0.0,0.0,0.0,0.0,0.0,0.0,0.0,0.0,0.0,0.0,0.0,0.0,0.0,0,0.0,5,,,,,,,,,,,,,,,,,,,,,0
2020-07-06,0.0,0.0,0.0,0.0,0.0,0.0,0.0,0.0,0.0,0.0,0.0,0.0,0.0,0.0,0.0,0.0,0,0.0,6,,,,,,,,,,,,,,,,,,,,,0
2020-07-07,0.0,0.0,0.0,0.0,0.0,0.0,0.0,0.0,0.0,0.0,0.0,0.0,0.0,0.0,0.0,0.0,0,0.0,7,,,,,,,,,,,,,,,,,,,,,0
2020-07-08,0.0,0.0,0.0,0.0,0.0,0.0,0.0,0.0,0.0,0.0,0.0,0.0,0.0,0.0,0.0,0.0,0,0.0,8,,,,,,,,,,,,,,,,,,,,,0
2020-07-09,0.0,0.0,0.0,0.0,0.0,0.0,0.0,0.0,0.0,0.0,0.0,0.0,0.0,0.0,0.0,0.0,0,0.0,9,,,,,,,,,,,,,,,,,,,,,0
2020-07-10,0.0,0.0,0.0,0.0,0.0,0.0,0.0,0.0,0.0,0.0,0.0,0.0,0.0,0.0,0.0,0.0,0,0.0,10,,,,,,,,,,,,,,,,,,,,,0
2020-07-11,0.0,0.0,0.0,0.0,0.0,0.0,0.0,0.0,0.0,0.0,0.0,0.0,0.0,0.0,0.0,0.0,0,0.0,11,,,,,,,,,,,,,,,,,,,,,0
2020-07-12,0.0,0.0,0.0,0.0,0.0,0.0,0.0,0.0,0.0,0.0,0.0,0.0,0.0,0.0,0.0,0.0,0,0.0,12,,,,,,,,,,,,,,,,,,,,,0
2020-07-13,0.0,0.0,0.0,0.0,0.0,0.0,0.0,0.0,0.0,0.0,0.0,0.0,0.0,0.0,0.0,0.0,0,0.0,13,,,,,,,,,,,,,,,,,,,,,0
2020-07-14,0.0,0.0,0.0,0.0,0.0,0.0,0.0,0.0,0.0,0.0,0.0,0.0,0.0,0.0,0.0,0.0,0,0.0,14,,,,,,,,,,,,,,,,,,,,,0
2020-07-15,0.0,0.0,0.0,0.0,0.0,0.0,0.0,0.0,0.0,0.0,0.0,0.0,0.0,0.0,0.0,0.0,0,0.0,15,,,,,,,,,,,,,,,,,,,,,0
2020-07-16,0.0,0.0,0.0,0.0,0.0,0.0,0.0,0.0,0.0,0.0,0.0,0.0,0.0,0.0,0.0,0.0,0,0.0,16,,,,,,,,,,,,,,,,,,,,,0
2020-07-17,0.0,0.0,0.0,0.0,0.0,0.0,0.0,0.0,0.0,0.0,0.0,0.0,0.0,0.0,0.0,0.0,0,0.0,17,,,,,,,,,,,,,,,,,,,,,0
2020-07-18,0.0,0.0,0.0,0.0,0.0,0.0,0.0,0.0,0.0,0.0,0.0,0.0,0.0,0.0,0.0,0.0,0,0.0,18,,,,,,,,,,,,,,,,,,,,,0
2020-07-19,0.0,0.0,0.0,0.0,0.0,0.0,0.0,0.0,0.0,0.0,0.0,0.0,0.0,0.0,0.0,0.0,0,0.0,19,,,,,,,,,,,,,,,,,,,,,0
2020-07-20,0.0,0.0,0.0,0.0,0.0,0.0,0.0,0.0,0.0,0.0,0.0,0.0,0.0,0.0,0.0,0.0,0,0.0,20,,,,,,,,,,,,,,,,,,,,,0
2020-07-21,0.0,0.0,0.0,0.0,0.0,0.0,0.0,0.0,0.0,0.0,0.0,0.0,0.0,0.0,0.0,0.0,0,0.0,21,,,,,,,,,,,,,,,,,,,,,0
2020-07-22,0.03,0.01,0.02,0.03,0.02,0.02,0.02,0.02,0.02,0.02,0.0,0.0,0.0,0.0,0.0,0.004295098382293669,0,0.02,22,,,,,,,,,,,,,,,,,,,,,0
2020-07-23,0.0,0.0,0.0,0.0,0.02,0.02,0.02,0.02,0.02,0.02,0.02,0.0,0.0,0.0,0.0,0.0034090218451799407,0,0.02,23,,,,,,,,,,,,,,,,,,,,,0
2020-07-24,0.0,0.0,0.0,0.0,0.0,0.02,0.02,0.02,0.02,0.02,0.0,0.02,0.0,0.0,0.0,0.002705742431610605,0,0.02,24,,,,,,,,,,,,,,,,,,,,,0
2020-07-25,0.0,0.0,0.0,0.0,0.0,0.0,0.02,0.02,0.02,0.02,0.0,0.0,0.02,0.0,0.0,0.0021475491911468344,0,0.0,25,,,,,,,,,,,,,,,,,,,,,0
2020-07-26,0.0,0.0,0.0,0.0,0.0,0.0,0.02,0.02,0.02,0.02,0.0,0.0,0.0,0.0,0.0,0.0017045109225899704,0,0.0,26,,,,,,,,,,,,,,,,,,,,,0
2020-07-27,0.0,0.0,0.0,0.0,0.0,0.0,0.0,0.02,0.02,0.02,0.0,0.0,0.0,0.02,0.0,0.0013528712158053025,0,0.0,27,45.0,0.0,15.0,0.0,0.0,0.0,0.0,0.0,33.0,0.0,0.0,0.0,9.0,0.0,0.0,0.0,3.0,0.0,0.0,0.0,1
2020-07-28,0.0,0.0,0.0,0.0,0.0,0.0,0.0,0.02,0.02,0.02,0.0,0.0,0.0,0.0,0.0,0.0010737745955734172,0,0.0,28,,,,,,,,,,,,,,,,,,,,,0
2020-07-29,0.0,0.0,0.0,0.0,0.0,0.0,0.0,0.0,0.02,0.02,0.0,0.0,0.0,0.0,0.02,0.0008522554612949852,0,0.0,29,,,,,,,,,,,,,,,,,,,,,0
2020-07-30,0.0,0.0,0.0,0.0,0.0,0.0,0.0,0.0,0.02,0.02,0.0,0.0,0.0,0.0,0.0,0.0006764356079026514,0,0.0,30,,,,,,,,,,,,,,,,,,,,,0
2020-07-31,0.0,0.0,0.0,0.0,0.0,0.0,0.0,0.0,0.02,0.02,0.0,0.0,0.0,0.0,0.0,0.0005368872977867086,0,0.0,31,,,,,,,,,,,,,,,,,,,,,0
2020-08-01,0.0,0.0,0.0,0.0,0.0,0.0,0.0,0.0,0.02,0.02,0.0,0.0,0.0,0.0,0.0,0.0004261277306474926,0,0.0,32,,,,,,,,,,,,,,,,,,,,,0
2020-08-02,0.0,0.0,0.0,0.0,0.0,0.0,0.0,0.0,0.02,0.02,0.0,0.0,0.0,0.0,0.0,0.0003382178039513257,0,0.0,33,,,,,,,,,,,,,,,,,,,,,0
2020-08-03,0.0,0.0,0.0,0.0,0.0,0.0,0.0,0.0,0.02,0.02,0.0,0.0,0.0,0.0,0.0,0.0002684436488933543,0,0.0,34,90.0,6.0,15.0,0.06666666666666667,2.0,2.0,0.0,1.0,66.0,4.0,0.06060606060606061,1.0,18.0,2.0,0.1111111111111111,1.0,6.0,0.0,0.0,0.0,1
2020-08-04,0.0,0.0,0.0,0.0,0.0,0.0,0.0,0.0,0.02,0.02,0.0,0.0,0.0,0.0,0.0,0.00021306386532374635,0,0.0,35,12.0,4.0,2.0,0.3333333333333333,1.0,1.0,0.0,1.0,6.0,4.0,0.6666666666666666,1.0,6.0,0.0,0.0,0.0,,,,,1
2020-08-05,0.0,0.0,0.0,0.0,0.0,0.0,0.0,0.0,0.0,0.02,0.0,0.0,0.0,0.0,0.0,0.0,0,0.0,36,6.0,0.0,1.0,0.0,0.0,0.0,0.0,0.0,6.0,0.0,0.0,0.0,,,,,,,,,1
2020-08-06,0.0,0.0,0.0,0.0,0.0,0.0,0.0,0.0,0.0,0.02,0.0,0.0,0.0,0.0,0.0,0.0,0,0.0,37,,,,,,,,,,,,,,,,,,,,,0
2020-08-07,0.0,0.0,0.0,0.0,0.0,0.0,0.0,0.0,0.0,0.02,0.0,0.0,0.0,0.0,0.0,0.0,0,0.0,38,,,,,,,,,,,,,,,,,,,,,0
2020-08-08,0.0,0.0,0.0,0.0,0.0,0.0,0.0,0.0,0.0,0.02,0.0,0.0,0.0,0.0,0.0,0.0,0,0.0,39,,,,,,,,,,,,,,,,,,,,,0
2020-08-09,0.0,0.0,0.0,0.0,0.0,0.0,0.0,0.0,0.0,0.02,0.0,0.0,0.0,0.0,0.0,0.0,0,0.0,40,,,,,,,,,,,,,,,,,,,,,0
2020-08-10,0.0,0.0,0.0,0.0,0.0,0.0,0.0,0.0,0.0,0.02,0.0,0.0,0.0,0.0,0.0,0.0,0,0.0,41,90.0,0.0,15.0,0.0,0.0,0.0,0.0,0.0,66.0,0.0,0.0,0.0,18.0,0.0,0.0,0.0,6.0,0.0,0.0,0.0,1
2020-08-11,0.0,0.0,0.0,0.0,0.0,0.0,0.0,0.0,0.0,0.02,0.0,0.0,0.0,0.0,0.0,0.0,0,0.0,42,,,,,,,,,,,,,,,,,,,,,0
2020-08-12,0.0,0.0,0.0,0.0,0.0,0.0,0.0,0.0,0.0,0.02,0.0,0.0,0.0,0.0,0.0,0.0,0,0.0,43,,,,,,,,,,,,,,,,,,,,,0
2020-08-13,0.0,0.0,0.0,0.0,0.0,0.0,0.0,0.0,0.0,0.02,0.0,0.0,0.0,0.0,0.0,0.0,0,0.0,44,,,,,,,,,,,,,,,,,,,,,0
2020-08-14,0.0,0.0,0.0,0.0,0.0,0.0,0.0,0.0,0.0,0.02,0.0,0.0,0.0,0.0,0.0,0.0,0,0.0,45,,,,,,,,,,,,,,,,,,,,,0
2020-08-15,0.0,0.0,0.0,0.0,0.0,0.0,0.0,0.0,0.0,0.02,0.0,0.0,0.0,0.0,0.0,0.0,0,0.0,46,,,,,,,,,,,,,,,,,,,,,0
2020-08-16,0.01,0.03,0.02,0.03,0.02,0.02,0.02,0.02,0.02,0.04,0.0,0.0,0.0,0.0,0.0,0.004295098382293669,0,0.02,47,,,,,,,,,,,,,,,,,,,,,0
2020-08-17,0.0,0.0,0.0,0.0,0.02,0.02,0.02,0.02,0.02,0.04,0.02,0.0,0.0,0.0,0.0,0.0034090218451799407,0,0.02,48,90.0,10.0,15.0,0.1111111111111111,3.0,2.0,1.0,1.0,66.0,8.0,0.12121212121212122,1.0,18.0,0.0,0.0,0.0,6.0,2.0,0.3333333333333333,1.0,1
2020-08-18,0.0,0.0,0.0,0.0,0.0,0.02,0.02,0.02,0.02,0.04,0.0,0.02,0.0,0.0,0.0,0.002705742431610605,0,0.02,49,18.0,4.0,3.0,0.2222222222222222,1.0,1.0,0.0,1.0,12.0,4.0,0.3333333333333333,1.0,,,,,6.0,0.0,0.0,0.0,1
2020-08-19,0.0,0.0,0.0,0.0,0.0,0.0,0.02,0.02,0.02,0.04,0.0,0.0,0.02,0.0,0.0,0.0021475491911468344,0,0.0,50,6.0,0.0,1.0,0.0,0.0,0.0,0.0,0.0,6.0,0.0,0.0,0.0,,,,,,,,,1
2020-08-20,0.0,0.0,0.0,0.0,0.0,0.0,0.02,0.02,0.02,0.04,0.0,0.0,0.0,0.0,0.0,0.0017045109225899704,0,0.0,51,,,,,,,,,,,,,,,,,,,,,0
2020-08-21,0.0,0.0,0.0,0.0,0.0,0.0,0.0,0.02,0.02,0.02,0.0,0.0,0.0,0.02,0.0,0.0013528712158053025,0,0.0,52,,,,,,,,,,,,,,,,,,,,,0
2020-08-22,0.0,0.0,0.0,0.0,0.0,0.0,0.0,0.02,0.02,0.02,0.0,0.0,0.0,0.0,0.0,0.0010737745955734172,0,0.0,53,,,,,,,,,,,,,,,,,,,,,0
2020-08-23,0.0,0.0,0.0,0.0,0.0,0.0,0.0,0.0,0.02,0.02,0.0,0.0,0.0,0.0,0.02,0.0008522554612949852,0,0.0,54,,,,,,,,,,,,,,,,,,,,,0
2020-08-24,0.0,0.0,0.0,0.0,0.0,0.0,0.0,0.0,0.02,0.02,0.0,0.0,0.0,0.0,0.0,0.0006764356079026514,0,0.0,55,90.0,0.0,15.0,0.0,0.0,0.0,0.0,0.0,66.0,0.0,0.0,0.0,18.0,0.0,0.0,0.0,6.0,0.0,0.0,0.0,1
2020-08-25,0.0,0.0,0.0,0.0,0.0,0.0,0.0,0.0,0.02,0.02,0.0,0.0,0.0,0.0,0.0,0.0005368872977867086,0,0.0,56,,,,,,,,,,,,,,,,,,,,,0
2020-08-26,0.0,0.0,0.0,0.0,0.0,0.0,0.0,0.0,0.02,0.02,0.0,0.0,0.0,0.0,0.0,0.0004261277306474926,0,0.0,57,,,,,,,,,,,,,,,,,,,,,0
2020-08-27,0.0,0.0,0.0,0.0,0.0,0.0,0.0,0.0,0.02,0.02,0.0,0.0,0.0,0.0,0.0,0.0003382178039513257,0,0.0,58,,,,,,,,,,,,,,,,,,,,,0
2020-08-28,0.0,0.0,0.0,0.0,0.0,0.0,0.0,0.0,0.02,0.02,0.0,0.0,0.0,0.0,0.0,0.0002684436488933543,0,0.0,59,,,,,,,,,,,,,,,,,,,,,0
2020-08-29,0.0,0.0,0.0,0.0,0.0,0.0,0.0,0.0,0.02,0.02,0.0,0.0,0.0,0.0,0.0,0.00021306386532374635,0,0.0,60,,,,,,,,,,,,,,,,,,,,,0
2020-08-30,0.0,0.0,0.0,0.0,0.0,0.0,0.0,0.0,0.0,0.02,0.0,0.0,0.0,0.0,0.0,0.0,0,0.0,61,,,,,,,,,,,,,,,,,,,,,0
2020-08-31,0.0,0.0,0.0,0.0,0.0,0.0,0.0,0.0,0.0,0.02,0.0,0.0,0.0,0.0,0.0,0.0,0,0.0,62,90.0,2.0,15.0,0.022222222222222223,1.0,1.0,0.0,1.0,66.0,2.0,0.030303030303030304,1.0,18.0,0.0,0.0,0.0,6.0,0.0,0.0,0.0,1
2020-09-01,0.0,0.0,0.0,0.0,0.0,0.0,0.0,0.0,0.0,0.02,0.0,0.0,0.0,0.0,0.0,0.0,0,0.0,63,12.0,4.0,2.0,0.3333333333333333,1.0,1.0,0.0,1.0,12.0,4.0,0.3333333333333333,1.0,,,,,,,,,1
2020-09-02,0.0,0.0,0.0,0.0,0.0,0.0,0.0,0.0,0.0,0.02,0.0,0.0,0.0,0.0,0.0,0.0,0,0.0,64,12.0,0.0,2.0,0.0,0.0,0.0,0.0,0.0,12.0,0.0,0.0,0.0,,,,,,,,,1
2020-09-03,0.0,0.0,0.0,0.0,0.0,0.0,0.0,0.0,0.0,0.02,0.0,0.0,0.0,0.0,0.0,0.0,0,0.0,65,,,,,,,,,,,,,,,,,,,,,0
2020-09-04,0.0,0.0,0.0,0.0,0.0,0.0,0.0,0.0,0.0,0.02,0.0,0.0,0.0,0.0,0.0,0.0,0,0.0,66,,,,,,,,,,,,,,,,,,,,,0
2020-09-05,0.0,0.0,0.0,0.0,0.0,0.0,0.0,0.0,0.0,0.02,0.0,0.0,0.0,0.0,0.0,0.0,0,0.0,67,,,,,,,,,,,,,,,,,,,,,0
2020-09-06,0.0,0.0,0.0,0.0,0.0,0.0,0.0,0.0,0.0,0.02,0.0,0.0,0.0,0.0,0.0,0.0,0,0.0,68,,,,,,,,,,,,,,,,,,,,,0
2020-09-07,0.0,0.0,0.0,0.0,0.0,0.0,0.0,0.0,0.0,0.02,0.0,0.0,0.0,0.0,0.0,0.0,0,0.0,69,,,,,,,,,,,,,,,,,,,,,0
2020-09-08,0.0,0.0,0.0,0.0,0.0,0.0,0.0,0.0,0.0,0.02,0.0,0.0,0.0,0.0,0.0,0.0,0,0.0,70,90.0,2.0,15.0,0.022222222222222223,1.0,1.0,0.0,1.0,60.0,2.0,0.03333333333333333,1.0,24.0,0.0,0.0,0.0,6.0,0.0,0.0,0.0,1
2020-09-09,0.0,0.0,0.0,0.0,0.0,0.0,0.0,0.0,0.0,0.02,0.0,0.0,0.0,0.0,0.0,0.0,0,0.0,71,12.0,0.0,2.0,0.0,0.0,0.0,0.0,0.0,12.0,0.0,0.0,0.0,,,,,,,,,1
2020-09-10,0.0,0.0,0.0,0.0,0.0,0.0,0.0,0.0,0.0,0.02,0.0,0.0,0.0,0.0,0.0,0.0,0,0.0,72,,,,,,,,,,,,,,,,,,,,,0
2020-09-11,0.0,0.0,0.0,0.0,0.0,0.0,0.0,0.0,0.0,0.02,0.0,0.0,0.0,0.0,0.0,0.0,0,0.0,73,,,,,,,,,,,,,,,,,,,,,0
2020-09-12,0.0,0.0,0.0,0.0,0.0,0.0,0.0,0.0,0.0,0.02,0.0,0.0,0.0,0.0,0.0,0.0,0,0.0,74,,,,,,,,,,,,,,,,,,,,,0
2020-09-13,0.0,0.0,0.0,0.0,0.0,0.0,0.0,0.0,0.0,0.02,0.0,0.0,0.0,0.0,0.0,0.0,0,0.0,75,,,,,,,,,,,,,,,,,,,,,0
2020-09-14,0.0,0.0,0.0,0.0,0.0,0.0,0.0,0.0,0.0,0.02,0.0,0.0,0.0,0.0,0.0,0.0,0,0.0,76,90.0,6.0,15.0,0.06666666666666667,3.0,1.0,0.0,1.0,66.0,6.0,0.09090909090909091,1.0,18.0,0.0,0.0,0.0,6.0,0.0,0.0,0.0,1
2020-09-15,0.0,0.0,0.0,0.0,0.0,0.0,0.0,0.0,0.0,0.0,0.0,0.0,0.0,0.0,0.0,0.0,0,0.0,77,18.0,0.0,3.0,0.0,0.0,0.0,0.0,0.0,18.0,0.0,0.0,0.0,,,,,,,,,1
2020-09-16,0.0,0.0,0.0,0.0,0.0,0.0,0.0,0.0,0.0,0.0,0.0,0.0,0.0,0.0,0.0,0.0,0,0.0,78,,,,,,,,,,,,,,,,,,,,,0
2020-09-17,0.0,0.0,0.0,0.0,0.0,0.0,0.0,0.0,0.0,0.0,0.0,0.0,0.0,0.0,0.0,0.0,0,0.0,79,,,,,,,,,,,,,,,,,,,,,0
2020-09-18,0.0,0.0,0.0,0.0,0.0,0.0,0.0,0.0,0.0,0.0,0.0,0.0,0.0,0.0,0.0,0.0,0,0.0,80,,,,,,,,,,,,,,,,,,,,,0
2020-09-19,0.0,0.0,0.0,0.0,0.0,0.0,0.0,0.0,0.0,0.0,0.0,0.0,0.0,0.0,0.0,0.0,0,0.0,81,,,,,,,,,,,,,,,,,,,,,0
2020-09-20,0.0,0.0,0.0,0.0,0.0,0.0,0.0,0.0,0.0,0.0,0.0,0.0,0.0,0.0,0.0,0.0,0,0.0,82,,,,,,,,,,,,,,,,,,,,,0
2020-09-21,0.0,0.0,0.0,0.0,0.0,0.0,0.0,0.0,0.0,0.0,0.0,0.0,0.0,0.0,0.0,0.0,0,0.0,83,90.0,2.0,15.0,0.022222222222222223,1.0,1.0,0.0,1.0,66.0,2.0,0.030303030303030304,1.0,18.0,0.0,0.0,0.0,6.0,0.0,0.0,0.0,1
2020-09-22,0.0,0.0,0.0,0.0,0.0,0.0,0.0,0.0,0.0,0.0,0.0,0.0,0.0,0.0,0.0,0.0,0,0.0,84,6.0,0.0,1.0,0.0,0.0,0.0,0.0,0.0,6.0,0.0,0.0,0.0,,,,,,,,,1
2020-09-23,0.0,0.0,0.0,0.0,0.0,0.0,0.0,0.0,0.0,0.0,0.0,0.0,0.0,0.0,0.0,0.0,0,0.0,85,,,,,,,,,,,,,,,,,,,,,0
2020-09-24,0.0,0.0,0.0,0.0,0.0,0.0,0.0,0.0,0.0,0.0,0.0,0.0,0.0,0.0,0.0,0.0,0,0.0,86,,,,,,,,,,,,,,,,,,,,,0
2020-09-25,0.0,0.0,0.0,0.0,0.0,0.0,0.0,0.0,0.0,0.0,0.0,0.0,0.0,0.0,0.0,0.0,0,0.0,87,,,,,,,,,,,,,,,,,,,,,0
2020-09-26,0.0,0.0,0.0,0.0,0.0,0.0,0.0,0.0,0.0,0.0,0.0,0.0,0.0,0.0,0.0,0.0,0,0.0,88,,,,,,,,,,,,,,,,,,,,,0
2020-09-27,0.0,0.0,0.0,0.0,0.0,0.0,0.0,0.0,0.0,0.0,0.0,0.0,0.0,0.0,0.0,0.0,0,0.0,89,,,,,,,,,,,,,,,,,,,,,0
2020-09-28,0.0,0.0,0.0,0.0,0.0,0.0,0.0,0.0,0.0,0.0,0.0,0.0,0.0,0.0,0.0,0.0,0,0.0,90,90.0,8.0,15.0,0.08888888888888889,3.0,1.0,0.0,1.0,66.0,8.0,0.12121212121212122,1.0,18.0,0.0,0.0,0.0,6.0,0.0,0.0,0.0,1
2020-09-29,0.0,0.0,0.0,0.0,0.0,0.0,0.0,0.0,0.0,0.0,0.0,0.0,0.0,0.0,0.0,0.0,0,0.0,91,12.0,2.0,2.0,0.16666666666666666,1.0,1.0,0.0,1.0,12.0,2.0,0.16666666666666666,1.0,,,,,,,,,1
2020-09-30,0.0,0.0,0.0,0.0,0.0,0.0,0.0,0.0,0.0,0.0,0.0,0.0,0.0,0.0,0.0,0.0,0,0.0,92,,,,,,,,,,,,,,,,,,,,,0
2020-10-01,0.0,0.0,0.0,0.0,0.0,0.0,0.0,0.0,0.0,0.0,0.0,0.0,0.0,0.0,0.0,0.0,0,0.0,93,,,,,,,,,,,,,,,,,,,,,0
2020-10-02,0.0,0.0,0.0,0.0,0.0,0.0,0.0,0.0,0.0,0.0,0.0,0.0,0.0,0.0,0.0,0.0,0,0.0,94,,,,,,,,,,,,,,,,,,,,,0
2020-10-03,0.0,0.0,0.0,0.0,0.0,0.0,0.0,0.0,0.0,0.0,0.0,0.0,0.0,0.0,0.0,0.0,0,0.0,95,,,,,,,,,,,,,,,,,,,,,0
2020-10-04,0.0,0.0,0.0,0.0,0.0,0.0,0.0,0.0,0.0,0.0,0.0,0.0,0.0,0.0,0.0,0.0,0,0.0,96,,,,,,,,,,,,,,,,,,,,,0
2020-10-05,0.0,0.0,0.0,0.0,0.0,0.0,0.0,0.0,0.0,0.0,0.0,0.0,0.0,0.0,0.0,0.0,0,0.0,97,90.0,0.0,15.0,0.0,0.0,0.0,0.0,0.0,66.0,0.0,0.0,0.0,18.0,0.0,0.0,0.0,6.0,0.0,0.0,0.0,1
2020-10-06,0.01,0.0,0.005,0.01,0.005,0.005,0.005,0.005,0.005,0.005,0.0,0.0,0.0,0.0,0.0,0.0010737745955734172,0,0.005,98,,,,,,,,,,,,,,,,,,,,,0
2020-10-07,0.0,0.0,0.0,0.0,0.005,0.005,0.005,0.005,0.005,0.005,0.005,0.0,0.0,0.0,0.0,0.0008522554612949852,0,0.005,99,,,,,,,,,,,,,,,,,,,,,0
2020-10-08,0.0,0.0,0.0,0.0,0.0,0.005,0.005,0.005,0.005,0.005,0.0,0.005,0.0,0.0,0.0,0.0006764356079026513,0,0.005,100,,,,,,,,,,,,,,,,,,,,,0
2020-10-09,0.0,0.0,0.0,0.0,0.0,0.0,0.005,0.005,0.005,0.005,0.0,0.0,0.005,0.0,0.0,0.0005368872977867086,0,0.0,101,,,,,,,,,,,,,,,,,,,,,0
2020-10-10,0.0,0.0,0.0,0.0,0.0,0.0,0.005,0.005,0.005,0.005,0.0,0.0,0.0,0.0,0.0,0.0004261277306474926,0,0.0,102,,,,,,,,,,,,,,,,,,,,,0
2020-10-11,0.0,0.0,0.0,0.0,0.0,0.0,0.0,0.005,0.005,0.005,0.0,0.0,0.0,0.005,0.0,0.00033821780395132563,0,0.0,103,,,,,,,,,,,,,,,,,,,,,0
2020-10-12,0.0,0.0,0.0,0.0,0.0,0.0,0.0,0.005,0.005,0.005,0.0,0.0,0.0,0.0,0.0,0.0002684436488933543,0,0.0,104,,,,,,,,,,,,,,,,,,,,,0
2020-10-13,0.0,0.0,0.0,0.0,0.0,0.0,0.0,0.0,0.005,0.005,0.0,0.0,0.0,0.0,0.005,0.0002130638653237463,0,0.0,105,90.0,10.0,15.0,0.1111111111111111,3.0,1.0,0.0,1.0,66.0,10.0,0.15151515151515152,1.0,18.0,0.0,0.0,0.0,6.0,0.0,0.0,0.0,1
2020-10-14,0.0,0.0,0.0,0.0,0.0,0.0,0.0,0.0,0.005,0.005,0.0,0.0,0.0,0.0,0.0,0.00016910890197566284,0,0.0,106,18.0,2.0,3.0,0.1111111111111111,1.0,1.0,0.0,1.0,18.0,2.0,0.1111111111111111,1.0,,,,,,,,,1
2020-10-15,0.0,0.0,0.0,0.0,0.0,0.0,0.0,0.0,0.005,0.005,0.0,0.0,0.0,0.0,0.0,0.00013422182444667715,0,0.0,107,6.0,0.0,1.0,0.0,0.0,0.0,0.0,0.0,6.0,0.0,0.0,0.0,,,,,,,,,1
2020-10-16,0.0,0.0,0.0,0.0,0.0,0.0,0.0,0.0,0.005,0.005,0.0,0.0,0.0,0.0,0.0,0.00010653193266187315,0,0.0,108,,,,,,,,,,,,,,,,,,,,,0
2020-10-17,0.0,0.0,0.0,0.0,0.0,0.0,0.0,0.0,0.005,0.005,0.0,0.0,0.0,0.0,0.0,8.455445098783142e-05,0,0.0,109,,,,,,,,,,,,,,,,,,,,,0
2020-10-18,0.0,0.0,0.0,0.0,0.0,0.0,0.0,0.0,0.005,0.005,0.0,0.0,0.0,0.0,0.0,6.711091222333857e-05,0,0.0,110,,,,,,,,,,,,,,,,,,,,,0
2020-10-19,0.0,0.0,0.0,0.0,0.0,0.0,0.0,0.0,0.005,0.005,0.0,0.0,0.0,0.0,0.0,5.326596633093659e-05,0,0.0,111,90.0,0.0,15.0,0.0,0.0,0.0,0.0,0.0,66.0,0.0,0.0,0.0,18.0,0.0,0.0,0.0,6.0,0.0,0.0,0.0,1
2020-10-20,0.0,0.0,0.0,0.0,0.0,0.0,0.0,0.0,0.0,0.005,0.0,0.0,0.0,0.0,0.0,0.0,0,0.0,112,,,,,,,,,,,,,,,,,,,,,0
2020-10-21,0.0,0.0,0.0,0.0,0.0,0.0,0.0,0.0,0.0,0.005,0.0,0.0,0.0,0.0,0.0,0.0,0,0.0,113,,,,,,,,,,,,,,,,,,,,,0
2020-10-22,0.0,0.0,0.0,0.0,0.0,0.0,0.0,0.0,0.0,0.005,0.0,0.0,0.0,0.0,0.0,0.0,0,0.0,114,,,,,,,,,,,,,,,,,,,,,0
2020-10-23,0.0,0.0,0.0,0.0,0.0,0.0,0.0,0.0,0.0,0.005,0.0,0.0,0.0,0.0,0.0,0.0,0,0.0,115,,,,,,,,,,,,,,,,,,,,,0
2020-10-24,0.0,0.0,0.0,0.0,0.0,0.0,0.0,0.0,0.0,0.005,0.0,0.0,0.0,0.0,0.0,0.0,0,0.0,116,,,,,,,,,,,,,,,,,,,,,0
2020-10-25,0.0,0.0,0.0,0.0,0.0,0.0,0.0,0.0,0.0,0.005,0.0,0.0,0.0,0.0,0.0,0.0,0,0.0,117,,,,,,,,,,,,,,,,,,,,,0
2020-10-26,0.0,0.0,0.0,0.0,0.0,0.0,0.0,0.0,0.0,0.005,0.0,0.0,0.0,0.0,0.0,0.0,0,0.0,118,45.0,2.0,15.0,0.044444444444444446,1.0,1.0,0.0,1.0,33.0,2.0,0.06060606060606061,1.0,9.0,0.0,0.0,0.0,3.0,0.0,0.0,0.0,1
2020-10-27,0.0,0.0,0.0,0.0,0.0,0.0,0.0,0.0,0.0,0.005,0.0,0.0,0.0,0.0,0.0,0.0,0,0.0,119,3.0,0.0,1.0,0.0,0.0,0.0,0.0,0.0,3.0,0.0,0.0,0.0,,,,,,,,,1
2020-10-28,0.0,0.0,0.0,0.0,0.0,0.0,0.0,0.0,0.0,0.005,0.0,0.0,0.0,0.0,0.0,0.0,0,0.0,120,,,,,,,,,,,,,,,,,,,,,0
2020-10-29,0.0,0.0,0.0,0.0,0.0,0.0,0.0,0.0,0.0,0.005,0.0,0.0,0.0,0.0,0.0,0.0,0,0.0,121,,,,,,,,,,,,,,,,,,,,,0
2020-10-30,0.0,0.0,0.0,0.0,0.0,0.0,0.0,0.0,0.0,0.005,0.0,0.0,0.0,0.0,0.0,0.0,0,0.0,122,,,,,,,,,,,,,,,,,,,,,0
2020-10-31,0.0,0.0,0.0,0.0,0.0,0.0,0.0,0.0,0.0,0.005,0.0,0.0,0.0,0.0,0.0,0.0,0,0.0,123,,,,,,,,,,,,,,,,,,,,,0
2020-11-01,0.0,0.0,0.0,0.0,0.0,0.0,0.0,0.0,0.0,0.005,0.0,0.0,0.0,0.0,0.0,0.0,0,0.0,124,,,,,,,,,,,,,,,,,,,,,0
2020-11-02,0.0,0.0,0.0,0.0,0.0,0.0,0.0,0.0,0.0,0.005,0.0,0.0,0.0,0.0,0.0,0.0,0,0.0,125,45.0,2.0,15.0,0.044444444444444446,2.0,1.0,0.0,1.0,33.0,2.0,0.06060606060606061,1.0,9.0,0.0,0.0,0.0,3.0,0.0,0.0,0.0,1
2020-11-03,0.0,0.0,0.0,0.0,0.0,0.0,0.0,0.0,0.0,0.005,0.0,0.0,0.0,0.0,0.0,0.0,0,0.0,126,6.0,0.0,2.0,0.0,0.0,0.0,0.0,0.0,6.0,0.0,0.0,0.0,,,,,,,,,1
2020-11-04,0.0,0.0,0.0,0.0,0.0,0.0,0.0,0.0,0.0,0.005,0.0,0.0,0.0,0.0,0.0,0.0,0,0.0,127,,,,,,,,,,,,,,,,,,,,,0
2020-11-05,0.0,0.0,0.0,0.0,0.0,0.0,0.0,0.0,0.0,0.0,0.0,0.0,0.0,0.0,0.0,0.0,0,0.0,128,,,,,,,,,,,,,,,,,,,,,0
2020-11-06,0.0,0.0,0.0,0.0,0.0,0.0,0.0,0.0,0.0,0.0,0.0,0.0,0.0,0.0,0.0,0.0,0,0.0,129,,,,,,,,,,,,,,,,,,,,,0
2020-11-07,0.0,0.0,0.0,0.0,0.0,0.0,0.0,0.0,0.0,0.0,0.0,0.0,0.0,0.0,0.0,0.0,0,0.0,130,,,,,,,,,,,,,,,,,,,,,0
2020-11-08,0.0,0.0,0.0,0.0,0.0,0.0,0.0,0.0,0.0,0.0,0.0,0.0,0.0,0.0,0.0,0.0,0,0.0,131,,,,,,,,,,,,,,,,,,,,,0
2020-11-09,0.0,0.0,0.0,0.0,0.0,0.0,0.0,0.0,0.0,0.0,0.0,0.0,0.0,0.0,0.0,0.0,0,0.0,132,45.0,4.0,15.0,0.08888888888888889,3.0,1.0,0.0,1.0,33.0,4.0,0.12121212121212122,1.0,9.0,0.0,0.0,0.0,3.0,0.0,0.0,0.0,1
2020-11-10,0.0,0.0,0.0,0.0,0.0,0.0,0.0,0.0,0.0,0.0,0.0,0.0,0.0,0.0,0.0,0.0,0,0.0,133,12.0,2.0,4.0,0.16666666666666666,1.0,1.0,0.0,1.0,12.0,2.0,0.16666666666666666,1.0,,,,,,,,,1
2020-11-11,0.0,0.0,0.0,0.0,0.0,0.0,0.0,0.0,0.0,0.0,0.0,0.0,0.0,0.0,0.0,0.0,0,0.0,134,3.0,0.0,1.0,0.0,0.0,0.0,0.0,0.0,3.0,0.0,0.0,0.0,,,,,,,,,1
2020-11-12,0.0,0.0,0.0,0.0,0.0,0.0,0.0,0.0,0.0,0.0,0.0,0.0,0.0,0.0,0.0,0.0,0,0.0,135,,,,,,,,,,,,,,,,,,,,,0
2020-11-13,0.07,0.16,0.115,0.16,0.115,0.115,0.115,0.115,0.115,0.115,0.0,0.0,0.0,0.0,0.0,0.024696815698188594,0,0.115,0,,,,,,,,,,,,,,,,,,,,,0
2020-11-14,0.0,0.0,0.0,0.0,0.115,0.115,0.115,0.115,0.115,0.115,0.115,0.0,0.0,0.0,0.0,0.019601875609784658,1,0.115,1,,,,,,,,,,,,,,,,,,,,,0
2020-11-15,0.0,0.0,0.0,0.0,0.0,0.115,0.115,0.115,0.115,0.115,0.0,0.115,0.0,0.0,0.0,0.01555801898176098,1,0.115,2,,,,,,,,,,,,,,,,,,,,,0
2020-11-16,0.0,0.0,0.0,0.0,0.0,0.0,0.115,0.115,0.115,0.115,0.0,0.0,0.115,0.0,0.0,0.012348407849094297,1,0.0,3,45.0,4.0,15.0,0.08888888888888889,4.0,2.0,1.0,1.0,33.0,3.0,0.09090909090909091,1.0,9.0,1.0,0.1111111111111111,1.0,3.0,0.0,0.0,0.0,1
2020-11-17,0.31,0.45,0.38,0.45,0.38,0.38,0.495,0.495,0.495,0.495,0.0,0.0,0.0,0.0,0.0,0.09140780706847203,0,0.38,0,15.0,4.0,5.0,0.26666666666666666,2.0,2.0,0.0,1.0,12.0,2.0,0.16666666666666666,1.0,3.0,2.0,0.6666666666666666,1.0,,,,,1
2020-11-18,0.11,0.06,0.08499999999999999,0.11,0.46499999999999997,0.46499999999999997,0.46499999999999997,0.58,0.58,0.58,0.38,0.0,0.0,0.115,0.0,0.09080459267404743,1,0.38,0,6.0,2.0,2.0,0.3333333333333333,1.0,1.0,0.0,1.0,3.0,2.0,0.6666666666666666,1.0,3.0,0.0,0.0,0.0,,,,,1
2020-11-19,0.0,0.01,0.005,0.01,0.09,0.47,0.47,0.585,0.585,0.585,0.08499999999999999,0.38,0.0,0.0,0.0,0.07314542756273681,1,0.38,1,3.0,1.0,1.0,0.3333333333333333,1.0,1.0,0.0,1.0,3.0,1.0,0.3333333333333333,1.0,,,,,,,,,1
2020-11-20,0.0,0.0,0.0,0.0,0.005,0.09,0.47,0.47,0.585,0.585,0.005,0.08499999999999999,0.38,0.0,0.115,0.05805556432987606,1,0.08499999999999999,2,3.0,0.0,1.0,0.0,0.0,0.0,0.0,0.0,3.0,0.0,0.0,0.0,,,,,,,,,1
2020-11-21,0.0,0.0,0.0,0.0,0.0,0.005,0.47,0.47,0.585,0.585,0.0,0.005,0.08499999999999999,0.0,0.0,0.046078731944926385,0,0.005,3,,,,,,,,,,,,,,,,,,,,,0
2020-11-22,0.0,0.0,0.0,0.0,0.0,0.0,0.09,0.47,0.585,0.585,0.0,0.0,0.005,0.38,0.0,0.03657271378136841,0,0.0,4,,,,,,,,,,,,,,,,,,,,,0
2020-11-23,0.0,0.0,0.0,0.0,0.0,0.0,0.005,0.47,0.585,0.585,0.0,0.0,0.0,0.08499999999999999,0.0,0.02902778216493803,0,0.0,5,45.0,2.0,15.0,0.044444444444444446,2.0,1.0,0.0,1.0,33.0,2.0,0.06060606060606061,1.0,9.0,0.0,0.0,0.0,3.0,0.0,0.0,0.0,1
2020-11-24,0.0,0.0,0.0,0.0,0.0,0.0,0.0,0.09,0.585,0.585,0.0,0.0,0.0,0.005,0.38,0.023039365972463192,0,0.0,6,6.0,0.0,2.0,0.0,0.0,0.0,0.0,0.0,6.0,0.0,0.0,0.0,,,,,,,,,1
2020-11-25,0.0,0.0,0.0,0.0,0.0,0.0,0.0,0.005,0.585,0.585,0.0,0.0,0.0,0.0,0.08499999999999999,0.018286356890684204,0,0.0,7,,,,,,,,,,,,,,,,,,,,,0
2020-11-26,0.0,0.0,0.0,0.0,0.0,0.0,0.0,0.0,0.585,0.585,0.0,0.0,0.0,0.0,0.005,0.014513891082469019,0,0.0,8,,,,,,,,,,,,,,,,,,,,,0
2020-11-27,0.0,0.0,0.0,0.0,0.0,0.0,0.0,0.0,0.47,0.585,0.0,0.0,0.0,0.0,0.0,0.010547306799871533,0,0.0,9,,,,,,,,,,,,,,,,,,,,,0
2020-11-28,0.0,0.0,0.0,0.0,0.0,0.0,0.0,0.0,0.47,0.585,0.0,0.0,0.0,0.0,0.0,0.008371402954773708,0,0.0,10,,,,,,,,,,,,,,,,,,,,,0
2020-11-29,0.0,0.0,0.0,0.0,0.0,0.0,0.0,0.0,0.47,0.585,0.0,0.0,0.0,0.0,0.0,0.006644386928428738,0,0.0,11,,,,,,,,,,,,,,,,,,,,,0
2020-11-30,0.0,0.0,0.0,0.0,0.0,0.0,0.0,0.0,0.47,0.585,0.0,0.0,0.0,0.0,0.0,0.005273653399935768,0,0.0,12,45.0,1.0,15.0,0.022222222222222223,1.0,1.0,0.0,1.0,33.0,1.0,0.030303030303030304,1.0,9.0,0.0,0.0,0.0,3.0,0.0,0.0,0.0,1
2020-12-01,0.0,0.0,0.0,0.0,0.0,0.0,0.0,0.0,0.09,0.585,0.0,0.0,0.0,0.0,0.0,0.0009726323398492605,0,0.0,13,3.0,0.0,1.0,0.0,0.0,0.0,0.0,0.0,3.0,0.0,0.0,0.0,,,,,,,,,1
2020-12-02,0.0,0.0,0.0,0.0,0.0,0.0,0.0,0.0,0.005,0.585,0.0,0.0,0.0,0.0,0.0,5.326596633093659e-05,0,0.0,14,,,,,,,,,,,,,,,,,,,,,0
2020-12-03,0.0,0.0,0.0,0.0,0.0,0.0,0.0,0.0,0.0,0.585,0.0,0.0,0.0,0.0,0.0,0.0,0,0.0,15,,,,,,,,,,,,,,,,,,,,,0
2020-12-04,0.0,0.0,0.0,0.0,0.0,0.0,0.0,0.0,0.0,0.585,0.0,0.0,0.0,0.0,0.0,0.0,0,0.0,16,,,,,,,,,,,,,,,,,,,,,0
2020-12-05,0.0,0.0,0.0,0.0,0.0,0.0,0.0,0.0,0.0,0.585,0.0,0.0,0.0,0.0,0.0,0.0,0,0.0,17,,,,,,,,,,,,,,,,,,,,,0
2020-12-06,0.0,0.0,0.0,0.0,0.0,0.0,0.0,0.0,0.0,0.585,0.0,0.0,0.0,0.0,0.0,0.0,0,0.0,18,,,,,,,,,,,,,,,,,,,,,0
2020-12-07,0.0,0.0,0.0,0.0,0.0,0.0,0.0,0.0,0.0,0.585,0.0,0.0,0.0,0.0,0.0,0.0,0,0.0,19,45.0,0.0,15.0,0.0,0.0,0.0,0.0,0.0,33.0,0.0,0.0,0.0,9.0,0.0,0.0,0.0,3.0,0.0,0.0,0.0,1
2020-12-08,0.0,0.0,0.0,0.0,0.0,0.0,0.0,0.0,0.0,0.585,0.0,0.0,0.0,0.0,0.0,0.0,0,0.0,20,,,,,,,,,,,,,,,,,,,,,0
2020-12-09,0.0,0.0,0.0,0.0,0.0,0.0,0.0,0.0,0.0,0.585,0.0,0.0,0.0,0.0,0.0,0.0,0,0.0,21,,,,,,,,,,,,,,,,,,,,,0
2020-12-10,0.0,0.0,0.0,0.0,0.0,0.0,0.0,0.0,0.0,0.585,0.0,0.0,0.0,0.0,0.0,0.0,0,0.0,22,,,,,,,,,,,,,,,,,,,,,0
2020-12-11,0.32,0.42,0.37,0.42,0.37,0.37,0.37,0.37,0.37,0.955,0.0,0.0,0.0,0.0,0.0,0.07945932007243287,0,0.37,0,,,,,,,,,,,,,,,,,,,,,0
2020-12-12,0.12,0.18,0.15,0.18,0.52,0.52,0.52,0.52,0.52,1.105,0.37,0.0,0.0,0.0,0.0,0.0952801420030314,1,0.37,0,,,,,,,,,,,,,,,,,,,,,0
2020-12-13,0.75,0.54,0.645,0.75,0.795,1.165,1.165,1.165,1.165,1.635,0.15,0.37,0.0,0.0,0.0,0.21414082165261655,1,0.645,0,9.0,0.0,3.0,0.0,0.0,0.0,0.0,0.0,,,,,9.0,0.0,0.0,0.0,,,,,1
2020-12-14,0.0,0.0,0.0,0.0,0.645,0.795,1.165,1.165,1.165,1.635,0.645,0.15,0.37,0.0,0.0,0.16996368278034907,1,0.645,1,45.0,4.0,15.0,0.08888888888888889,3.0,3.0,1.0,1.0,33.0,1.0,0.030303030303030304,1.0,9.0,1.0,0.1111111111111111,1.0,3.0,2.0,0.6666666666666666,1.0,1
2020-12-15,0.0,0.0,0.0,0.0,0.0,0.645,1.165,1.165,1.165,1.635,0.0,0.645,0.15,0.0,0.0,0.13490026442095773,1,0.645,2,9.0,0.0,3.0,0.0,0.0,0.0,0.0,0.0,3.0,0.0,0.0,0.0,3.0,0.0,0.0,0.0,3.0,0.0,0.0,0.0,1
2020-12-16,0.0,0.04,0.02,0.04,0.02,0.02,0.8150000000000001,1.185,1.185,1.655,0.0,0.0,0.645,0.37,0.0,0.11136550920860196,1,0.02,3,,,,,,,,,,,,,,,,,,,,,0
2020-12-17,0.39,0.39,0.39,0.39,0.41000000000000003,0.41000000000000003,1.0550000000000002,1.5750000000000002,1.5750000000000002,1.665,0.02,0.0,0.0,0.15,0.0,0.17214528169008103,0,0.39,0,,,,,,,,,,,,,,,,,,,,,0
2020-12-18,0.0,0.0,0.0,0.0,0.39,0.41000000000000003,0.41000000000000003,1.205,1.5750000000000002,1.58,0.39,0.02,0.0,0.645,0.37,0.13663180062309832,1,0.39,1,,,,,,,,,,,,,,,,,,,,,0
2020-12-19,0.0,0.0,0.0,0.0,0.0,0.39,0.41000000000000003,1.0550000000000002,1.5750000000000002,1.5750000000000002,0.0,0.39,0.02,0.0,0.15,0.10844473202070778,1,0.39,2,,,,,,,,,,,,,,,,,,,,,0
2020-12-20,0.0,0.0,0.0,0.0,0.0,0.0,0.41000000000000003,0.41000000000000003,1.5750000000000002,1.5750000000000002,0.0,0.0,0.39,0.0,0.645,0.08607264084504052,1,0.0,3,,,,,,,,,,,,,,,,,,,,,0
2020-12-21,0.0,0.0,0.0,0.0,0.0,0.0,0.39,0.41000000000000003,1.5750000000000002,1.5750000000000002,0.0,0.0,0.0,0.02,0.0,0.06831590031154916,0,0.0,4,45.0,1.0,15.0,0.022222222222222223,1.0,1.0,0.0,1.0,33.0,1.0,0.030303030303030304,1.0,9.0,0.0,0.0,0.0,3.0,0.0,0.0,0.0,1
2020-12-22,0.0,0.0,0.0,0.0,0.0,0.0,0.0,0.41000000000000003,1.5750000000000002,1.5750000000000002,0.0,0.0,0.0,0.39,0.0,0.05422236601035389,0,0.0,5,3.0,1.0,1.0,0.3333333333333333,1.0,1.0,0.0,1.0,3.0,1.0,0.3333333333333333,1.0,,,,,,,,,1
2020-12-23,0.0,0.0,0.0,0.0,0.0,0.0,0.0,0.39,1.5750000000000002,1.5750000000000002,0.0,0.0,0.0,0.0,0.02,0.04303632042252026,0,0.0,6,3.0,0.0,1.0,0.0,0.0,0.0,0.0,0.0,3.0,0.0,0.0,0.0,,,,,,,,,1
2020-12-24,0.0,0.0,0.0,0.0,0.0,0.0,0.0,0.0,1.5750000000000002,1.5750000000000002,0.0,0.0,0.0,0.0,0.39,0.03415795015577458,0,0.0,7,,,,,,,,,,,,,,,,,,,,,0
2020-12-25,0.33,0.18,0.255,0.33,0.255,0.255,0.255,0.255,1.46,1.83,0.0,0.0,0.0,0.0,0.0,0.07874517269287146,0,0.255,0,,,,,,,,,,,,,,,,,,,,,0
2020-12-26,0.0,0.0,0.0,0.0,0.255,0.255,0.255,0.255,1.31,1.83,0.255,0.0,0.0,0.0,0.0,0.06123176822022337,1,0.255,1,,,,,,,,,,,,,,,,,,,,,0
2020-12-27,0.0,0.0,0.0,0.0,0.0,0.255,0.255,0.255,0.665,1.83,0.0,0.255,0.0,0.0,0.0,0.04314592455461264,1,0.255,2,,,,,,,,,,,,,,,,,,,,,0
2020-12-28,0.11,0.1,0.10500000000000001,0.11,0.10500000000000001,0.10500000000000001,0.36,0.36,0.77,1.935,0.0,0.0,0.255,0.0,0.0,0.056794209520108094,1,0.10500000000000001,0,45.0,1.0,15.0,0.022222222222222223,1.0,1.0,0.0,1.0,33.0,1.0,0.030303030303030304,1.0,9.0,0.0,0.0,0.0,3.0,0.0,0.0,0.0,1
2020-12-29,0.0,0.0,0.0,0.0,0.10500000000000001,0.10500000000000001,0.36,0.36,0.77,1.935,0.10500000000000001,0.0,0.0,0.0,0.0,0.045077593968960966,1,0.10500000000000001,1,3.0,0.0,1.0,0.0,0.0,0.0,0.0,0.0,3.0,0.0,0.0,0.0,,,,,,,,,1
2020-12-30,0.03,0.04,0.035,0.04,0.035,0.14,0.14,0.395,0.785,1.9700000000000002,0.0,0.10500000000000001,0.0,0.255,0.0,0.043125423310300254,1,0.10500000000000001,2,,,,,,,,,,,,,,,,,,,,,0
2020-12-31,0.02,0.0,0.01,0.02,0.045000000000000005,0.045000000000000005,0.15000000000000002,0.405,0.405,1.98,0.035,0.0,0.10500000000000001,0.0,0.0,0.03307859676729368,1,0.035,3,,,,,,,,,,,,,,,,,,,,,0
2021-01-01,0.01,0.0,0.005,0.01,0.015,0.05,0.15500000000000003,0.15500000000000003,0.41000000000000003,1.985,0.01,0.035,0.0,0.0,0.255,0.02732827424859035,0,0.035,4,,,,,,,,,,,,,,,,,,,,,0
2021-01-02,0.2,0.27,0.23500000000000001,0.27,0.24000000000000002,0.25,0.28500000000000003,0.39,0.645,2.22,0.005,0.01,0.035,0.10500000000000001,0.0,0.0721578716372945,0,0.23500000000000001,0,,,,,,,,,,,,,,,,,,,,,0
2021-01-03,0.0,0.0,0.0,0.0,0.23500000000000001,0.24000000000000002,0.28500000000000003,0.39,0.645,2.22,0.23500000000000001,0.005,0.01,0.0,0.0,0.057271740672413786,1,0.23500000000000001,1,,,,,,,,,,,,,,,,,,,,,0
2021-01-04,0.24,0.37,0.305,0.37,0.305,0.54,0.5549999999999999,0.5900000000000001,0.9500000000000001,2.5250000000000004,0.0,0.23500000000000001,0.005,0.035,0.10500000000000001,0.11095686102569823,1,0.305,0,45.0,3.0,15.0,0.06666666666666667,2.0,1.0,0.0,1.0,33.0,3.0,0.09090909090909091,1.0,9.0,0.0,0.0,0.0,3.0,0.0,0.0,0.0,1
2021-01-05,0.0,0.0,0.0,0.0,0.305,0.305,0.5449999999999999,0.5900000000000001,0.9500000000000001,2.5250000000000004,0.305,0.0,0.23500000000000001,0.01,0.0,0.08806651895764135,1,0.305,1,6.0,0.0,2.0,0.0,0.0,0.0,0.0,0.0,6.0,0.0,0.0,0.0,,,,,,,,,1
2021-01-06,0.03,0.04,0.035,0.04,0.035,0.33999999999999997,0.575,0.5900000000000001,0.9850000000000001,2.56,0.0,0.305,0.0,0.005,0.035,0.07741486458728254,1,0.305,2,,,,,,,,,,,,,,,,,,,,,0
2021-01-07,0.0,0.0,0.0,0.0,0.035,0.035,0.33999999999999997,0.5800000000000001,0.9850000000000001,2.56,0.035,0.0,0.305,0.23500000000000001,0.01,0.06144421874191401,1,0.035,3,,,,,,,,,,,,,,,,,,,,,0
2021-01-08,0.04,0.03,0.035,0.04,0.035,0.07,0.375,0.6100000000000001,0.7650000000000001,2.595,0.0,0.035,0.0,0.0,0.005,0.054128592402963444,0,0.035,4,,,,,,,,,,,,,,,,,,,,,0
2021-01-09,0.0,0.01,0.005,0.01,0.04,0.04,0.07500000000000001,0.38000000000000006,0.77,2.6,0.035,0.0,0.035,0.305,0.23500000000000001,0.04403566685658444,0,0.035,5,,,,,,,,,,,,,,,,,,,,,0
2021-01-10,0.0,0.0,0.0,0.0,0.005,0.04,0.07500000000000001,0.38,0.77,2.23,0.005,0.035,0.0,0.0,0.0,0.03495113194613166,0,0.035,6,,,,,,,,,,,,,,,,,,,,,0
2021-01-11,0.0,0.0,0.0,0.0,0.0,0.005,0.04,0.07500000000000007,0.665,2.08,0.0,0.005,0.035,0.035,0.305,0.026852910074012148,0,0.005,7,45.0,2.0,15.0,0.044444444444444446,1.0,1.0,0.0,1.0,33.0,2.0,0.06060606060606061,1.0,9.0,0.0,0.0,0.0,3.0,0.0,0.0,0.0,1
2021-01-12,0.0,0.0,0.0,0.0,0.0,0.0,0.04,0.07500000000000007,0.665,1.435,0.0,0.0,0.005,0.0,0.0,0.021313168849947172,0,0.0,8,3.0,1.0,1.0,0.3333333333333333,1.0,1.0,0.0,1.0,3.0,1.0,0.3333333333333333,1.0,,,,,,,,,1
2021-01-13,0.0,0.0,0.0,0.0,0.0,0.0,0.005,0.040000000000000056,0.63,1.435,0.0,0.0,0.0,0.035,0.035,0.016620332748133588,0,0.0,9,3.0,0.0,1.0,0.0,0.0,0.0,0.0,0.0,3.0,0.0,0.0,0.0,,,,,,,,,1
2021-01-14,0.0,0.0,0.0,0.0,0.0,0.0,0.0,0.040000000000000056,0.62,1.435,0.0,0.0,0.0,0.005,0.0,0.013107012393236556,0,0.0,10,,,,,,,,,,,,,,,,,,,,,0
2021-01-15,0.0,0.0,0.0,0.0,0.0,0.0,0.0,0.005000000000000056,0.615,1.415,0.0,0.0,0.0,0.0,0.035,0.010360765405098053,0,0.0,11,,,,,,,,,,,,,,,,,,,,,0
2021-01-16,0.0,0.0,0.0,0.0,0.0,0.0,0.0,0.0,0.38000000000000006,1.025,0.0,0.0,0.0,0.0,0.005,0.006236315353410151,0,0.0,12,,,,,,,,,,,,,,,,,,,,,0
2021-01-17,0.0,0.0,0.0,0.0,0.0,0.0,0.0,0.0,0.38,1.025,0.0,0.0,0.0,0.0,0.0,0.004949766776204355,0,0.0,13,,,,,,,,,,,,,,,,,,,,,0
2021-01-18,0.0,0.0,0.0,0.0,0.0,0.0,0.0,0.0,0.07500000000000007,1.025,0.0,0.0,0.0,0.0,0.0,0.0013497217386431593,0,0.0,14,,,,,,,,,,,,,,,,,,,,,0
2021-01-19,0.0,0.0,0.0,0.0,0.0,0.0,0.0,0.0,0.07500000000000007,1.025,0.0,0.0,0.0,0.0,0.0,0.0010712748538932494,0,0.0,15,48.0,1.0,16.0,0.020833333333333332,1.0,1.0,0.0,1.0,36.0,1.0,0.027777777777777776,1.0,9.0,0.0,0.0,0.0,3.0,0.0,0.0,0.0,1
2021-01-20,0.0,0.0,0.0,0.0,0.0,0.0,0.0,0.0,0.040000000000000056,1.025,0.0,0.0,0.0,0.0,0.0,0.0005543308365512014,0,0.0,16,6.0,0.0,2.0,0.0,0.0,0.0,0.0,0.0,3.0,0.0,0.0,0.0,,,,,3.0,0.0,0.0,0.0,1
2021-01-21,0.0,0.0,0.0,0.0,0.0,0.0,0.0,0.0,0.040000000000000056,1.025,0.0,0.0,0.0,0.0,0.0,0.0004399726765398947,0,0.0,17,3.0,0.0,1.0,0.0,0.0,0.0,0.0,0.0,,,,,,,,,3.0,0.0,0.0,0.0,1
2021-01-22,0.13,0.14,0.135,0.14,0.135,0.135,0.135,0.13500000000000006,0.14000000000000007,1.16,0.0,0.0,0.0,0.0,0.0,0.029045180046813196,0,0.135,0,,,,,,,,,,,,,,,,,,,,,0
2021-01-23,0.0,0.0,0.0,0.0,0.135,0.135,0.135,0.13500000000000006,0.13500000000000006,1.1600000000000001,0.135,0.0,0.0,0.0,0.0,0.0230108974549646,1,0.135,1,3.0,0.0,1.0,0.0,0.0,0.0,0.0,0.0,,,,,,,,,3.0,0.0,0.0,0.0,1
2021-01-24,0.1,0.1,0.1,0.1,0.1,0.23500000000000001,0.23500000000000001,0.23500000000000007,0.23500000000000007,1.0050000000000001,0.0,0.135,0.0,0.0,0.0,0.03973925332483992,1,0.135,0,,,,,,,,,,,,,,,,,,,,,0
2021-01-25,0.01,0.0,0.005,0.01,0.10500000000000001,0.10500000000000001,0.24000000000000002,0.24000000000000007,0.24000000000000007,1.01,0.1,0.0,0.135,0.0,0.0,0.032614840861714255,1,0.1,1,48.0,1.0,16.0,0.020833333333333332,1.0,1.0,0.0,1.0,36.0,1.0,0.027777777777777776,1.0,9.0,0.0,0.0,0.0,3.0,0.0,0.0,0.0,1
2021-01-26,0.35,0.61,0.48,0.61,0.485,0.585,0.72,0.7200000000000001,0.7200000000000001,1.49,0.005,0.1,0.0,0.0,0.0,0.12896877752187835,1,0.48,0,3.0,1.0,1.0,0.3333333333333333,1.0,1.0,0.0,1.0,3.0,1.0,0.3333333333333333,1.0,,,,,,,,,1
2021-01-27,0.63,0.43,0.53,0.63,1.01,1.0150000000000001,1.115,1.25,1.25,1.915,0.48,0.005,0.1,0.135,0.0,0.2161826936854234,1,0.53,0,24.0,7.0,8.0,0.2916666666666667,4.0,3.0,1.0,1.0,12.0,5.0,0.4166666666666667,1.0,9.0,1.0,0.1111111111111111,1.0,3.0,1.0,0.3333333333333333,1.0,1
2021-01-28,0.61,0.65,0.63,0.65,1.1600000000000001,1.64,1.745,1.8800000000000001,1.8800000000000001,2.545,0.53,0.48,0.005,0.0,0.0,0.30687991672903064,1,0.63,0,12.0,5.0,4.0,0.4166666666666667,3.0,2.0,1.0,1.0,6.0,4.0,0.6666666666666666,1.0,3.0,0.0,0.0,0.0,3.0,1.0,0.3333333333333333,1.0,1
2021-01-29,0.47,0.37,0.42,0.47,1.05,1.58,2.065,2.165,2.3000000000000003,2.9299999999999997,0.63,0.53,0.48,0.1,0.135,0.33376781734995536,1,0.63,0,12.0,6.0,4.0,0.5,3.0,2.0,1.0,1.0,9.0,5.0,0.5555555555555556,1.0,,,,,3.0,1.0,0.3333333333333333,1.0,1
2021-01-30,0.0,0.0,0.0,0.0,0.42,1.0499999999999998,2.06,2.165,2.3000000000000003,2.92,0.42,0.63,0.53,0.005,0.0,0.2649116921872245,1,0.63,1,9.0,2.0,3.0,0.2222222222222222,2.0,2.0,0.0,1.0,6.0,1.0,0.16666666666666666,1.0,,,,,3.0,1.0,0.3333333333333333,1.0,1
2021-01-31,0.0,0.0,0.0,0.0,0.0,0.42,1.58,2.065,2.3000000000000003,2.915,0.0,0.42,0.63,0.48,0.1,0.21026054942833802,1,0.42,2,6.0,0.0,2.0,0.0,0.0,0.0,0.0,0.0,3.0,0.0,0.0,0.0,,,,,3.0,0.0,0.0,0.0,1
2021-02-01,0.3,0.18,0.24,0.3,0.24,0.24,1.29,2.3000000000000003,2.54,2.92,0.0,0.0,0.42,0.53,0.005,0.21842508926250168,1,0.24,0,48.0,1.0,16.0,0.020833333333333332,1.0,1.0,0.0,1.0,36.0,1.0,0.027777777777777776,1.0,9.0,0.0,0.0,0.0,3.0,0.0,0.0,0.0,1
2021-02-02,0.22,0.14,0.18,0.22,0.42,0.42,0.84,2.0,2.72,3.0999999999999996,0.24,0.0,0.0,0.63,0.48,0.21201999367641453,1,0.24,0,3.0,1.0,1.0,0.3333333333333333,1.0,1.0,0.0,1.0,3.0,1.0,0.3333333333333333,1.0,,,,,,,,,1
2021-02-03,0.0,0.0,0.0,0.0,0.18,0.42,0.42,1.4700000000000002,2.72,2.795,0.18,0.24,0.0,0.42,0.53,0.1682803805001157,1,0.24,1,3.0,0.0,1.0,0.0,0.0,0.0,0.0,0.0,3.0,0.0,0.0,0.0,,,,,,,,,1
2021-02-04,0.0,0.0,0.0,0.0,0.0,0.18,0.42,0.8400000000000001,2.72,2.795,0.0,0.18,0.24,0.0,0.63,0.1335642265157463,1,0.18,2,,,,,,,,,,,,,,,,,,,,,0
2021-02-05,0.0,0.0,0.0,0.0,0.0,0.0,0.42,0.4200000000000001,2.585,2.76,0.0,0.0,0.18,0.0,0.42,0.10486851174987155,1,0.0,3,,,,,,,,,,,,,,,,,,,,,0
2021-02-06,0.0,0.0,0.0,0.0,0.0,0.0,0.18,0.4200000000000001,2.585,2.76,0.0,0.0,0.0,0.24,0.0,0.0832341929350428,0,0.0,4,,,,,,,,,,,,,,,,,,,,,0
2021-02-07,0.0,0.0,0.0,0.0,0.0,0.0,0.0,0.4200000000000001,2.4850000000000003,2.7249999999999996,0.0,0.0,0.0,0.18,0.0,0.06521747820252718,0,0.0,5,,,,,,,,,,,,,,,,,,,,,0
2021-02-08,0.0,0.0,0.0,0.0,0.0,0.0,0.0,0.1800000000000001,2.48,2.7199999999999998,0.0,0.0,0.0,0.0,0.24,0.05172086952720848,0,0.0,6,48.0,2.0,16.0,0.041666666666666664,1.0,1.0,0.0,1.0,36.0,0.0,0.0,0.0,9.0,2.0,0.2222222222222222,1.0,3.0,0.0,0.0,0.0,1
2021-02-09,0.0,0.0,0.0,0.0,0.0,0.0,0.0,0.0,2.0,2.7199999999999998,0.0,0.0,0.0,0.0,0.18,0.036992267700684464,0,0.0,7,3.0,0.0,1.0,0.0,0.0,0.0,0.0,0.0,,,,,3.0,0.0,0.0,0.0,,,,,1
2021-02-10,0.0,0.0,0.0,0.0,0.0,0.0,0.0,0.0,1.4700000000000002,2.7199999999999998,0.0,0.0,0.0,0.0,0.0,0.024879396429022815,0,0.0,8,,,,,,,,,,,,,,,,,,,,,0
2021-02-11,0.52,0.57,0.5449999999999999,0.57,0.5449999999999999,0.5449999999999999,0.5449999999999999,0.545,1.385,3.2649999999999997,0.0,0.0,0.0,0.0,0.0,0.1314612905371514,0,0.5449999999999999,0,,,,,,,,,,,,,,,,,,,,,0
2021-02-12,0.0,0.0,0.0,0.0,0.5449999999999999,0.5449999999999999,0.5449999999999999,0.545,0.9650000000000001,3.2649999999999997,0.5449999999999999,0.0,0.0,0.0,0.0,0.10078960850439672,1,0.5449999999999999,1,,,,,,,,,,,,,,,,,,,,,0
2021-02-13,0.08,0.04,0.06,0.08,0.06,0.605,0.605,0.605,1.0250000000000001,3.3249999999999997,0.0,0.5449999999999999,0.0,0.0,0.0,0.09288206043055217,1,0.5449999999999999,0,,,,,,,,,,,,,,,,,,,,,0
2021-02-14,0.04,0.08,0.06,0.08,0.12,0.12,0.6649999999999999,0.665,1.085,3.385,0.06,0.0,0.5449999999999999,0.0,0.0,0.0866058353650972,1,0.06,0,,,,,,,,,,,,,,,,,,,,,0
2021-02-15,0.25,0.27,0.26,0.27,0.32,0.38,0.9249999999999999,0.925,1.105,3.645,0.06,0.06,0.0,0.0,0.0,0.12254606922867972,1,0.26,0,,,,,,,,,,,,,,,,,,,,,0
2021-02-16,0.0,0.0,0.0,0.0,0.26,0.32,0.38,0.925,0.925,3.645,0.26,0.06,0.06,0.5449999999999999,0.0,0.09574289948630604,1,0.26,1,48.0,0.0,16.0,0.0,0.0,0.0,0.0,0.0,36.0,0.0,0.0,0.0,9.0,0.0,0.0,0.0,3.0,0.0,0.0,0.0,1
2021-02-17,0.0,0.0,0.0,0.0,0.0,0.26,0.38,0.925,0.925,3.645,0.0,0.26,0.06,0.0,0.0,0.0759911896815239,1,0.26,2,,,,,,,,,,,,,,,,,,,,,0
2021-02-18,0.0,0.0,0.0,0.0,0.0,0.0,0.32,0.3800000000000001,0.925,3.645,0.0,0.0,0.26,0.06,0.5449999999999999,0.060314247220383005,1,0.0,3,,,,,,,,,,,,,,,,,,,,,0
2021-02-19,0.28,0.11,0.195,0.28,0.195,0.195,0.455,0.5750000000000002,1.12,3.84,0.0,0.0,0.0,0.06,0.0,0.08974865897051629,0,0.195,0,,,,,,,,,,,,,,,,,,,,,0
2021-02-20,0.02,0.04,0.03,0.04,0.225,0.225,0.225,0.545,1.1500000000000001,3.87,0.195,0.0,0.0,0.26,0.06,0.07767620540470688,1,0.195,1,,,,,,,,,,,,,,,,,,,,,0
2021-02-21,0.0,0.0,0.0,0.0,0.03,0.225,0.225,0.4850000000000001,1.1500000000000001,3.735,0.03,0.195,0.0,0.0,0.06,0.061651645086164816,1,0.195,2,,,,,,,,,,,,,,,,,,,,,0
2021-02-22,0.0,0.0,0.0,0.0,0.0,0.03,0.225,0.22500000000000012,1.1500000000000001,3.735,0.0,0.03,0.195,0.0,0.26,0.04893294313267405,1,0.03,3,48.0,0.0,16.0,0.0,0.0,0.0,0.0,0.0,36.0,0.0,0.0,0.0,9.0,0.0,0.0,0.0,3.0,0.0,0.0,0.0,1
2021-02-23,0.0,0.0,0.0,0.0,0.0,0.0,0.225,0.22500000000000012,1.1500000000000001,3.6350000000000002,0.0,0.0,0.03,0.0,0.0,0.03883810270235344,0,0.0,4,,,,,,,,,,,,,,,,,,,,,0
2021-02-24,0.0,0.0,0.0,0.0,0.0,0.0,0.03,0.22500000000000012,1.1500000000000001,3.63,0.0,0.0,0.0,0.195,0.0,0.030825822543082408,0,0.0,5,,,,,,,,,,,,,,,,,,,,,0
2021-02-25,0.0,0.0,0.0,0.0,0.0,0.0,0.0,0.22500000000000012,0.6050000000000001,3.15,0.0,0.0,0.0,0.03,0.0,0.019858253987500213,0,0.0,6,,,,,,,,,,,,,,,,,,,,,0
2021-02-26,0.0,0.0,0.0,0.0,0.0,0.0,0.0,0.03000000000000011,0.6050000000000001,2.62,0.0,0.0,0.0,0.0,0.195,0.015761506635004766,0,0.0,7,,,,,,,,,,,,,,,,,,,,,0
2021-02-27,0.0,0.0,0.0,0.0,0.0,0.0,0.0,0.0,0.5450000000000002,1.99,0.0,0.0,0.0,0.0,0.03,0.012002589400578172,0,0.0,8,,,,,,,,,,,,,,,,,,,,,0
2021-02-28,0.0,0.0,0.0,0.0,0.0,0.0,0.0,0.0,0.4850000000000001,1.5699999999999998,0.0,0.0,0.0,0.0,0.0,0.009019134814483088,0,0.0,9,,,,,,,,,,,,,,,,,,,,,0
2021-03-01,0.0,0.0,0.0,0.0,0.0,0.0,0.0,0.0,0.22500000000000012,1.5699999999999998,0.0,0.0,0.0,0.0,0.0,0.0049600763204931154,0,0.0,10,48.0,2.0,16.0,0.041666666666666664,1.0,1.0,0.0,1.0,36.0,2.0,0.05555555555555555,1.0,9.0,0.0,0.0,0.0,3.0,0.0,0.0,0.0,1
2021-03-02,0.0,0.0,0.0,0.0,0.0,0.0,0.0,0.0,0.22500000000000012,1.5699999999999998,0.0,0.0,0.0,0.0,0.0,0.003936815184496664,0,0.0,11,3.0,0.0,1.0,0.0,0.0,0.0,0.0,0.0,3.0,0.0,0.0,0.0,,,,,,,,,1
2021-03-03,0.0,0.0,0.0,0.0,0.0,0.0,0.0,0.0,0.22500000000000012,1.3299999999999998,0.0,0.0,0.0,0.0,0.0,0.0031246522826371926,0,0.0,12,,,,,,,,,,,,,,,,,,,,,0
2021-03-04,0.0,0.0,0.0,0.0,0.0,0.0,0.0,0.0,0.22500000000000012,1.15,0.0,0.0,0.0,0.0,0.0,0.002480038160246558,0,0.0,13,,,,,,,,,,,,,,,,,,,,,0
2021-03-05,0.22,0.28,0.25,0.28,0.25,0.25,0.25,0.2500000000000001,0.28000000000000014,1.4,0.0,0.0,0.0,0.0,0.0,0.05400832557665647,0,0.25,0,,,,,,,,,,,,,,,,,,,,,0
2021-03-06,0.05,0.01,0.030000000000000002,0.05,0.28,0.28,0.28,0.28000000000000014,0.28000000000000014,1.43,0.25,0.0,0.0,0.0,0.0,0.04905542063818976,1,0.25,1,,,,,,,,,,,,,,,,,,,,,0
2021-03-07,0.0,0.0,0.0,0.0,0.030000000000000002,0.28,0.28,0.28000000000000014,0.28000000000000014,1.43,0.030000000000000002,0.25,0.0,0.0,0.0,0.038935313162902475,1,0.25,2,,,,,,,,,,,,,,,,,,,,,0
2021-03-08,0.0,0.0,0.0,0.0,0.0,0.030000000000000002,0.28,0.28000000000000014,0.28000000000000014,1.43,0.0,0.030000000000000002,0.25,0.0,0.0,0.03090297853675134,1,0.030000000000000002,3,48.0,3.0,16.0,0.0625,3.0,2.0,1.0,1.0,36.0,2.0,0.05555555555555555,1.0,9.0,1.0,0.1111111111111111,1.0,3.0,0.0,0.0,0.0,1
2021-03-09,0.31,0.38,0.345,0.38,0.345,0.345,0.625,0.6250000000000001,0.6250000000000001,1.775,0.0,0.0,0.030000000000000002,0.0,0.0,0.09861815741366065,0,0.345,0,9.0,1.0,3.0,0.1111111111111111,1.0,1.0,0.0,1.0,6.0,1.0,0.16666666666666666,1.0,3.0,0.0,0.0,0.0,,,,,1
2021-03-10,0.3,0.38,0.33999999999999997,0.38,0.6849999999999999,0.6849999999999999,0.715,0.9650000000000001,0.9650000000000001,2.1149999999999998,0.345,0.0,0.0,0.25,0.0,0.15128995590979755,1,0.345,0,3.0,1.0,1.0,0.3333333333333333,1.0,1.0,0.0,1.0,3.0,1.0,0.3333333333333333,1.0,,,,,,,,,1
2021-03-11,0.14,0.0,0.07,0.14,0.41,0.7549999999999999,0.7549999999999999,1.0350000000000001,1.0350000000000001,2.185,0.33999999999999997,0.345,0.0,0.030000000000000002,0.0,0.13511176191974544,1,0.345,0,3.0,0.0,1.0,0.0,0.0,0.0,0.0,0.0,3.0,0.0,0.0,0.0,,,,,,,,,1
2021-03-12,0.0,0.0,0.0,0.0,0.07,0.41,0.7549999999999999,0.7850000000000001,1.0350000000000001,2.185,0.07,0.33999999999999997,0.345,0.0,0.25,0.10723827650234038,1,0.33999999999999997,1,,,,,,,,,,,,,,,,,,,,,0
2021-03-13,0.0,0.0,0.0,0.0,0.0,0.07,0.7549999999999999,0.7550000000000001,1.0350000000000001,1.64,0.0,0.07,0.33999999999999997,0.0,0.030000000000000002,0.08511507646553589,1,0.07,2,,,,,,,,,,,,,,,,,,,,,0
2021-03-14,0.16,0.09,0.125,0.16,0.125,0.125,0.5349999999999999,0.8800000000000001,1.1600000000000001,1.765,0.0,0.0,0.07,0.345,0.0,0.09440024584920814,0,0.125,0,,,,,,,,,,,,,,,,,,,,,0
2021-03-15,0.0,0.0,0.0,0.0,0.125,0.125,0.195,0.8800000000000001,1.1600000000000001,1.7049999999999998,0.125,0.0,0.0,0.33999999999999997,0.0,0.07492552478354482,1,0.125,1,48.0,1.0,16.0,0.020833333333333332,1.0,1.0,0.0,1.0,36.0,0.0,0.0,0.0,9.0,0.0,0.0,0.0,3.0,1.0,0.3333333333333333,1.0,1
2021-03-16,0.0,0.0,0.0,0.0,0.0,0.125,0.125,0.5350000000000001,1.1600000000000001,1.645,0.0,0.125,0.0,0.07,0.345,0.05946842843033422,1,0.125,2,3.0,0.0,1.0,0.0,0.0,0.0,0.0,0.0,,,,,,,,,3.0,0.0,0.0,0.0,1
2021-03-17,0.0,0.0,0.0,0.0,0.0,0.0,0.125,0.19500000000000012,1.1600000000000001,1.3849999999999998,0.0,0.0,0.125,0.0,0.33999999999999997,0.04720012292460407,1,0.0,3,,,,,,,,,,,,,,,,,,,,,0
2021-03-18,0.43,0.46,0.445,0.46,0.445,0.445,0.5700000000000001,0.5700000000000001,1.605,1.8299999999999998,0.0,0.0,0.0,0.0,0.07,0.13302870139780654,0,0.445,0,,,,,,,,,,,,,,,,,,,,,0
2021-03-19,0.01,0.0,0.005,0.01,0.45,0.45,0.45,0.5750000000000001,1.36,1.835,0.445,0.0,0.0,0.125,0.0,0.10454486359129843,1,0.445,1,,,,,,,,,,,,,,,,,,,,,0
2021-03-20,0.0,0.0,0.0,0.0,0.005,0.45,0.45,0.5750000000000001,1.33,1.835,0.005,0.445,0.0,0.0,0.0,0.08272364986838603,1,0.445,2,,,,,,,,,,,,,,,,,,,,,0
2021-03-21,0.0,0.0,0.0,0.0,0.0,0.005,0.45,0.4500000000000001,1.33,1.64,0.0,0.005,0.445,0.0,0.125,0.06565780441186249,1,0.005,3,,,,,,,,,,,,,,,,,,,,,0
2021-03-22,0.0,0.0,0.0,0.0,0.0,0.0,0.45,0.4500000000000001,1.33,1.6099999999999999,0.0,0.0,0.005,0.0,0.0,0.05211263389665641,0,0.0,4,51.0,0.0,17.0,0.0,0.0,0.0,0.0,0.0,36.0,0.0,0.0,0.0,12.0,0.0,0.0,0.0,3.0,0.0,0.0,0.0,1
2021-03-23,0.0,0.0,0.0,0.0,0.0,0.0,0.005,0.4500000000000001,0.9850000000000001,1.6099999999999999,0.0,0.0,0.0,0.445,0.0,0.03844469637511283,0,0.0,5,,,,,,,,,,,,,,,,,,,,,0
2021-03-24,0.0,0.0,0.0,0.0,0.0,0.0,0.0,0.4500000000000001,0.6450000000000002,1.6099999999999999,0.0,0.0,0.0,0.005,0.0,0.027638724400639796,0,0.0,6,,,,,,,,,,,,,,,,,,,,,0
2021-03-25,0.0,0.0,0.0,0.0,0.0,0.0,0.0,0.005000000000000111,0.5750000000000002,1.6099999999999999,0.0,0.0,0.0,0.0,0.445,0.02134498893740256,0,0.0,7,,,,,,,,,,,,,,,,,,,,,0
2021-03-26,0.0,0.0,0.0,0.0,0.0,0.0,0.0,0.0,0.5750000000000002,1.6099999999999999,0.0,0.0,0.0,0.0,0.005,0.016941528946741204,0,0.0,8,,,,,,,,,,,,,,,,,,,,,0
2021-03-27,0.0,0.0,0.0,0.0,0.0,0.0,0.0,0.0,0.5750000000000002,1.6099999999999999,0.0,0.0,0.0,0.0,0.0,0.013446500436003345,0,0.0,9,,,,,,,,,,,,,,,,,,,,,0
2021-03-28,0.0,0.0,0.0,0.0,0.0,0.0,0.0,0.0,0.4500000000000002,1.6099999999999999,0.0,0.0,0.0,0.0,0.0,0.009615563831353386,0,0.0,10,,,,,,,,,,,,,,,,,,,,,0
2021-03-29,0.0,0.0,0.0,0.0,0.0,0.0,0.0,0.0,0.4500000000000002,1.6099999999999999,0.0,0.0,0.0,0.0,0.0,0.00763187807057887,0,0.0,11,,,,,,,,,,,,,,,,,,,,,0
2021-03-30,0.0,0.0,0.0,0.0,0.0,0.0,0.0,0.0,0.4500000000000002,1.6099999999999999,0.0,0.0,0.0,0.0,0.0,0.006057425638864964,0,0.0,12,6.0,0.0,2.0,0.0,0.0,0.0,0.0,0.0,3.0,0.0,0.0,0.0,,,,,3.0,0.0,0.0,0.0,1
2021-03-31,0.0,0.0,0.0,0.0,0.0,0.0,0.0,0.0,0.4500000000000002,1.6099999999999999,0.0,0.0,0.0,0.0,0.0,0.004807781915676695,0,0.0,13,45.0,0.0,15.0,0.0,0.0,0.0,0.0,0.0,33.0,0.0,0.0,0.0,12.0,0.0,0.0,0.0,,,,,1
2021-04-01,0.0,0.0,0.0,0.0,0.0,0.0,0.0,0.0,0.005000000000000167,1.6099999999999999,0.0,0.0,0.0,0.0,0.0,5.326596633093659e-05,0,0.0,14,,,,,,,,,,,,,,,,,,,,,0
2021-04-02,0.0,0.0,0.0,0.0,0.0,0.0,0.0,0.0,0.0,1.6099999999999999,0.0,0.0,0.0,0.0,0.0,0.0,0,0.0,15,,,,,,,,,,,,,,,,,,,,,0
2021-04-03,0.0,0.0,0.0,0.0,0.0,0.0,0.0,0.0,0.0,1.6099999999999999,0.0,0.0,0.0,0.0,0.0,0.0,0,0.0,16,,,,,,,,,,,,,,,,,,,,,0
2021-04-04,0.0,0.0,0.0,0.0,0.0,0.0,0.0,0.0,0.0,1.3599999999999999,0.0,0.0,0.0,0.0,0.0,0.0,0,0.0,17,,,,,,,,,,,,,,,,,,,,,0
2021-04-05,0.0,0.0,0.0,0.0,0.0,0.0,0.0,0.0,0.0,1.3299999999999998,0.0,0.0,0.0,0.0,0.0,0.0,0,0.0,18,51.0,3.0,17.0,0.058823529411764705,2.0,2.0,0.0,1.0,36.0,1.0,0.027777777777777776,1.0,12.0,2.0,0.16666666666666666,1.0,3.0,0.0,0.0,0.0,1
2021-04-06,0.0,0.0,0.0,0.0,0.0,0.0,0.0,0.0,0.0,1.3299999999999998,0.0,0.0,0.0,0.0,0.0,0.0,0,0.0,19,6.0,1.0,2.0,0.16666666666666666,1.0,1.0,0.0,1.0,3.0,1.0,0.3333333333333333,1.0,3.0,0.0,0.0,0.0,,,,,1
2021-04-07,0.0,0.0,0.0,0.0,0.0,0.0,0.0,0.0,0.0,1.3299999999999998,0.0,0.0,0.0,0.0,0.0,0.0,0,0.0,20,3.0,0.0,1.0,0.0,0.0,0.0,0.0,0.0,3.0,0.0,0.0,0.0,,,,,,,,,1
2021-04-08,0.0,0.0,0.0,0.0,0.0,0.0,0.0,0.0,0.0,0.985,0.0,0.0,0.0,0.0,0.0,0.0,0,0.0,21,,,,,,,,,,,,,,,,,,,,,0
2021-04-09,0.0,0.0,0.0,0.0,0.0,0.0,0.0,0.0,0.0,0.645,0.0,0.0,0.0,0.0,0.0,0.0,0,0.0,22,,,,,,,,,,,,,,,,,,,,,0
2021-04-10,0.0,0.0,0.0,0.0,0.0,0.0,0.0,0.0,0.0,0.575,0.0,0.0,0.0,0.0,0.0,0.0,0,0.0,23,,,,,,,,,,,,,,,,,,,,,0
2021-04-11,0.0,0.0,0.0,0.0,0.0,0.0,0.0,0.0,0.0,0.575,0.0,0.0,0.0,0.0,0.0,0.0,0,0.0,24,,,,,,,,,,,,,,,,,,,,,0
2021-04-12,0.0,0.0,0.0,0.0,0.0,0.0,0.0,0.0,0.0,0.575,0.0,0.0,0.0,0.0,0.0,0.0,0,0.0,25,51.0,0.0,17.0,0.0,0.0,0.0,0.0,0.0,36.0,0.0,0.0,0.0,12.0,0.0,0.0,0.0,3.0,0.0,0.0,0.0,1
2021-04-13,0.0,0.0,0.0,0.0,0.0,0.0,0.0,0.0,0.0,0.45,0.0,0.0,0.0,0.0,0.0,0.0,0,0.0,26,,,,,,,,,,,,,,,,,,,,,0
2021-04-14,0.0,0.0,0.0,0.0,0.0,0.0,0.0,0.0,0.0,0.45,0.0,0.0,0.0,0.0,0.0,0.0,0,0.0,27,,,,,,,,,,,,,,,,,,,,,0
2021-04-15,0.0,0.0,0.0,0.0,0.0,0.0,0.0,0.0,0.0,0.45,0.0,0.0,0.0,0.0,0.0,0.0,0,0.0,28,,,,,,,,,,,,,,,,,,,,,0
2021-04-16,0.0,0.0,0.0,0.0,0.0,0.0,0.0,0.0,0.0,0.45,0.0,0.0,0.0,0.0,0.0,0.0,0,0.0,29,,,,,,,,,,,,,,,,,,,,,0
2021-04-17,0.0,0.0,0.0,0.0,0.0,0.0,0.0,0.0,0.0,0.005,0.0,0.0,0.0,0.0,0.0,0.0,0,0.0,30,,,,,,,,,,,,,,,,,,,,,0
2021-04-18,0.0,0.0,0.0,0.0,0.0,0.0,0.0,0.0,0.0,0.0,0.0,0.0,0.0,0.0,0.0,0.0,0,0.0,31,,,,,,,,,,,,,,,,,,,,,0
2021-04-19,0.0,0.0,0.0,0.0,0.0,0.0,0.0,0.0,0.0,0.0,0.0,0.0,0.0,0.0,0.0,0.0,0,0.0,32,51.0,0.0,17.0,0.0,0.0,0.0,0.0,0.0,36.0,0.0,0.0,0.0,12.0,0.0,0.0,0.0,3.0,0.0,0.0,0.0,1
2021-04-20,0.0,0.0,0.0,0.0,0.0,0.0,0.0,0.0,0.0,0.0,0.0,0.0,0.0,0.0,0.0,0.0,0,0.0,33,,,,,,,,,,,,,,,,,,,,,0
2021-04-21,0.0,0.0,0.0,0.0,0.0,0.0,0.0,0.0,0.0,0.0,0.0,0.0,0.0,0.0,0.0,0.0,0,0.0,34,,,,,,,,,,,,,,,,,,,,,0
2021-04-22,0.0,0.0,0.0,0.0,0.0,0.0,0.0,0.0,0.0,0.0,0.0,0.0,0.0,0.0,0.0,0.0,0,0.0,35,,,,,,,,,,,,,,,,,,,,,0
2021-04-23,0.0,0.0,0.0,0.0,0.0,0.0,0.0,0.0,0.0,0.0,0.0,0.0,0.0,0.0,0.0,0.0,0,0.0,36,,,,,,,,,,,,,,,,,,,,,0
2021-04-24,0.04,0.0,0.02,0.04,0.02,0.02,0.02,0.02000000000000011,0.020000000000000167,0.02,0.0,0.0,0.0,0.0,0.0,0.004295098382293669,0,0.02,37,,,,,,,,,,,,,,,,,,,,,0
2021-04-25,0.13,0.1,0.115,0.13,0.135,0.135,0.135,0.13500000000000012,0.13500000000000018,0.135,0.02,0.0,0.0,0.0,0.0,0.028105837543368536,0,0.115,0,,,,,,,,,,,,,,,,,,,,,0
2021-04-26,0.0,0.0,0.0,0.0,0.115,0.135,0.135,0.13500000000000012,0.13500000000000018,0.135,0.115,0.02,0.0,0.0,0.0,0.022307618041395263,1,0.115,1,51.0,0.0,17.0,0.0,0.0,0.0,0.0,0.0,36.0,0.0,0.0,0.0,12.0,0.0,0.0,0.0,3.0,0.0,0.0,0.0,1
2021-04-27,0.0,0.0,0.0,0.0,0.0,0.115,0.135,0.13500000000000012,0.13500000000000018,0.135,0.0,0.115,0.02,0.0,0.0,0.017705568172907814,1,0.115,2,,,,,,,,,,,,,,,,,,,,,0
2021-04-28,0.0,0.0,0.0,0.0,0.0,0.0,0.135,0.13500000000000012,0.13500000000000018,0.135,0.0,0.0,0.115,0.0,0.0,0.014052918771684268,1,0.0,3,,,,,,,,,,,,,,,,,,,,,0
2021-04-29,0.0,0.0,0.0,0.0,0.0,0.0,0.115,0.13500000000000012,0.13500000000000018,0.135,0.0,0.0,0.0,0.02,0.0,0.011153809020697632,0,0.0,4,,,,,,,,,,,,,,,,,,,,,0
2021-04-30,0.0,0.0,0.0,0.0,0.0,0.0,0.0,0.13500000000000012,0.13500000000000018,0.135,0.0,0.0,0.0,0.115,0.0,0.008852784086453907,0,0.0,5,,,,,,,,,,,,,,,,,,,,,0
2021-05-01,0.01,0.0,0.005,0.01,0.005,0.005,0.005,0.12000000000000012,0.14000000000000018,0.14,0.0,0.0,0.0,0.0,0.02,0.00810023398141555,0,0.005,6,,,,,,,,,,,,,,,,,,,,,0
2021-05-02,0.0,0.0,0.0,0.0,0.005,0.005,0.005,0.005000000000000111,0.14000000000000018,0.14,0.005,0.0,0.0,0.0,0.115,0.006429159971643801,0,0.005,7,,,,,,,,,,,,,,,,,,,,,0
2021-05-03,0.0,0.0,0.0,0.0,0.0,0.005,0.005,0.005000000000000111,0.14000000000000018,0.14,0.0,0.005,0.0,0.0,0.0,0.005102827651129605,0,0.005,8,51.0,1.0,17.0,0.0196078431372549,1.0,1.0,0.0,1.0,36.0,1.0,0.027777777777777776,1.0,12.0,0.0,0.0,0.0,3.0,0.0,0.0,0.0,1
2021-05-04,0.0,0.0,0.0,0.0,0.0,0.0,0.005,0.005000000000000111,0.14000000000000018,0.14,0.0,0.0,0.005,0.0,0.0,0.004050116990707776,0,0.0,9,3.0,0.0,1.0,0.0,0.0,0.0,0.0,0.0,3.0,0.0,0.0,0.0,,,,,,,,,1
2021-05-05,0.0,0.0,0.0,0.0,0.0,0.0,0.005,0.005000000000000111,0.14000000000000018,0.14,0.0,0.0,0.0,0.0,0.0,0.0032145799858219006,0,0.0,10,,,,,,,,,,,,,,,,,,,,,0
2021-05-06,0.0,0.0,0.0,0.0,0.0,0.0,0.0,0.005000000000000111,0.14000000000000018,0.14,0.0,0.0,0.0,0.005,0.0,0.0025514138255648025,0,0.0,11,,,,,,,,,,,,,,,,,,,,,0
2021-05-07,0.0,0.0,0.0,0.0,0.0,0.0,0.0,0.005000000000000111,0.14000000000000018,0.14,0.0,0.0,0.0,0.0,0.0,0.0020250584953538874,0,0.0,12,,,,,,,,,,,,,,,,,,,,,0
2021-05-08,0.0,0.0,0.0,0.0,0.0,0.0,0.0,0.0,0.12000000000000018,0.14,0.0,0.0,0.0,0.0,0.005,0.001438181090935288,0,0.0,13,,,,,,,,,,,,,,,,,,,,,0
2021-05-09,0.0,0.0,0.0,0.0,0.0,0.0,0.0,0.0,0.005000000000000167,0.14,0.0,0.0,0.0,0.0,0.0,0.00016910890197566284,0,0.0,14,,,,,,,,,,,,,,,,,,,,,0
2021-05-10,0.0,0.0,0.0,0.0,0.0,0.0,0.0,0.0,0.005000000000000167,0.14,0.0,0.0,0.0,0.0,0.0,0.00013422182444667715,0,0.0,15,51.0,0.0,17.0,0.0,0.0,0.0,0.0,0.0,36.0,0.0,0.0,0.0,12.0,0.0,0.0,0.0,3.0,0.0,0.0,0.0,1
2021-05-11,0.0,0.0,0.0,0.0,0.0,0.0,0.0,0.0,0.005000000000000167,0.14,0.0,0.0,0.0,0.0,0.0,0.00010653193266187315,0,0.0,16,,,,,,,,,,,,,,,,,,,,,0
2021-05-12,0.0,0.0,0.0,0.0,0.0,0.0,0.0,0.0,0.005000000000000167,0.14,0.0,0.0,0.0,0.0,0.0,8.455445098783142e-05,0,0.0,17,,,,,,,,,,,,,,,,,,,,,0
2021-05-13,0.0,0.0,0.0,0.0,0.0,0.0,0.0,0.0,0.005000000000000167,0.14,0.0,0.0,0.0,0.0,0.0,6.711091222333857e-05,0,0.0,18,,,,,,,,,,,,,,,,,,,,,0
2021-05-14,0.0,0.0,0.0,0.0,0.0,0.0,0.0,0.0,0.005000000000000167,0.14,0.0,0.0,0.0,0.0,0.0,5.326596633093659e-05,0,0.0,19,,,,,,,,,,,,,,,,,,,,,0
2021-05-15,0.0,0.0,0.0,0.0,0.0,0.0,0.0,0.0,0.0,0.14,0.0,0.0,0.0,0.0,0.0,0.0,0,0.0,20,,,,,,,,,,,,,,,,,,,,,0
2021-05-16,0.0,0.0,0.0,0.0,0.0,0.0,0.0,0.0,0.0,0.14,0.0,0.0,0.0,0.0,0.0,0.0,0,0.0,21,,,,,,,,,,,,,,,,,,,,,0
2021-05-17,0.01,0.0,0.005,0.01,0.005,0.005,0.005,0.005000000000000111,0.005000000000000167,0.14500000000000002,0.0,0.0,0.0,0.0,0.0,0.0010737745955734172,0,0.005,22,51.0,3.0,17.0,0.058823529411764705,1.0,1.0,0.0,1.0,36.0,3.0,0.08333333333333333,1.0,12.0,0.0,0.0,0.0,3.0,0.0,0.0,0.0,1
2021-05-18,0.0,0.0,0.0,0.0,0.005,0.005,0.005,0.005000000000000111,0.005000000000000167,0.14500000000000002,0.005,0.0,0.0,0.0,0.0,0.0008522554612949852,0,0.005,23,3.0,0.0,1.0,0.0,0.0,0.0,0.0,0.0,3.0,0.0,0.0,0.0,,,,,,,,,1
2021-05-19,0.0,0.0,0.0,0.0,0.0,0.005,0.005,0.005000000000000111,0.005000000000000167,0.14500000000000002,0.0,0.005,0.0,0.0,0.0,0.0006764356079026513,0,0.005,24,,,,,,,,,,,,,,,,,,,,,0
2021-05-20,0.0,0.0,0.0,0.0,0.0,0.0,0.005,0.005000000000000111,0.005000000000000167,0.14500000000000002,0.0,0.0,0.005,0.0,0.0,0.0005368872977867086,0,0.0,25,,,,,,,,,,,,,,,,,,,,,0
2021-05-21,0.0,0.0,0.0,0.0,0.0,0.0,0.005,0.005000000000000111,0.005000000000000167,0.14500000000000002,0.0,0.0,0.0,0.0,0.0,0.0004261277306474926,0,0.0,26,,,,,,,,,,,,,,,,,,,,,0
2021-05-22,0.0,0.0,0.0,0.0,0.0,0.0,0.0,0.005000000000000111,0.005000000000000167,0.14500000000000002,0.0,0.0,0.0,0.005,0.0,0.00033821780395132563,0,0.0,27,,,,,,,,,,,,,,,,,,,,,0
2021-05-23,0.0,0.0,0.0,0.0,0.0,0.0,0.0,0.005000000000000111,0.005000000000000167,0.14500000000000002,0.0,0.0,0.0,0.0,0.0,0.0002684436488933543,0,0.0,28,,,,,,,,,,,,,,,,,,,,,0
2021-05-24,0.0,0.0,0.0,0.0,0.0,0.0,0.0,0.0,0.005000000000000167,0.12500000000000003,0.0,0.0,0.0,0.0,0.005,0.0002130638653237463,0,0.0,29,51.0,0.0,17.0,0.0,0.0,0.0,0.0,0.0,36.0,0.0,0.0,0.0,12.0,0.0,0.0,0.0,3.0,0.0,0.0,0.0,1
2021-05-25,0.0,0.0,0.0,0.0,0.0,0.0,0.0,0.0,0.005000000000000167,0.01,0.0,0.0,0.0,0.0,0.0,0.00016910890197566284,0,0.0,30,,,,,,,,,,,,,,,,,,,,,0
2021-05-26,0.0,0.0,0.0,0.0,0.0,0.0,0.0,0.0,0.005000000000000167,0.01,0.0,0.0,0.0,0.0,0.0,0.00013422182444667715,0,0.0,31,,,,,,,,,,,,,,,,,,,,,0
2021-05-27,0.0,0.0,0.0,0.0,0.0,0.0,0.0,0.0,0.005000000000000167,0.01,0.0,0.0,0.0,0.0,0.0,0.00010653193266187315,0,0.0,32,,,,,,,,,,,,,,,,,,,,,0
2021-05-28,0.0,0.0,0.0,0.0,0.0,0.0,0.0,0.0,0.005000000000000167,0.01,0.0,0.0,0.0,0.0,0.0,8.455445098783142e-05,0,0.0,33,,,,,,,,,,,,,,,,,,,,,0
2021-05-29,0.0,0.0,0.0,0.0,0.0,0.0,0.0,0.0,0.005000000000000167,0.01,0.0,0.0,0.0,0.0,0.0,6.711091222333857e-05,0,0.0,34,,,,,,,,,,,,,,,,,,,,,0
2021-05-30,0.0,0.0,0.0,0.0,0.0,0.0,0.0,0.0,0.005000000000000167,0.01,0.0,0.0,0.0,0.0,0.0,5.326596633093659e-05,0,0.0,35,,,,,,,,,,,,,,,,,,,,,0
2021-05-31,0.0,0.0,0.0,0.0,0.0,0.0,0.0,0.0,0.0,0.005,0.0,0.0,0.0,0.0,0.0,0.0,0,0.0,36,,,,,,,,,,,,,,,,,,,,,0
2021-06-01,0.0,0.0,0.0,0.0,0.0,0.0,0.0,0.0,0.0,0.005,0.0,0.0,0.0,0.0,0.0,0.0,0,0.0,37,51.0,1.0,17.0,0.0196078431372549,1.0,1.0,0.0,1.0,36.0,1.0,0.027777777777777776,1.0,12.0,0.0,0.0,0.0,3.0,0.0,0.0,0.0,1
2021-06-02,0.0,0.0,0.0,0.0,0.0,0.0,0.0,0.0,0.0,0.005,0.0,0.0,0.0,0.0,0.0,0.0,0,0.0,38,3.0,0.0,1.0,0.0,0.0,0.0,0.0,0.0,3.0,0.0,0.0,0.0,,,,,,,,,1
2021-06-03,0.0,0.0,0.0,0.0,0.0,0.0,0.0,0.0,0.0,0.005,0.0,0.0,0.0,0.0,0.0,0.0,0,0.0,39,,,,,,,,,,,,,,,,,,,,,0
2021-06-04,0.0,0.0,0.0,0.0,0.0,0.0,0.0,0.0,0.0,0.005,0.0,0.0,0.0,0.0,0.0,0.0,0,0.0,40,,,,,,,,,,,,,,,,,,,,,0
2021-06-05,0.0,0.0,0.0,0.0,0.0,0.0,0.0,0.0,0.0,0.005,0.0,0.0,0.0,0.0,0.0,0.0,0,0.0,41,,,,,,,,,,,,,,,,,,,,,0
2021-06-06,0.0,0.0,0.0,0.0,0.0,0.0,0.0,0.0,0.0,0.005,0.0,0.0,0.0,0.0,0.0,0.0,0,0.0,42,,,,,,,,,,,,,,,,,,,,,0
2021-06-07,0.0,0.0,0.0,0.0,0.0,0.0,0.0,0.0,0.0,0.005,0.0,0.0,0.0,0.0,0.0,0.0,0,0.0,43,42.0,0.0,14.0,0.0,0.0,0.0,0.0,0.0,27.0,0.0,0.0,0.0,12.0,0.0,0.0,0.0,3.0,0.0,0.0,0.0,1
2021-06-08,0.0,0.0,0.0,0.0,0.0,0.0,0.0,0.0,0.0,0.005,0.0,0.0,0.0,0.0,0.0,0.0,0,0.0,44,10.0,0.0,3.0,0.0,0.0,0.0,0.0,0.0,10.0,0.0,0.0,0.0,,,,,,,,,1
2021-06-09,0.0,0.0,0.0,0.0,0.0,0.0,0.0,0.0,0.0,0.005,0.0,0.0,0.0,0.0,0.0,0.0,0,0.0,45,,,,,,,,,,,,,,,,,,,,,0
2021-06-10,0.0,0.0,0.0,0.0,0.0,0.0,0.0,0.0,0.0,0.005,0.0,0.0,0.0,0.0,0.0,0.0,0,0.0,46,,,,,,,,,,,,,,,,,,,,,0
2021-06-11,0.0,0.0,0.0,0.0,0.0,0.0,0.0,0.0,0.0,0.005,0.0,0.0,0.0,0.0,0.0,0.0,0,0.0,47,,,,,,,,,,,,,,,,,,,,,0
2021-06-12,0.0,0.0,0.0,0.0,0.0,0.0,0.0,0.0,0.0,0.005,0.0,0.0,0.0,0.0,0.0,0.0,0,0.0,48,,,,,,,,,,,,,,,,,,,,,0
2021-06-13,0.0,0.0,0.0,0.0,0.0,0.0,0.0,0.0,0.0,0.005,0.0,0.0,0.0,0.0,0.0,0.0,0,0.0,49,,,,,,,,,,,,,,,,,,,,,0
2021-06-14,0.01,0.0,0.005,0.01,0.005,0.005,0.005,0.005000000000000111,0.005000000000000167,0.01,0.0,0.0,0.0,0.0,0.0,0.0010737745955734172,0,0.005,50,52.0,0.0,17.0,0.0,0.0,0.0,0.0,0.0,37.0,0.0,0.0,0.0,12.0,0.0,0.0,0.0,3.0,0.0,0.0,0.0,1
2021-06-15,0.0,0.0,0.0,0.0,0.005,0.005,0.005,0.005000000000000111,0.005000000000000167,0.01,0.005,0.0,0.0,0.0,0.0,0.0008522554612949852,0,0.005,51,,,,,,,,,,,,,,,,,,,,,0
2021-06-16,0.0,0.0,0.0,0.0,0.0,0.005,0.005,0.005000000000000111,0.005000000000000167,0.005,0.0,0.005,0.0,0.0,0.0,0.0006764356079026513,0,0.005,52,,,,,,,,,,,,,,,,,,,,,0
2021-06-17,0.0,0.0,0.0,0.0,0.0,0.0,0.005,0.005000000000000111,0.005000000000000167,0.005,0.0,0.0,0.005,0.0,0.0,0.0005368872977867086,0,0.0,53,,,,,,,,,,,,,,,,,,,,,0
2021-06-18,0.0,0.0,0.0,0.0,0.0,0.0,0.005,0.005000000000000111,0.005000000000000167,0.005,0.0,0.0,0.0,0.0,0.0,0.0004261277306474926,0,0.0,54,,,,,,,,,,,,,,,,,,,,,0
2021-06-19,0.0,0.0,0.0,0.0,0.0,0.0,0.0,0.005000000000000111,0.005000000000000167,0.005,0.0,0.0,0.0,0.005,0.0,0.00033821780395132563,0,0.0,55,,,,,,,,,,,,,,,,,,,,,0
2021-06-20,0.0,0.0,0.0,0.0,0.0,0.0,0.0,0.005000000000000111,0.005000000000000167,0.005,0.0,0.0,0.0,0.0,0.0,0.0002684436488933543,0,0.0,56,,,,,,,,,,,,,,,,,,,,,0
2021-06-21,0.0,0.0,0.0,0.0,0.0,0.0,0.0,0.0,0.005000000000000167,0.005,0.0,0.0,0.0,0.0,0.005,0.0002130638653237463,0,0.0,57,51.0,1.0,17.0,0.0196078431372549,1.0,1.0,0.0,1.0,36.0,0.0,0.0,0.0,12.0,0.0,0.0,0.0,3.0,1.0,0.3333333333333333,1.0,1
2021-06-22,0.0,0.0,0.0,0.0,0.0,0.0,0.0,0.0,0.005000000000000167,0.005,0.0,0.0,0.0,0.0,0.0,0.00016910890197566284,0,0.0,58,3.0,0.0,1.0,0.0,0.0,0.0,0.0,0.0,,,,,,,,,3.0,0.0,0.0,0.0,1
2021-06-23,0.0,0.0,0.0,0.0,0.0,0.0,0.0,0.0,0.005000000000000167,0.005,0.0,0.0,0.0,0.0,0.0,0.00013422182444667715,0,0.0,59,,,,,,,,,,,,,,,,,,,,,0
2021-06-24,0.0,0.0,0.0,0.0,0.0,0.0,0.0,0.0,0.005000000000000167,0.005,0.0,0.0,0.0,0.0,0.0,0.00010653193266187315,0,0.0,60,,,,,,,,,,,,,,,,,,,,,0
2021-06-25,0.0,0.0,0.0,0.0,0.0,0.0,0.0,0.0,0.005000000000000167,0.005,0.0,0.0,0.0,0.0,0.0,8.455445098783142e-05,0,0.0,61,,,,,,,,,,,,,,,,,,,,,0
2021-06-26,0.0,0.0,0.0,0.0,0.0,0.0,0.0,0.0,0.005000000000000167,0.005,0.0,0.0,0.0,0.0,0.0,6.711091222333857e-05,0,0.0,62,,,,,,,,,,,,,,,,,,,,,0
2021-06-27,0.0,0.0,0.0,0.0,0.0,0.0,0.0,0.0,0.005000000000000167,0.005,0.0,0.0,0.0,0.0,0.0,5.326596633093659e-05,0,0.0,63,,,,,,,,,,,,,,,,,,,,,0
2021-06-28,0.0,0.0,0.0,0.0,0.0,0.0,0.0,0.0,0.0,0.005,0.0,0.0,0.0,0.0,0.0,0.0,0,0.0,64,51.0,2.0,17.0,0.0392156862745098,2.0,2.0,0.0,1.0,36.0,1.0,0.027777777777777776,1.0,12.0,1.0,0.08333333333333333,1.0,3.0,0.0,0.0,0.0,1
2021-06-29,0.0,0.0,0.0,0.0,0.0,0.0,0.0,0.0,0.0,0.005,0.0,0.0,0.0,0.0,0.0,0.0,0,0.0,65,6.0,0.0,2.0,0.0,0.0,0.0,0.0,0.0,3.0,0.0,0.0,0.0,3.0,0.0,0.0,0.0,,,,,1
2021-06-30,0.0,0.0,0.0,0.0,0.0,0.0,0.0,0.0,0.0,0.005,0.0,0.0,0.0,0.0,0.0,0.0,0,0.0,66,,,,,,,,,,,,,,,,,,,,,0
2021-07-01,0.0,0.02,0.01,0.02,0.01,0.01,0.01,0.010000000000000111,0.010000000000000167,0.015,0.0,0.0,0.0,0.0,0.0,0.0021475491911468344,0,0.01,67,3.0,0.0,1.0,0.0,0.0,0.0,0.0,0.0,3.0,0.0,0.0,0.0,,,,,,,,,1
2021-07-02,0.0,0.0,0.0,0.0,0.01,0.01,0.01,0.010000000000000111,0.010000000000000167,0.015000000000000001,0.01,0.0,0.0,0.0,0.0,0.0017045109225899704,0,0.01,68,,,,,,,,,,,,,,,,,,,,,0
2021-07-03,0.0,0.0,0.0,0.0,0.0,0.01,0.01,0.010000000000000111,0.010000000000000167,0.015000000000000001,0.0,0.01,0.0,0.0,0.0,0.0013528712158053025,0,0.01,69,,,,,,,,,,,,,,,,,,,,,0
2021-07-04,0.0,0.0,0.0,0.0,0.0,0.0,0.01,0.010000000000000111,0.010000000000000167,0.015000000000000001,0.0,0.0,0.01,0.0,0.0,0.0010737745955734172,0,0.0,70,,,,,,,,,,,,,,,,,,,,,0
2021-07-05,0.0,0.0,0.0,0.0,0.0,0.0,0.01,0.010000000000000111,0.010000000000000167,0.015000000000000001,0.0,0.0,0.0,0.0,0.0,0.0008522554612949852,0,0.0,71,,,,,,,,,,,,,,,,,,,,,0
2021-07-06,0.0,0.0,0.0,0.0,0.0,0.0,0.0,0.010000000000000111,0.010000000000000167,0.015000000000000001,0.0,0.0,0.0,0.01,0.0,0.0006764356079026513,0,0.0,72,51.0,2.0,17.0,0.0392156862745098,2.0,2.0,0.0,1.0,36.0,1.0,0.027777777777777776,1.0,12.0,1.0,0.08333333333333333,1.0,3.0,0.0,0.0,0.0,1
2021-07-07,0.0,0.0,0.0,0.0,0.0,0.0,0.0,0.010000000000000111,0.010000000000000167,0.015000000000000001,0.0,0.0,0.0,0.0,0.0,0.0005368872977867086,0,0.0,73,6.0,0.0,2.0,0.0,0.0,0.0,0.0,0.0,3.0,0.0,0.0,0.0,3.0,0.0,0.0,0.0,,,,,1
2021-07-08,0.0,0.0,0.0,0.0,0.0,0.0,0.0,0.0,0.010000000000000167,0.015000000000000001,0.0,0.0,0.0,0.0,0.01,0.0004261277306474926,0,0.0,74,,,,,,,,,,,,,,,,,,,,,0
2021-07-09,0.0,0.0,0.0,0.0,0.0,0.0,0.0,0.0,0.010000000000000167,0.015000000000000001,0.0,0.0,0.0,0.0,0.0,0.0003382178039513257,0,0.0,75,,,,,,,,,,,,,,,,,,,,,0
2021-07-10,0.0,0.0,0.0,0.0,0.0,0.0,0.0,0.0,0.010000000000000167,0.015000000000000001,0.0,0.0,0.0,0.0,0.0,0.0002684436488933543,0,0.0,76,,,,,,,,,,,,,,,,,,,,,0
2021-07-11,0.0,0.0,0.0,0.0,0.0,0.0,0.0,0.0,0.010000000000000167,0.015000000000000001,0.0,0.0,0.0,0.0,0.0,0.0002130638653237463,0,0.0,77,,,,,,,,,,,,,,,,,,,,,0
2021-07-12,0.0,0.0,0.0,0.0,0.0,0.0,0.0,0.0,0.010000000000000167,0.015000000000000001,0.0,0.0,0.0,0.0,0.0,0.00016910890197566284,0,0.0,78,51.0,0.0,17.0,0.0,0.0,0.0,0.0,0.0,36.0,0.0,0.0,0.0,12.0,0.0,0.0,0.0,3.0,0.0,0.0,0.0,1
2021-07-13,0.0,0.0,0.0,0.0,0.0,0.0,0.0,0.0,0.010000000000000167,0.015000000000000001,0.0,0.0,0.0,0.0,0.0,0.00013422182444667715,0,0.0,79,,,,,,,,,,,,,,,,,,,,,0
2021-07-14,0.0,0.0,0.0,0.0,0.0,0.0,0.0,0.0,0.010000000000000167,0.010000000000000002,0.0,0.0,0.0,0.0,0.0,0.00010653193266187317,0,0.0,80,,,,,,,,,,,,,,,,,,,,,0
2021-07-15,0.0,0.0,0.0,0.0,0.0,0.0,0.0,0.0,0.0,0.010000000000000002,0.0,0.0,0.0,0.0,0.0,0.0,0,0.0,81,,,,,,,,,,,,,,,,,,,,,0
2021-07-16,0.0,0.0,0.0,0.0,0.0,0.0,0.0,0.0,0.0,0.010000000000000002,0.0,0.0,0.0,0.0,0.0,0.0,0,0.0,82,,,,,,,,,,,,,,,,,,,,,0
2021-07-17,0.0,0.0,0.0,0.0,0.0,0.0,0.0,0.0,0.0,0.010000000000000002,0.0,0.0,0.0,0.0,0.0,0.0,0,0.0,83,,,,,,,,,,,,,,,,,,,,,0
2021-07-18,0.0,0.0,0.0,0.0,0.0,0.0,0.0,0.0,0.0,0.010000000000000002,0.0,0.0,0.0,0.0,0.0,0.0,0,0.0,84,,,,,,,,,,,,,,,,,,,,,0
2021-07-19,0.0,0.0,0.0,0.0,0.0,0.0,0.0,0.0,0.0,0.010000000000000002,0.0,0.0,0.0,0.0,0.0,0.0,0,0.0,85,51.0,0.0,17.0,0.0,0.0,0.0,0.0,0.0,36.0,0.0,0.0,0.0,12.0,0.0,0.0,0.0,3.0,0.0,0.0,0.0,1
2021-07-20,0.0,0.0,0.0,0.0,0.0,0.0,0.0,0.0,0.0,0.010000000000000002,0.0,0.0,0.0,0.0,0.0,0.0,0,0.0,86,3.0,0.0,1.0,0.0,0.0,0.0,0.0,0.0,,,,,3.0,0.0,0.0,0.0,,,,,1
2021-07-21,0.0,0.0,0.0,0.0,0.0,0.0,0.0,0.0,0.0,0.010000000000000002,0.0,0.0,0.0,0.0,0.0,0.0,0,0.0,87,,,,,,,,,,,,,,,,,,,,,0
2021-07-22,0.0,0.0,0.0,0.0,0.0,0.0,0.0,0.0,0.0,0.010000000000000002,0.0,0.0,0.0,0.0,0.0,0.0,0,0.0,88,,,,,,,,,,,,,,,,,,,,,0
2021-07-23,0.0,0.0,0.0,0.0,0.0,0.0,0.0,0.0,0.0,0.010000000000000002,0.0,0.0,0.0,0.0,0.0,0.0,0,0.0,89,,,,,,,,,,,,,,,,,,,,,0
2021-07-24,0.0,0.0,0.0,0.0,0.0,0.0,0.0,0.0,0.0,0.010000000000000002,0.0,0.0,0.0,0.0,0.0,0.0,0,0.0,90,,,,,,,,,,,,,,,,,,,,,0
2021-07-25,0.0,0.0,0.0,0.0,0.0,0.0,0.0,0.0,0.0,0.010000000000000002,0.0,0.0,0.0,0.0,0.0,0.0,0,0.0,91,,,,,,,,,,,,,,,,,,,,,0
2021-07-26,0.0,0.0,0.0,0.0,0.0,0.0,0.0,0.0,0.0,0.010000000000000002,0.0,0.0,0.0,0.0,0.0,0.0,0,0.0,92,51.0,1.0,17.0,0.0196078431372549,1.0,1.0,0.0,1.0,36.0,0.0,0.0,0.0,12.0,1.0,0.08333333333333333,1.0,3.0,0.0,0.0,0.0,1
2021-07-27,0.0,0.0,0.0,0.0,0.0,0.0,0.0,0.0,0.0,0.010000000000000002,0.0,0.0,0.0,0.0,0.0,0.0,0,0.0,93,3.0,1.0,1.0,0.3333333333333333,1.0,1.0,0.0,1.0,,,,,3.0,1.0,0.3333333333333333,1.0,,,,,1
2021-07-28,0.0,0.0,0.0,0.0,0.0,0.0,0.0,0.0,0.0,0.010000000000000002,0.0,0.0,0.0,0.0,0.0,0.0,0,0.0,94,,,,,,,,,,,,,,,,,,,,,0
2021-07-29,0.0,0.0,0.0,0.0,0.0,0.0,0.0,0.0,0.0,0.010000000000000002,0.0,0.0,0.0,0.0,0.0,0.0,0,0.0,95,3.0,0.0,1.0,0.0,0.0,0.0,0.0,0.0,,,,,3.0,0.0,0.0,0.0,,,,,1
2021-07-30,0.0,0.0,0.0,0.0,0.0,0.0,0.0,0.0,0.0,0.010000000000000002,0.0,0.0,0.0,0.0,0.0,0.0,0,0.0,96,,,,,,,,,,,,,,,,,,,,,0
2021-07-31,0.0,0.0,0.0,0.0,0.0,0.0,0.0,0.0,0.0,0.0,0.0,0.0,0.0,0.0,0.0,0.0,0,0.0,97,,,,,,,,,,,,,,,,,,,,,0
2021-08-01,0.0,0.0,0.0,0.0,0.0,0.0,0.0,0.0,0.0,0.0,0.0,0.0,0.0,0.0,0.0,0.0,0,0.0,98,,,,,,,,,,,,,,,,,,,,,0
2021-08-02,0.0,0.0,0.0,0.0,0.0,0.0,0.0,0.0,0.0,0.0,0.0,0.0,0.0,0.0,0.0,0.0,0,0.0,99,51.0,0.0,17.0,0.0,0.0,0.0,0.0,0.0,36.0,0.0,0.0,0.0,12.0,0.0,0.0,0.0,3.0,0.0,0.0,0.0,1
2021-08-03,0.0,0.0,0.0,0.0,0.0,0.0,0.0,0.0,0.0,0.0,0.0,0.0,0.0,0.0,0.0,0.0,0,0.0,100,3.0,0.0,1.0,0.0,0.0,0.0,0.0,0.0,,,,,3.0,0.0,0.0,0.0,,,,,1
2021-08-04,0.01,0.0,0.005,0.01,0.005,0.005,0.005,0.005000000000000111,0.005000000000000167,0.005,0.0,0.0,0.0,0.0,0.0,0.0010737745955734172,0,0.005,101,,,,,,,,,,,,,,,,,,,,,0
2021-08-05,0.04,0.0,0.02,0.04,0.025,0.025,0.025,0.025000000000000112,0.025000000000000168,0.025,0.005,0.0,0.0,0.0,0.0,0.005147353843588653,0,0.02,102,3.0,0.0,1.0,0.0,0.0,0.0,0.0,0.0,,,,,,,,,3.0,0.0,0.0,0.0,1
2021-08-06,0.0,0.0,0.0,0.0,0.02,0.025,0.025,0.025000000000000112,0.025000000000000168,0.025,0.02,0.005,0.0,0.0,0.0,0.004085457453082592,0,0.02,103,,,,,,,,,,,,,,,,,,,,,0
2021-08-07,0.0,0.0,0.0,0.0,0.0,0.02,0.025,0.025000000000000112,0.025000000000000168,0.025,0.0,0.02,0.005,0.0,0.0,0.0032426297293973137,0,0.02,104,,,,,,,,,,,,,,,,,,,,,0
2021-08-08,0.0,0.0,0.0,0.0,0.0,0.0,0.025,0.025000000000000112,0.025000000000000168,0.025,0.0,0.0,0.02,0.0,0.0,0.0025736769217943266,0,0.0,105,,,,,,,,,,,,,,,,,,,,,0
2021-08-09,0.0,0.0,0.0,0.0,0.0,0.0,0.02,0.025000000000000112,0.025000000000000168,0.025,0.0,0.0,0.0,0.005,0.0,0.002042728726541296,0,0.0,106,51.0,0.0,17.0,0.0,0.0,0.0,0.0,0.0,36.0,0.0,0.0,0.0,12.0,0.0,0.0,0.0,3.0,0.0,0.0,0.0,1
2021-08-10,0.0,0.0,0.0,0.0,0.0,0.0,0.0,0.025000000000000112,0.025000000000000168,0.025,0.0,0.0,0.0,0.02,0.0,0.0016213148646986569,0,0.0,107,,,,,,,,,,,,,,,,,,,,,0
2021-08-11,0.0,0.0,0.0,0.0,0.0,0.0,0.0,0.02000000000000011,0.025000000000000168,0.025,0.0,0.0,0.0,0.0,0.005,0.0012868384608971633,0,0.0,108,,,,,,,,,,,,,,,,,,,,,0
2021-08-12,0.0,0.0,0.0,0.0,0.0,0.0,0.0,0.0,0.025000000000000168,0.025,0.0,0.0,0.0,0.0,0.02,0.001021364363270648,0,0.0,109,,,,,,,,,,,,,,,,,,,,,0
2021-08-13,0.0,0.0,0.0,0.0,0.0,0.0,0.0,0.0,0.025000000000000168,0.025,0.0,0.0,0.0,0.0,0.0,0.0008106574323493285,0,0.0,110,,,,,,,,,,,,,,,,,,,,,0
2021-08-14,0.0,0.0,0.0,0.0,0.0,0.0,0.0,0.0,0.025000000000000168,0.025,0.0,0.0,0.0,0.0,0.0,0.0006434192304485818,0,0.0,111,,,,,,,,,,,,,,,,,,,,,0
2021-08-15,0.0,0.0,0.0,0.0,0.0,0.0,0.0,0.0,0.025000000000000168,0.025,0.0,0.0,0.0,0.0,0.0,0.000510682181635324,0,0.0,112,,,,,,,,,,,,,,,,,,,,,0
2021-08-16,0.0,0.0,0.0,0.0,0.0,0.0,0.0,0.0,0.025000000000000168,0.025,0.0,0.0,0.0,0.0,0.0,0.00040532871617466427,0,0.0,113,51.0,0.0,17.0,0.0,0.0,0.0,0.0,0.0,36.0,0.0,0.0,0.0,12.0,0.0,0.0,0.0,3.0,0.0,0.0,0.0,1
2021-08-17,0.0,0.0,0.0,0.0,0.0,0.0,0.0,0.0,0.025000000000000168,0.025,0.0,0.0,0.0,0.0,0.0,0.00032170961522429083,0,0.0,114,6.0,0.0,2.0,0.0,0.0,0.0,0.0,0.0,6.0,0.0,0.0,0.0,,,,,,,,,1
2021-08-18,0.0,0.0,0.0,0.0,0.0,0.0,0.0,0.0,0.020000000000000167,0.025,0.0,0.0,0.0,0.0,0.0,0.00021306386532374635,0,0.0,115,,,,,,,,,,,,,,,,,,,,,0
2021-08-19,0.0,0.0,0.0,0.0,0.0,0.0,0.0,0.0,0.0,0.025,0.0,0.0,0.0,0.0,0.0,0.0,0,0.0,116,,,,,,,,,,,,,,,,,,,,,0
2021-08-20,0.0,0.0,0.0,0.0,0.0,0.0,0.0,0.0,0.0,0.025,0.0,0.0,0.0,0.0,0.0,0.0,0,0.0,117,,,,,,,,,,,,,,,,,,,,,0
2021-08-21,0.0,0.0,0.0,0.0,0.0,0.0,0.0,0.0,0.0,0.025,0.0,0.0,0.0,0.0,0.0,0.0,0,0.0,118,,,,,,,,,,,,,,,,,,,,,0
2021-08-22,0.0,0.0,0.0,0.0,0.0,0.0,0.0,0.0,0.0,0.025,0.0,0.0,0.0,0.0,0.0,0.0,0,0.0,119,,,,,,,,,,,,,,,,,,,,,0
2021-08-23,0.0,0.0,0.0,0.0,0.0,0.0,0.0,0.0,0.0,0.025,0.0,0.0,0.0,0.0,0.0,0.0,0,0.0,120,30.0,0.0,10.0,0.0,0.0,0.0,0.0,0.0,15.0,0.0,0.0,0.0,12.0,0.0,0.0,0.0,3.0,0.0,0.0,0.0,1
2021-08-24,0.0,0.0,0.0,0.0,0.0,0.0,0.0,0.0,0.0,0.025,0.0,0.0,0.0,0.0,0.0,0.0,0,0.0,121,21.0,2.0,7.0,0.09523809523809523,1.0,1.0,0.0,1.0,21.0,2.0,0.09523809523809523,1.0,,,,,,,,,1
2021-08-25,0.0,0.0,0.0,0.0,0.0,0.0,0.0,0.0,0.0,0.025,0.0,0.0,0.0,0.0,0.0,0.0,0,0.0,122,3.0,0.0,1.0,0.0,0.0,0.0,0.0,0.0,3.0,0.0,0.0,0.0,,,,,,,,,1
2021-08-26,0.0,0.0,0.0,0.0,0.0,0.0,0.0,0.0,0.0,0.025,0.0,0.0,0.0,0.0,0.0,0.0,0,0.0,123,,,,,,,,,,,,,,,,,,,,,0
2021-08-27,0.0,0.0,0.0,0.0,0.0,0.0,0.0,0.0,0.0,0.025,0.0,0.0,0.0,0.0,0.0,0.0,0,0.0,124,,,,,,,,,,,,,,,,,,,,,0
2021-08-28,0.0,0.0,0.0,0.0,0.0,0.0,0.0,0.0,0.0,0.025,0.0,0.0,0.0,0.0,0.0,0.0,0,0.0,125,,,,,,,,,,,,,,,,,,,,,0
2021-08-29,0.0,0.0,0.0,0.0,0.0,0.0,0.0,0.0,0.0,0.025,0.0,0.0,0.0,0.0,0.0,0.0,0,0.0,126,,,,,,,,,,,,,,,,,,,,,0
2021-08-30,0.0,0.0,0.0,0.0,0.0,0.0,0.0,0.0,0.0,0.025,0.0,0.0,0.0,0.0,0.0,0.0,0,0.0,127,51.0,2.0,17.0,0.0392156862745098,2.0,2.0,0.0,1.0,36.0,1.0,0.027777777777777776,1.0,12.0,1.0,0.08333333333333333,1.0,3.0,0.0,0.0,0.0,1
2021-08-31,0.0,0.0,0.0,0.0,0.0,0.0,0.0,0.0,0.0,0.025,0.0,0.0,0.0,0.0,0.0,0.0,0,0.0,128,6.0,0.0,2.0,0.0,0.0,0.0,0.0,0.0,3.0,0.0,0.0,0.0,3.0,0.0,0.0,0.0,,,,,1
2021-09-01,0.0,0.0,0.0,0.0,0.0,0.0,0.0,0.0,0.0,0.025,0.0,0.0,0.0,0.0,0.0,0.0,0,0.0,129,,,,,,,,,,,,,,,,,,,,,0
2021-09-02,0.0,0.0,0.0,0.0,0.0,0.0,0.0,0.0,0.0,0.025,0.0,0.0,0.0,0.0,0.0,0.0,0,0.0,130,,,,,,,,,,,,,,,,,,,,,0
2021-09-03,0.0,0.0,0.0,0.0,0.0,0.0,0.0,0.0,0.0,0.02,0.0,0.0,0.0,0.0,0.0,0.0,0,0.0,131,,,,,,,,,,,,,,,,,,,,,0
2021-09-04,0.0,0.0,0.0,0.0,0.0,0.0,0.0,0.0,0.0,0.0,0.0,0.0,0.0,0.0,0.0,0.0,0,0.0,132,,,,,,,,,,,,,,,,,,,,,0
2021-09-05,0.0,0.0,0.0,0.0,0.0,0.0,0.0,0.0,0.0,0.0,0.0,0.0,0.0,0.0,0.0,0.0,0,0.0,133,,,,,,,,,,,,,,,,,,,,,0
2021-09-06,0.0,0.0,0.0,0.0,0.0,0.0,0.0,0.0,0.0,0.0,0.0,0.0,0.0,0.0,0.0,0.0,0,0.0,134,,,,,,,,,,,,,,,,,,,,,0
2021-09-07,0.0,0.0,0.0,0.0,0.0,0.0,0.0,0.0,0.0,0.0,0.0,0.0,0.0,0.0,0.0,0.0,0,0.0,135,51.0,0.0,17.0,0.0,0.0,0.0,0.0,0.0,36.0,0.0,0.0,0.0,12.0,0.0,0.0,0.0,3.0,0.0,0.0,0.0,1
2021-09-08,0.0,0.0,0.0,0.0,0.0,0.0,0.0,0.0,0.0,0.0,0.0,0.0,0.0,0.0,0.0,0.0,0,0.0,136,,,,,,,,,,,,,,,,,,,,,0
2021-09-09,0.0,0.0,0.0,0.0,0.0,0.0,0.0,0.0,0.0,0.0,0.0,0.0,0.0,0.0,0.0,0.0,0,0.0,137,,,,,,,,,,,,,,,,,,,,,0
2021-09-10,0.02,0.0,0.01,0.02,0.01,0.01,0.01,0.010000000000000111,0.010000000000000167,0.01,0.0,0.0,0.0,0.0,0.0,0.0021475491911468344,0,0.01,138,,,,,,,,,,,,,,,,,,,,,0
2021-09-11,0.0,0.0,0.0,0.0,0.01,0.01,0.01,0.010000000000000111,0.010000000000000167,0.01,0.01,0.0,0.0,0.0,0.0,0.0017045109225899704,0,0.01,139,,,,,,,,,,,,,,,,,,,,,0
2021-09-12,0.0,0.0,0.0,0.0,0.0,0.01,0.01,0.010000000000000111,0.010000000000000167,0.01,0.0,0.01,0.0,0.0,0.0,0.0013528712158053025,0,0.01,140,,,,,,,,,,,,,,,,,,,,,0
2021-09-13,0.0,0.0,0.0,0.0,0.0,0.0,0.01,0.010000000000000111,0.010000000000000167,0.01,0.0,0.0,0.01,0.0,0.0,0.0010737745955734172,0,0.0,141,51.0,3.0,17.0,0.058823529411764705,1.0,1.0,0.0,1.0,36.0,3.0,0.08333333333333333,1.0,12.0,0.0,0.0,0.0,3.0,0.0,0.0,0.0,1
2021-09-14,0.0,0.0,0.0,0.0,0.0,0.0,0.01,0.010000000000000111,0.010000000000000167,0.01,0.0,0.0,0.0,0.0,0.0,0.0008522554612949852,0,0.0,142,6.0,0.0,2.0,0.0,0.0,0.0,0.0,0.0,6.0,0.0,0.0,0.0,,,,,,,,,1
2021-09-15,0.0,0.0,0.0,0.0,0.0,0.0,0.0,0.010000000000000111,0.010000000000000167,0.01,0.0,0.0,0.0,0.01,0.0,0.0006764356079026513,0,0.0,143,,,,,,,,,,,,,,,,,,,,,0
2021-09-16,0.0,0.0,0.0,0.0,0.0,0.0,0.0,0.010000000000000111,0.010000000000000167,0.01,0.0,0.0,0.0,0.0,0.0,0.0005368872977867086,0,0.0,144,,,,,,,,,,,,,,,,,,,,,0
2021-09-17,0.0,0.0,0.0,0.0,0.0,0.0,0.0,0.0,0.010000000000000167,0.01,0.0,0.0,0.0,0.0,0.01,0.0004261277306474926,0,0.0,145,,,,,,,,,,,,,,,,,,,,,0
2021-09-18,0.02,0.0,0.01,0.02,0.01,0.01,0.01,0.010000000000000111,0.020000000000000167,0.02,0.0,0.0,0.0,0.0,0.0,0.0024857669950981596,0,0.01,146,,,,,,,,,,,,,,,,,,,,,0
2021-09-19,0.0,0.0,0.0,0.0,0.01,0.01,0.01,0.010000000000000111,0.020000000000000167,0.02,0.01,0.0,0.0,0.0,0.0,0.0019729545714833245,0,0.01,147,,,,,,,,,,,,,,,,,,,,,0
2021-09-20,0.0,0.0,0.0,0.0,0.0,0.01,0.01,0.010000000000000111,0.020000000000000167,0.02,0.0,0.01,0.0,0.0,0.0,0.0015659350811290489,0,0.01,148,51.0,3.0,17.0,0.058823529411764705,3.0,1.0,0.0,1.0,36.0,3.0,0.08333333333333333,1.0,12.0,0.0,0.0,0.0,3.0,0.0,0.0,0.0,1
2021-09-21,0.0,0.0,0.0,0.0,0.0,0.0,0.01,0.010000000000000111,0.020000000000000167,0.02,0.0,0.0,0.01,0.0,0.0,0.0012428834975490798,0,0.0,149,9.0,0.0,3.0,0.0,0.0,0.0,0.0,0.0,9.0,0.0,0.0,0.0,,,,,,,,,1
2021-09-22,0.0,0.0,0.0,0.0,0.0,0.0,0.01,0.010000000000000111,0.020000000000000167,0.02,0.0,0.0,0.0,0.0,0.0,0.0009864772857416622,0,0.0,150,,,,,,,,,,,,,,,,,,,,,0
2021-09-23,0.0,0.0,0.0,0.0,0.0,0.0,0.0,0.010000000000000111,0.020000000000000167,0.02,0.0,0.0,0.0,0.01,0.0,0.0007829675405645244,0,0.0,151,,,,,,,,,,,,,,,,,,,,,0
2021-09-24,0.0,0.0,0.0,0.0,0.0,0.0,0.0,0.010000000000000111,0.010000000000000167,0.02,0.0,0.0,0.0,0.0,0.0,0.0005368872977867086,0,0.0,152,,,,,,,,,,,,,,,,,,,,,0
2021-09-25,0.0,0.0,0.0,0.0,0.0,0.0,0.0,0.0,0.010000000000000167,0.02,0.0,0.0,0.0,0.0,0.01,0.0004261277306474926,0,0.0,153,,,,,,,,,,,,,,,,,,,,,0
2021-09-26,0.0,0.0,0.0,0.0,0.0,0.0,0.0,0.0,0.010000000000000167,0.02,0.0,0.0,0.0,0.0,0.0,0.0003382178039513257,0,0.0,154,,,,,,,,,,,,,,,,,,,,,0
2021-09-27,0.03,0.0,0.015,0.03,0.015,0.015,0.015,0.01500000000000011,0.025000000000000168,0.035,0.0,0.0,0.0,0.0,0.0,0.0034897674356136055,0,0.015,155,51.0,0.0,17.0,0.0,0.0,0.0,0.0,0.0,36.0,0.0,0.0,0.0,12.0,0.0,0.0,0.0,3.0,0.0,0.0,0.0,1
2021-09-28,0.0,0.0,0.0,0.0,0.015,0.015,0.015,0.01500000000000011,0.025000000000000168,0.035,0.015,0.0,0.0,0.0,0.0,0.0027698302492087015,0,0.015,156,,,,,,,,,,,,,,,,,,,,,0
2021-09-29,0.0,0.0,0.0,0.0,0.0,0.015,0.015,0.01500000000000011,0.025000000000000168,0.035,0.0,0.015,0.0,0.0,0.0,0.0021984157256836165,0,0.015,157,,,,,,,,,,,,,,,,,,,,,0
2021-09-30,0.0,0.0,0.0,0.0,0.0,0.0,0.015,0.01500000000000011,0.025000000000000168,0.035,0.0,0.0,0.015,0.0,0.0,0.0017448837178068027,0,0.0,158,,,,,,,,,,,,,,,,,,,,,0
2021-10-01,0.0,0.0,0.0,0.0,0.0,0.0,0.015,0.01500000000000011,0.025000000000000168,0.035,0.0,0.0,0.0,0.0,0.0,0.001384915124604351,0,0.0,159,,,,,,,,,,,,,,,,,,,,,0
2021-10-02,0.0,0.0,0.0,0.0,0.0,0.0,0.0,0.01500000000000011,0.015000000000000166,0.035,0.0,0.0,0.0,0.015,0.0,0.0010146534118539768,0,0.0,160,,,,,,,,,,,,,,,,,,,,,0
2021-10-03,0.0,0.0,0.0,0.0,0.0,0.0,0.0,0.01500000000000011,0.015000000000000166,0.035,0.0,0.0,0.0,0.0,0.0,0.0008053309466800627,0,0.0,161,,,,,,,,,,,,,,,,,,,,,0
2021-10-04,0.0,0.0,0.0,0.0,0.0,0.0,0.0,0.0,0.015000000000000166,0.035,0.0,0.0,0.0,0.0,0.015,0.0006391915959712388,0,0.0,162,51.0,2.0,17.0,0.0392156862745098,2.0,1.0,0.0,1.0,36.0,2.0,0.05555555555555555,1.0,12.0,0.0,0.0,0.0,3.0,0.0,0.0,0.0,1
2021-10-05,0.0,0.0,0.0,0.0,0.0,0.0,0.0,0.0,0.015000000000000166,0.035,0.0,0.0,0.0,0.0,0.0,0.0005073267059269885,0,0.0,163,6.0,0.0,2.0,0.0,0.0,0.0,0.0,0.0,6.0,0.0,0.0,0.0,,,,,,,,,1
2021-10-06,0.0,0.0,0.0,0.0,0.0,0.0,0.0,0.0,0.015000000000000166,0.035,0.0,0.0,0.0,0.0,0.0,0.00040266547334003147,0,0.0,164,,,,,,,,,,,,,,,,,,,,,0
2021-10-07,0.0,0.0,0.0,0.0,0.0,0.0,0.0,0.0,0.015000000000000166,0.035,0.0,0.0,0.0,0.0,0.0,0.0003195957979856194,0,0.0,165,,,,,,,,,,,,,,,,,,,,,0
2021-10-08,0.0,0.0,0.0,0.0,0.0,0.0,0.0,0.0,0.015000000000000166,0.035,0.0,0.0,0.0,0.0,0.0,0.00025366335296349426,0,0.0,166,,,,,,,,,,,,,,,,,,,,,0
2021-10-09,0.0,0.0,0.0,0.0,0.0,0.0,0.0,0.0,0.015000000000000166,0.035,0.0,0.0,0.0,0.0,0.0,0.00020133273667001568,0,0.0,167,,,,,,,,,,,,,,,,,,,,,0
2021-10-10,0.0,0.0,0.0,0.0,0.0,0.0,0.0,0.0,0.015000000000000166,0.024999999999999998,0.0,0.0,0.0,0.0,0.0,0.00015979789899280976,0,0.0,168,,,,,,,,,,,,,,,,,,,,,0
2021-10-11,0.0,0.0,0.0,0.0,0.0,0.0,0.0,0.0,0.0,0.025,0.0,0.0,0.0,0.0,0.0,0.0,0,0.0,169,,,,,,,,,,,,,,,,,,,,,0
2021-10-12,0.0,0.0,0.0,0.0,0.0,0.0,0.0,0.0,0.0,0.025,0.0,0.0,0.0,0.0,0.0,0.0,0,0.0,170,51.0,3.0,17.0,0.058823529411764705,1.0,1.0,0.0,1.0,36.0,0.0,0.0,0.0,12.0,3.0,0.25,1.0,3.0,0.0,0.0,0.0,1
2021-10-13,0.0,0.81,0.405,0.81,0.405,0.405,0.405,0.40500000000000014,0.4050000000000002,0.43000000000000005,0.0,0.0,0.0,0.0,0.0,0.08697574224144679,0,0.405,0,3.0,0.0,1.0,0.0,0.0,0.0,0.0,0.0,,,,,3.0,0.0,0.0,0.0,,,,,1
2021-10-14,0.0,0.0,0.0,0.0,0.405,0.405,0.405,0.40500000000000014,0.4050000000000002,0.43000000000000005,0.405,0.0,0.0,0.0,0.0,0.0690326923648938,1,0.405,1,,,,,,,,,,,,,,,,,,,,,0
2021-10-15,0.0,0.0,0.0,0.0,0.0,0.405,0.405,0.40500000000000014,0.4050000000000002,0.43000000000000005,0.0,0.405,0.0,0.0,0.0,0.05479128424011475,1,0.405,2,,,,,,,,,,,,,,,,,,,,,0
2021-10-16,0.0,0.0,0.0,0.0,0.0,0.0,0.405,0.40500000000000014,0.4050000000000002,0.43000000000000005,0.0,0.0,0.405,0.0,0.0,0.043487871120723394,1,0.0,3,,,,,,,,,,,,,,,,,,,,,0
2021-10-17,0.08,0.01,0.045,0.08,0.045,0.045,0.45,0.4500000000000001,0.4500000000000002,0.47500000000000003,0.0,0.0,0.0,0.0,0.0,0.04418031754260766,0,0.045,4,,,,,,,,,,,,,,,,,,,,,0
2021-10-18,0.0,0.0,0.0,0.0,0.045,0.045,0.045,0.4500000000000001,0.4500000000000002,0.465,0.045,0.0,0.0,0.405,0.0,0.03506594127171224,0,0.045,5,51.0,0.0,17.0,0.0,0.0,0.0,0.0,0.0,36.0,0.0,0.0,0.0,12.0,0.0,0.0,0.0,3.0,0.0,0.0,0.0,1
2021-10-19,0.03,0.0,0.015,0.03,0.015,0.06,0.06,0.46500000000000014,0.4650000000000002,0.48000000000000004,0.0,0.045,0.0,0.0,0.0,0.031053179818205805,0,0.045,6,,,,,,,,,,,,,,,,,,,,,0
2021-10-20,0.49,0.09,0.29,0.49,0.305,0.305,0.35,0.3500000000000001,0.7550000000000001,0.77,0.015,0.0,0.045,0.0,0.405,0.08692585169844698,0,0.29,0,,,,,,,,,,,,,,,,,,,,,0
2021-10-21,0.63,0.55,0.5900000000000001,0.63,0.8800000000000001,0.895,0.9400000000000001,0.9400000000000002,1.3450000000000002,1.36,0.29,0.015,0.0,0.0,0.0,0.19569849649233645,1,0.5900000000000001,0,24.0,13.0,8.0,0.5416666666666666,6.0,2.0,1.0,1.0,21.0,12.0,0.5714285714285714,1.0,,,,,3.0,1.0,0.3333333333333333,1.0,1
2021-10-22,0.66,0.63,0.645,0.66,1.235,1.525,1.54,1.5850000000000002,1.9900000000000002,2.005,0.5900000000000001,0.29,0.015,0.045,0.0,0.29384292242923576,1,0.645,0,28.0,14.0,9.0,0.5,7.0,2.0,1.0,1.0,25.0,11.0,0.44,1.0,,,,,3.0,3.0,1.0,1.0,1
2021-10-23,0.82,0.03,0.425,0.82,1.07,1.66,1.965,2.0100000000000002,2.415,2.43,0.645,0.5900000000000001,0.29,0.0,0.0,0.32449412271252986,1,0.645,0,21.0,3.0,7.0,0.14285714285714285,1.0,1.0,0.0,1.0,18.0,0.0,0.0,0.0,,,,,3.0,3.0,1.0,1.0,1
2021-10-24,4.02,2.24,3.13,4.02,3.5549999999999997,4.199999999999999,5.08,5.095000000000001,5.545,5.5600000000000005,0.425,0.645,0.5900000000000001,0.015,0.045,0.9297340527046429,1,3.13,0,45.0,35.0,15.0,0.7777777777777778,14.0,3.0,1.0,1.0,30.0,26.0,0.8666666666666667,1.0,12.0,6.0,0.5,1.0,3.0,3.0,1.0,1.0,1
2021-10-25,0.31,0.34,0.325,0.34,3.455,3.88,5.115,5.42,5.87,5.885,3.13,0.425,0.645,0.29,0.0,0.807725755369276,1,3.13,0,61.0,31.0,20.0,0.5081967213114754,19.0,3.0,1.0,1.0,45.0,21.0,0.4666666666666667,1.0,12.0,6.0,0.5,1.0,4.0,4.0,1.0,1.0,1
2021-10-26,0.0,0.0,0.0,0.0,0.325,3.455,4.525,5.405,5.87,5.885,0.325,3.13,0.425,0.5900000000000001,0.015,0.6410923568874987,1,3.13,1,57.0,12.0,19.0,0.21052631578947367,6.0,2.0,1.0,1.0,42.0,9.0,0.21428571428571427,1.0,12.0,0.0,0.0,0.0,3.0,3.0,1.0,1.0,1
2021-10-27,0.0,0.0,0.0,0.0,0.0,0.325,3.88,5.115,5.465,5.87,0.0,0.325,3.13,0.645,0.29,0.5054108856009866,1,0.325,2,18.0,3.0,6.0,0.16666666666666666,2.0,1.0,0.0,1.0,15.0,3.0,0.2,1.0,,,,,3.0,0.0,0.0,0.0,1
2021-10-28,0.0,0.0,0.0,0.0,0.0,0.0,3.455,4.5249999999999995,5.465,5.87,0.0,0.0,0.325,0.425,0.5900000000000001,0.40114488573959284,1,0.0,3,6.0,3.0,2.0,0.5,2.0,1.0,0.0,1.0,6.0,3.0,0.5,1.0,,,,,,,,,1
2021-10-29,0.0,0.0,0.0,0.0,0.0,0.0,0.325,3.8800000000000003,5.465,5.87,0.0,0.0,0.0,3.13,0.645,0.3183889068073464,0,0.0,4,6.0,1.0,2.0,0.16666666666666666,1.0,1.0,0.0,1.0,6.0,1.0,0.16666666666666666,1.0,,,,,,,,,1
2021-10-30,0.0,0.0,0.0,0.0,0.0,0.0,0.0,3.455,5.465,5.87,0.0,0.0,0.0,0.325,0.425,0.25270544280049334,0,0.0,5,3.0,3.0,1.0,1.0,1.0,1.0,0.0,1.0,3.0,3.0,1.0,1.0,,,,,,,,,1
2021-10-31,0.0,0.0,0.0,0.0,0.0,0.0,0.0,0.325,5.42,5.87,0.0,0.0,0.0,0.0,3.13,0.20019194784035116,0,0.0,6,3.0,2.0,1.0,0.6666666666666666,1.0,1.0,0.0,1.0,3.0,2.0,0.6666666666666666,1.0,,,,,,,,,1
2021-11-01,0.23,0.25,0.24,0.25,0.24,0.24,0.24,0.24,5.66,6.11,0.0,0.0,0.0,0.0,0.325,0.2104336348861922,0,0.24,0,51.0,10.0,17.0,0.19607843137254902,6.0,1.0,0.0,1.0,36.0,10.0,0.2777777777777778,1.0,12.0,0.0,0.0,0.0,3.0,0.0,0.0,0.0,1
2021-11-02,0.0,0.02,0.01,0.02,0.25,0.25,0.25,0.25,5.655,6.12,0.24,0.0,0.0,0.0,0.0,0.16904200420858184,1,0.24,1,18.0,2.0,6.0,0.1111111111111111,2.0,1.0,0.0,1.0,18.0,2.0,0.1111111111111111,1.0,,,,,,,,,1
2021-11-03,0.0,0.0,0.0,0.0,0.01,0.25,0.25,0.25,5.365,6.12,0.01,0.24,0.0,0.0,0.0,0.1317166485751107,1,0.24,2,9.0,2.0,3.0,0.2222222222222222,1.0,1.0,0.0,1.0,9.0,2.0,0.2222222222222222,1.0,,,,,,,,,1
2021-11-04,0.14,0.15,0.14500000000000002,0.15,0.14500000000000002,0.15500000000000003,0.395,0.395,4.92,6.265000000000001,0.0,0.01,0.24,0.0,0.0,0.13069432391827523,1,0.14500000000000002,0,6.0,0.0,2.0,0.0,0.0,0.0,0.0,0.0,6.0,0.0,0.0,0.0,,,,,,,,,1
2021-11-05,0.0,0.0,0.0,0.0,0.14500000000000002,0.14500000000000002,0.395,0.395,4.2749999999999995,6.265000000000001,0.14500000000000002,0.0,0.01,0.0,0.0,0.09827839154835623,1,0.14500000000000002,1,,,,,,,,,,,,,,,,,,,,,0
2021-11-06,0.0,0.0,0.0,0.0,0.0,0.14500000000000002,0.15500000000000003,0.395,3.85,6.265000000000001,0.0,0.14500000000000002,0.0,0.24,0.0,0.07441004689781881,1,0.14500000000000002,2,,,,,,,,,,,,,,,,,,,,,0
2021-11-07,0.0,0.0,0.0,0.0,0.0,0.0,0.14500000000000002,0.395,0.72,6.265000000000001,0.0,0.0,0.14500000000000002,0.01,0.0,0.032593750202109084,1,0.0,3,,,,,,,,,,,,,,,,,,,,,0
2021-11-08,0.56,0.71,0.635,0.71,0.635,0.635,0.78,0.79,1.03,6.9,0.0,0.0,0.0,0.0,0.24,0.15949103065992778,0,0.635,0,51.0,1.0,17.0,0.0196078431372549,1.0,1.0,0.0,1.0,36.0,1.0,0.027777777777777776,1.0,12.0,0.0,0.0,0.0,3.0,0.0,0.0,0.0,1
2021-11-09,0.34,0.1,0.22000000000000003,0.34,0.855,0.855,0.855,1.0,1.25,7.12,0.635,0.0,0.0,0.14500000000000002,0.01,0.1738341971297612,1,0.635,0,12.0,6.0,4.0,0.5,4.0,2.0,1.0,1.0,9.0,5.0,0.5555555555555556,1.0,,,,,3.0,1.0,0.3333333333333333,1.0,1
2021-11-10,0.0,0.01,0.005,0.01,0.22500000000000003,0.86,0.86,1.0050000000000001,1.2550000000000001,7.125,0.22000000000000003,0.635,0.0,0.0,0.0,0.13904606829148858,1,0.635,1,12.0,0.0,4.0,0.0,0.0,0.0,0.0,0.0,9.0,0.0,0.0,0.0,,,,,3.0,0.0,0.0,0.0,1
2021-11-11,0.0,0.0,0.0,0.0,0.005,0.22500000000000003,0.86,0.86,1.2550000000000001,7.125,0.005,0.22000000000000003,0.635,0.0,0.14500000000000002,0.11036093753897554,1,0.22000000000000003,2,,,,,,,,,,,,,,,,,,,,,0
2021-11-12,0.0,0.0,0.0,0.0,0.0,0.005,0.86,0.86,1.2550000000000001,6.72,0.0,0.005,0.22000000000000003,0.0,0.0,0.08759353417278325,1,0.005,3,,,,,,,,,,,,,,,,,,,,,0
2021-11-13,0.0,0.0,0.0,0.0,0.0,0.0,0.22500000000000003,0.86,1.2550000000000001,6.72,0.0,0.0,0.005,0.635,0.0,0.06952303414574429,0,0.0,4,,,,,,,,,,,,,,,,,,,,,0
2021-11-14,0.0,0.0,0.0,0.0,0.0,0.0,0.005,0.86,1.2550000000000001,6.72,0.0,0.0,0.0,0.22000000000000003,0.0,0.05518046876948778,0,0.0,5,,,,,,,,,,,,,,,,,,,,,0
2021-11-15,0.0,0.0,0.0,0.0,0.0,0.0,0.0,0.22500000000000003,1.0150000000000001,6.72,0.0,0.0,0.0,0.005,0.635,0.04176746026268368,0,0.0,6,51.0,1.0,17.0,0.0196078431372549,1.0,1.0,0.0,1.0,36.0,1.0,0.027777777777777776,1.0,12.0,0.0,0.0,0.0,3.0,0.0,0.0,0.0,1
2021-11-16,0.0,0.0,0.0,0.0,0.0,0.0,0.0,0.005,1.0050000000000001,6.675,0.0,0.0,0.0,0.0,0.22000000000000003,0.03306630072852419,0,0.0,7,3.0,1.0,1.0,0.3333333333333333,1.0,1.0,0.0,1.0,3.0,1.0,0.3333333333333333,1.0,,,,,,,,,1
2021-11-17,0.0,0.0,0.0,0.0,0.0,0.0,0.0,0.0,1.0050000000000001,6.675,0.0,0.0,0.0,0.0,0.005,0.026244740280578074,0,0.0,8,3.0,1.0,1.0,0.3333333333333333,1.0,1.0,0.0,1.0,3.0,1.0,0.3333333333333333,1.0,,,,,,,,,1
2021-11-18,0.0,0.0,0.0,0.0,0.0,0.0,0.0,0.0,0.86,6.659999999999999,0.0,0.0,0.0,0.0,0.0,0.019604424625687348,0,0.0,9,3.0,1.0,1.0,0.3333333333333333,1.0,1.0,0.0,1.0,3.0,1.0,0.3333333333333333,1.0,,,,,,,,,1
2021-11-19,0.01,0.01,0.01,0.01,0.01,0.01,0.01,0.01,0.87,6.38,0.0,0.0,0.0,0.0,0.0,0.01770759132817052,0,0.01,10,3.0,1.0,1.0,0.3333333333333333,1.0,1.0,0.0,1.0,3.0,1.0,0.3333333333333333,1.0,,,,,,,,,1
2021-11-20,0.0,0.0,0.0,0.0,0.01,0.01,0.01,0.01,0.87,5.79,0.01,0.0,0.0,0.0,0.0,0.014054524551080423,0,0.01,11,3.0,1.0,1.0,0.3333333333333333,1.0,1.0,0.0,1.0,3.0,1.0,0.3333333333333333,1.0,,,,,,,,,1
2021-11-21,0.0,0.01,0.005,0.01,0.005,0.015,0.015,0.015,0.875,5.15,0.0,0.01,0.0,0.0,0.0,0.012228858124222395,0,0.01,12,3.0,0.0,1.0,0.0,0.0,0.0,0.0,0.0,3.0,0.0,0.0,0.0,,,,,,,,,1
2021-11-22,0.0,0.0,0.0,0.0,0.005,0.005,0.015,0.015,0.24000000000000002,4.7250000000000005,0.005,0.0,0.01,0.0,0.0,0.004336843487652952,0,0.005,13,51.0,0.0,17.0,0.0,0.0,0.0,0.0,0.0,36.0,0.0,0.0,0.0,12.0,0.0,0.0,0.0,3.0,0.0,0.0,0.0,1
2021-11-23,0.0,0.0,0.0,0.0,0.0,0.005,0.015,0.015,0.02,1.595,0.0,0.005,0.0,0.0,0.0,0.001581957035528573,0,0.005,14,,,,,,,,,,,,,,,,,,,,,0
2021-11-24,0.0,0.0,0.0,0.0,0.0,0.0,0.005,0.015,0.015,1.27,0.0,0.0,0.005,0.01,0.0,0.0012133229056893596,0,0.0,15,,,,,,,,,,,,,,,,,,,,,0
2021-11-25,0.0,0.0,0.0,0.0,0.0,0.0,0.005,0.015,0.015,1.27,0.0,0.0,0.0,0.0,0.0,0.0009630150284342011,0,0.0,16,,,,,,,,,,,,,,,,,,,,,0
2021-11-26,0.0,0.0,0.0,0.0,0.0,0.0,0.0,0.005,0.015,1.27,0.0,0.0,0.0,0.005,0.01,0.0007643455345988183,0,0.0,17,,,,,,,,,,,,,,,,,,,,,0
2021-11-27,0.0,0.0,0.0,0.0,0.0,0.0,0.0,0.005,0.015,1.27,0.0,0.0,0.0,0.0,0.0,0.0006066614528446799,0,0.0,18,,,,,,,,,,,,,,,,,,,,,0
2021-11-28,0.0,0.0,0.0,0.0,0.0,0.0,0.0,0.0,0.015,1.27,0.0,0.0,0.0,0.0,0.005,0.00048150751421710065,0,0.0,19,,,,,,,,,,,,,,,,,,,,,0
2021-11-29,0.0,0.0,0.0,0.0,0.0,0.0,0.0,0.0,0.015,1.27,0.0,0.0,0.0,0.0,0.0,0.00038217276729940914,0,0.0,20,51.0,1.0,17.0,0.0196078431372549,1.0,1.0,0.0,1.0,36.0,1.0,0.027777777777777776,1.0,12.0,0.0,0.0,0.0,3.0,0.0,0.0,0.0,1
2021-11-30,0.0,0.0,0.0,0.0,0.0,0.0,0.0,0.0,0.015,1.27,0.0,0.0,0.0,0.0,0.0,0.00030333072642234,0,0.0,21,3.0,0.0,1.0,0.0,0.0,0.0,0.0,0.0,3.0,0.0,0.0,0.0,,,,,,,,,1
2021-12-01,0.0,0.0,0.0,0.0,0.0,0.0,0.0,0.0,0.015,1.03,0.0,0.0,0.0,0.0,0.0,0.00024075375710855027,0,0.0,22,,,,,,,,,,,,,,,,,,,,,0
2021-12-02,0.0,0.0,0.0,0.0,0.0,0.0,0.0,0.0,0.015,1.02,0.0,0.0,0.0,0.0,0.0,0.0001910863836497046,0,0.0,23,,,,,,,,,,,,,,,,,,,,,0
2021-12-03,0.0,0.0,0.0,0.0,0.0,0.0,0.0,0.0,0.005,1.02,0.0,0.0,0.0,0.0,0.0,6.711091222333857e-05,0,0.0,24,,,,,,,,,,,,,,,,,,,,,0
2021-12-04,0.0,0.0,0.0,0.0,0.0,0.0,0.0,0.0,0.005,0.875,0.0,0.0,0.0,0.0,0.0,5.326596633093659e-05,0,0.0,25,,,,,,,,,,,,,,,,,,,,,0
2021-12-05,0.0,0.0,0.0,0.0,0.0,0.0,0.0,0.0,0.0,0.875,0.0,0.0,0.0,0.0,0.0,0.0,0,0.0,26,,,,,,,,,,,,,,,,,,,,,0
2021-12-06,0.01,0.02,0.015,0.02,0.015,0.015,0.015,0.015,0.015,0.89,0.0,0.0,0.0,0.0,0.0,0.003221323786720251,0,0.015,27,51.0,1.0,17.0,0.0196078431372549,1.0,1.0,0.0,1.0,36.0,0.0,0.0,0.0,12.0,0.0,0.0,0.0,3.0,1.0,0.3333333333333333,1.0,1
2021-12-07,0.03,0.05,0.04,0.05,0.055,0.055,0.055,0.055,0.055,0.9299999999999999,0.015,0.0,0.0,0.0,0.0,0.011146963148472293,0,0.04,28,3.0,0.0,1.0,0.0,0.0,0.0,0.0,0.0,,,,,,,,,3.0,0.0,0.0,0.0,1
2021-12-08,0.0,0.0,0.0,0.0,0.04,0.055,0.055,0.055,0.055,0.29499999999999993,0.04,0.015,0.0,0.0,0.0,0.008847350514067836,0,0.04,29,,,,,,,,,,,,,,,,,,,,,0
2021-12-09,0.01,0.0,0.005,0.01,0.005,0.045,0.06,0.06,0.06,0.07999999999999989,0.0,0.04,0.015,0.0,0.0,0.008095921352154752,0,0.04,30,,,,,,,,,,,,,,,,,,,,,0
2021-12-10,0.0,0.0,0.0,0.0,0.005,0.005,0.06,0.06,0.06,0.07499999999999989,0.005,0.0,0.04,0.0,0.0,0.006425737035531131,0,0.005,31,,,,,,,,,,,,,,,,,,,,,0
2021-12-11,0.0,0.0,0.0,0.0,0.0,0.005,0.045,0.06,0.06,0.07499999999999989,0.0,0.005,0.0,0.015,0.0,0.005100110864936569,0,0.005,32,,,,,,,,,,,,,,,,,,,,,0
2021-12-12,0.6,0.6,0.6,0.6,0.6,0.6,0.605,0.6599999999999999,0.6599999999999999,0.6749999999999998,0.0,0.0,0.005,0.04,0.0,0.13290091214488742,0,0.6,0,,,,,,,,,,,,,,,,,,,,,0
2021-12-13,2.57,3.49,3.0300000000000002,3.49,3.6300000000000003,3.6300000000000003,3.6350000000000002,3.6750000000000003,3.6900000000000004,3.705,0.6,0.0,0.0,0.0,0.015,0.7561909287906545,1,3.0300000000000002,0,66.0,38.0,18.0,0.5757575757575758,17.0,3.0,1.0,1.0,51.0,29.0,0.5686274509803921,1.0,12.0,6.0,0.5,1.0,3.0,3.0,1.0,1.0,1
2021-12-14,0.21,0.28,0.245,0.28,3.2750000000000004,3.8750000000000004,3.8750000000000004,3.8800000000000003,3.9350000000000005,3.95,3.0300000000000002,0.6,0.0,0.005,0.04,0.652804093108645,1,3.0300000000000002,0,49.0,10.0,16.0,0.20408163265306123,4.0,2.0,1.0,1.0,37.0,7.0,0.1891891891891892,1.0,9.0,0.0,0.0,0.0,3.0,3.0,1.0,1.0,1
2021-12-15,0.5,0.91,0.7050000000000001,0.91,0.9500000000000001,3.9800000000000004,4.58,4.585,4.640000000000001,4.655,0.245,3.0300000000000002,0.6,0.0,0.0,0.6695331700407564,1,3.0300000000000002,0,12.0,6.0,4.0,0.5,2.0,2.0,0.0,1.0,9.0,3.0,0.3333333333333333,1.0,,,,,3.0,3.0,1.0,1.0,1
2021-12-16,0.25,0.21,0.22999999999999998,0.25,0.935,1.1800000000000002,4.8100000000000005,4.8100000000000005,4.87,4.885,0.7050000000000001,0.245,3.0300000000000002,0.0,0.005,0.5808024606215273,1,0.7050000000000001,0,21.0,6.0,7.0,0.2857142857142857,2.0,2.0,0.0,1.0,18.0,3.0,0.16666666666666666,1.0,,,,,3.0,3.0,1.0,1.0,1
2021-12-17,0.0,0.0,0.0,0.0,0.22999999999999998,0.935,4.210000000000001,4.8100000000000005,4.87,4.885,0.22999999999999998,0.7050000000000001,0.245,0.6,0.0,0.46098321848816565,1,0.7050000000000001,1,6.0,3.0,2.0,0.5,1.0,1.0,0.0,1.0,3.0,0.0,0.0,0.0,,,,,3.0,3.0,1.0,1.0,1
2021-12-18,0.0,0.0,0.0,0.0,0.0,0.22999999999999998,1.1800000000000002,4.8100000000000005,4.87,4.885,0.0,0.22999999999999998,0.7050000000000001,3.0300000000000002,0.0,0.3658826229839001,1,0.22999999999999998,2,3.0,2.0,1.0,0.6666666666666666,1.0,1.0,0.0,1.0,,,,,,,,,3.0,2.0,0.6666666666666666,1.0,1
2021-12-19,0.0,0.0,0.0,0.0,0.0,0.0,0.935,4.210000000000001,4.87,4.875,0.0,0.0,0.22999999999999998,0.245,0.6,0.29040123031076365,1,0.0,3,9.0,2.0,3.0,0.2222222222222222,2.0,1.0,0.0,1.0,6.0,2.0,0.3333333333333333,1.0,,,,,3.0,0.0,0.0,0.0,1
2021-12-20,0.0,0.0,0.0,0.0,0.0,0.0,0.22999999999999998,1.1800000000000002,4.855,4.875,0.0,0.0,0.0,0.7050000000000001,3.0300000000000002,0.23036477756760104,0,0.0,4,51.0,3.0,17.0,0.058823529411764705,3.0,1.0,0.0,1.0,36.0,3.0,0.08333333333333333,1.0,12.0,0.0,0.0,0.0,3.0,0.0,0.0,0.0,1
2021-12-21,0.16,0.2,0.18,0.2,0.18,0.18,0.18,1.115,4.995000000000001,5.050000000000001,0.0,0.0,0.0,0.22999999999999998,0.245,0.22115831276030679,0,0.18,0,9.0,0.0,3.0,0.0,0.0,0.0,0.0,0.0,9.0,0.0,0.0,0.0,,,,,,,,,1
2021-12-22,0.67,0.67,0.67,0.67,0.8500000000000001,0.8500000000000001,0.8500000000000001,1.08,5.665000000000001,5.720000000000001,0.18,0.0,0.0,0.0,0.7050000000000001,0.3194192649704495,1,0.67,0,,,,,,,,,,,,,,,,,,,,,0
2021-12-23,0.83,1.18,1.005,1.18,1.675,1.855,1.855,1.855,6.665000000000001,6.7250000000000005,0.67,0.18,0.0,0.0,0.22999999999999998,0.4693096551012631,1,1.005,0,39.0,15.0,13.0,0.38461538461538464,5.0,2.0,1.0,1.0,24.0,12.0,0.5,1.0,12.0,0.0,0.0,0.0,3.0,3.0,1.0,1.0,1
2021-12-24,0.09,0.14,0.115,0.14,1.1199999999999999,1.79,1.97,1.97,6.780000000000001,6.840000000000001,1.005,0.67,0.18,0.0,0.0,0.3971881358014776,1,1.005,0,15.0,6.0,5.0,0.4,2.0,2.0,0.0,1.0,12.0,3.0,0.25,1.0,,,,,3.0,3.0,1.0,1.0,1
2021-12-25,0.6,0.5,0.55,0.6,0.665,1.67,2.52,2.52,7.330000000000001,7.390000000000001,0.115,1.005,0.67,0.0,0.0,0.4333636378133527,1,1.005,0,6.0,0.0,2.0,0.0,0.0,0.0,0.0,0.0,3.0,0.0,0.0,0.0,,,,,3.0,0.0,0.0,0.0,1
2021-12-26,0.24,0.12,0.18,0.24,0.73,0.845,2.52,2.7,6.91,7.57,0.55,0.115,1.005,0.18,0.0,0.37754356565621405,1,0.55,0,,,,,,,,,,,,,,,,,,,,,0
2021-12-27,0.53,0.39,0.46,0.53,0.64,1.19,2.31,3.16,4.34,8.030000000000001,0.18,0.55,0.115,0.67,0.0,0.37282379078669103,1,0.55,0,46.0,6.0,15.0,0.13043478260869565,3.0,3.0,1.0,1.0,31.0,4.0,0.12903225806451613,1.0,12.0,1.0,0.08333333333333333,1.0,3.0,1.0,0.3333333333333333,1.0,1
2021-12-28,0.0,0.0,0.0,0.0,0.46,0.64,1.3050000000000002,2.98,4.095,8.030000000000001,0.46,0.18,0.55,1.005,0.18,0.29383885479758076,1,0.46,1,9.0,0.0,3.0,0.0,0.0,0.0,0.0,0.0,3.0,0.0,0.0,0.0,3.0,0.0,0.0,0.0,3.0,0.0,0.0,0.0,1
2021-12-29,0.61,0.73,0.6699999999999999,0.73,0.6699999999999999,1.13,1.8599999999999999,2.98,4.06,8.700000000000001,0.0,0.46,0.18,0.115,0.67,0.3711447606196011,1,0.6699999999999999,0,,,,,,,,,,,,,,,,,,,,,0
2021-12-30,0.0,0.0,0.0,0.0,0.6699999999999999,0.6699999999999999,1.31,1.975,3.8299999999999996,8.700000000000001,0.6699999999999999,0.0,0.46,0.55,1.005,0.2926330393473001,1,0.6699999999999999,1,,,,,,,,,,,,,,,,,,,,,0
2021-12-31,0.0,0.0,0.0,0.0,0.0,0.6699999999999999,1.13,1.8599999999999999,3.8299999999999996,8.700000000000001,0.0,0.6699999999999999,0.0,0.18,0.115,0.2322629972502778,1,0.6699999999999999,2,,,,,,,,,,,,,,,,,,,,,0
2022-01-01,0.0,0.0,0.0,0.0,0.0,0.0,0.6699999999999999,1.31,3.8299999999999996,8.700000000000001,0.0,0.0,0.6699999999999999,0.46,0.55,0.18434726308418903,1,0.0,3,,,,,,,,,,,,,,,,,,,,,0
2022-01-02,0.0,0.0,0.0,0.0,0.0,0.0,0.6699999999999999,1.13,3.8299999999999996,8.700000000000001,0.0,0.0,0.0,0.0,0.18,0.14631651967365006,0,0.0,4,,,,,,,,,,,,,,,,,,,,,0
2022-01-03,0.34,0.35,0.345,0.35,0.345,0.345,0.345,1.015,4.175,9.045,0.0,0.0,0.0,0.6699999999999999,0.46,0.1902219457197047,0,0.345,0,51.0,4.0,17.0,0.0784313725490196,3.0,1.0,0.0,1.0,36.0,4.0,0.1111111111111111,1.0,12.0,0.0,0.0,0.0,3.0,0.0,0.0,0.0,1
2022-01-04,0.18,0.11,0.145,0.18,0.49,0.49,0.49,1.16,4.14,9.19,0.345,0.0,0.0,0.0,0.0,0.18059674152529662,1,0.345,0,9.0,2.0,3.0,0.2222222222222222,2.0,1.0,0.0,1.0,9.0,2.0,0.2222222222222222,1.0,,,,,,,,,1
2022-01-05,0.0,0.0,0.0,0.0,0.145,0.49,0.49,0.49,3.47,9.174999999999999,0.145,0.345,0.0,0.0,0.6699999999999999,0.13767458052345774,1,0.345,1,6.0,0.0,2.0,0.0,0.0,0.0,0.0,0.0,6.0,0.0,0.0,0.0,,,,,,,,,1
2022-01-06,0.01,0.02,0.015,0.02,0.015,0.15999999999999998,0.505,0.505,2.4799999999999995,9.15,0.0,0.145,0.345,0.0,0.0,0.10399598843855187,1,0.145,2,,,,,,,,,,,,,,,,,,,,,0
2022-01-07,0.08,0.05,0.065,0.08,0.08,0.08,0.57,0.57,2.43,9.215,0.015,0.0,0.145,0.0,0.0,0.09552836428000934,1,0.065,0,,,,,,,,,,,,,,,,,,,,,0
2022-01-08,0.0,0.0,0.0,0.0,0.065,0.08,0.22499999999999998,0.57,1.88,9.209999999999999,0.065,0.015,0.0,0.345,0.0,0.07117041817111337,0,0.065,1,,,,,,,,,,,,,,,,,,,,,0
2022-01-09,0.0,0.0,0.0,0.0,0.0,0.065,0.08,0.57,1.7,9.209999999999999,0.0,0.065,0.015,0.145,0.0,0.05496601821914005,0,0.065,2,,,,,,,,,,,,,,,,,,,,,0
2022-01-10,0.0,0.0,0.0,0.0,0.0,0.0,0.08,0.22499999999999998,1.2399999999999998,9.209999999999999,0.0,0.0,0.065,0.0,0.345,0.039737052826342815,0,0.0,3,51.0,6.0,17.0,0.11764705882352941,5.0,3.0,1.0,1.0,36.0,4.0,0.1111111111111111,1.0,12.0,1.0,0.08333333333333333,1.0,3.0,1.0,0.3333333333333333,1.0,1
2022-01-11,0.0,0.0,0.0,0.0,0.0,0.0,0.065,0.08,1.2399999999999998,8.61,0.0,0.0,0.0,0.015,0.145,0.03153931972932626,0,0.0,4,15.0,0.0,5.0,0.0,0.0,0.0,0.0,0.0,9.0,0.0,0.0,0.0,3.0,0.0,0.0,0.0,3.0,0.0,0.0,0.0,1
2022-01-12,0.0,0.0,0.0,0.0,0.0,0.0,0.0,0.08,0.57,5.58,0.0,0.0,0.0,0.065,0.0,0.019367626442162243,0,0.0,5,,,,,,,,,,,,,,,,,,,,,0
2022-01-13,0.0,0.0,0.0,0.0,0.0,0.0,0.0,0.065,0.57,5.335,0.0,0.0,0.0,0.0,0.015,0.015372095294207728,0,0.0,6,,,,,,,,,,,,,,,,,,,,,0
2022-01-14,0.0,0.0,0.0,0.0,0.0,0.0,0.0,0.0,0.57,4.63,0.0,0.0,0.0,0.0,0.065,0.012200840120490379,0,0.0,7,,,,,,,,,,,,,,,,,,,,,0
2022-01-15,0.0,0.0,0.0,0.0,0.0,0.0,0.0,0.0,0.57,4.4,0.0,0.0,0.0,0.0,0.0,0.009683813221081122,0,0.0,8,,,,,,,,,,,,,,,,,,,,,0
2022-01-16,0.0,0.0,0.0,0.0,0.0,0.0,0.0,0.0,0.57,4.4,0.0,0.0,0.0,0.0,0.0,0.007686047647103866,0,0.0,9,,,,,,,,,,,,,,,,,,,,,0
2022-01-17,0.0,0.0,0.0,0.0,0.0,0.0,0.0,0.0,0.22499999999999998,4.4,0.0,0.0,0.0,0.0,0.0,0.003183291501165006,0,0.0,10,,,,,,,,,,,,,,,,,,,,,0
2022-01-18,0.0,0.0,0.0,0.0,0.0,0.0,0.0,0.0,0.08,4.4,0.0,0.0,0.0,0.0,0.0,0.001300540599511824,0,0.0,11,51.0,2.0,17.0,0.0392156862745098,2.0,2.0,0.0,1.0,36.0,0.0,0.0,0.0,12.0,1.0,0.08333333333333333,1.0,3.0,1.0,0.3333333333333333,1.0,1
2022-01-19,0.0,0.0,0.0,0.0,0.0,0.0,0.0,0.0,0.08,4.4,0.0,0.0,0.0,0.0,0.0,0.0010322397578962112,0,0.0,12,6.0,0.0,2.0,0.0,0.0,0.0,0.0,0.0,,,,,3.0,0.0,0.0,0.0,3.0,0.0,0.0,0.0,1
2022-01-20,0.0,0.0,0.0,0.0,0.0,0.0,0.0,0.0,0.065,4.22,0.0,0.0,0.0,0.0,0.0,0.0006924575623021757,0,0.0,13,,,,,,,,,,,,,,,,,,,,,0
2022-01-21,0.0,0.0,0.0,0.0,0.0,0.0,0.0,0.0,0.0,3.55,0.0,0.0,0.0,0.0,0.0,0.0,0,0.0,14,,,,,,,,,,,,,,,,,,,,,0
2022-01-22,0.0,0.0,0.0,0.0,0.0,0.0,0.0,0.0,0.0,2.545,0.0,0.0,0.0,0.0,0.0,0.0,0,0.0,15,,,,,,,,,,,,,,,,,,,,,0
2022-01-23,0.0,0.0,0.0,0.0,0.0,0.0,0.0,0.0,0.0,2.43,0.0,0.0,0.0,0.0,0.0,0.0,0,0.0,16,,,,,,,,,,,,,,,,,,,,,0
2022-01-24,0.0,0.0,0.0,0.0,0.0,0.0,0.0,0.0,0.0,1.88,0.0,0.0,0.0,0.0,0.0,0.0,0,0.0,17,42.0,0.0,14.0,0.0,0.0,0.0,0.0,0.0,30.0,0.0,0.0,0.0,9.0,0.0,0.0,0.0,3.0,0.0,0.0,0.0,1
2022-01-25,0.0,0.0,0.0,0.0,0.0,0.0,0.0,0.0,0.0,1.7,0.0,0.0,0.0,0.0,0.0,0.0,0,0.0,18,9.0,0.0,3.0,0.0,0.0,0.0,0.0,0.0,6.0,0.0,0.0,0.0,3.0,0.0,0.0,0.0,,,,,1
2022-01-26,0.0,0.0,0.0,0.0,0.0,0.0,0.0,0.0,0.0,1.2399999999999998,0.0,0.0,0.0,0.0,0.0,0.0,0,0.0,19,,,,,,,,,,,,,,,,,,,,,0
2022-01-27,0.0,0.0,0.0,0.0,0.0,0.0,0.0,0.0,0.0,1.2399999999999998,0.0,0.0,0.0,0.0,0.0,0.0,0,0.0,20,,,,,,,,,,,,,,,,,,,,,0
2022-01-28,0.0,0.0,0.0,0.0,0.0,0.0,0.0,0.0,0.0,0.57,0.0,0.0,0.0,0.0,0.0,0.0,0,0.0,21,,,,,,,,,,,,,,,,,,,,,0
2022-01-29,0.0,0.0,0.0,0.0,0.0,0.0,0.0,0.0,0.0,0.57,0.0,0.0,0.0,0.0,0.0,0.0,0,0.0,22,,,,,,,,,,,,,,,,,,,,,0
2022-01-30,0.0,0.0,0.0,0.0,0.0,0.0,0.0,0.0,0.0,0.57,0.0,0.0,0.0,0.0,0.0,0.0,0,0.0,23,,,,,,,,,,,,,,,,,,,,,0
2022-01-31,0.0,0.0,0.0,0.0,0.0,0.0,0.0,0.0,0.0,0.57,0.0,0.0,0.0,0.0,0.0,0.0,0,0.0,24,51.0,4.0,17.0,0.0784313725490196,3.0,2.0,1.0,1.0,36.0,2.0,0.05555555555555555,1.0,12.0,2.0,0.16666666666666666,1.0,3.0,0.0,0.0,0.0,1
2022-02-01,0.0,,0.0,0.0,0.0,0.0,0.0,0.0,0.0,0.57,0.0,0.0,0.0,0.0,0.0,0.0,0,0.0,25,9.0,1.0,3.0,0.1111111111111111,1.0,1.0,0.0,1.0,6.0,0.0,0.0,0.0,3.0,1.0,0.3333333333333333,1.0,,,,,1
2022-02-02,0.0,,0.0,0.0,0.0,0.0,0.0,0.0,0.0,0.22499999999999998,0.0,0.0,0.0,0.0,0.0,0.0,0,0.0,26,3.0,0.0,1.0,0.0,0.0,0.0,0.0,0.0,,,,,3.0,0.0,0.0,0.0,,,,,1
2022-02-03,0.0,,0.0,0.0,0.0,0.0,0.0,0.0,0.0,0.08,0.0,0.0,0.0,0.0,0.0,0.0,0,0.0,27,,,,,,,,,,,,,,,,,,,,,0
2022-02-04,0.0,,0.0,0.0,0.0,0.0,0.0,0.0,0.0,0.08,0.0,0.0,0.0,0.0,0.0,0.0,0,0.0,28,,,,,,,,,,,,,,,,,,,,,0
2022-02-05,0.0,,0.0,0.0,0.0,0.0,0.0,0.0,0.0,0.065,0.0,0.0,0.0,0.0,0.0,0.0,0,0.0,29,,,,,,,,,,,,,,,,,,,,,0
2022-02-06,0.0,,0.0,0.0,0.0,0.0,0.0,0.0,0.0,0.0,0.0,0.0,0.0,0.0,0.0,0.0,0,0.0,30,,,,,,,,,,,,,,,,,,,,,0
2022-02-07,0.0,,0.0,0.0,0.0,0.0,0.0,0.0,0.0,0.0,0.0,0.0,0.0,0.0,0.0,0.0,0,0.0,31,51.0,0.0,17.0,0.0,0.0,0.0,0.0,0.0,36.0,0.0,0.0,0.0,12.0,0.0,0.0,0.0,3.0,0.0,0.0,0.0,1
2022-02-08,0.0,,0.0,0.0,0.0,0.0,0.0,0.0,0.0,0.0,0.0,0.0,0.0,0.0,0.0,0.0,0,0.0,32,,,,,,,,,,,,,,,,,,,,,0
2022-02-09,0.0,,0.0,0.0,0.0,0.0,0.0,0.0,0.0,0.0,0.0,0.0,0.0,0.0,0.0,0.0,0,0.0,33,,,,,,,,,,,,,,,,,,,,,0
2022-02-10,0.0,,0.0,0.0,0.0,0.0,0.0,0.0,0.0,0.0,0.0,0.0,0.0,0.0,0.0,0.0,0,0.0,34,,,,,,,,,,,,,,,,,,,,,0
2022-02-11,0.0,,0.0,0.0,0.0,0.0,0.0,0.0,0.0,0.0,0.0,0.0,0.0,0.0,0.0,0.0,0,0.0,35,,,,,,,,,,,,,,,,,,,,,0
2022-02-12,0.0,,0.0,0.0,0.0,0.0,0.0,0.0,0.0,0.0,0.0,0.0,0.0,0.0,0.0,0.0,0,0.0,36,,,,,,,,,,,,,,,,,,,,,0
2022-02-13,0.0,,0.0,0.0,0.0,0.0,0.0,0.0,0.0,0.0,0.0,0.0,0.0,0.0,0.0,0.0,0,0.0,37,,,,,,,,,,,,,,,,,,,,,0
2022-02-14,0.0,,0.0,0.0,0.0,0.0,0.0,0.0,0.0,0.0,0.0,0.0,0.0,0.0,0.0,0.0,0,0.0,38,51.0,2.0,17.0,0.0392156862745098,2.0,2.0,0.0,1.0,36.0,1.0,0.027777777777777776,1.0,12.0,1.0,0.08333333333333333,1.0,3.0,0.0,0.0,0.0,1
2022-02-15,0.0,,0.0,0.0,0.0,0.0,0.0,0.0,0.0,0.0,0.0,0.0,0.0,0.0,0.0,0.0,0,0.0,39,6.0,0.0,2.0,0.0,0.0,0.0,0.0,0.0,3.0,0.0,0.0,0.0,3.0,0.0,0.0,0.0,,,,,1
2022-02-16,0.0,,0.0,0.0,0.0,0.0,0.0,0.0,0.0,0.0,0.0,0.0,0.0,0.0,0.0,0.0,0,0.0,40,,,,,,,,,,,,,,,,,,,,,0
2022-02-17,0.0,,0.0,0.0,0.0,0.0,0.0,0.0,0.0,0.0,0.0,0.0,0.0,0.0,0.0,0.0,0,0.0,41,,,,,,,,,,,,,,,,,,,,,0
2022-02-18,0.0,,0.0,0.0,0.0,0.0,0.0,0.0,0.0,0.0,0.0,0.0,0.0,0.0,0.0,0.0,0,0.0,42,,,,,,,,,,,,,,,,,,,,,0
2022-02-19,0.0,,0.0,0.0,0.0,0.0,0.0,0.0,0.0,0.0,0.0,0.0,0.0,0.0,0.0,0.0,0,0.0,43,,,,,,,,,,,,,,,,,,,,,0
2022-02-20,0.0,,0.0,0.0,0.0,0.0,0.0,0.0,0.0,0.0,0.0,0.0,0.0,0.0,0.0,0.0,0,0.0,44,,,,,,,,,,,,,,,,,,,,,0
2022-02-21,0.04,,0.04,0.04,0.04,0.04,0.04,0.04,0.04,0.04,0.0,0.0,0.0,0.0,0.0,0.008590196764587337,0,0.04,45,,,,,,,,,,,,,,,,,,,,,0
2022-02-22,0.0,,0.0,0.0,0.04,0.04,0.04,0.04,0.04,0.04,0.04,0.0,0.0,0.0,0.0,0.0068180436903598814,0,0.04,46,51.0,1.0,17.0,0.0196078431372549,1.0,1.0,0.0,1.0,36.0,1.0,0.027777777777777776,1.0,12.0,0.0,0.0,0.0,3.0,0.0,0.0,0.0,1
2022-02-23,0.0,,0.0,0.0,0.0,0.04,0.04,0.04,0.04,0.04,0.0,0.04,0.0,0.0,0.0,0.00541148486322121,0,0.04,47,3.0,0.0,1.0,0.0,0.0,0.0,0.0,0.0,3.0,0.0,0.0,0.0,,,,,,,,,1
2022-02-24,0.0,,0.0,0.0,0.0,0.0,0.04,0.04,0.04,0.04,0.0,0.0,0.04,0.0,0.0,0.004295098382293669,0,0.0,48,,,,,,,,,,,,,,,,,,,,,0
2022-02-25,0.0,,0.0,0.0,0.0,0.0,0.04,0.04,0.04,0.04,0.0,0.0,0.0,0.0,0.0,0.0034090218451799407,0,0.0,49,,,,,,,,,,,,,,,,,,,,,0
2022-02-26,0.0,,0.0,0.0,0.0,0.0,0.0,0.04,0.04,0.04,0.0,0.0,0.0,0.04,0.0,0.002705742431610605,0,0.0,50,,,,,,,,,,,,,,,,,,,,,0
2022-02-27,0.0,,0.0,0.0,0.0,0.0,0.0,0.04,0.04,0.04,0.0,0.0,0.0,0.0,0.0,0.0021475491911468344,0,0.0,51,,,,,,,,,,,,,,,,,,,,,0
2022-02-28,0.0,,0.0,0.0,0.0,0.0,0.0,0.0,0.04,0.04,0.0,0.0,0.0,0.0,0.04,0.0017045109225899704,0,0.0,52,51.0,1.0,17.0,0.0196078431372549,1.0,1.0,0.0,1.0,36.0,0.0,0.0,0.0,12.0,1.0,0.08333333333333333,1.0,3.0,0.0,0.0,0.0,1
2022-03-01,0.0,,0.0,0.0,0.0,0.0,0.0,0.0,0.04,0.04,0.0,0.0,0.0,0.0,0.0,0.0013528712158053027,0,0.0,53,3.0,1.0,1.0,0.3333333333333333,1.0,1.0,0.0,1.0,,,,,3.0,1.0,0.3333333333333333,1.0,,,,,1
2022-03-02,0.0,,0.0,0.0,0.0,0.0,0.0,0.0,0.04,0.04,0.0,0.0,0.0,0.0,0.0,0.0010737745955734172,0,0.0,54,3.0,0.0,1.0,0.0,0.0,0.0,0.0,0.0,,,,,3.0,0.0,0.0,0.0,,,,,1
2022-03-03,0.05,,0.05,0.05,0.05,0.05,0.05,0.05,0.09,0.09,0.0,0.0,0.0,0.0,0.0,0.011590001417029155,0,0.05,0,,,,,,,,,,,,,,,,,,,,,0
2022-03-04,0.06,,0.06,0.06,0.11,0.11,0.11,0.11,0.15,0.15,0.05,0.0,0.0,0.0,0.0,0.02208428536773351,0,0.06,0,,,,,,,,,,,,,,,,,,,,,0
2022-03-05,0.0,,0.0,0.0,0.06,0.11,0.11,0.11,0.15,0.15,0.06,0.05,0.0,0.0,0.0,0.017528308912353043,1,0.06,1,,,,,,,,,,,,,,,,,,,,,0
2022-03-06,0.0,,0.0,0.0,0.0,0.06,0.11,0.11,0.15,0.15,0.0,0.06,0.05,0.0,0.0,0.013912228003346391,1,0.06,2,,,,,,,,,,,,,,,,,,,,,0
2022-03-07,0.0,,0.0,0.0,0.0,0.0,0.11,0.11,0.10999999999999999,0.15,0.0,0.0,0.06,0.0,0.0,0.010703924879915429,0,0.0,3,51.0,0.0,17.0,0.0,0.0,0.0,0.0,0.0,36.0,0.0,0.0,0.0,12.0,0.0,0.0,0.0,3.0,0.0,0.0,0.0,1
2022-03-08,0.0,,0.0,0.0,0.0,0.0,0.06,0.11,0.10999999999999999,0.15,0.0,0.0,0.0,0.05,0.0,0.008495710807283167,0,0.0,4,,,,,,,,,,,,,,,,,,,,,0
2022-03-09,0.0,,0.0,0.0,0.0,0.0,0.0,0.11,0.10999999999999999,0.15,0.0,0.0,0.0,0.06,0.0,0.00674305013634945,0,0.0,5,,,,,,,,,,,,,,,,,,,,,0
2022-03-10,0.0,,0.0,0.0,0.0,0.0,0.0,0.06,0.10999999999999999,0.15,0.0,0.0,0.0,0.0,0.05,0.005351962439957714,0,0.0,6,,,,,,,,,,,,,,,,,,,,,0
2022-03-11,0.0,,0.0,0.0,0.0,0.0,0.0,0.0,0.10999999999999999,0.15,0.0,0.0,0.0,0.0,0.06,0.004247855403641584,0,0.0,7,,,,,,,,,,,,,,,,,,,,,0
2022-03-12,0.0,,0.0,0.0,0.0,0.0,0.0,0.0,0.10999999999999999,0.15,0.0,0.0,0.0,0.0,0.0,0.0033715250681747256,0,0.0,8,,,,,,,,,,,,,,,,,,,,,0
2022-03-13,0.0,,0.0,0.0,0.0,0.0,0.0,0.0,0.10999999999999999,0.15,0.0,0.0,0.0,0.0,0.0,0.002675981219978857,0,0.0,9,,,,,,,,,,,,,,,,,,,,,0
2022-03-14,0.0,,0.0,0.0,0.0,0.0,0.0,0.0,0.10999999999999999,0.15,0.0,0.0,0.0,0.0,0.0,0.002123927701820792,0,0.0,10,51.0,1.0,17.0,0.0196078431372549,1.0,1.0,0.0,1.0,36.0,0.0,0.0,0.0,12.0,1.0,0.08333333333333333,1.0,3.0,0.0,0.0,0.0,1
2022-03-15,0.19,,0.19,0.19,0.19,0.19,0.19,0.19,0.3,0.33999999999999997,0.0,0.0,0.0,0.0,0.0,0.04248919716587721,0,0.19,0,3.0,0.0,1.0,0.0,0.0,0.0,0.0,0.0,,,,,3.0,0.0,0.0,0.0,,,,,1
2022-03-16,0.0,,0.0,0.0,0.19,0.19,0.19,0.19,0.3,0.33999999999999997,0.19,0.0,0.0,0.0,0.0,0.033723698139198864,1,0.19,1,,,,,,,,,,,,,,,,,,,,,0
2022-03-17,0.0,,0.0,0.0,0.0,0.19,0.19,0.19,0.25,0.33999999999999997,0.0,0.19,0.0,0.0,0.0,0.02634374469627199,1,0.19,2,,,,,,,,,,,,,,,,,,,,,0
2022-03-18,0.0,,0.0,0.0,0.0,0.0,0.19,0.19,0.19,0.33999999999999997,0.0,0.0,0.19,0.0,0.0,0.020401717315894925,1,0.0,3,,,,,,,,,,,,,,,,,,,,,0
2022-03-19,0.0,,0.0,0.0,0.0,0.0,0.19,0.19,0.19,0.33999999999999997,0.0,0.0,0.0,0.0,0.0,0.016192853764604716,0,0.0,4,,,,,,,,,,,,,,,,,,,,,0
2022-03-20,0.0,,0.0,0.0,0.0,0.0,0.0,0.19,0.19,0.33999999999999997,0.0,0.0,0.0,0.19,0.0,0.012852276550150374,0,0.0,5,,,,,,,,,,,,,,,,,,,,,0
2022-03-21,0.0,,0.0,0.0,0.0,0.0,0.0,0.19,0.19,0.33999999999999997,0.0,0.0,0.0,0.0,0.0,0.010200858657947462,0,0.0,6,51.0,0.0,17.0,0.0,0.0,0.0,0.0,0.0,36.0,0.0,0.0,0.0,12.0,0.0,0.0,0.0,3.0,0.0,0.0,0.0,1
2022-03-22,0.0,,0.0,0.0,0.0,0.0,0.0,0.0,0.19,0.33999999999999997,0.0,0.0,0.0,0.0,0.19,0.008096426882302358,0,0.0,7,,,,,,,,,,,,,,,,,,,,,0
2022-03-23,0.0,,0.0,0.0,0.0,0.0,0.0,0.0,0.19,0.30000000000000004,0.0,0.0,0.0,0.0,0.0,0.006426138275075188,0,0.0,8,,,,,,,,,,,,,,,,,,,,,0
2022-03-24,0.0,,0.0,0.0,0.0,0.0,0.0,0.0,0.19,0.30000000000000004,0.0,0.0,0.0,0.0,0.0,0.005100429328973733,0,0.0,9,,,,,,,,,,,,,,,,,,,,,0
2022-03-25,0.0,,0.0,0.0,0.0,0.0,0.0,0.0,0.19,0.30000000000000004,0.0,0.0,0.0,0.0,0.0,0.004048213441151179,0,0.0,10,,,,,,,,,,,,,,,,,,,,,0
2022-03-26,0.0,,0.0,0.0,0.0,0.0,0.0,0.0,0.19,0.30000000000000004,0.0,0.0,0.0,0.0,0.0,0.003213069137537594,0,0.0,11,,,,,,,,,,,,,,,,,,,,,0
2022-03-27,0.18,,0.18,0.18,0.18,0.18,0.18,0.18,0.37,0.48,0.0,0.0,0.0,0.0,0.0,0.04120610010512988,0,0.18,0,,,,,,,,,,,,,,,,,,,,,0
2022-03-28,0.0,,0.0,0.0,0.18,0.18,0.18,0.18,0.37,0.48,0.18,0.0,0.0,0.0,0.0,0.032705303327195054,1,0.18,1,51.0,5.0,17.0,0.09803921568627451,4.0,2.0,1.0,1.0,36.0,2.0,0.05555555555555555,1.0,12.0,3.0,0.25,1.0,3.0,0.0,0.0,0.0,1
2022-03-29,0.0,,0.0,0.0,0.0,0.18,0.18,0.18,0.18,0.48,0.0,0.18,0.0,0.0,0.0,0.024351681884495442,1,0.18,2,12.0,0.0,4.0,0.0,0.0,0.0,0.0,0.0,6.0,0.0,0.0,0.0,6.0,0.0,0.0,0.0,,,,,1
2022-03-30,0.0,,0.0,0.0,0.0,0.0,0.18,0.18,0.18,0.48,0.0,0.0,0.18,0.0,0.0,0.019327942720321505,1,0.0,3,,,,,,,,,,,,,,,,,,,,,0
2022-03-31,0.0,,0.0,0.0,0.0,0.0,0.18,0.18,0.18,0.48,0.0,0.0,0.0,0.0,0.0,0.015340598303309732,0,0.0,4,,,,,,,,,,,,,,,,,,,,,0
2022-04-01,0.0,,0.0,0.0,0.0,0.0,0.0,0.18,0.18,0.48,0.0,0.0,0.0,0.18,0.0,0.012175840942247721,0,0.0,5,,,,,,,,,,,,,,,,,,,,,0
2022-04-02,0.0,,0.0,0.0,0.0,0.0,0.0,0.18,0.18,0.42999999999999994,0.0,0.0,0.0,0.0,0.0,0.009663971360160752,0,0.0,6,,,,,,,,,,,,,,,,,,,,,0
2022-04-03,0.0,,0.0,0.0,0.0,0.0,0.0,0.0,0.18,0.37,0.0,0.0,0.0,0.0,0.18,0.007670299151654866,0,0.0,7,,,,,,,,,,,,,,,,,,,,,0
2022-04-04,0.0,,0.0,0.0,0.0,0.0,0.0,0.0,0.18,0.37,0.0,0.0,0.0,0.0,0.0,0.006087920471123862,0,0.0,8,51.0,0.0,17.0,0.0,0.0,0.0,0.0,0.0,36.0,0.0,0.0,0.0,12.0,0.0,0.0,0.0,3.0,0.0,0.0,0.0,1
2022-04-05,0.0,,0.0,0.0,0.0,0.0,0.0,0.0,0.18,0.37,0.0,0.0,0.0,0.0,0.0,0.004831985680080377,0,0.0,9,,,,,,,,,,,,,,,,,,,,,0
2022-04-06,0.0,,0.0,0.0,0.0,0.0,0.0,0.0,0.18,0.37,0.0,0.0,0.0,0.0,0.0,0.003835149575827433,0,0.0,10,,,,,,,,,,,,,,,,,,,,,0
2022-04-07,0.0,,0.0,0.0,0.0,0.0,0.0,0.0,0.18,0.37,0.0,0.0,0.0,0.0,0.0,0.003043960235561931,0,0.0,11,,,,,,,,,,,,,,,,,,,,,0
2022-04-08,0.0,,0.0,0.0,0.0,0.0,0.0,0.0,0.18,0.37,0.0,0.0,0.0,0.0,0.0,0.002415992840040188,0,0.0,12,,,,,,,,,,,,,,,,,,,,,0
2022-04-09,0.0,,0.0,0.0,0.0,0.0,0.0,0.0,0.18,0.37,0.0,0.0,0.0,0.0,0.0,0.001917574787913717,0,0.0,13,,,,,,,,,,,,,,,,,,,,,0
2022-04-10,0.0,,0.0,0.0,0.0,0.0,0.0,0.0,0.0,0.37,0.0,0.0,0.0,0.0,0.0,0.0,0,0.0,14,,,,,,,,,,,,,,,,,,,,,0
2022-04-11,0.11,,0.11,0.11,0.11,0.11,0.11,0.11,0.11,0.48,0.0,0.0,0.0,0.0,0.0,0.023623041102615174,0,0.11,0,51.0,0.0,17.0,0.0,0.0,0.0,0.0,0.0,36.0,0.0,0.0,0.0,12.0,0.0,0.0,0.0,3.0,0.0,0.0,0.0,1
2022-04-12,0.0,,0.0,0.0,0.11,0.11,0.11,0.11,0.11,0.48,0.11,0.0,0.0,0.0,0.0,0.018749620148489674,1,0.11,1,,,,,,,,,,,,,,,,,,,,,0
2022-04-13,0.0,,0.0,0.0,0.0,0.11,0.11,0.11,0.11,0.48,0.0,0.11,0.0,0.0,0.0,0.014881583373858328,1,0.11,2,,,,,,,,,,,,,,,,,,,,,0
2022-04-14,0.23,,0.23,0.23,0.23,0.23,0.34,0.34,0.34,0.52,0.0,0.0,0.11,0.0,0.0,0.06120515194768478,1,0.23,0,,,,,,,,,,,,,,,,,,,,,0
2022-04-15,0.0,,0.0,0.0,0.23,0.23,0.33999999999999997,0.33999999999999997,0.33999999999999997,0.52,0.23,0.0,0.0,0.0,0.0,0.04857856129381416,1,0.23,1,,,,,,,,,,,,,,,,,,,,,0
2022-04-16,0.28,,0.28,0.28,0.28,0.51,0.51,0.62,0.62,0.8,0.0,0.23,0.0,0.11,0.0,0.09868820700256249,1,0.28,0,,,,,,,,,,,,,,,,,,,,,0
2022-04-17,0.0,,0.0,0.0,0.28,0.28,0.51,0.62,0.62,0.8,0.28,0.0,0.23,0.0,0.0,0.07832888180636156,1,0.28,1,,,,,,,,,,,,,,,,,,,,,0
2022-04-18,0.01,,0.01,0.01,0.01,0.29000000000000004,0.52,0.52,0.63,0.81,0.0,0.28,0.0,0.0,0.11,0.06431722388060239,1,0.28,2,51.0,1.0,17.0,0.0196078431372549,1.0,1.0,0.0,1.0,36.0,1.0,0.027777777777777776,1.0,12.0,0.0,0.0,0.0,3.0,0.0,0.0,0.0,1
2022-04-19,0.09,,0.09,0.09,0.09999999999999999,0.09999999999999999,0.37999999999999995,0.61,0.72,0.9,0.01,0.0,0.28,0.23,0.0,0.07037655714419272,1,0.09,0,3.0,0.0,1.0,0.0,0.0,0.0,0.0,0.0,3.0,0.0,0.0,0.0,,,,,,,,,1
2022-04-20,0.11,,0.11,0.11,0.2,0.21,0.49,0.72,0.83,1.01,0.09,0.01,0.0,0.0,0.0,0.079480951524911,0,0.11,0,,,,,,,,,,,,,,,,,,,,,0
2022-04-21,0.25,,0.25,0.25,0.36,0.44999999999999996,0.45999999999999996,0.74,1.08,1.26,0.11,0.09,0.01,0.28,0.23,0.11677280280970946,1,0.25,0,,,,,,,,,,,,,,,,,,,,,0
2022-04-22,0.0,,0.0,0.0,0.25,0.36,0.45999999999999996,0.74,1.08,1.26,0.25,0.11,0.09,0.0,0.0,0.09268263501070395,1,0.25,1,,,,,,,,,,,,,,,,,,,,,0
2022-04-23,0.0,,0.0,0.0,0.0,0.25,0.44999999999999996,0.4599999999999999,1.08,1.26,0.0,0.25,0.11,0.01,0.28,0.07356225615758806,1,0.25,2,,,,,,,,,,,,,,,,,,,,,0
2022-04-24,0.0,,0.0,0.0,0.0,0.0,0.36,0.4599999999999999,1.08,1.26,0.0,0.0,0.25,0.09,0.0,0.05838640140485473,1,0.0,3,,,,,,,,,,,,,,,,,,,,,0
2022-04-25,0.0,,0.0,0.0,0.0,0.0,0.24999999999999994,0.4499999999999999,0.97,1.26,0.0,0.0,0.0,0.11,0.01,0.04541121854448583,0,0.0,4,51.0,0.0,17.0,0.0,0.0,0.0,0.0,0.0,36.0,0.0,0.0,0.0,12.0,0.0,0.0,0.0,3.0,0.0,0.0,0.0,1
2022-04-26,0.0,,0.0,0.0,0.0,0.0,0.0,0.35999999999999993,0.97,1.08,0.0,0.0,0.0,0.25,0.09,0.0360429080443373,0,0.0,5,,,,,,,,,,,,,,,,,,,,,0
2022-04-27,0.0,,0.0,0.0,0.0,0.0,0.0,0.24999999999999992,0.97,1.08,0.0,0.0,0.0,0.0,0.11,0.028607275072787063,0,0.0,6,,,,,,,,,,,,,,,,,,,,,0
2022-04-28,0.0,,0.0,0.0,0.0,0.0,0.0,0.0,0.74,1.08,0.0,0.0,0.0,0.0,0.25,0.02076085689952279,0,0.0,7,,,,,,,,,,,,,,,,,,,,,0
2022-04-29,0.0,,0.0,0.0,0.0,0.0,0.0,0.0,0.74,1.08,0.0,0.0,0.0,0.0,0.0,0.01647790304103187,0,0.0,8,,,,,,,,,,,,,,,,,,,,,0
2022-04-30,0.0,,0.0,0.0,0.0,0.0,0.0,0.0,0.4599999999999999,1.08,0.0,0.0,0.0,0.0,0.0,0.01071099568312271,0,0.0,9,,,,,,,,,,,,,,,,,,,,,0
2022-05-01,0.0,,0.0,0.0,0.0,0.0,0.0,0.0,0.4599999999999999,1.08,0.0,0.0,0.0,0.0,0.0,0.008501322907507916,0,0.0,10,,,,,,,,,,,,,,,,,,,,,0
2022-05-02,0.0,,0.0,0.0,0.0,0.0,0.0,0.0,0.4499999999999999,1.08,0.0,0.0,0.0,0.0,0.0,0.006662950012261878,0,0.0,11,51.0,0.0,17.0,0.0,0.0,0.0,0.0,0.0,36.0,0.0,0.0,0.0,12.0,0.0,0.0,0.0,3.0,0.0,0.0,0.0,1
2022-05-03,0.0,,0.0,0.0,0.0,0.0,0.0,0.0,0.35999999999999993,1.08,0.0,0.0,0.0,0.0,0.0,0.004527396870447533,0,0.0,12,,,,,,,,,,,,,,,,,,,,,0
2022-05-04,0.0,,0.0,0.0,0.0,0.0,0.0,0.0,0.24999999999999992,1.08,0.0,0.0,0.0,0.0,0.0,0.0026632983165468293,0,0.0,13,,,,,,,,,,,,,,,,,,,,,0
2022-05-05,0.0,,0.0,0.0,0.0,0.0,0.0,0.0,0.0,1.08,0.0,0.0,0.0,0.0,0.0,0.0,0,0.0,14,,,,,,,,,,,,,,,,,,,,,0
2022-05-06,0.02,,0.02,0.02,0.020000000000000028,0.02,0.019999999999999945,0.019999999999999917,0.019999999999999917,1.1,0.0,0.0,0.0,0.0,0.0,0.004295098382293669,0,0.02,15,,,,,,,,,,,,,,,,,,,,,0
2022-05-07,0.0,,0.0,0.0,0.020000000000000028,0.02,0.019999999999999945,0.019999999999999917,0.019999999999999917,1.1,0.02,0.0,0.0,0.0,0.0,0.0034090218451799407,0,0.02,16,,,,,,,,,,,,,,,,,,,,,0
2022-05-08,0.0,,0.0,0.0,0.0,0.02,0.019999999999999945,0.019999999999999917,0.019999999999999917,1.1,0.0,0.02,0.0,0.0,0.0,0.002705742431610605,0,0.02,17,,,,,,,,,,,,,,,,,,,,,0
2022-05-09,0.0,,0.0,0.0,0.0,0.0,0.019999999999999945,0.019999999999999917,0.019999999999999917,1.1,0.0,0.0,0.02,0.0,0.0,0.0021475491911468344,0,0.0,18,51.0,0.0,17.0,0.0,0.0,0.0,0.0,0.0,36.0,0.0,0.0,0.0,12.0,0.0,0.0,0.0,3.0,0.0,0.0,0.0,1
2022-05-10,0.0,,0.0,0.0,0.0,0.0,0.019999999999999945,0.019999999999999917,0.019999999999999917,1.1,0.0,0.0,0.0,0.0,0.0,0.0017045109225899704,0,0.0,19,,,,,,,,,,,,,,,,,,,,,0
2022-05-11,0.0,,0.0,0.0,0.0,0.0,0.0,0.019999999999999917,0.019999999999999917,0.99,0.0,0.0,0.0,0.02,0.0,0.0013528712158053025,0,0.0,20,,,,,,,,,,,,,,,,,,,,,0
2022-05-12,0.0,,0.0,0.0,0.0,0.0,0.0,0.019999999999999917,0.019999999999999917,0.99,0.0,0.0,0.0,0.0,0.0,0.0010737745955734172,0,0.0,21,,,,,,,,,,,,,,,,,,,,,0
2022-05-13,0.0,,0.0,0.0,0.0,0.0,0.0,0.0,0.019999999999999917,0.99,0.0,0.0,0.0,0.0,0.02,0.0008522554612949852,0,0.0,22,,,,,,,,,,,,,,,,,,,,,0
2022-05-14,0.0,,0.0,0.0,0.0,0.0,0.0,0.0,0.019999999999999917,0.76,0.0,0.0,0.0,0.0,0.0,0.0006764356079026514,0,0.0,23,,,,,,,,,,,,,,,,,,,,,0
2022-05-15,0.0,,0.0,0.0,0.0,0.0,0.0,0.0,0.019999999999999917,0.76,0.0,0.0,0.0,0.0,0.0,0.0005368872977867086,0,0.0,24,,,,,,,,,,,,,,,,,,,,,0
2022-05-16,0.0,,0.0,0.0,0.0,0.0,0.0,0.0,0.019999999999999917,0.48,0.0,0.0,0.0,0.0,0.0,0.0004261277306474926,0,0.0,25,51.0,0.0,17.0,0.0,0.0,0.0,0.0,0.0,36.0,0.0,0.0,0.0,12.0,0.0,0.0,0.0,3.0,0.0,0.0,0.0,1
2022-05-17,0.0,,0.0,0.0,0.0,0.0,0.0,0.0,0.019999999999999917,0.48,0.0,0.0,0.0,0.0,0.0,0.0003382178039513257,0,0.0,26,,,,,,,,,,,,,,,,,,,,,0
2022-05-18,0.0,,0.0,0.0,0.0,0.0,0.0,0.0,0.019999999999999917,0.47,0.0,0.0,0.0,0.0,0.0,0.0002684436488933543,0,0.0,27,,,,,,,,,,,,,,,,,,,,,0
2022-05-19,0.0,,0.0,0.0,0.0,0.0,0.0,0.0,0.019999999999999917,0.38,0.0,0.0,0.0,0.0,0.0,0.00021306386532374635,0,0.0,28,,,,,,,,,,,,,,,,,,,,,0
2022-05-20,0.0,,0.0,0.0,0.0,0.0,0.0,0.0,0.0,0.27,0.0,0.0,0.0,0.0,0.0,0.0,0,0.0,29,,,,,,,,,,,,,,,,,,,,,0
2022-05-21,0.0,,0.0,0.0,0.0,0.0,0.0,0.0,0.0,0.02,0.0,0.0,0.0,0.0,0.0,0.0,0,0.0,30,,,,,,,,,,,,,,,,,,,,,0
2022-05-22,0.0,,0.0,0.0,0.0,0.0,0.0,0.0,0.0,0.02,0.0,0.0,0.0,0.0,0.0,0.0,0,0.0,31,,,,,,,,,,,,,,,,,,,,,0
2022-05-23,0.0,,0.0,0.0,0.0,0.0,0.0,0.0,0.0,0.02,0.0,0.0,0.0,0.0,0.0,0.0,0,0.0,32,51.0,0.0,17.0,0.0,0.0,0.0,0.0,0.0,36.0,0.0,0.0,0.0,12.0,0.0,0.0,0.0,3.0,0.0,0.0,0.0,1
2022-05-24,0.0,,0.0,0.0,0.0,0.0,0.0,0.0,0.0,0.02,0.0,0.0,0.0,0.0,0.0,0.0,0,0.0,33,,,,,,,,,,,,,,,,,,,,,0
2022-05-25,0.0,,0.0,0.0,0.0,0.0,0.0,0.0,0.0,0.02,0.0,0.0,0.0,0.0,0.0,0.0,0,0.0,34,,,,,,,,,,,,,,,,,,,,,0
2022-05-26,0.0,,0.0,0.0,0.0,0.0,0.0,0.0,0.0,0.02,0.0,0.0,0.0,0.0,0.0,0.0,0,0.0,35,,,,,,,,,,,,,,,,,,,,,0
2022-05-27,0.0,,0.0,0.0,0.0,0.0,0.0,0.0,0.0,0.02,0.0,0.0,0.0,0.0,0.0,0.0,0,0.0,36,,,,,,,,,,,,,,,,,,,,,0
2022-05-28,0.0,,0.0,0.0,0.0,0.0,0.0,0.0,0.0,0.02,0.0,0.0,0.0,0.0,0.0,0.0,0,0.0,37,,,,,,,,,,,,,,,,,,,,,0
2022-05-29,0.0,,0.0,0.0,0.0,0.0,0.0,0.0,0.0,0.02,0.0,0.0,0.0,0.0,0.0,0.0,0,0.0,38,,,,,,,,,,,,,,,,,,,,,0
2022-05-30,0.0,,0.0,0.0,0.0,0.0,0.0,0.0,0.0,0.02,0.0,0.0,0.0,0.0,0.0,0.0,0,0.0,39,,,,,,,,,,,,,,,,,,,,,0
2022-05-31,0.0,,0.0,0.0,0.0,0.0,0.0,0.0,0.0,0.02,0.0,0.0,0.0,0.0,0.0,0.0,0,0.0,40,51.0,0.0,17.0,0.0,0.0,0.0,0.0,0.0,36.0,0.0,0.0,0.0,12.0,0.0,0.0,0.0,3.0,0.0,0.0,0.0,1
2022-06-01,0.0,,0.0,0.0,0.0,0.0,0.0,0.0,0.0,0.02,0.0,0.0,0.0,0.0,0.0,0.0,0,0.0,41,,,,,,,,,,,,,,,,,,,,,0
2022-06-02,0.0,,0.0,0.0,0.0,0.0,0.0,0.0,0.0,0.02,0.0,0.0,0.0,0.0,0.0,0.0,0,0.0,42,,,,,,,,,,,,,,,,,,,,,0
2022-06-03,0.0,,0.0,0.0,0.0,0.0,0.0,0.0,0.0,0.02,0.0,0.0,0.0,0.0,0.0,0.0,0,0.0,43,,,,,,,,,,,,,,,,,,,,,0
2022-06-04,0.01,,0.01,0.01,0.010000000000000028,0.01,0.009999999999999945,0.009999999999999917,0.009999999999999917,0.03,0.0,0.0,0.0,0.0,0.0,0.0021475491911468344,0,0.01,44,,,,,,,,,,,,,,,,,,,,,0
2022-06-05,0.22,,0.22,0.22,0.23000000000000004,0.23,0.22999999999999995,0.22999999999999993,0.22999999999999993,0.23,0.01,0.0,0.0,0.0,0.0,0.048950593127820324,0,0.22,0,,,,,,,,,,,,,,,,,,,,,0
2022-06-06,0.0,,0.0,0.0,0.22000000000000003,0.23,0.22999999999999995,0.22999999999999993,0.22999999999999993,0.23,0.22,0.01,0.0,0.0,0.0,0.03885211151278465,1,0.22,1,51.0,0.0,17.0,0.0,0.0,0.0,0.0,0.0,36.0,0.0,0.0,0.0,12.0,0.0,0.0,0.0,3.0,0.0,0.0,0.0,1
2022-06-07,0.0,,0.0,0.0,0.0,0.22,0.22999999999999995,0.22999999999999993,0.22999999999999993,0.23,0.0,0.22,0.01,0.0,0.0,0.030836941343290073,1,0.22,2,3.0,0.0,1.0,0.0,0.0,0.0,0.0,0.0,3.0,0.0,0.0,0.0,,,,,,,,,1
2022-06-08,0.0,,0.0,0.0,0.0,0.0,0.22999999999999995,0.22999999999999993,0.22999999999999993,0.23,0.0,0.0,0.22,0.0,0.0,0.024475296563910162,1,0.0,3,,,,,,,,,,,,,,,,,,,,,0
2022-06-09,0.0,,0.0,0.0,0.0,0.0,0.21999999999999995,0.22999999999999993,0.22999999999999993,0.23,0.0,0.0,0.0,0.01,0.0,0.019426055756392325,0,0.0,4,,,,,,,,,,,,,,,,,,,,,0
2022-06-10,0.0,,0.0,0.0,0.0,0.0,0.0,0.22999999999999993,0.22999999999999993,0.23,0.0,0.0,0.0,0.22,0.0,0.015418470671645037,0,0.0,5,,,,,,,,,,,,,,,,,,,,,0
2022-06-11,0.0,,0.0,0.0,0.0,0.0,0.0,0.21999999999999992,0.22999999999999993,0.23,0.0,0.0,0.0,0.0,0.01,0.012237648281955081,0,0.0,6,,,,,,,,,,,,,,,,,,,,,0
2022-06-12,0.0,,0.0,0.0,0.0,0.0,0.0,0.0,0.22999999999999993,0.23,0.0,0.0,0.0,0.0,0.22,0.009713027878196162,0,0.0,7,,,,,,,,,,,,,,,,,,,,,0
2022-06-13,0.0,,0.0,0.0,0.0,0.0,0.0,0.0,0.22999999999999993,0.23,0.0,0.0,0.0,0.0,0.0,0.00770923533582252,0,0.0,8,21.0,0.0,7.0,0.0,0.0,0.0,0.0,0.0,21.0,0.0,0.0,0.0,,,,,,,,,1
2022-06-14,0.0,,0.0,0.0,0.0,0.0,0.0,0.0,0.22999999999999993,0.23,0.0,0.0,0.0,0.0,0.0,0.006118824140977542,0,0.0,9,30.0,0.0,10.0,0.0,0.0,0.0,0.0,0.0,15.0,0.0,0.0,0.0,12.0,0.0,0.0,0.0,3.0,0.0,0.0,0.0,1
2022-06-15,0.0,,0.0,0.0,0.0,0.0,0.0,0.0,0.22999999999999993,0.23,0.0,0.0,0.0,0.0,0.0,0.004856513939098081,0,0.0,10,,,,,,,,,,,,,,,,,,,,,0
2022-06-16,0.0,,0.0,0.0,0.0,0.0,0.0,0.0,0.22999999999999993,0.23,0.0,0.0,0.0,0.0,0.0,0.00385461766791126,0,0.0,11,,,,,,,,,,,,,,,,,,,,,0
2022-06-17,0.0,,0.0,0.0,0.0,0.0,0.0,0.0,0.22999999999999993,0.23,0.0,0.0,0.0,0.0,0.0,0.0030594120704887703,0,0.0,12,,,,,,,,,,,,,,,,,,,,,0
2022-06-18,0.0,,0.0,0.0,0.0,0.0,0.0,0.0,0.21999999999999992,0.23,0.0,0.0,0.0,0.0,0.0,0.00234370251856121,0,0.0,13,,,,,,,,,,,,,,,,,,,,,0
2022-06-19,0.0,,0.0,0.0,0.0,0.0,0.0,0.0,0.0,0.23,0.0,0.0,0.0,0.0,0.0,0.0,0,0.0,14,,,,,,,,,,,,,,,,,,,,,0
2022-06-20,0.0,,0.0,0.0,0.0,0.0,0.0,0.0,0.0,0.23,0.0,0.0,0.0,0.0,0.0,0.0,0,0.0,15,,,,,,,,,,,,,,,,,,,,,0
2022-06-21,0.0,,0.0,0.0,0.0,0.0,0.0,0.0,0.0,0.23,0.0,0.0,0.0,0.0,0.0,0.0,0,0.0,16,51.0,0.0,17.0,0.0,0.0,0.0,0.0,0.0,36.0,0.0,0.0,0.0,12.0,0.0,0.0,0.0,3.0,0.0,0.0,0.0,1
2022-06-22,0.0,,0.0,0.0,0.0,0.0,0.0,0.0,0.0,0.23,0.0,0.0,0.0,0.0,0.0,0.0,0,0.0,17,,,,,,,,,,,,,,,,,,,,,0
2022-06-23,0.0,,0.0,0.0,0.0,0.0,0.0,0.0,0.0,0.23,0.0,0.0,0.0,0.0,0.0,0.0,0,0.0,18,,,,,,,,,,,,,,,,,,,,,0
2022-06-24,0.0,,0.0,0.0,0.0,0.0,0.0,0.0,0.0,0.23,0.0,0.0,0.0,0.0,0.0,0.0,0,0.0,19,,,,,,,,,,,,,,,,,,,,,0
2022-06-25,0.0,,0.0,0.0,0.0,0.0,0.0,0.0,0.0,0.23,0.0,0.0,0.0,0.0,0.0,0.0,0,0.0,20,,,,,,,,,,,,,,,,,,,,,0
2022-06-26,0.0,,0.0,0.0,0.0,0.0,0.0,0.0,0.0,0.23,0.0,0.0,0.0,0.0,0.0,0.0,0,0.0,21,,,,,,,,,,,,,,,,,,,,,0
2022-06-27,0.0,,0.0,0.0,0.0,0.0,0.0,0.0,0.0,0.23,0.0,0.0,0.0,0.0,0.0,0.0,0,0.0,22,51.0,1.0,17.0,0.0196078431372549,1.0,1.0,0.0,1.0,36.0,1.0,0.027777777777777776,1.0,12.0,0.0,0.0,0.0,3.0,0.0,0.0,0.0,1
2022-06-28,0.0,,0.0,0.0,0.0,0.0,0.0,0.0,0.0,0.23,0.0,0.0,0.0,0.0,0.0,0.0,0,0.0,23,3.0,0.0,1.0,0.0,0.0,0.0,0.0,0.0,3.0,0.0,0.0,0.0,,,,,,,,,1
2022-06-29,0.0,,0.0,0.0,0.0,0.0,0.0,0.0,0.0,0.23,0.0,0.0,0.0,0.0,0.0,0.0,0,0.0,24,,,,,,,,,,,,,,,,,,,,,0
2022-06-30,0.0,,0.0,0.0,0.0,0.0,0.0,0.0,0.0,0.23,0.0,0.0,0.0,0.0,0.0,0.0,0,0.0,25,,,,,,,,,,,,,,,,,,,,,0
2022-07-01,0.01,,0.01,0.01,0.010000000000000028,0.01,0.009999999999999945,0.009999999999999917,0.009999999999999917,0.24000000000000002,0.0,0.0,0.0,0.0,0.0,0.0021475491911468344,0,0.01,26,,,,,,,,,,,,,,,,,,,,,0
2022-07-02,0.04,,0.04,0.04,0.05000000000000003,0.05,0.04999999999999995,0.04999999999999992,0.04999999999999992,0.28,0.01,0.0,0.0,0.0,0.0,0.010294707687177307,0,0.04,27,,,,,,,,,,,,,,,,,,,,,0
2022-07-03,0.0,,0.0,0.0,0.04000000000000003,0.05,0.04999999999999995,0.04999999999999992,0.04999999999999992,0.28,0.04,0.01,0.0,0.0,0.0,0.008170914906165184,0,0.04,28,,,,,,,,,,,,,,,,,,,,,0
2022-07-04,0.0,,0.0,0.0,0.0,0.04,0.04999999999999995,0.04999999999999992,0.04999999999999992,0.27,0.0,0.04,0.01,0.0,0.0,0.0064852594587946275,0,0.04,29,,,,,,,,,,,,,,,,,,,,,0
2022-07-05,0.0,,0.0,0.0,0.0,0.0,0.04999999999999995,0.04999999999999992,0.04999999999999992,0.05,0.0,0.0,0.04,0.0,0.0,0.005147353843588653,0,0.0,30,51.0,0.0,17.0,0.0,0.0,0.0,0.0,0.0,36.0,0.0,0.0,0.0,12.0,0.0,0.0,0.0,3.0,0.0,0.0,0.0,1
2022-07-06,0.0,,0.0,0.0,0.0,0.0,0.039999999999999945,0.04999999999999992,0.04999999999999992,0.05,0.0,0.0,0.0,0.01,0.0,0.004085457453082592,0,0.0,31,,,,,,,,,,,,,,,,,,,,,0
2022-07-07,0.0,,0.0,0.0,0.0,0.0,0.0,0.04999999999999992,0.04999999999999992,0.05,0.0,0.0,0.0,0.04,0.0,0.0032426297293973137,0,0.0,32,,,,,,,,,,,,,,,,,,,,,0
2022-07-08,0.0,,0.0,0.0,0.0,0.0,0.0,0.03999999999999992,0.04999999999999992,0.05,0.0,0.0,0.0,0.0,0.01,0.0025736769217943266,0,0.0,33,,,,,,,,,,,,,,,,,,,,,0
2022-07-09,0.0,,0.0,0.0,0.0,0.0,0.0,0.0,0.04999999999999992,0.05,0.0,0.0,0.0,0.0,0.04,0.002042728726541296,0,0.0,34,,,,,,,,,,,,,,,,,,,,,0
2022-07-10,0.0,,0.0,0.0,0.0,0.0,0.0,0.0,0.04999999999999992,0.05,0.0,0.0,0.0,0.0,0.0,0.001621314864698657,0,0.0,35,,,,,,,,,,,,,,,,,,,,,0
2022-07-11,0.0,,0.0,0.0,0.0,0.0,0.0,0.0,0.04999999999999992,0.05,0.0,0.0,0.0,0.0,0.0,0.0012868384608971635,0,0.0,36,51.0,0.0,17.0,0.0,0.0,0.0,0.0,0.0,36.0,0.0,0.0,0.0,12.0,0.0,0.0,0.0,3.0,0.0,0.0,0.0,1
2022-07-12,0.0,,0.0,0.0,0.0,0.0,0.0,0.0,0.04999999999999992,0.05,0.0,0.0,0.0,0.0,0.0,0.001021364363270648,0,0.0,37,,,,,,,,,,,,,,,,,,,,,0
2022-07-13,0.01,,0.01,0.01,0.010000000000000028,0.01,0.009999999999999945,0.009999999999999917,0.05999999999999992,0.060000000000000005,0.0,0.0,0.0,0.0,0.0,0.002958206623496163,0,0.01,38,,,,,,,,,,,,,,,,,,,,,0
2022-07-14,0.0,,0.0,0.0,0.010000000000000028,0.01,0.009999999999999945,0.009999999999999917,0.05999999999999992,0.060000000000000005,0.01,0.0,0.0,0.0,0.0,0.0023479301530385517,0,0.01,39,,,,,,,,,,,,,,,,,,,,,0
2022-07-15,0.0,,0.0,0.0,0.0,0.01,0.009999999999999945,0.009999999999999917,0.04999999999999992,0.060000000000000005,0.0,0.01,0.0,0.0,0.0,0.0017789989464527952,0,0.01,40,,,,,,,,,,,,,,,,,,,,,0
2022-07-16,0.0,,0.0,0.0,0.0,0.0,0.009999999999999945,0.009999999999999917,0.009999999999999917,0.060000000000000005,0.0,0.0,0.01,0.0,0.0,0.0010737745955734172,0,0.0,41,,,,,,,,,,,,,,,,,,,,,0
2022-07-17,0.0,,0.0,0.0,0.0,0.0,0.009999999999999945,0.009999999999999917,0.009999999999999917,0.060000000000000005,0.0,0.0,0.0,0.0,0.0,0.0008522554612949852,0,0.0,42,,,,,,,,,,,,,,,,,,,,,0
2022-07-18,0.0,,0.0,0.0,0.0,0.0,0.0,0.009999999999999917,0.009999999999999917,0.060000000000000005,0.0,0.0,0.0,0.01,0.0,0.0006764356079026513,0,0.0,43,51.0,0.0,17.0,0.0,0.0,0.0,0.0,0.0,36.0,0.0,0.0,0.0,12.0,0.0,0.0,0.0,3.0,0.0,0.0,0.0,1
2022-07-19,0.0,,0.0,0.0,0.0,0.0,0.0,0.009999999999999917,0.009999999999999917,0.060000000000000005,0.0,0.0,0.0,0.0,0.0,0.0005368872977867086,0,0.0,44,,,,,,,,,,,,,,,,,,,,,0
2022-07-20,0.0,,0.0,0.0,0.0,0.0,0.0,0.0,0.009999999999999917,0.060000000000000005,0.0,0.0,0.0,0.0,0.01,0.0004261277306474926,0,0.0,45,,,,,,,,,,,,,,,,,,,,,0
2022-07-21,0.0,,0.0,0.0,0.0,0.0,0.0,0.0,0.009999999999999917,0.060000000000000005,0.0,0.0,0.0,0.0,0.0,0.0003382178039513257,0,0.0,46,,,,,,,,,,,,,,,,,,,,,0
2022-07-22,0.0,,0.0,0.0,0.0,0.0,0.0,0.0,0.009999999999999917,0.060000000000000005,0.0,0.0,0.0,0.0,0.0,0.0002684436488933543,0,0.0,47,,,,,,,,,,,,,,,,,,,,,0
2022-07-23,0.0,,0.0,0.0,0.0,0.0,0.0,0.0,0.009999999999999917,0.060000000000000005,0.0,0.0,0.0,0.0,0.0,0.0002130638653237463,0,0.0,48,,,,,,,,,,,,,,,,,,,,,0
2022-07-24,0.0,,0.0,0.0,0.0,0.0,0.0,0.0,0.009999999999999917,0.060000000000000005,0.0,0.0,0.0,0.0,0.0,0.00016910890197566284,0,0.0,49,,,,,,,,,,,,,,,,,,,,,0
2022-07-25,0.0,,0.0,0.0,0.0,0.0,0.0,0.0,0.009999999999999917,0.060000000000000005,0.0,0.0,0.0,0.0,0.0,0.00013422182444667715,0,0.0,50,51.0,1.0,17.0,0.0196078431372549,1.0,1.0,0.0,1.0,36.0,0.0,0.0,0.0,12.0,1.0,0.08333333333333333,1.0,3.0,0.0,0.0,0.0,1
2022-07-26,0.0,,0.0,0.0,0.0,0.0,0.0,0.0,0.009999999999999917,0.060000000000000005,0.0,0.0,0.0,0.0,0.0,0.00010653193266187317,0,0.0,51,3.0,0.0,1.0,0.0,0.0,0.0,0.0,0.0,,,,,3.0,0.0,0.0,0.0,,,,,1
2022-07-27,0.01,,0.01,0.01,0.010000000000000028,0.01,0.009999999999999945,0.009999999999999917,0.009999999999999917,0.07,0.0,0.0,0.0,0.0,0.0,0.0021475491911468344,0,0.01,52,,,,,,,,,,,,,,,,,,,,,0
2022-07-28,0.0,,0.0,0.0,0.010000000000000028,0.01,0.009999999999999945,0.009999999999999917,0.009999999999999917,0.07,0.01,0.0,0.0,0.0,0.0,0.0017045109225899704,0,0.01,53,,,,,,,,,,,,,,,,,,,,,0
2022-07-29,0.02,,0.02,0.02,0.020000000000000028,0.03,0.029999999999999943,0.029999999999999916,0.029999999999999916,0.09,0.0,0.01,0.0,0.0,0.0,0.0056479695980989715,0,0.02,54,,,,,,,,,,,,,,,,,,,,,0
2022-07-30,0.0,,0.0,0.0,0.020000000000000028,0.02,0.029999999999999947,0.02999999999999992,0.02999999999999992,0.09,0.02,0.0,0.01,0.0,0.0,0.004482796440753358,0,0.02,55,,,,,,,,,,,,,,,,,,,,,0
2022-07-31,0.0,,0.0,0.0,0.0,0.020000000000000004,0.029999999999999947,0.02999999999999992,0.02999999999999992,0.08000000000000002,0.0,0.02,0.0,0.0,0.0,0.0035579978929055904,0,0.02,56,,,,,,,,,,,,,,,,,,,,,0
2022-08-01,0.0,,0.0,0.0,0.0,0.0,0.01999999999999995,0.02999999999999992,0.02999999999999992,0.04,0.0,0.0,0.02,0.01,0.0,0.0028239847990494857,0,0.0,57,51.0,2.0,17.0,0.0392156862745098,1.0,1.0,0.0,1.0,36.0,2.0,0.05555555555555555,1.0,12.0,0.0,0.0,0.0,3.0,0.0,0.0,0.0,1
2022-08-02,0.0,,0.0,0.0,0.0,0.0,0.01999999999999995,0.02999999999999992,0.02999999999999992,0.04,0.0,0.0,0.0,0.0,0.0,0.002241398220376679,0,0.0,58,6.0,0.0,2.0,0.0,0.0,0.0,0.0,0.0,6.0,0.0,0.0,0.0,,,,,,,,,1
2022-08-03,0.0,,0.0,0.0,0.0,0.0,0.0,0.01999999999999992,0.02999999999999992,0.04,0.0,0.0,0.0,0.02,0.01,0.0017789989464527952,0,0.0,59,,,,,,,,,,,,,,,,,,,,,0
2022-08-04,0.0,,0.0,0.0,0.0,0.0,0.0,0.01999999999999992,0.02999999999999992,0.04,0.0,0.0,0.0,0.0,0.0,0.0014119923995247429,0,0.0,60,,,,,,,,,,,,,,,,,,,,,0
2022-08-05,0.0,,0.0,0.0,0.0,0.0,0.0,0.0,0.02999999999999992,0.04,0.0,0.0,0.0,0.0,0.02,0.0011206991101883395,0,0.0,61,,,,,,,,,,,,,,,,,,,,,0
2022-08-06,0.0,,0.0,0.0,0.0,0.0,0.0,0.0,0.02999999999999992,0.04,0.0,0.0,0.0,0.0,0.0,0.0008894994732263976,0,0.0,62,,,,,,,,,,,,,,,,,,,,,0
2022-08-07,0.0,,0.0,0.0,0.0,0.0,0.0,0.0,0.02999999999999992,0.04,0.0,0.0,0.0,0.0,0.0,0.0007059961997623715,0,0.0,63,,,,,,,,,,,,,,,,,,,,,0
2022-08-08,0.0,,0.0,0.0,0.0,0.0,0.0,0.0,0.02999999999999992,0.04,0.0,0.0,0.0,0.0,0.0,0.0005603495550941698,0,0.0,64,51.0,4.0,17.0,0.0784313725490196,3.0,2.0,1.0,1.0,36.0,3.0,0.08333333333333333,1.0,12.0,1.0,0.08333333333333333,1.0,3.0,0.0,0.0,0.0,1
2022-08-09,0.0,,0.0,0.0,0.0,0.0,0.0,0.0,0.02999999999999992,0.04,0.0,0.0,0.0,0.0,0.0,0.0004447497366131988,0,0.0,65,9.0,0.0,3.0,0.0,0.0,0.0,0.0,0.0,6.0,0.0,0.0,0.0,3.0,0.0,0.0,0.0,,,,,1
2022-08-10,0.0,,0.0,0.0,0.0,0.0,0.0,0.0,0.01999999999999992,0.04,0.0,0.0,0.0,0.0,0.0,0.0002684436488933543,0,0.0,66,,,,,,,,,,,,,,,,,,,,,0
2022-08-11,0.0,,0.0,0.0,0.0,0.0,0.0,0.0,0.01999999999999992,0.04,0.0,0.0,0.0,0.0,0.0,0.00021306386532374635,0,0.0,67,,,,,,,,,,,,,,,,,,,,,0
2022-08-12,0.0,,0.0,0.0,0.0,0.0,0.0,0.0,0.0,0.03,0.0,0.0,0.0,0.0,0.0,0.0,0,0.0,68,,,,,,,,,,,,,,,,,,,,,0
2022-08-13,0.0,,0.0,0.0,0.0,0.0,0.0,0.0,0.0,0.03,0.0,0.0,0.0,0.0,0.0,0.0,0,0.0,69,,,,,,,,,,,,,,,,,,,,,0
2022-08-14,0.0,,0.0,0.0,0.0,0.0,0.0,0.0,0.0,0.03,0.0,0.0,0.0,0.0,0.0,0.0,0,0.0,70,,,,,,,,,,,,,,,,,,,,,0
2022-08-15,0.0,,0.0,0.0,0.0,0.0,0.0,0.0,0.0,0.03,0.0,0.0,0.0,0.0,0.0,0.0,0,0.0,71,51.0,0.0,17.0,0.0,0.0,0.0,0.0,0.0,36.0,0.0,0.0,0.0,12.0,0.0,0.0,0.0,3.0,0.0,0.0,0.0,1
2022-08-16,0.0,,0.0,0.0,0.0,0.0,0.0,0.0,0.0,0.03,0.0,0.0,0.0,0.0,0.0,0.0,0,0.0,72,,,,,,,,,,,,,,,,,,,,,0
2022-08-17,0.0,,0.0,0.0,0.0,0.0,0.0,0.0,0.0,0.03,0.0,0.0,0.0,0.0,0.0,0.0,0,0.0,73,,,,,,,,,,,,,,,,,,,,,0
2022-08-18,0.0,,0.0,0.0,0.0,0.0,0.0,0.0,0.0,0.03,0.0,0.0,0.0,0.0,0.0,0.0,0,0.0,74,,,,,,,,,,,,,,,,,,,,,0
2022-08-19,0.0,,0.0,0.0,0.0,0.0,0.0,0.0,0.0,0.03,0.0,0.0,0.0,0.0,0.0,0.0,0,0.0,75,,,,,,,,,,,,,,,,,,,,,0
2022-08-20,0.0,,0.0,0.0,0.0,0.0,0.0,0.0,0.0,0.03,0.0,0.0,0.0,0.0,0.0,0.0,0,0.0,76,,,,,,,,,,,,,,,,,,,,,0
2022-08-21,0.0,,0.0,0.0,0.0,0.0,0.0,0.0,0.0,0.03,0.0,0.0,0.0,0.0,0.0,0.0,0,0.0,77,,,,,,,,,,,,,,,,,,,,,0
2022-08-22,0.0,,0.0,0.0,0.0,0.0,0.0,0.0,0.0,0.03,0.0,0.0,0.0,0.0,0.0,0.0,0,0.0,78,51.0,0.0,17.0,0.0,0.0,0.0,0.0,0.0,36.0,0.0,0.0,0.0,12.0,0.0,0.0,0.0,3.0,0.0,0.0,0.0,1
2022-08-23,0.0,,0.0,0.0,0.0,0.0,0.0,0.0,0.0,0.03,0.0,0.0,0.0,0.0,0.0,0.0,0,0.0,79,,,,,,,,,,,,,,,,,,,,,0
2022-08-24,0.0,,0.0,0.0,0.0,0.0,0.0,0.0,0.0,0.03,0.0,0.0,0.0,0.0,0.0,0.0,0,0.0,80,,,,,,,,,,,,,,,,,,,,,0
2022-08-25,0.0,,0.0,0.0,0.0,0.0,0.0,0.0,0.0,0.03,0.0,0.0,0.0,0.0,0.0,0.0,0,0.0,81,,,,,,,,,,,,,,,,,,,,,0
2022-08-26,0.0,,0.0,0.0,0.0,0.0,0.0,0.0,0.0,0.02,0.0,0.0,0.0,0.0,0.0,0.0,0,0.0,82,,,,,,,,,,,,,,,,,,,,,0
2022-08-27,0.0,,0.0,0.0,0.0,0.0,0.0,0.0,0.0,0.02,0.0,0.0,0.0,0.0,0.0,0.0,0,0.0,83,,,,,,,,,,,,,,,,,,,,,0
2022-08-28,0.0,,0.0,0.0,0.0,0.0,0.0,0.0,0.0,0.0,0.0,0.0,0.0,0.0,0.0,0.0,0,0.0,84,,,,,,,,,,,,,,,,,,,,,0
2022-08-29,0.0,,0.0,0.0,0.0,0.0,0.0,0.0,0.0,0.0,0.0,0.0,0.0,0.0,0.0,0.0,0,0.0,85,51.0,0.0,17.0,0.0,0.0,0.0,0.0,0.0,36.0,0.0,0.0,0.0,12.0,0.0,0.0,0.0,3.0,0.0,0.0,0.0,1
2022-08-30,0.0,,0.0,0.0,0.0,0.0,0.0,0.0,0.0,0.0,0.0,0.0,0.0,0.0,0.0,0.0,0,0.0,86,,,,,,,,,,,,,,,,,,,,,0
2022-08-31,0.0,,0.0,0.0,0.0,0.0,0.0,0.0,0.0,0.0,0.0,0.0,0.0,0.0,0.0,0.0,0,0.0,87,,,,,,,,,,,,,,,,,,,,,0
2022-09-01,0.0,,0.0,0.0,0.0,0.0,0.0,0.0,0.0,0.0,0.0,0.0,0.0,0.0,0.0,0.0,0,0.0,88,,,,,,,,,,,,,,,,,,,,,0
2022-09-02,0.0,,0.0,0.0,0.0,0.0,0.0,0.0,0.0,0.0,0.0,0.0,0.0,0.0,0.0,0.0,0,0.0,89,,,,,,,,,,,,,,,,,,,,,0
2022-09-03,0.0,,0.0,0.0,0.0,0.0,0.0,0.0,0.0,0.0,0.0,0.0,0.0,0.0,0.0,0.0,0,0.0,90,,,,,,,,,,,,,,,,,,,,,0
2022-09-04,0.0,,0.0,0.0,0.0,0.0,0.0,0.0,0.0,0.0,0.0,0.0,0.0,0.0,0.0,0.0,0,0.0,91,,,,,,,,,,,,,,,,,,,,,0
2022-09-05,0.0,,0.0,0.0,0.0,0.0,0.0,0.0,0.0,0.0,0.0,0.0,0.0,0.0,0.0,0.0,0,0.0,92,,,,,,,,,,,,,,,,,,,,,0
2022-09-06,0.0,,0.0,0.0,0.0,0.0,0.0,0.0,0.0,0.0,0.0,0.0,0.0,0.0,0.0,0.0,0,0.0,93,51.0,0.0,17.0,0.0,0.0,0.0,0.0,0.0,36.0,0.0,0.0,0.0,12.0,0.0,0.0,0.0,3.0,0.0,0.0,0.0,1
2022-09-07,0.0,,0.0,0.0,0.0,0.0,0.0,0.0,0.0,0.0,0.0,0.0,0.0,0.0,0.0,0.0,0,0.0,94,,,,,,,,,,,,,,,,,,,,,0
2022-09-08,0.0,,0.0,0.0,0.0,0.0,0.0,0.0,0.0,0.0,0.0,0.0,0.0,0.0,0.0,0.0,0,0.0,95,,,,,,,,,,,,,,,,,,,,,0
2022-09-09,0.0,,0.0,0.0,0.0,0.0,0.0,0.0,0.0,0.0,0.0,0.0,0.0,0.0,0.0,0.0,0,0.0,96,,,,,,,,,,,,,,,,,,,,,0
2022-09-10,0.0,,0.0,0.0,0.0,0.0,0.0,0.0,0.0,0.0,0.0,0.0,0.0,0.0,0.0,0.0,0,0.0,97,,,,,,,,,,,,,,,,,,,,,0
2022-09-11,0.0,,0.0,0.0,0.0,0.0,0.0,0.0,0.0,0.0,0.0,0.0,0.0,0.0,0.0,0.0,0,0.0,98,,,,,,,,,,,,,,,,,,,,,0
2022-09-12,0.0,,0.0,0.0,0.0,0.0,0.0,0.0,0.0,0.0,0.0,0.0,0.0,0.0,0.0,0.0,0,0.0,99,51.0,0.0,17.0,0.0,0.0,0.0,0.0,0.0,36.0,0.0,0.0,0.0,12.0,0.0,0.0,0.0,3.0,0.0,0.0,0.0,1
2022-09-13,0.0,,0.0,0.0,0.0,0.0,0.0,0.0,0.0,0.0,0.0,0.0,0.0,0.0,0.0,0.0,0,0.0,100,,,,,,,,,,,,,,,,,,,,,0
2022-09-14,0.0,,0.0,0.0,0.0,0.0,0.0,0.0,0.0,0.0,0.0,0.0,0.0,0.0,0.0,0.0,0,0.0,101,,,,,,,,,,,,,,,,,,,,,0
2022-09-15,0.0,,0.0,0.0,0.0,0.0,0.0,0.0,0.0,0.0,0.0,0.0,0.0,0.0,0.0,0.0,0,0.0,102,,,,,,,,,,,,,,,,,,,,,0
2022-09-16,0.0,,0.0,0.0,0.0,0.0,0.0,0.0,0.0,0.0,0.0,0.0,0.0,0.0,0.0,0.0,0,0.0,103,,,,,,,,,,,,,,,,,,,,,0
2022-09-17,0.0,,0.0,0.0,0.0,0.0,0.0,0.0,0.0,0.0,0.0,0.0,0.0,0.0,0.0,0.0,0,0.0,104,,,,,,,,,,,,,,,,,,,,,0
2022-09-18,0.33,,0.33,0.33,0.33000000000000007,0.33,0.32999999999999996,0.32999999999999996,0.32999999999999996,0.33,0.0,0.0,0.0,0.0,0.0,0.07086912330784553,0,0.33,0,,,,,,,,,,,,,,,,,,,,,0
2022-09-19,0.0,,0.0,0.0,0.33,0.33,0.32999999999999996,0.3299999999999999,0.3299999999999999,0.33,0.33,0.0,0.0,0.0,0.0,0.05624886044546902,1,0.33,1,51.0,3.0,17.0,0.058823529411764705,2.0,2.0,0.0,1.0,36.0,2.0,0.05555555555555555,1.0,12.0,0.0,0.0,0.0,3.0,1.0,0.3333333333333333,1.0,1
2022-09-20,0.0,,0.0,0.0,0.0,0.33,0.32999999999999996,0.3299999999999999,0.3299999999999999,0.33,0.0,0.33,0.0,0.0,0.0,0.04464475012157498,1,0.33,2,9.0,1.0,3.0,0.1111111111111111,1.0,1.0,0.0,1.0,6.0,0.0,0.0,0.0,,,,,3.0,1.0,0.3333333333333333,1.0,1
2022-09-21,0.01,,0.01,0.01,0.01,0.01,0.33999999999999997,0.3399999999999999,0.3399999999999999,0.34,0.0,0.0,0.33,0.0,0.0,0.0375821108450696,1,0.01,3,3.0,1.0,1.0,0.3333333333333333,1.0,1.0,0.0,1.0,,,,,,,,,3.0,1.0,0.3333333333333333,1.0,1
2022-09-22,0.0,,0.0,0.0,0.01,0.01,0.33999999999999997,0.3399999999999999,0.3399999999999999,0.34,0.01,0.0,0.0,0.0,0.0,0.02982894114532448,0,0.01,4,3.0,0.0,1.0,0.0,0.0,0.0,0.0,0.0,,,,,,,,,3.0,0.0,0.0,0.0,1
2022-09-23,0.0,,0.0,0.0,0.0,0.01,0.009999999999999945,0.3399999999999999,0.3399999999999999,0.34,0.0,0.01,0.0,0.33,0.0,0.023675246276592798,0,0.01,5,,,,,,,,,,,,,,,,,,,,,0
2022-09-24,0.0,,0.0,0.0,0.0,0.0,0.009999999999999945,0.3399999999999999,0.3399999999999999,0.34,0.0,0.0,0.01,0.0,0.0,0.0187910554225348,0,0.0,6,,,,,,,,,,,,,,,,,,,,,0
2022-09-25,0.0,,0.0,0.0,0.0,0.0,0.009999999999999945,0.00999999999999989,0.3399999999999999,0.34,0.0,0.0,0.0,0.0,0.33,0.01491447057266224,0,0.0,7,,,,,,,,,,,,,,,,,,,,,0
2022-09-26,0.0,,0.0,0.0,0.0,0.0,0.0,0.00999999999999989,0.3399999999999999,0.34,0.0,0.0,0.0,0.01,0.0,0.011837623138296399,0,0.0,8,51.0,2.0,17.0,0.0392156862745098,1.0,1.0,0.0,1.0,36.0,2.0,0.05555555555555555,1.0,12.0,0.0,0.0,0.0,3.0,0.0,0.0,0.0,1
2022-09-27,0.0,,0.0,0.0,0.0,0.0,0.0,0.00999999999999989,0.3399999999999999,0.34,0.0,0.0,0.0,0.0,0.0,0.009395527711267402,0,0.0,9,6.0,0.0,2.0,0.0,0.0,0.0,0.0,0.0,6.0,0.0,0.0,0.0,,,,,,,,,1
2022-09-28,0.0,,0.0,0.0,0.0,0.0,0.0,0.0,0.3399999999999999,0.34,0.0,0.0,0.0,0.0,0.01,0.00745723528633112,0,0.0,10,,,,,,,,,,,,,,,,,,,,,0
2022-09-29,0.0,,0.0,0.0,0.0,0.0,0.0,0.0,0.3399999999999999,0.34,0.0,0.0,0.0,0.0,0.0,0.0059188115691481994,0,0.0,11,,,,,,,,,,,,,,,,,,,,,0
2022-09-30,0.0,,0.0,0.0,0.0,0.0,0.0,0.0,0.3399999999999999,0.34,0.0,0.0,0.0,0.0,0.0,0.0046977638556337,0,0.0,12,,,,,,,,,,,,,,,,,,,,,0
2022-10-01,0.0,,0.0,0.0,0.0,0.0,0.0,0.0,0.3399999999999999,0.34,0.0,0.0,0.0,0.0,0.0,0.0037286176431655617,0,0.0,13,,,,,,,,,,,,,,,,,,,,,0
2022-10-02,0.0,,0.0,0.0,0.0,0.0,0.0,0.0,0.00999999999999989,0.34,0.0,0.0,0.0,0.0,0.0,0.00016910890197566284,0,0.0,14,,,,,,,,,,,,,,,,,,,,,0
2022-10-03,0.0,,0.0,0.0,0.0,0.0,0.0,0.0,0.00999999999999989,0.34,0.0,0.0,0.0,0.0,0.0,0.00013422182444667715,0,0.0,15,51.0,0.0,17.0,0.0,0.0,0.0,0.0,0.0,36.0,0.0,0.0,0.0,12.0,0.0,0.0,0.0,3.0,0.0,0.0,0.0,1
2022-10-04,0.0,,0.0,0.0,0.0,0.0,0.0,0.0,0.00999999999999989,0.34,0.0,0.0,0.0,0.0,0.0,0.00010653193266187317,0,0.0,16,,,,,,,,,,,,,,,,,,,,,0
2022-10-05,0.0,,0.0,0.0,0.0,0.0,0.0,0.0,0.0,0.34,0.0,0.0,0.0,0.0,0.0,0.0,0,0.0,17,,,,,,,,,,,,,,,,,,,,,0
2022-10-06,0.0,,0.0,0.0,0.0,0.0,0.0,0.0,0.0,0.34,0.0,0.0,0.0,0.0,0.0,0.0,0,0.0,18,,,,,,,,,,,,,,,,,,,,,0
2022-10-07,0.0,,0.0,0.0,0.0,0.0,0.0,0.0,0.0,0.34,0.0,0.0,0.0,0.0,0.0,0.0,0,0.0,19,,,,,,,,,,,,,,,,,,,,,0
2022-10-08,0.0,,0.0,0.0,0.0,0.0,0.0,0.0,0.0,0.34,0.0,0.0,0.0,0.0,0.0,0.0,0,0.0,20,,,,,,,,,,,,,,,,,,,,,0
2022-10-09,0.0,,0.0,0.0,0.0,0.0,0.0,0.0,0.0,0.34,0.0,0.0,0.0,0.0,0.0,0.0,0,0.0,21,,,,,,,,,,,,,,,,,,,,,0
2022-10-10,0.0,,0.0,0.0,0.0,0.0,0.0,0.0,0.0,0.34,0.0,0.0,0.0,0.0,0.0,0.0,0,0.0,22,,,,,,,,,,,,,,,,,,,,,0
2022-10-11,0.0,,0.0,0.0,0.0,0.0,0.0,0.0,0.0,0.34,0.0,0.0,0.0,0.0,0.0,0.0,0,0.0,23,51.0,0.0,17.0,0.0,0.0,0.0,0.0,0.0,36.0,0.0,0.0,0.0,12.0,0.0,0.0,0.0,3.0,0.0,0.0,0.0,1
2022-10-12,0.0,,0.0,0.0,0.0,0.0,0.0,0.0,0.0,0.34,0.0,0.0,0.0,0.0,0.0,0.0,0,0.0,24,,,,,,,,,,,,,,,,,,,,,0
2022-10-13,0.0,,0.0,0.0,0.0,0.0,0.0,0.0,0.0,0.34,0.0,0.0,0.0,0.0,0.0,0.0,0,0.0,25,,,,,,,,,,,,,,,,,,,,,0
2022-10-14,0.0,,0.0,0.0,0.0,0.0,0.0,0.0,0.0,0.34,0.0,0.0,0.0,0.0,0.0,0.0,0,0.0,26,,,,,,,,,,,,,,,,,,,,,0
2022-10-15,0.0,,0.0,0.0,0.0,0.0,0.0,0.0,0.0,0.34,0.0,0.0,0.0,0.0,0.0,0.0,0,0.0,27,,,,,,,,,,,,,,,,,,,,,0
2022-10-16,0.0,,0.0,0.0,0.0,0.0,0.0,0.0,0.0,0.34,0.0,0.0,0.0,0.0,0.0,0.0,0,0.0,28,,,,,,,,,,,,,,,,,,,,,0
2022-10-17,0.0,,0.0,0.0,0.0,0.0,0.0,0.0,0.0,0.34,0.0,0.0,0.0,0.0,0.0,0.0,0,0.0,29,51.0,0.0,17.0,0.0,0.0,0.0,0.0,0.0,36.0,0.0,0.0,0.0,12.0,0.0,0.0,0.0,3.0,0.0,0.0,0.0,1
2022-10-18,0.0,,0.0,0.0,0.0,0.0,0.0,0.0,0.0,0.01,0.0,0.0,0.0,0.0,0.0,0.0,0,0.0,30,,,,,,,,,,,,,,,,,,,,,0
2022-10-19,0.0,,0.0,0.0,0.0,0.0,0.0,0.0,0.0,0.01,0.0,0.0,0.0,0.0,0.0,0.0,0,0.0,31,,,,,,,,,,,,,,,,,,,,,0
2022-10-20,0.0,,0.0,0.0,0.0,0.0,0.0,0.0,0.0,0.01,0.0,0.0,0.0,0.0,0.0,0.0,0,0.0,32,,,,,,,,,,,,,,,,,,,,,0
2022-10-21,0.0,,0.0,0.0,0.0,0.0,0.0,0.0,0.0,0.0,0.0,0.0,0.0,0.0,0.0,0.0,0,0.0,33,,,,,,,,,,,,,,,,,,,,,0
2022-10-22,0.0,,0.0,0.0,0.0,0.0,0.0,0.0,0.0,0.0,0.0,0.0,0.0,0.0,0.0,0.0,0,0.0,34,,,,,,,,,,,,,,,,,,,,,0
2022-10-23,0.0,,0.0,0.0,0.0,0.0,0.0,0.0,0.0,0.0,0.0,0.0,0.0,0.0,0.0,0.0,0,0.0,35,,,,,,,,,,,,,,,,,,,,,0
2022-10-24,0.0,,0.0,0.0,0.0,0.0,0.0,0.0,0.0,0.0,0.0,0.0,0.0,0.0,0.0,0.0,0,0.0,36,51.0,0.0,17.0,0.0,0.0,0.0,0.0,0.0,36.0,0.0,0.0,0.0,12.0,0.0,0.0,0.0,3.0,0.0,0.0,0.0,1
2022-10-25,0.0,,0.0,0.0,0.0,0.0,0.0,0.0,0.0,0.0,0.0,0.0,0.0,0.0,0.0,0.0,0,0.0,37,,,,,,,,,,,,,,,,,,,,,0
2022-10-26,0.0,,0.0,0.0,0.0,0.0,0.0,0.0,0.0,0.0,0.0,0.0,0.0,0.0,0.0,0.0,0,0.0,38,,,,,,,,,,,,,,,,,,,,,0
2022-10-27,0.0,,0.0,0.0,0.0,0.0,0.0,0.0,0.0,0.0,0.0,0.0,0.0,0.0,0.0,0.0,0,0.0,39,,,,,,,,,,,,,,,,,,,,,0
2022-10-28,0.0,,0.0,0.0,0.0,0.0,0.0,0.0,0.0,0.0,0.0,0.0,0.0,0.0,0.0,0.0,0,0.0,40,,,,,,,,,,,,,,,,,,,,,0
2022-10-29,0.0,,0.0,0.0,0.0,0.0,0.0,0.0,0.0,0.0,0.0,0.0,0.0,0.0,0.0,0.0,0,0.0,41,,,,,,,,,,,,,,,,,,,,,0
2022-10-30,0.0,,0.0,0.0,0.0,0.0,0.0,0.0,0.0,0.0,0.0,0.0,0.0,0.0,0.0,0.0,0,0.0,42,,,,,,,,,,,,,,,,,,,,,0
2022-10-31,0.0,,0.0,0.0,0.0,0.0,0.0,0.0,0.0,0.0,0.0,0.0,0.0,0.0,0.0,0.0,0,0.0,43,51.0,0.0,17.0,0.0,0.0,0.0,0.0,0.0,36.0,0.0,0.0,0.0,12.0,0.0,0.0,0.0,3.0,0.0,0.0,0.0,1
2022-11-01,0.3,,0.3,0.3,0.3,0.3,0.29999999999999993,0.2999999999999999,0.2999999999999999,0.3,0.0,0.0,0.0,0.0,0.0,0.06442647573440502,0,0.3,0,,,,,,,,,,,,,,,,,,,,,0
2022-11-02,0.01,,0.01,0.01,0.31,0.31,0.30999999999999994,0.3099999999999999,0.3099999999999999,0.31,0.3,0.0,0.0,0.0,0.0,0.05328287686884594,1,0.3,1,,,,,,,,,,,,,,,,,,,,,0
2022-11-03,0.0,,0.0,0.0,0.01,0.31,0.30999999999999994,0.3099999999999999,0.3099999999999999,0.31,0.01,0.3,0.0,0.0,0.0,0.042290647396749044,1,0.3,2,,,,,,,,,,,,,,,,,,,,,0
2022-11-04,0.0,,0.0,0.0,0.0,0.01,0.30999999999999994,0.3099999999999999,0.3099999999999999,0.31,0.0,0.01,0.3,0.0,0.0,0.03356610908300781,1,0.01,3,,,,,,,,,,,,,,,,,,,,,0
2022-11-05,0.0,,0.0,0.0,0.0,0.0,0.30999999999999994,0.3099999999999999,0.3099999999999999,0.31,0.0,0.0,0.01,0.0,0.0,0.02664143843442297,0,0.0,4,,,,,,,,,,,,,,,,,,,,,0
2022-11-06,0.02,,0.02,0.02,0.02,0.02,0.029999999999999943,0.32999999999999985,0.32999999999999985,0.32999999999999996,0.0,0.0,0.0,0.3,0.0,0.02544042208066819,0,0.02,5,,,,,,,,,,,,,,,,,,,,,0
2022-11-07,0.1,,0.1,0.1,0.12000000000000001,0.12000000000000001,0.11999999999999994,0.4299999999999999,0.4299999999999999,0.43,0.02,0.0,0.0,0.01,0.0,0.04166756829815219,0,0.1,0,51.0,2.0,17.0,0.0392156862745098,2.0,2.0,0.0,1.0,36.0,1.0,0.027777777777777776,1.0,12.0,1.0,0.08333333333333333,1.0,3.0,0.0,0.0,0.0,1
2022-11-08,0.89,,0.89,0.89,0.99,1.01,1.01,1.02,1.3199999999999998,1.32,0.1,0.02,0.0,0.0,0.3,0.22420344888679006,1,0.89,0,6.0,3.0,2.0,0.5,2.0,2.0,0.0,1.0,3.0,2.0,0.6666666666666666,1.0,3.0,1.0,0.3333333333333333,1.0,,,,,1
2022-11-09,0.01,,0.01,0.01,0.9,1.0,1.0199999999999998,1.0199999999999998,1.3299999999999998,1.3299999999999998,0.89,0.1,0.02,0.0,0.01,0.18009794450004132,1,0.89,1,6.0,0.0,2.0,0.0,0.0,0.0,0.0,0.0,3.0,0.0,0.0,0.0,3.0,0.0,0.0,0.0,,,,,1
2022-11-10,0.0,,0.0,0.0,0.01,0.9,1.0199999999999998,1.0199999999999998,1.3299999999999998,1.3299999999999998,0.01,0.89,0.1,0.0,0.0,0.14294383327833798,1,0.89,2,,,,,,,,,,,,,,,,,,,,,0
2022-11-11,0.0,,0.0,0.0,0.0,0.01,0.9999999999999999,1.0199999999999998,1.3299999999999998,1.3299999999999998,0.0,0.01,0.89,0.02,0.0,0.11345459565920034,1,0.01,3,,,,,,,,,,,,,,,,,,,,,0
2022-11-12,0.03,,0.03,0.03,0.03,0.03,0.9299999999999999,1.0499999999999998,1.3599999999999999,1.3599999999999999,0.0,0.0,0.01,0.1,0.0,0.09649161982346116,0,0.03,4,,,,,,,,,,,,,,,,,,,,,0
2022-11-13,0.0,,0.0,0.0,0.03,0.03,0.03999999999999989,1.0299999999999998,1.3599999999999999,1.3599999999999999,0.03,0.0,0.0,0.89,0.02,0.07658544940693891,0,0.03,5,,,,,,,,,,,,,,,,,,,,,0
2022-11-14,0.0,,0.0,0.0,0.0,0.03,0.029999999999999888,0.9299999999999999,1.3599999999999999,1.3599999999999999,0.0,0.03,0.0,0.01,0.1,0.06078591147701608,0,0.03,6,51.0,0.0,17.0,0.0,0.0,0.0,0.0,0.0,36.0,0.0,0.0,0.0,12.0,0.0,0.0,0.0,3.0,0.0,0.0,0.0,1
2022-11-15,0.0,,0.0,0.0,0.0,0.0,0.029999999999999888,0.03999999999999989,1.0599999999999998,1.3599999999999999,0.0,0.0,0.03,0.0,0.89,0.04570917638209564,0,0.0,7,,,,,,,,,,,,,,,,,,,,,0
2022-11-16,0.0,,0.0,0.0,0.0,0.0,0.029999999999999888,0.029999999999999888,1.0499999999999998,1.3599999999999999,0.0,0.0,0.0,0.0,0.01,0.036194842885781474,0,0.0,8,,,,,,,,,,,,,,,,,,,,,0
2022-11-17,0.0,,0.0,0.0,0.0,0.0,0.0,0.029999999999999888,1.0499999999999998,1.3599999999999999,0.0,0.0,0.0,0.03,0.0,0.028727865836356604,0,0.0,9,,,,,,,,,,,,,,,,,,,,,0
2022-11-18,0.0,,0.0,0.0,0.0,0.0,0.0,0.029999999999999888,1.0499999999999998,1.3599999999999999,0.0,0.0,0.0,0.0,0.0,0.022801322224716886,0,0.0,10,,,,,,,,,,,,,,,,,,,,,0
2022-11-19,0.0,,0.0,0.0,0.0,0.0,0.0,0.0,1.0499999999999998,1.3599999999999999,0.0,0.0,0.0,0.0,0.03,0.018097421442890737,0,0.0,11,,,,,,,,,,,,,,,,,,,,,0
2022-11-20,0.0,,0.0,0.0,0.0,0.0,0.0,0.0,1.0299999999999998,1.3599999999999999,0.0,0.0,0.0,0.0,0.0,0.014194824016202636,0,0.0,12,,,,,,,,,,,,,,,,,,,,,0
2022-11-21,0.0,,0.0,0.0,0.0,0.0,0.0,0.0,0.93,1.3599999999999999,0.0,0.0,0.0,0.0,0.0,0.010420894778033454,0,0.0,13,51.0,0.0,17.0,0.0,0.0,0.0,0.0,0.0,36.0,0.0,0.0,0.0,12.0,0.0,0.0,0.0,3.0,0.0,0.0,0.0,1
2022-11-22,0.0,,0.0,0.0,0.0,0.0,0.0,0.0,0.03999999999999989,1.3599999999999999,0.0,0.0,0.0,0.0,0.0,0.000745723528633112,0,0.0,14,,,,,,,,,,,,,,,,,,,,,0
2022-11-23,0.0,,0.0,0.0,0.0,0.0,0.0,0.0,0.029999999999999888,1.3599999999999999,0.0,0.0,0.0,0.0,0.0,0.0005073267059269885,0,0.0,15,,,,,,,,,,,,,,,,,,,,,0
2022-11-24,0.0,,0.0,0.0,0.0,0.0,0.0,0.0,0.029999999999999888,1.3599999999999999,0.0,0.0,0.0,0.0,0.0,0.00040266547334003136,0,0.0,16,,,,,,,,,,,,,,,,,,,,,0
2022-11-25,0.0,,0.0,0.0,0.0,0.0,0.0,0.0,0.029999999999999888,1.3599999999999999,0.0,0.0,0.0,0.0,0.0,0.0003195957979856195,0,0.0,17,,,,,,,,,,,,,,,,,,,,,0
2022-11-26,0.0,,0.0,0.0,0.0,0.0,0.0,0.0,0.0,1.3599999999999999,0.0,0.0,0.0,0.0,0.0,0.0,0,0.0,18,,,,,,,,,,,,,,,,,,,,,0
2022-11-27,0.0,,0.0,0.0,0.0,0.0,0.0,0.0,0.0,1.3599999999999999,0.0,0.0,0.0,0.0,0.0,0.0,0,0.0,19,,,,,,,,,,,,,,,,,,,,,0
2022-11-28,0.0,,0.0,0.0,0.0,0.0,0.0,0.0,0.0,1.3599999999999999,0.0,0.0,0.0,0.0,0.0,0.0,0,0.0,20,51.0,3.0,17.0,0.058823529411764705,3.0,2.0,1.0,1.0,36.0,2.0,0.05555555555555555,1.0,12.0,1.0,0.08333333333333333,1.0,3.0,0.0,0.0,0.0,1
2022-11-29,0.0,,0.0,0.0,0.0,0.0,0.0,0.0,0.0,1.3599999999999999,0.0,0.0,0.0,0.0,0.0,0.0,0,0.0,21,9.0,0.0,3.0,0.0,0.0,0.0,0.0,0.0,6.0,0.0,0.0,0.0,3.0,0.0,0.0,0.0,,,,,1
2022-11-30,0.0,,0.0,0.0,0.0,0.0,0.0,0.0,0.0,1.3599999999999999,0.0,0.0,0.0,0.0,0.0,0.0,0,0.0,22,,,,,,,,,,,,,,,,,,,,,0
2022-12-01,0.84,,0.84,0.84,0.84,0.84,0.8399999999999999,0.8399999999999999,0.8399999999999999,1.9,0.0,0.0,0.0,0.0,0.0,0.18039413205633406,0,0.84,0,27.0,7.0,9.0,0.25925925925925924,3.0,1.0,0.0,1.0,15.0,7.0,0.4666666666666667,1.0,12.0,0.0,0.0,0.0,,,,,1
2022-12-02,0.0,,0.0,0.0,0.84,0.84,0.8399999999999999,0.8399999999999999,0.8399999999999999,1.89,0.84,0.0,0.0,0.0,0.0,0.1431789174975575,1,0.84,1,13.0,3.0,4.0,0.23076923076923078,1.0,1.0,0.0,1.0,13.0,3.0,0.23076923076923078,1.0,,,,,,,,,1
2022-12-03,0.32,,0.32,0.32,0.32,1.16,1.16,1.16,1.16,2.21,0.0,0.84,0.0,0.0,0.0,0.18236275624434412,1,0.84,0,3.0,3.0,1.0,1.0,1.0,1.0,0.0,1.0,3.0,3.0,1.0,1.0,,,,,,,,,1
2022-12-04,0.06,,0.06,0.06,0.38,0.38,1.2199999999999998,1.2199999999999998,1.2199999999999998,2.27,0.32,0.0,0.84,0.0,0.0,0.1576267106979271,1,0.32,0,3.0,3.0,1.0,1.0,1.0,1.0,0.0,1.0,3.0,3.0,1.0,1.0,,,,,,,,,1
2022-12-05,0.12,,0.12,0.12,0.18,0.5,1.3399999999999999,1.3399999999999999,1.3399999999999999,2.3899999999999997,0.06,0.32,0.0,0.0,0.0,0.15087899348385028,1,0.32,0,51.0,4.0,17.0,0.0784313725490196,4.0,2.0,1.0,1.0,36.0,3.0,0.08333333333333333,1.0,12.0,0.0,0.0,0.0,3.0,1.0,0.3333333333333333,1.0,1
2022-12-06,0.02,,0.02,0.02,0.13999999999999999,0.19999999999999998,0.5199999999999999,1.3599999999999999,1.3599999999999999,2.3899999999999997,0.12,0.06,0.32,0.84,0.0,0.12404783487037717,1,0.12,1,12.0,2.0,4.0,0.16666666666666666,2.0,1.0,0.0,1.0,9.0,2.0,0.2222222222222222,1.0,,,,,3.0,0.0,0.0,0.0,1
2022-12-07,0.0,,0.0,0.0,0.02,0.13999999999999999,0.5199999999999999,1.3599999999999999,1.3599999999999999,2.2899999999999996,0.02,0.12,0.06,0.0,0.0,0.09845683178380712,1,0.12,2,6.0,0.0,2.0,0.0,0.0,0.0,0.0,0.0,6.0,0.0,0.0,0.0,,,,,,,,,1
2022-12-08,0.04,,0.04,0.04,0.04,0.06,0.23999999999999988,0.5599999999999998,1.4,1.44,0.0,0.02,0.12,0.32,0.84,0.08673543593812308,1,0.04,3,,,,,,,,,,,,,,,,,,,,,0
2022-12-09,0.0,,0.0,0.0,0.04,0.039999999999999994,0.17999999999999988,0.5599999999999998,1.4,1.43,0.04,0.0,0.02,0.06,0.0,0.06884196112554847,0,0.04,4,,,,,,,,,,,,,,,,,,,,,0
2022-12-10,0.7,,0.7,0.7,0.7,0.74,0.7599999999999998,0.9399999999999997,2.0999999999999996,2.13,0.0,0.04,0.0,0.12,0.32,0.20496834413540316,0,0.7,0,,,,,,,,,,,,,,,,,,,,,0
2022-12-11,0.59,,0.59,0.59,1.29,1.29,1.3299999999999996,1.4699999999999998,2.69,2.7199999999999998,0.7,0.0,0.04,0.02,0.06,0.28938888482802266,1,0.7,0,,,,,,,,,,,,,,,,,,,,,0
2022-12-12,0.06,,0.06,0.06,0.6499999999999999,1.3499999999999999,1.3899999999999997,1.4099999999999997,2.75,2.75,0.59,0.7,0.0,0.0,0.12,0.2425734052488347,1,0.7,0,51.0,2.0,17.0,0.0392156862745098,1.0,1.0,0.0,1.0,36.0,0.0,0.0,0.0,12.0,0.0,0.0,0.0,3.0,2.0,0.6666666666666666,1.0,1
2022-12-13,0.0,,0.0,0.0,0.06,0.6499999999999999,1.3499999999999996,1.3899999999999997,2.75,2.75,0.06,0.59,0.7,0.04,0.02,0.19253063933575426,1,0.59,1,3.0,0.0,1.0,0.0,0.0,0.0,0.0,0.0,,,,,,,,,3.0,0.0,0.0,0.0,1
2022-12-14,0.0,,0.0,0.0,0.0,0.06,1.3499999999999996,1.3899999999999997,2.75,2.75,0.0,0.06,0.59,0.0,0.0,0.1528116697088432,1,0.06,2,,,,,,,,,,,,,,,,,,,,,0
2022-12-15,0.0,,0.0,0.0,0.0,0.0,0.6499999999999997,1.3499999999999996,1.91,2.75,0.0,0.0,0.06,0.7,0.04,0.11418412874143948,0,0.0,3,,,,,,,,,,,,,,,,,,,,,0
2022-12-16,0.0,,0.0,0.0,0.0,0.0,0.059999999999999776,1.3499999999999996,1.9099999999999997,2.75,0.0,0.0,0.0,0.59,0.0,0.09062800304111669,0,0.0,4,,,,,,,,,,,,,,,,,,,,,0
2022-12-17,0.0,,0.0,0.0,0.0,0.0,0.0,0.6499999999999997,1.5899999999999999,2.75,0.0,0.0,0.0,0.06,0.7,0.06922575125101231,0,0.0,5,,,,,,,,,,,,,,,,,,,,,0
2022-12-18,0.0,,0.0,0.0,0.0,0.0,0.0,0.059999999999999776,1.5299999999999998,2.75,0.0,0.0,0.0,0.0,0.59,0.054437188473645926,0,0.0,6,,,,,,,,,,,,,,,,,,,,,0
2022-12-19,0.0,,0.0,0.0,0.0,0.0,0.0,0.0,1.4099999999999997,2.75,0.0,0.0,0.0,0.0,0.06,0.04219217171277437,0,0.0,7,51.0,0.0,17.0,0.0,0.0,0.0,0.0,0.0,36.0,0.0,0.0,0.0,12.0,0.0,0.0,0.0,3.0,0.0,0.0,0.0,1
2022-12-20,0.0,,0.0,0.0,0.0,0.0,0.0,0.0,1.39,2.75,0.0,0.0,0.0,0.0,0.0,0.03331883997886481,0,0.0,8,,,,,,,,,,,,,,,,,,,,,0
2022-12-21,0.0,,0.0,0.0,0.0,0.0,0.0,0.0,1.39,2.75,0.0,0.0,0.0,0.0,0.0,0.026445180816405046,0,0.0,9,,,,,,,,,,,,,,,,,,,,,0
2022-12-22,0.0,,0.0,0.0,0.0,0.0,0.0,0.0,1.3499999999999999,2.75,0.0,0.0,0.0,0.0,0.0,0.020651336119773985,0,0.0,10,,,,,,,,,,,,,,,,,,,,,0
2022-12-23,0.0,,0.0,0.0,0.0,0.0,0.0,0.0,1.3499999999999999,2.75,0.0,0.0,0.0,0.0,0.0,0.01639097634053905,0,0.0,11,,,,,,,,,,,,,,,,,,,,,0
2022-12-24,0.0,,0.0,0.0,0.0,0.0,0.0,0.0,0.6499999999999999,2.75,0.0,0.0,0.0,0.0,0.0,0.00709071497373058,0,0.0,12,,,,,,,,,,,,,,,,,,,,,0
2022-12-25,0.0,,0.0,0.0,0.0,0.0,0.0,0.0,0.06,2.75,0.0,0.0,0.0,0.0,0.0,0.000639191595971239,0,0.0,13,,,,,,,,,,,,,,,,,,,,,0
2022-12-26,0.3,,0.3,0.3,0.3,0.3,0.29999999999999977,0.29999999999999977,0.3,3.05,0.0,0.0,0.0,0.0,0.0,0.06442647573440502,0,0.3,0,,,,,,,,,,,,,,,,,,,,,0
2022-12-27,1.6,,1.6,1.6,1.9000000000000001,1.9000000000000001,1.9,1.9,1.9000000000000001,4.65,0.3,0.0,0.0,0.0,0.0,0.3947431982611926,1,1.6,0,57.0,15.0,19.0,0.2631578947368421,9.0,3.0,1.0,1.0,42.0,10.0,0.23809523809523808,1.0,12.0,2.0,0.16666666666666666,1.0,3.0,3.0,1.0,1.0,1
2022-12-28,0.01,,0.01,0.01,1.61,1.9100000000000001,1.91,1.91,1.9100000000000001,4.66,1.6,0.3,0.0,0.0,0.0,0.31545543327970116,1,1.6,1,29.0,8.0,10.0,0.27586206896551724,4.0,2.0,1.0,1.0,23.0,5.0,0.21739130434782608,1.0,3.0,0.0,0.0,0.0,3.0,3.0,1.0,1.0,1
2022-12-29,0.67,,0.67,0.67,0.68,2.2800000000000002,2.58,2.58,2.58,5.33,0.01,1.6,0.3,0.0,0.0,0.3942629391254788,1,1.6,0,12.0,8.0,4.0,0.6666666666666666,4.0,2.0,1.0,1.0,9.0,5.0,0.5555555555555556,1.0,,,,,3.0,3.0,1.0,1.0,1
2022-12-30,0.81,,0.81,0.81,1.48,1.4900000000000002,3.39,3.39,3.39,6.140000000000001,0.67,0.01,1.6,0.0,0.0,0.48687818664282323,1,0.81,0,12.0,4.0,4.0,0.3333333333333333,3.0,2.0,1.0,1.0,9.0,2.0,0.2222222222222222,1.0,,,,,3.0,2.0,0.6666666666666666,1.0,1
2022-12-31,5.46,,5.46,5.46,6.27,6.94,8.55,8.85,8.85,10.760000000000002,0.81,0.67,0.01,0.3,0.0,1.5589973311947647,1,5.46,0,54.0,31.0,18.0,0.5740740740740741,14.0,3.0,1.0,1.0,39.0,23.0,0.5897435897435898,1.0,12.0,5.0,0.4166666666666667,1.0,3.0,3.0,1.0,1.0,1
2023-01-01,0.0,,0.0,0.0,5.459999999999999,6.2700000000000005,6.949999999999999,8.850000000000001,8.850000000000001,10.760000000000002,5.46,0.81,0.67,1.6,0.0,1.2373770017770926,1,5.46,1,41.0,12.0,14.0,0.2926829268292683,6.0,3.0,1.0,1.0,29.0,7.0,0.2413793103448276,1.0,9.0,2.0,0.2222222222222222,1.0,3.0,3.0,1.0,1.0,1
2023-01-02,0.42,,0.42,0.42,0.42,5.88,7.359999999999999,8.97,9.270000000000001,10.860000000000001,0.0,5.46,0.81,0.01,0.3,1.0723038431792737,1,5.46,0,12.0,6.0,4.0,0.5,2.0,2.0,0.0,1.0,9.0,3.0,0.3333333333333333,1.0,,,,,3.0,3.0,1.0,1.0,1
2023-01-03,0.0,,0.0,0.0,0.42,0.42,6.6899999999999995,7.37,9.270000000000001,10.8,0.42,0.0,5.46,0.67,1.6,0.8510881243461611,1,0.42,1,54.0,10.0,18.0,0.18518518518518517,6.0,2.0,1.0,1.0,39.0,7.0,0.1794871794871795,1.0,12.0,0.0,0.0,0.0,3.0,3.0,1.0,1.0,1
2023-01-04,1.06,,1.06,1.06,1.06,1.48,6.9399999999999995,8.42,10.33,11.74,0.0,0.42,0.0,0.81,0.01,0.9031493062139334,1,1.06,0,18.0,8.0,6.0,0.4444444444444444,4.0,2.0,1.0,1.0,15.0,7.0,0.4666666666666667,1.0,,,,,3.0,1.0,0.3333333333333333,1.0,1
2023-01-05,0.27,,0.27,0.27,1.33,1.33,1.7499999999999991,8.02,10.600000000000001,11.990000000000002,1.06,0.0,0.42,5.46,0.67,0.7748139075451382,1,1.06,0,15.0,10.0,5.0,0.6666666666666666,4.0,2.0,1.0,1.0,12.0,7.0,0.5833333333333334,1.0,,,,,3.0,3.0,1.0,1.0,1
2023-01-06,0.0,,0.0,0.0,0.27,1.33,1.7499999999999991,7.21,10.600000000000001,11.990000000000002,0.27,1.06,0.0,0.0,0.81,0.6149702059583717,1,1.06,1,15.0,9.0,5.0,0.6,4.0,2.0,1.0,1.0,12.0,6.0,0.5,1.0,,,,,3.0,3.0,1.0,1.0,1
2023-01-07,0.2,,0.2,0.2,0.2,0.47000000000000003,1.5299999999999991,1.95,10.8,12.15,0.0,0.27,1.06,0.42,5.46,0.5310531597566467,1,0.27,0,12.0,4.0,4.0,0.3333333333333333,2.0,2.0,0.0,1.0,9.0,1.0,0.1111111111111111,1.0,,,,,3.0,3.0,1.0,1.0,1
2023-01-08,0.37,,0.37,0.37,0.5700000000000001,0.5700000000000001,1.8999999999999992,2.32,11.17,12.52,0.2,0.0,0.27,0.0,0.0,0.5009564922968015,1,0.37,0,21.0,3.0,7.0,0.14285714285714285,3.0,2.0,1.0,1.0,18.0,2.0,0.1111111111111111,1.0,,,,,3.0,1.0,0.3333333333333333,1.0,1
2023-01-09,1.2,,1.2,1.2,1.57,1.77,2.039999999999999,3.1,12.07,13.020000000000001,0.37,0.2,0.0,1.06,0.42,0.652778700839106,1,1.2,0,57.0,16.0,19.0,0.2807017543859649,10.0,3.0,1.0,1.0,42.0,11.0,0.2619047619047619,1.0,12.0,2.0,0.16666666666666666,1.0,3.0,3.0,1.0,1.0,1
2023-01-10,1.22,,1.22,1.22,2.42,2.79,2.9899999999999993,4.32,11.69,13.65,1.2,0.37,0.2,0.27,0.0,0.7665830873690764,1,1.22,0,72.0,18.0,20.0,0.25,10.0,3.0,1.0,1.0,51.0,13.0,0.2549019607843137,1.0,18.0,2.0,0.1111111111111111,1.0,3.0,3.0,1.0,1.0,1
2023-01-11,0.94,,0.94,0.94,2.16,3.36,3.929999999999999,4.2,12.620000000000001,14.530000000000001,1.22,1.2,0.37,0.0,1.06,0.8102224691721657,1,1.22,0,33.0,8.0,11.0,0.24242424242424243,4.0,3.0,1.0,1.0,24.0,4.0,0.16666666666666666,1.0,6.0,1.0,0.16666666666666666,1.0,3.0,3.0,1.0,1.0,1
2023-01-12,0.0,,0.0,0.0,0.94,2.16,3.7299999999999986,3.9299999999999997,11.950000000000001,14.530000000000001,0.94,1.22,1.2,0.2,0.27,0.6374088517298993,1,1.22,1,33.0,7.0,11.0,0.21212121212121213,3.0,2.0,1.0,1.0,18.0,4.0,0.2222222222222222,1.0,12.0,0.0,0.0,0.0,3.0,3.0,1.0,1.0,1
2023-01-13,0.42,,0.42,0.42,0.42,1.3599999999999999,3.7799999999999994,4.35,11.56,14.950000000000001,0.0,0.94,1.22,0.37,0.0,0.5892598963830947,1,0.94,0,9.0,6.0,3.0,0.6666666666666666,2.0,2.0,0.0,1.0,6.0,3.0,0.5,1.0,,,,,3.0,3.0,1.0,1.0,1
2023-01-14,1.09,,1.09,1.09,1.51,1.51,3.669999999999999,5.24,7.1899999999999995,16.04,0.42,0.0,0.94,1.2,0.2,0.6556120212962473,1,1.09,0,21.0,9.0,7.0,0.42857142857142855,4.0,3.0,1.0,1.0,6.0,4.0,0.6666666666666666,1.0,12.0,2.0,0.16666666666666666,1.0,3.0,3.0,1.0,1.0,1
2023-01-15,0.96,,0.96,0.96,2.05,2.4699999999999998,3.4099999999999993,5.83,8.15,17.0,1.09,0.42,0.0,1.22,0.37,0.7265243284944265,1,1.09,0,12.0,5.0,4.0,0.4166666666666667,3.0,3.0,1.0,1.0,6.0,1.0,0.16666666666666666,1.0,3.0,1.0,0.3333333333333333,1.0,3.0,3.0,1.0,1.0,1
2023-01-16,0.64,,0.64,0.64,1.6,2.69,3.109999999999999,5.2700000000000005,8.37,17.64,0.96,1.09,0.42,0.94,1.2,0.7105346029581796,1,1.09,0,39.0,18.0,13.0,0.46153846153846156,8.0,3.0,1.0,1.0,24.0,11.0,0.4583333333333333,1.0,12.0,4.0,0.3333333333333333,1.0,3.0,3.0,1.0,1.0,1
2023-01-17,0.0,,0.0,0.0,0.64,1.6,3.1099999999999994,4.05,8.37,17.64,0.64,0.96,1.09,0.0,1.22,0.5639516880978107,1,0.96,1,60.0,4.0,20.0,0.06666666666666667,2.0,2.0,0.0,1.0,45.0,1.0,0.022222222222222223,1.0,12.0,0.0,0.0,0.0,3.0,3.0,1.0,1.0,1
2023-01-18,0.1,,0.1,0.1,0.1,0.74,2.789999999999999,3.2100000000000004,7.409999999999999,17.740000000000002,0.0,0.64,0.96,0.42,0.94,0.46012147157961153,1,0.64,0,6.0,1.0,2.0,0.16666666666666666,1.0,1.0,0.0,1.0,3.0,0.0,0.0,0.0,,,,,3.0,1.0,0.3333333333333333,1.0,1
2023-01-19,0.0,,0.0,0.0,0.1,0.1,1.699999999999999,3.21,7.14,17.740000000000002,0.1,0.0,0.64,1.09,0.0,0.36291568383264416,1,0.1,1,3.0,0.0,1.0,0.0,0.0,0.0,0.0,0.0,,,,,,,,,3.0,0.0,0.0,0.0,1
2023-01-20,0.0,,0.0,0.0,0.0,0.1,0.7399999999999991,2.79,7.14,17.740000000000002,0.0,0.1,0.0,0.96,0.42,0.28804636914584897,0,0.1,2,3.0,0.0,1.0,0.0,0.0,0.0,0.0,0.0,3.0,0.0,0.0,0.0,,,,,,,,,1
2023-01-21,0.0,,0.0,0.0,0.0,0.0,0.09999999999999912,1.7,6.9399999999999995,17.740000000000002,0.0,0.0,0.1,0.64,1.09,0.22693146567911382,0,0.0,3,,,,,,,,,,,,,,,,,,,,,0
2023-01-22,0.0,,0.0,0.0,0.0,0.0,0.09999999999999912,0.74,6.569999999999999,17.740000000000002,0.0,0.0,0.0,0.0,0.96,0.17698710898530556,0,0.0,4,3.0,1.0,1.0,0.3333333333333333,1.0,1.0,0.0,1.0,3.0,1.0,0.3333333333333333,1.0,,,,,,,,,1
2023-01-23,0.0,,0.0,0.0,0.0,0.0,0.0,0.1,5.369999999999999,17.740000000000002,0.0,0.0,0.0,0.1,0.64,0.13032822737550245,0,0.0,5,51.0,0.0,17.0,0.0,0.0,0.0,0.0,0.0,36.0,0.0,0.0,0.0,12.0,0.0,0.0,0.0,3.0,0.0,0.0,0.0,1
2023-01-24,0.0,,0.0,0.0,0.0,0.0,0.0,0.1,4.1499999999999995,17.740000000000002,0.0,0.0,0.0,0.0,0.0,0.0931259395979962,0,0.0,6,,,,,,,,,,,,,,,,,,,,,0
2023-01-25,0.0,,0.0,0.0,0.0,0.0,0.0,0.0,3.2100000000000004,17.44,0.0,0.0,0.0,0.0,0.1,0.06596598884883693,0,0.0,7,,,,,,,,,,,,,,,,,,,,,0
2023-01-26,0.0,,0.0,0.0,0.0,0.0,0.0,0.0,3.21,15.84,0.0,0.0,0.0,0.0,0.0,0.05235724004638314,0,0.0,8,,,,,,,,,,,,,,,,,,,,,0
2023-01-27,0.0,,0.0,0.0,0.0,0.0,0.0,0.0,2.79,15.83,0.0,0.0,0.0,0.0,0.0,0.03800468202240115,0,0.0,9,,,,,,,,,,,,,,,,,,,,,0
2023-01-28,0.0,,0.0,0.0,0.0,0.0,0.0,0.0,1.7,15.16,0.0,0.0,0.0,0.0,0.0,0.020947900953364622,0,0.0,10,,,,,,,,,,,,,,,,,,,,,0
2023-01-29,0.0,,0.0,0.0,0.0,0.0,0.0,0.0,0.74,14.35,0.0,0.0,0.0,0.0,0.0,0.008509132710116512,0,0.0,11,,,,,,,,,,,,,,,,,,,,,0
2023-01-30,0.0,,0.0,0.0,0.0,0.0,0.0,0.0,0.1,8.89,0.0,0.0,0.0,0.0,0.0,0.0013422182444667713,0,0.0,12,51.0,0.0,17.0,0.0,0.0,0.0,0.0,0.0,36.0,0.0,0.0,0.0,12.0,0.0,0.0,0.0,3.0,0.0,0.0,0.0,1
2023-01-31,0.0,,0.0,0.0,0.0,0.0,0.0,0.0,0.1,8.89,0.0,0.0,0.0,0.0,0.0,0.001065319326618732,0,0.0,13,,,,,,,,,,,,,,,,,,,,,0
2023-02-01,0.0,0.0,0.0,0.0,0.0,0.0,0.0,0.0,0.0,8.469999999999999,0.0,0.0,0.0,0.0,0.0,0.0,0,0.0,14,,,,,,,,,,,,,,,,,,,,,0
2023-02-02,0.0,0.0,0.0,0.0,0.0,0.0,0.0,0.0,0.0,8.469999999999999,0.0,0.0,0.0,0.0,0.0,0.0,0,0.0,15,,,,,,,,,,,,,,,,,,,,,0
2023-02-03,0.5,0.57,0.5349999999999999,0.57,0.5349999999999999,0.5349999999999999,0.534999999999999,0.5349999999999999,0.5349999999999999,7.945,0.0,0.0,0.0,0.0,0.0,0.1148938817263556,0,0.5349999999999999,0,,,,,,,,,,,,,,,,,,,,,0
2023-02-04,0.25,0.37,0.31,0.37,0.845,0.845,0.8449999999999991,0.845,0.845,7.984999999999999,0.5349999999999999,0.0,0.0,0.0,0.0,0.15776535928411525,1,0.5349999999999999,0,,,,,,,,,,,,,,,,,,,,,0
2023-02-05,0.23,0.19,0.21000000000000002,0.23,0.52,1.055,1.054999999999999,1.055,1.055,8.195,0.31,0.5349999999999999,0.0,0.0,0.0,0.1703169816599563,1,0.5349999999999999,0,,,,,,,,,,,,,,,,,,,,,0
2023-02-06,0.0,0.0,0.0,0.0,0.21000000000000002,0.52,1.054999999999999,1.055,1.055,7.994999999999999,0.21000000000000002,0.31,0.5349999999999999,0.0,0.0,0.13518067792753155,1,0.31,1,51.0,4.0,17.0,0.0784313725490196,4.0,2.0,1.0,1.0,36.0,2.0,0.05555555555555555,1.0,12.0,2.0,0.16666666666666666,1.0,3.0,0.0,0.0,0.0,1
2023-02-07,0.0,0.0,0.0,0.0,0.0,0.21000000000000002,1.054999999999999,1.055,1.055,7.625,0.0,0.21000000000000002,0.31,0.0,0.0,0.10729297517396898,1,0.21000000000000002,2,12.0,0.0,4.0,0.0,0.0,0.0,0.0,0.0,6.0,0.0,0.0,0.0,6.0,0.0,0.0,0.0,,,,,1
2023-02-08,0.0,0.0,0.0,0.0,0.0,0.0,0.5199999999999991,1.055,1.055,6.425000000000001,0.0,0.0,0.21000000000000002,0.5349999999999999,0.0,0.08515849082997815,1,0.0,3,,,,,,,,,,,,,,,,,,,,,0
2023-02-09,0.0,0.0,0.0,0.0,0.0,0.0,0.20999999999999913,1.055,1.055,5.205,0.0,0.0,0.0,0.31,0.0,0.06759033896376578,0,0.0,4,,,,,,,,,,,,,,,,,,,,,0
2023-02-10,0.02,0.0,0.01,0.02,0.01,0.01,0.009999999999999112,0.53,1.065,4.275,0.0,0.0,0.0,0.21000000000000002,0.5349999999999999,0.05579403677813132,0,0.01,5,,,,,,,,,,,,,,,,,,,,,0
2023-02-11,0.07,0.02,0.045000000000000005,0.07,0.05500000000000001,0.05500000000000001,0.05499999999999912,0.265,1.1099999999999999,4.32,0.01,0.0,0.0,0.0,0.31,0.0539477276977398,0,0.045000000000000005,6,,,,,,,,,,,,,,,,,,,,,0
2023-02-12,0.0,0.0,0.0,0.0,0.045000000000000005,0.05500000000000001,0.05499999999999912,0.05500000000000001,1.1099999999999999,3.9,0.045000000000000005,0.01,0.0,0.0,0.21000000000000002,0.042818339849343065,0,0.045000000000000005,7,,,,,,,,,,,,,,,,,,,,,0
2023-02-13,0.0,0.0,0.0,0.0,0.0,0.045000000000000005,0.05499999999999912,0.05500000000000001,1.1099999999999999,2.81,0.0,0.045000000000000005,0.01,0.0,0.0,0.03398493886018952,0,0.045000000000000005,8,51.0,0.0,17.0,0.0,0.0,0.0,0.0,0.0,36.0,0.0,0.0,0.0,12.0,0.0,0.0,0.0,3.0,0.0,0.0,0.0,1
2023-02-14,0.0,0.0,0.0,0.0,0.0,0.0,0.05499999999999912,0.05500000000000001,1.1099999999999999,1.8499999999999999,0.0,0.0,0.045000000000000005,0.0,0.0,0.0269738638488699,0,0.0,9,,,,,,,,,,,,,,,,,,,,,0
2023-02-15,0.0,0.0,0.0,0.0,0.0,0.0,0.04499999999999912,0.05500000000000001,1.1099999999999999,1.21,0.0,0.0,0.0,0.01,0.0,0.02140916992467153,0,0.0,10,,,,,,,,,,,,,,,,,,,,,0
2023-02-16,0.0,0.0,0.0,0.0,0.0,0.0,0.0,0.05500000000000001,1.1099999999999999,1.21,0.0,0.0,0.0,0.045000000000000005,0.0,0.016992469430094765,0,0.0,11,,,,,,,,,,,,,,,,,,,,,0
2023-02-17,0.0,0.0,0.0,0.0,0.0,0.0,0.0,0.045000000000000005,0.5750000000000001,1.1099999999999999,0.0,0.0,0.0,0.0,0.01,0.008963268796585969,0,0.0,12,,,,,,,,,,,,,,,,,,,,,0
2023-02-18,0.0,0.0,0.0,0.0,0.0,0.0,0.0,0.0,0.265,1.1099999999999999,0.0,0.0,0.0,0.0,0.045000000000000005,0.004492963177764379,0,0.0,13,,,,,,,,,,,,,,,,,,,,,0
2023-02-19,0.0,0.0,0.0,0.0,0.0,0.0,0.0,0.0,0.05500000000000001,1.1099999999999999,0.0,0.0,0.0,0.0,0.0,0.00179042376667432,0,0.0,14,,,,,,,,,,,,,,,,,,,,,0
2023-02-20,0.0,0.0,0.0,0.0,0.0,0.0,0.0,0.0,0.05500000000000001,1.1099999999999999,0.0,0.0,0.0,0.0,0.0,0.0014210602853438408,0,0.0,15,,,,,,,,,,,,,,,,,,,,,0
2023-02-21,0.0,0.0,0.0,0.0,0.0,0.0,0.0,0.0,0.05500000000000001,1.1099999999999999,0.0,0.0,0.0,0.0,0.0,0.0011278962959325213,0,0.0,16,51.0,0.0,17.0,0.0,0.0,0.0,0.0,0.0,36.0,0.0,0.0,0.0,12.0,0.0,0.0,0.0,3.0,0.0,0.0,0.0,1
2023-02-22,0.0,0.0,0.0,0.0,0.0,0.0,0.0,0.0,0.05500000000000001,1.1099999999999999,0.0,0.0,0.0,0.0,0.0,0.00089521188333716,0,0.0,17,,,,,,,,,,,,,,,,,,,,,0
2023-02-23,0.46,0.48,0.47,0.48,0.47,0.47,0.4699999999999991,0.47,0.525,1.5799999999999998,0.0,0.0,0.0,0.0,0.0,0.10164534212657311,0,0.47,0,,,,,,,,,,,,,,,,,,,,,0
2023-02-24,0.74,0.89,0.815,0.89,1.285,1.285,1.284999999999999,1.285,1.33,2.3949999999999996,0.47,0.0,0.0,0.0,0.0,0.255616666137174,1,0.815,0,39.0,13.0,13.0,0.3333333333333333,8.0,3.0,1.0,1.0,24.0,8.0,0.3333333333333333,1.0,12.0,2.0,0.16666666666666666,1.0,3.0,3.0,1.0,1.0,1
2023-02-25,0.0,0.0,0.0,0.0,0.815,1.285,1.284999999999999,1.285,1.2850000000000001,2.3949999999999996,0.815,0.47,0.0,0.0,0.0,0.20250258733393178,1,0.815,1,24.0,3.0,8.0,0.125,1.0,1.0,0.0,1.0,15.0,0.0,0.0,0.0,6.0,0.0,0.0,0.0,3.0,3.0,1.0,1.0,1
2023-02-26,0.33,0.65,0.49,0.65,0.49,1.305,1.774999999999999,1.775,1.775,2.885,0.0,0.815,0.47,0.0,0.0,0.2659563204462776,1,0.815,0,3.0,2.0,1.0,0.6666666666666666,1.0,1.0,0.0,1.0,,,,,,,,,3.0,2.0,0.6666666666666666,1.0,1
2023-02-27,0.43,0.38,0.405,0.43,0.895,0.895,2.179999999999999,2.1799999999999997,2.18,3.29,0.49,0.0,0.815,0.0,0.0,0.2980654136684531,1,0.49,0,51.0,14.0,17.0,0.27450980392156865,7.0,3.0,1.0,1.0,36.0,8.0,0.2222222222222222,1.0,12.0,3.0,0.25,1.0,3.0,3.0,1.0,1.0,1
2023-02-28,0.43,0.43,0.43,0.43,0.835,1.325,2.1399999999999992,2.61,2.61,3.7199999999999998,0.405,0.49,0.0,0.47,0.0,0.32891929082563337,1,0.49,0,21.0,6.0,7.0,0.2857142857142857,5.0,2.0,1.0,1.0,15.0,4.0,0.26666666666666666,1.0,3.0,0.0,0.0,0.0,3.0,2.0,0.6666666666666666,1.0,1
2023-03-01,0.0,0.0,0.0,0.0,0.43,0.835,1.324999999999999,2.61,2.61,3.7199999999999998,0.43,0.405,0.49,0.815,0.0,0.26106341413462225,1,0.43,1,15.0,1.0,5.0,0.06666666666666667,1.0,1.0,0.0,1.0,12.0,0.0,0.0,0.0,,,,,3.0,1.0,0.3333333333333333,1.0,1
2023-03-02,0.0,0.0,0.0,0.0,0.0,0.43,1.324999999999999,2.1399999999999997,2.61,3.7199999999999998,0.0,0.43,0.405,0.0,0.47,0.20720616911385456,1,0.43,2,3.0,0.0,1.0,0.0,0.0,0.0,0.0,0.0,,,,,,,,,3.0,0.0,0.0,0.0,1
2023-03-03,0.0,0.0,0.0,0.0,0.0,0.0,0.8349999999999991,1.325,2.61,3.7199999999999998,0.0,0.0,0.43,0.49,0.815,0.16445964541281669,1,0.0,3,,,,,,,,,,,,,,,,,,,,,0
2023-03-04,0.23,0.2,0.21500000000000002,0.23,0.21500000000000002,0.21500000000000002,0.6449999999999991,1.54,2.825,3.9349999999999996,0.0,0.0,0.0,0.405,0.0,0.1767040146769681,0,0.21500000000000002,0,,,,,,,,,,,,,,,,,,,,,0
2023-03-05,0.31,0.41,0.36,0.41,0.575,0.575,0.5749999999999991,1.4100000000000001,3.185,3.76,0.21500000000000002,0.0,0.0,0.43,0.49,0.2175618402738977,1,0.36,0,,,,,,,,,,,,,,,,,,,,,0
2023-03-06,0.23,0.37,0.3,0.37,0.6599999999999999,0.875,0.8749999999999991,1.305,3.485,3.75,0.36,0.21500000000000002,0.0,0.0,0.405,0.23710542279386632,1,0.36,0,51.0,1.0,17.0,0.0196078431372549,1.0,1.0,0.0,1.0,36.0,0.0,0.0,0.0,12.0,0.0,0.0,0.0,3.0,1.0,0.3333333333333333,1.0,1
2023-03-07,0.02,0.0,0.01,0.02,0.31,0.6699999999999999,0.8849999999999991,0.885,3.495,3.5500000000000003,0.3,0.36,0.21500000000000002,0.0,0.43,0.19033824797632087,1,0.36,1,3.0,0.0,1.0,0.0,0.0,0.0,0.0,0.0,,,,,,,,,3.0,0.0,0.0,0.0,1
2023-03-08,0.28,0.23,0.255,0.28,0.265,0.565,1.1399999999999992,1.1400000000000001,3.75,3.8049999999999997,0.01,0.3,0.36,0.0,0.0,0.20583407190794215,1,0.3,0,,,,,,,,,,,,,,,,,,,,,0
2023-03-09,0.72,0.87,0.7949999999999999,0.87,1.0499999999999998,1.0599999999999998,1.7199999999999989,1.935,4.074999999999999,4.6,0.255,0.01,0.3,0.21500000000000002,0.0,0.33012671263852794,1,0.7949999999999999,0,,,,,,,,,,,,,,,,,,,,,0
2023-03-10,0.38,0.46,0.42000000000000004,0.46,1.2149999999999999,1.4699999999999998,1.7799999999999991,2.355,3.68,5.02,0.7949999999999999,0.255,0.01,0.36,0.0,0.3453276237352601,1,0.7949999999999999,0,9.0,7.0,3.0,0.7777777777777778,3.0,2.0,1.0,1.0,6.0,4.0,0.6666666666666666,1.0,,,,,3.0,3.0,1.0,1.0,1
2023-03-11,0.04,0.04,0.04,0.04,0.46,1.255,1.5199999999999991,2.1799999999999997,3.7199999999999998,5.06,0.42000000000000004,0.7949999999999999,0.255,0.3,0.21500000000000002,0.28267691336010264,1,0.7949999999999999,1,9.0,6.0,3.0,0.6666666666666666,2.0,2.0,0.0,1.0,6.0,3.0,0.5,1.0,,,,,3.0,3.0,1.0,1.0,1
2023-03-12,0.18,0.23,0.20500000000000002,0.23,0.24500000000000002,0.6649999999999999,1.7149999999999992,2.025,3.435,5.255,0.04,0.42000000000000004,0.7949999999999999,0.01,0.36,0.2642424051375816,1,0.42000000000000004,0,6.0,4.0,2.0,0.6666666666666666,2.0,2.0,0.0,1.0,3.0,3.0,1.0,1.0,,,,,3.0,1.0,0.3333333333333333,1.0,1
2023-03-13,0.01,0.03,0.02,0.03,0.225,0.2649999999999999,1.479999999999999,1.745,3.0500000000000003,5.23,0.20500000000000002,0.04,0.42000000000000004,0.255,0.3,0.2105999790622886,1,0.20500000000000002,1,51.0,1.0,17.0,0.0196078431372549,1.0,1.0,0.0,1.0,36.0,1.0,0.027777777777777776,1.0,12.0,0.0,0.0,0.0,3.0,0.0,0.0,0.0,1
2023-03-14,0.91,0.79,0.8500000000000001,0.91,0.8700000000000001,1.075,1.5349999999999993,2.585,3.47,6.08,0.02,0.20500000000000002,0.04,0.7949999999999999,0.01,0.346059154008983,1,0.8500000000000001,0,45.0,25.0,15.0,0.5555555555555556,9.0,3.0,1.0,1.0,30.0,21.0,0.7,1.0,12.0,1.0,0.08333333333333333,1.0,3.0,3.0,1.0,1.0,1
2023-03-15,0.0,0.0,0.0,0.0,0.8500000000000001,0.8699999999999999,1.1149999999999993,2.33,3.47,6.08,0.8500000000000001,0.02,0.20500000000000002,0.42000000000000004,0.255,0.27466733255854237,1,0.8500000000000001,1,27.0,3.0,9.0,0.1111111111111111,1.0,1.0,0.0,1.0,21.0,0.0,0.0,0.0,3.0,0.0,0.0,0.0,3.0,3.0,1.0,1.0,1
2023-03-16,0.0,0.0,0.0,0.0,0.0,0.85,1.0749999999999993,1.5350000000000001,3.47,6.08,0.0,0.8500000000000001,0.02,0.04,0.7949999999999999,0.2180036063223647,1,0.8500000000000001,2,4.0,0.0,2.0,0.0,0.0,0.0,0.0,0.0,1.0,0.0,0.0,0.0,,,,,3.0,0.0,0.0,0.0,1
2023-03-17,0.0,0.0,0.0,0.0,0.0,0.0,0.8699999999999992,1.1150000000000002,3.47,6.08,0.0,0.0,0.8500000000000001,0.20500000000000002,0.42000000000000004,0.1730295770044915,1,0.0,3,,,,,,,,,,,,,,,,,,,,,0
2023-03-18,0.02,0.0,0.01,0.02,0.01,0.00999999999999989,0.8599999999999992,1.0850000000000002,3.2649999999999997,6.09,0.0,0.0,0.0,0.02,0.04,0.13766329477417968,0,0.01,4,,,,,,,,,,,,,,,,,,,,,0
2023-03-19,0.93,1.03,0.98,1.03,0.99,0.9899999999999999,0.9899999999999991,1.86,3.885,7.07,0.01,0.0,0.0,0.8500000000000001,0.20500000000000002,0.31667928996779837,0,0.98,0,9.0,7.0,3.0,0.7777777777777778,3.0,2.0,1.0,1.0,6.0,5.0,0.8333333333333334,1.0,,,,,3.0,2.0,0.6666666666666666,1.0,1
2023-03-20,0.06,0.02,0.04,0.06,1.02,1.0299999999999998,1.0299999999999991,1.8800000000000001,3.625,7.11,0.98,0.01,0.0,0.0,0.02,0.25740208225066524,1,0.98,1,51.0,4.0,17.0,0.0784313725490196,2.0,2.0,0.0,1.0,36.0,1.0,0.027777777777777776,1.0,12.0,0.0,0.0,0.0,3.0,3.0,1.0,1.0,1
2023-03-21,1.06,1.02,1.04,1.06,1.08,2.0599999999999996,2.0699999999999994,2.0700000000000003,4.655,8.15,0.04,0.98,0.01,0.0,0.8500000000000001,0.4275607295000384,1,1.04,0,6.0,1.0,2.0,0.16666666666666666,1.0,1.0,0.0,1.0,3.0,0.0,0.0,0.0,,,,,3.0,1.0,0.3333333333333333,1.0,1
2023-03-22,0.21,0.28,0.245,0.28,1.2850000000000001,1.3249999999999997,2.314999999999999,2.315,4.6450000000000005,8.395,1.04,0.04,0.98,0.0,0.0,0.3898139925772336,1,1.04,0,9.0,9.0,3.0,1.0,3.0,2.0,1.0,1.0,6.0,6.0,1.0,1.0,,,,,3.0,3.0,1.0,1.0,1
2023-03-23,0.0,0.0,0.0,0.0,0.245,1.2849999999999997,2.3049999999999993,2.315,3.85,8.395,0.245,1.04,0.04,0.01,0.0,0.3026734920909797,1,1.04,1,9.0,6.0,3.0,0.6666666666666666,2.0,2.0,0.0,1.0,6.0,3.0,0.5,1.0,,,,,3.0,3.0,1.0,1.0,1
2023-03-24,0.0,0.0,0.0,0.0,0.0,0.24499999999999977,1.3249999999999993,2.315,3.43,8.395,0.0,0.245,1.04,0.98,0.0,0.2366808229325659,1,0.245,2,6.0,5.0,2.0,0.8333333333333334,2.0,2.0,0.0,1.0,3.0,2.0,0.6666666666666666,1.0,,,,,3.0,3.0,1.0,1.0,1
2023-03-25,0.0,0.0,0.0,0.0,0.0,0.0,1.2849999999999993,2.305,3.39,7.925000000000001,0.0,0.0,0.245,0.04,0.01,0.1875154758479758,1,0.0,3,6.0,1.0,2.0,0.16666666666666666,1.0,1.0,0.0,1.0,3.0,0.0,0.0,0.0,,,,,3.0,1.0,0.3333333333333333,1.0,1
2023-03-26,0.0,0.0,0.0,0.0,0.0,0.0,0.2449999999999991,1.3250000000000002,3.185,7.11,0.0,0.0,0.0,1.04,0.98,0.14709776556544663,0,0.0,4,3.0,1.0,1.0,0.3333333333333333,1.0,1.0,0.0,1.0,,,,,,,,,3.0,1.0,0.3333333333333333,1.0,1
2023-03-27,0.0,0.0,0.0,0.0,0.0,0.0,0.0,1.2850000000000001,3.165,7.11,0.0,0.0,0.0,0.245,0.04,0.11658246499840509,0,0.0,5,51.0,0.0,17.0,0.0,0.0,0.0,0.0,0.0,36.0,0.0,0.0,0.0,12.0,0.0,0.0,0.0,3.0,0.0,0.0,0.0,1
2023-03-28,0.77,1.07,0.92,1.07,0.92,0.9199999999999998,0.9199999999999992,1.165,3.2350000000000003,7.540000000000001,0.0,0.0,0.0,0.0,1.04,0.2829189610413001,0,0.92,0,,,,,,,,,,,,,,,,,,,,,0
2023-03-29,0.63,0.33,0.48,0.63,1.4,1.4,1.399999999999999,1.4,3.715,7.615,0.92,0.0,0.0,0.0,0.245,0.327635289364403,1,0.92,0,12.0,4.0,4.0,0.3333333333333333,2.0,2.0,0.0,1.0,9.0,1.0,0.1111111111111111,1.0,,,,,3.0,3.0,1.0,1.0,1
2023-03-30,0.0,0.0,0.0,0.0,0.48,1.4,1.399999999999999,1.4,3.715,7.185,0.48,0.92,0.0,0.0,0.0,0.2600443014994793,1,0.92,1,6.0,3.0,2.0,0.5,1.0,1.0,0.0,1.0,3.0,0.0,0.0,0.0,,,,,3.0,3.0,1.0,1.0,1
2023-03-31,0.0,0.0,0.0,0.0,0.0,0.47999999999999976,1.399999999999999,1.4,3.715,7.185,0.0,0.48,0.92,0.0,0.0,0.20639729887930455,1,0.48,2,3.0,2.0,1.0,0.6666666666666666,1.0,1.0,0.0,1.0,,,,,,,,,3.0,2.0,0.6666666666666666,1.0,1
2023-04-01,0.0,0.0,0.0,0.0,0.0,0.0,1.399999999999999,1.4,3.705,7.185,0.0,0.0,0.48,0.0,0.0,0.16373309023121366,1,0.0,3,3.0,0.0,1.0,0.0,0.0,0.0,0.0,0.0,,,,,,,,,3.0,0.0,0.0,0.0,1
2023-04-02,0.0,0.0,0.0,0.0,0.0,0.0,0.4799999999999991,1.4,2.7249999999999996,7.185,0.0,0.0,0.0,0.92,0.0,0.12166870364070888,0,0.0,4,,,,,,,,,,,,,,,,,,,,,0
2023-04-03,0.0,0.0,0.0,0.0,0.0,0.0,0.0,1.4,2.6850000000000005,6.97,0.0,0.0,0.0,0.48,0.0,0.09623029627148284,0,0.0,5,51.0,0.0,17.0,0.0,0.0,0.0,0.0,0.0,36.0,0.0,0.0,0.0,12.0,0.0,0.0,0.0,3.0,0.0,0.0,0.0,1
2023-04-04,0.0,0.0,0.0,0.0,0.0,0.0,0.0,0.48,1.645,6.61,0.0,0.0,0.0,0.0,0.92,0.06758437386354722,0,0.0,6,,,,,,,,,,,,,,,,,,,,,0
2023-04-05,0.0,0.0,0.0,0.0,0.0,0.0,0.0,0.0,1.4,6.31,0.0,0.0,0.0,0.0,0.48,0.05157016903460161,0,0.0,7,,,,,,,,,,,,,,,,,,,,,0
2023-04-06,0.0,0.0,0.0,0.0,0.0,0.0,0.0,0.0,1.4,6.3,0.0,0.0,0.0,0.0,0.0,0.040931270287852234,0,0.0,8,,,,,,,,,,,,,,,,,,,,,0
2023-04-07,0.21,0.15,0.18,0.21,0.18,0.17999999999999977,0.1799999999999991,0.18,1.5799999999999998,6.2250000000000005,0.0,0.0,0.0,0.0,0.0,0.07114305619730868,0,0.18,0,,,,,,,,,,,,,,,,,,,,,0
2023-04-08,0.0,0.0,0.0,0.0,0.18,0.17999999999999977,0.1799999999999991,0.18,1.58,5.430000000000001,0.18,0.0,0.0,0.0,0.0,0.05646628112392026,1,0.18,1,,,,,,,,,,,,,,,,,,,,,0
2023-04-09,0.0,0.0,0.0,0.0,0.0,0.17999999999999977,0.1799999999999991,0.18,1.58,5.010000000000001,0.0,0.18,0.0,0.0,0.0,0.04481731702842155,1,0.18,2,,,,,,,,,,,,,,,,,,,,,0
2023-04-10,0.0,0.0,0.0,0.0,0.0,0.0,0.1799999999999991,0.18,1.58,4.970000000000001,0.0,0.0,0.18,0.0,0.0,0.03557152809865435,1,0.0,3,51.0,3.0,17.0,0.058823529411764705,2.0,2.0,0.0,1.0,36.0,1.0,0.027777777777777776,1.0,12.0,2.0,0.16666666666666666,1.0,3.0,0.0,0.0,0.0,1
2023-04-11,0.02,0.06,0.04,0.06,0.04,0.03999999999999978,0.2199999999999991,0.22,0.7,4.805000000000001,0.0,0.0,0.0,0.0,0.0,0.029044327835666982,0,0.04,4,9.0,0.0,3.0,0.0,0.0,0.0,0.0,0.0,6.0,0.0,0.0,0.0,3.0,0.0,0.0,0.0,,,,,1
2023-04-12,0.0,0.0,0.0,0.0,0.04,0.03999999999999978,0.03999999999999911,0.22,0.22,4.785,0.04,0.0,0.0,0.18,0.0,0.018993884632607604,0,0.04,5,,,,,,,,,,,,,,,,,,,,,0
2023-04-13,0.0,0.0,0.0,0.0,0.0,0.03999999999999978,0.03999999999999911,0.22,0.22,3.935,0.0,0.04,0.0,0.0,0.0,0.015075456223381965,0,0.04,6,,,,,,,,,,,,,,,,,,,,,0
2023-04-14,0.0,0.0,0.0,0.0,0.0,0.0,0.03999999999999911,0.04,0.22,3.935,0.0,0.0,0.04,0.0,0.18,0.011965397533948536,0,0.0,7,,,,,,,,,,,,,,,,,,,,,0
2023-04-15,0.0,0.0,0.0,0.0,0.0,0.0,0.03999999999999911,0.04,0.22,3.935,0.0,0.0,0.0,0.0,0.0,0.009496942316303802,0,0.0,8,,,,,,,,,,,,,,,,,,,,,0
2023-04-16,0.0,0.0,0.0,0.0,0.0,0.0,0.0,0.04,0.22,3.935,0.0,0.0,0.0,0.04,0.0,0.0075377281116909825,0,0.0,9,,,,,,,,,,,,,,,,,,,,,0
2023-04-17,0.01,0.0,0.005,0.01,0.005,0.004999999999999778,0.004999999999999112,0.045,0.225,3.93,0.0,0.0,0.0,0.0,0.0,0.007056473362547684,0,0.005,10,51.0,0.0,17.0,0.0,0.0,0.0,0.0,0.0,36.0,0.0,0.0,0.0,12.0,0.0,0.0,0.0,3.0,0.0,0.0,0.0,1
2023-04-18,0.0,0.0,0.0,0.0,0.005,0.004999999999999778,0.004999999999999112,0.005,0.225,2.95,0.005,0.0,0.0,0.0,0.04,0.0056007266194468865,0,0.005,11,,,,,,,,,,,,,,,,,,,,,0
2023-04-19,0.0,0.0,0.0,0.0,0.0,0.004999999999999778,0.004999999999999112,0.005,0.225,2.91,0.0,0.005,0.0,0.0,0.0,0.004445299663748142,0,0.005,12,,,,,,,,,,,,,,,,,,,,,0
2023-04-20,0.0,0.0,0.0,0.0,0.0,0.0,0.004999999999999112,0.005,0.225,1.87,0.0,0.0,0.005,0.0,0.0,0.0035282366812738426,0,0.0,13,,,,,,,,,,,,,,,,,,,,,0
2023-04-21,0.0,0.0,0.0,0.0,0.0,0.0,0.004999999999999112,0.005,0.045,1.625,0.0,0.0,0.0,0.0,0.0,0.0012783831919424777,0,0.0,14,,,,,,,,,,,,,,,,,,,,,0
2023-04-22,0.0,0.0,0.0,0.0,0.0,0.0,0.0,0.005,0.045,1.625,0.0,0.0,0.0,0.005,0.0,0.001014653411853977,0,0.0,15,,,,,,,,,,,,,,,,,,,,,0
2023-04-23,0.0,0.0,0.0,0.0,0.0,0.0,0.0,0.005,0.045,1.625,0.0,0.0,0.0,0.0,0.0,0.0008053309466800627,0,0.0,16,,,,,,,,,,,,,,,,,,,,,0
2023-04-24,0.0,0.0,0.0,0.0,0.0,0.0,0.0,0.0,0.045,1.625,0.0,0.0,0.0,0.0,0.005,0.000639191595971239,0,0.0,17,51.0,2.0,17.0,0.0392156862745098,2.0,2.0,0.0,1.0,36.0,1.0,0.027777777777777776,1.0,12.0,1.0,0.08333333333333333,1.0,3.0,0.0,0.0,0.0,1
2023-04-25,0.0,0.0,0.0,0.0,0.0,0.0,0.0,0.0,0.005,1.625,0.0,0.0,0.0,0.0,0.0,0.00016910890197566284,0,0.0,18,6.0,0.0,2.0,0.0,0.0,0.0,0.0,0.0,3.0,0.0,0.0,0.0,3.0,0.0,0.0,0.0,,,,,1
2023-04-26,0.0,0.0,0.0,0.0,0.0,0.0,0.0,0.0,0.005,1.625,0.0,0.0,0.0,0.0,0.0,0.00013422182444667715,0,0.0,19,,,,,,,,,,,,,,,,,,,,,0
2023-04-27,0.0,0.0,0.0,0.0,0.0,0.0,0.0,0.0,0.005,0.705,0.0,0.0,0.0,0.0,0.0,0.00010653193266187315,0,0.0,20,,,,,,,,,,,,,,,,,,,,,0
2023-04-28,0.0,0.0,0.0,0.0,0.0,0.0,0.0,0.0,0.005,0.225,0.0,0.0,0.0,0.0,0.0,8.455445098783142e-05,0,0.0,21,,,,,,,,,,,,,,,,,,,,,0
2023-04-29,0.0,0.0,0.0,0.0,0.0,0.0,0.0,0.0,0.005,0.225,0.0,0.0,0.0,0.0,0.0,6.711091222333857e-05,0,0.0,22,,,,,,,,,,,,,,,,,,,,,0
2023-04-30,0.0,0.0,0.0,0.0,0.0,0.0,0.0,0.0,0.005,0.225,0.0,0.0,0.0,0.0,0.0,5.326596633093659e-05,0,0.0,23,,,,,,,,,,,,,,,,,,,,,0
2023-05-01,0.0,0.0,0.0,0.0,0.0,0.0,0.0,0.0,0.0,0.225,0.0,0.0,0.0,0.0,0.0,0.0,0,0.0,24,51.0,0.0,17.0,0.0,0.0,0.0,0.0,0.0,36.0,0.0,0.0,0.0,12.0,0.0,0.0,0.0,3.0,0.0,0.0,0.0,1
2023-05-02,0.55,0.0,0.275,0.55,0.275,0.2749999999999998,0.27499999999999913,0.275,0.275,0.5,0.0,0.0,0.0,0.0,0.0,0.059057602756537944,0,0.275,0,,,,,,,,,,,,,,,,,,,,,0
2023-05-03,0.54,0.0,0.27,0.54,0.545,0.5449999999999998,0.5449999999999992,0.545,0.545,0.77,0.275,0.0,0.0,0.0,0.0,0.1048578785321887,1,0.275,0,,,,,,,,,,,,,,,,,,,,,0
2023-05-04,0.0,0.0,0.0,0.0,0.27,0.5449999999999998,0.5449999999999992,0.545,0.545,0.77,0.27,0.275,0.0,0.0,0.0,0.08322575334457502,1,0.275,1,,,,,,,,,,,,,,,,,,,,,0
2023-05-05,0.0,0.0,0.0,0.0,0.0,0.2699999999999998,0.5449999999999992,0.545,0.545,0.77,0.0,0.27,0.275,0.0,0.0,0.06605632420501213,1,0.27,2,,,,,,,,,,,,,,,,,,,,,0
2023-05-06,0.08,0.0,0.04,0.08,0.04,0.03999999999999978,0.5849999999999992,0.5850000000000001,0.5850000000000001,0.81,0.0,0.0,0.27,0.0,0.0,0.06101913603068168,1,0.04,3,,,,,,,,,,,,,,,,,,,,,0
2023-05-07,0.0,0.0,0.0,0.0,0.04,0.03999999999999978,0.3099999999999991,0.5850000000000001,0.5850000000000001,0.6300000000000001,0.04,0.0,0.0,0.275,0.0,0.048430920362647394,0,0.04,4,,,,,,,,,,,,,,,,,,,,,0
2023-05-08,0.02,0.0,0.01,0.02,0.01,0.04999999999999978,0.049999999999999115,0.5950000000000001,0.5950000000000001,0.6400000000000001,0.0,0.04,0.0,0.27,0.0,0.04058719615687411,0,0.04,5,51.0,1.0,17.0,0.0196078431372549,1.0,1.0,0.0,1.0,36.0,1.0,0.027777777777777776,1.0,12.0,0.0,0.0,0.0,3.0,0.0,0.0,0.0,1
2023-05-09,0.0,0.0,0.0,0.0,0.01,0.009999999999999778,0.049999999999999115,0.32,0.5950000000000001,0.6400000000000001,0.01,0.0,0.04,0.0,0.275,0.032214078937930817,0,0.01,6,6.0,0.0,2.0,0.0,0.0,0.0,0.0,0.0,6.0,0.0,0.0,0.0,,,,,,,,,1
2023-05-10,0.0,0.0,0.0,0.0,0.0,0.009999999999999778,0.049999999999999115,0.05,0.5950000000000001,0.6400000000000001,0.0,0.01,0.0,0.0,0.27,0.025568331397129003,0,0.01,7,,,,,,,,,,,,,,,,,,,,,0
2023-05-11,0.0,0.0,0.0,0.0,0.0,0.0,0.009999999999999112,0.05,0.5950000000000001,0.6000000000000001,0.0,0.0,0.01,0.04,0.0,0.020293598078437062,0,0.0,8,,,,,,,,,,,,,,,,,,,,,0
2023-05-12,0.0,0.0,0.0,0.0,0.0,0.0,0.009999999999999112,0.05,0.5950000000000001,0.6000000000000001,0.0,0.0,0.0,0.0,0.0,0.01610703946896541,0,0.0,9,,,,,,,,,,,,,,,,,,,,,0
2023-05-13,0.0,0.0,0.0,0.0,0.0,0.0,0.0,0.01,0.5950000000000001,0.6000000000000001,0.0,0.0,0.0,0.01,0.04,0.012784165698564501,0,0.0,10,,,,,,,,,,,,,,,,,,,,,0
2023-05-14,0.0,0.0,0.0,0.0,0.0,0.0,0.0,0.01,0.5950000000000001,0.6000000000000001,0.0,0.0,0.0,0.0,0.0,0.01014679903921853,0,0.0,11,,,,,,,,,,,,,,,,,,,,,0
2023-05-15,0.0,0.0,0.0,0.0,0.0,0.0,0.0,0.0,0.5950000000000001,0.6000000000000001,0.0,0.0,0.0,0.0,0.01,0.008053519734482706,0,0.0,12,51.0,0.0,17.0,0.0,0.0,0.0,0.0,0.0,36.0,0.0,0.0,0.0,12.0,0.0,0.0,0.0,3.0,0.0,0.0,0.0,1
2023-05-16,0.0,0.0,0.0,0.0,0.0,0.0,0.0,0.0,0.32,0.6000000000000001,0.0,0.0,0.0,0.0,0.0,0.0040668354471168865,0,0.0,13,,,,,,,,,,,,,,,,,,,,,0
2023-05-17,0.0,0.0,0.0,0.0,0.0,0.0,0.0,0.0,0.05,0.5950000000000001,0.0,0.0,0.0,0.0,0.0,0.0009448792567960056,0,0.0,14,,,,,,,,,,,,,,,,,,,,,0
2023-05-18,0.0,0.0,0.0,0.0,0.0,0.0,0.0,0.0,0.05,0.5950000000000001,0.0,0.0,0.0,0.0,0.0,0.0007499511631104548,0,0.0,15,,,,,,,,,,,,,,,,,,,,,0
2023-05-19,0.0,0.0,0.0,0.0,0.0,0.0,0.0,0.0,0.05,0.5950000000000001,0.0,0.0,0.0,0.0,0.0,0.0005952366326231555,0,0.0,16,,,,,,,,,,,,,,,,,,,,,0
2023-05-20,0.02,0.0,0.01,0.02,0.01,0.009999999999999778,0.009999999999999112,0.01,0.02,0.6050000000000001,0.0,0.0,0.0,0.0,0.0,0.0022817710155935114,0,0.01,17,,,,,,,,,,,,,,,,,,,,,0
2023-05-21,0.0,0.0,0.0,0.0,0.01,0.009999999999999778,0.009999999999999112,0.01,0.02,0.6050000000000001,0.01,0.0,0.0,0.0,0.0,0.0018110428552518436,0,0.01,18,,,,,,,,,,,,,,,,,,,,,0
2023-05-22,0.0,0.0,0.0,0.0,0.0,0.009999999999999778,0.009999999999999112,0.01,0.01,0.6050000000000001,0.0,0.01,0.0,0.0,0.0,0.0013528712158053025,0,0.01,19,51.0,1.0,17.0,0.0196078431372549,1.0,1.0,0.0,1.0,36.0,1.0,0.027777777777777776,1.0,12.0,0.0,0.0,0.0,3.0,0.0,0.0,0.0,1
2023-05-23,0.0,0.0,0.0,0.0,0.0,0.0,0.009999999999999112,0.01,0.01,0.6050000000000001,0.0,0.0,0.01,0.0,0.0,0.0010737745955734172,0,0.0,20,6.0,0.0,2.0,0.0,0.0,0.0,0.0,0.0,6.0,0.0,0.0,0.0,,,,,,,,,1
2023-05-24,0.0,0.0,0.0,0.0,0.0,0.0,0.009999999999999112,0.01,0.01,0.6050000000000001,0.0,0.0,0.0,0.0,0.0,0.0008522554612949852,0,0.0,21,,,,,,,,,,,,,,,,,,,,,0
2023-05-25,0.0,0.0,0.0,0.0,0.0,0.0,0.0,0.01,0.01,0.6050000000000001,0.0,0.0,0.0,0.01,0.0,0.0006764356079026513,0,0.0,22,,,,,,,,,,,,,,,,,,,,,0
2023-05-26,0.0,0.0,0.0,0.0,0.0,0.0,0.0,0.01,0.01,0.6050000000000001,0.0,0.0,0.0,0.0,0.0,0.0005368872977867086,0,0.0,23,,,,,,,,,,,,,,,,,,,,,0
2023-05-27,0.0,0.0,0.0,0.0,0.0,0.0,0.0,0.0,0.01,0.6050000000000001,0.0,0.0,0.0,0.0,0.01,0.0004261277306474926,0,0.0,24,,,,,,,,,,,,,,,,,,,,,0
2023-05-28,0.0,0.0,0.0,0.0,0.0,0.0,0.0,0.0,0.01,0.6050000000000001,0.0,0.0,0.0,0.0,0.0,0.0003382178039513257,0,0.0,25,,,,,,,,,,,,,,,,,,,,,0
2023-05-29,0.0,0.0,0.0,0.0,0.0,0.0,0.0,0.0,0.01,0.6050000000000001,0.0,0.0,0.0,0.0,0.0,0.0002684436488933543,0,0.0,26,,,,,,,,,,,,,,,,,,,,,0
2023-05-30,0.0,0.0,0.0,0.0,0.0,0.0,0.0,0.0,0.01,0.6050000000000001,0.0,0.0,0.0,0.0,0.0,0.0002130638653237463,0,0.0,27,51.0,0.0,17.0,0.0,0.0,0.0,0.0,0.0,36.0,0.0,0.0,0.0,12.0,0.0,0.0,0.0,3.0,0.0,0.0,0.0,1
2023-05-31,0.0,0.0,0.0,0.0,0.0,0.0,0.0,0.0,0.01,0.6050000000000001,0.0,0.0,0.0,0.0,0.0,0.00016910890197566284,0,0.0,28,,,,,,,,,,,,,,,,,,,,,0
2023-06-01,0.0,0.0,0.0,0.0,0.0,0.0,0.0,0.0,0.01,0.33,0.0,0.0,0.0,0.0,0.0,0.00013422182444667715,0,0.0,29,,,,,,,,,,,,,,,,,,,,,0
2023-06-02,0.0,0.0,0.0,0.0,0.0,0.0,0.0,0.0,0.01,0.06,0.0,0.0,0.0,0.0,0.0,0.00010653193266187317,0,0.0,30,,,,,,,,,,,,,,,,,,,,,0
2023-06-03,0.0,0.0,0.0,0.0,0.0,0.0,0.0,0.0,0.0,0.06,0.0,0.0,0.0,0.0,0.0,0.0,0,0.0,31,,,,,,,,,,,,,,,,,,,,,0
2023-06-04,0.0,0.0,0.0,0.0,0.0,0.0,0.0,0.0,0.0,0.06,0.0,0.0,0.0,0.0,0.0,0.0,0,0.0,32,,,,,,,,,,,,,,,,,,,,,0
2023-06-05,0.0,0.0,0.0,0.0,0.0,0.0,0.0,0.0,0.0,0.02,0.0,0.0,0.0,0.0,0.0,0.0,0,0.0,33,48.0,0.0,16.0,0.0,0.0,0.0,0.0,0.0,36.0,0.0,0.0,0.0,9.0,0.0,0.0,0.0,3.0,0.0,0.0,0.0,1
2023-06-06,0.0,0.0,0.0,0.0,0.0,0.0,0.0,0.0,0.0,0.02,0.0,0.0,0.0,0.0,0.0,0.0,0,0.0,34,,,,,,,,,,,,,,,,,,,,,0
2023-06-07,0.0,0.0,0.0,0.0,0.0,0.0,0.0,0.0,0.0,0.01,0.0,0.0,0.0,0.0,0.0,0.0,0,0.0,35,,,,,,,,,,,,,,,,,,,,,0
2023-06-08,0.0,0.0,0.0,0.0,0.0,0.0,0.0,0.0,0.0,0.01,0.0,0.0,0.0,0.0,0.0,0.0,0,0.0,36,3.0,0.0,1.0,0.0,0.0,0.0,0.0,0.0,,,,,3.0,0.0,0.0,0.0,,,,,1
2023-06-09,0.0,0.0,0.0,0.0,0.0,0.0,0.0,0.0,0.0,0.01,0.0,0.0,0.0,0.0,0.0,0.0,0,0.0,37,,,,,,,,,,,,,,,,,,,,,0
2023-06-10,0.0,0.0,0.0,0.0,0.0,0.0,0.0,0.0,0.0,0.01,0.0,0.0,0.0,0.0,0.0,0.0,0,0.0,38,,,,,,,,,,,,,,,,,,,,,0
2023-06-11,0.0,0.0,0.0,0.0,0.0,0.0,0.0,0.0,0.0,0.01,0.0,0.0,0.0,0.0,0.0,0.0,0,0.0,39,,,,,,,,,,,,,,,,,,,,,0
2023-06-12,0.0,0.0,0.0,0.0,0.0,0.0,0.0,0.0,0.0,0.01,0.0,0.0,0.0,0.0,0.0,0.0,0,0.0,40,51.0,0.0,17.0,0.0,0.0,0.0,0.0,0.0,36.0,0.0,0.0,0.0,12.0,0.0,0.0,0.0,3.0,0.0,0.0,0.0,1
2023-06-13,0.0,0.0,0.0,0.0,0.0,0.0,0.0,0.0,0.0,0.01,0.0,0.0,0.0,0.0,0.0,0.0,0,0.0,41,,,,,,,,,,,,,,,,,,,,,0
2023-06-14,0.0,0.0,0.0,0.0,0.0,0.0,0.0,0.0,0.0,0.01,0.0,0.0,0.0,0.0,0.0,0.0,0,0.0,42,,,,,,,,,,,,,,,,,,,,,0
2023-06-15,0.0,0.0,0.0,0.0,0.0,0.0,0.0,0.0,0.0,0.01,0.0,0.0,0.0,0.0,0.0,0.0,0,0.0,43,,,,,,,,,,,,,,,,,,,,,0
2023-06-16,0.0,0.0,0.0,0.0,0.0,0.0,0.0,0.0,0.0,0.01,0.0,0.0,0.0,0.0,0.0,0.0,0,0.0,44,,,,,,,,,,,,,,,,,,,,,0
2023-06-17,0.0,0.0,0.0,0.0,0.0,0.0,0.0,0.0,0.0,0.01,0.0,0.0,0.0,0.0,0.0,0.0,0,0.0,45,,,,,,,,,,,,,,,,,,,,,0
2023-06-18,0.0,0.0,0.0,0.0,0.0,0.0,0.0,0.0,0.0,0.01,0.0,0.0,0.0,0.0,0.0,0.0,0,0.0,46,,,,,,,,,,,,,,,,,,,,,0
2023-06-19,0.0,0.0,0.0,0.0,0.0,0.0,0.0,0.0,0.0,0.0,0.0,0.0,0.0,0.0,0.0,0.0,0,0.0,47,,,,,,,,,,,,,,,,,,,,,0
2023-06-20,0.0,0.0,0.0,0.0,0.0,0.0,0.0,0.0,0.0,0.0,0.0,0.0,0.0,0.0,0.0,0.0,0,0.0,48,51.0,2.0,17.0,0.0392156862745098,1.0,1.0,0.0,1.0,36.0,2.0,0.05555555555555555,1.0,12.0,0.0,0.0,0.0,3.0,0.0,0.0,0.0,1
2023-06-21,0.0,0.0,0.0,0.0,0.0,0.0,0.0,0.0,0.0,0.0,0.0,0.0,0.0,0.0,0.0,0.0,0,0.0,49,3.0,0.0,1.0,0.0,0.0,0.0,0.0,0.0,3.0,0.0,0.0,0.0,,,,,,,,,1
2023-06-22,0.0,0.0,0.0,0.0,0.0,0.0,0.0,0.0,0.0,0.0,0.0,0.0,0.0,0.0,0.0,0.0,0,0.0,50,,,,,,,,,,,,,,,,,,,,,0
2023-06-23,0.0,0.0,0.0,0.0,0.0,0.0,0.0,0.0,0.0,0.0,0.0,0.0,0.0,0.0,0.0,0.0,0,0.0,51,,,,,,,,,,,,,,,,,,,,,0
2023-06-24,0.0,0.0,0.0,0.0,0.0,0.0,0.0,0.0,0.0,0.0,0.0,0.0,0.0,0.0,0.0,0.0,0,0.0,52,,,,,,,,,,,,,,,,,,,,,0
2023-06-25,0.0,0.0,0.0,0.0,0.0,0.0,0.0,0.0,0.0,0.0,0.0,0.0,0.0,0.0,0.0,0.0,0,0.0,53,,,,,,,,,,,,,,,,,,,,,0
2023-06-26,0.0,0.0,0.0,0.0,0.0,0.0,0.0,0.0,0.0,0.0,0.0,0.0,0.0,0.0,0.0,0.0,0,0.0,54,51.0,0.0,17.0,0.0,0.0,0.0,0.0,0.0,36.0,0.0,0.0,0.0,12.0,0.0,0.0,0.0,3.0,0.0,0.0,0.0,1
2023-06-27,0.01,0.0,0.005,0.01,0.005,0.004999999999999778,0.004999999999999112,0.005,0.005,0.005,0.0,0.0,0.0,0.0,0.0,0.0010737745955734172,0,0.005,55,,,,,,,,,,,,,,,,,,,,,0
2023-06-28,0.0,0.0,0.0,0.0,0.005,0.004999999999999778,0.004999999999999112,0.005,0.005,0.005,0.005,0.0,0.0,0.0,0.0,0.0008522554612949852,0,0.005,56,,,,,,,,,,,,,,,,,,,,,0
2023-06-29,0.0,0.0,0.0,0.0,0.0,0.004999999999999778,0.004999999999999112,0.005,0.005,0.005,0.0,0.005,0.0,0.0,0.0,0.0006764356079026513,0,0.005,57,,,,,,,,,,,,,,,,,,,,,0
2023-06-30,0.0,0.0,0.0,0.0,0.0,0.0,0.004999999999999112,0.005,0.005,0.005,0.0,0.0,0.005,0.0,0.0,0.0005368872977867086,0,0.0,58,,,,,,,,,,,,,,,,,,,,,0
2023-07-01,0.0,0.0,0.0,0.0,0.0,0.0,0.004999999999999112,0.005,0.005,0.005,0.0,0.0,0.0,0.0,0.0,0.0004261277306474926,0,0.0,59,,,,,,,,,,,,,,,,,,,,,0
2023-07-02,0.0,0.0,0.0,0.0,0.0,0.0,0.0,0.005,0.005,0.005,0.0,0.0,0.0,0.005,0.0,0.00033821780395132563,0,0.0,60,,,,,,,,,,,,,,,,,,,,,0
2023-07-03,0.0,0.0,0.0,0.0,0.0,0.0,0.0,0.005,0.005,0.005,0.0,0.0,0.0,0.0,0.0,0.0002684436488933543,0,0.0,61,51.0,1.0,17.0,0.0196078431372549,1.0,1.0,0.0,1.0,36.0,1.0,0.027777777777777776,1.0,12.0,0.0,0.0,0.0,3.0,0.0,0.0,0.0,1
2023-07-04,0.0,0.0,0.0,0.0,0.0,0.0,0.0,0.0,0.005,0.005,0.0,0.0,0.0,0.0,0.005,0.0002130638653237463,0,0.0,62,6.0,2.0,2.0,0.3333333333333333,1.0,1.0,0.0,1.0,6.0,2.0,0.3333333333333333,1.0,,,,,,,,,1
2023-07-05,0.0,0.0,0.0,0.0,0.0,0.0,0.0,0.0,0.005,0.005,0.0,0.0,0.0,0.0,0.0,0.00016910890197566284,0,0.0,63,6.0,0.0,2.0,0.0,0.0,0.0,0.0,0.0,6.0,0.0,0.0,0.0,,,,,,,,,1
2023-07-06,0.0,0.0,0.0,0.0,0.0,0.0,0.0,0.0,0.005,0.005,0.0,0.0,0.0,0.0,0.0,0.00013422182444667715,0,0.0,64,,,,,,,,,,,,,,,,,,,,,0
2023-07-07,0.0,0.0,0.0,0.0,0.0,0.0,0.0,0.0,0.005,0.005,0.0,0.0,0.0,0.0,0.0,0.00010653193266187315,0,0.0,65,,,,,,,,,,,,,,,,,,,,,0
2023-07-08,0.0,0.0,0.0,0.0,0.0,0.0,0.0,0.0,0.005,0.005,0.0,0.0,0.0,0.0,0.0,8.455445098783142e-05,0,0.0,66,,,,,,,,,,,,,,,,,,,,,0
2023-07-09,0.0,0.0,0.0,0.0,0.0,0.0,0.0,0.0,0.005,0.005,0.0,0.0,0.0,0.0,0.0,6.711091222333857e-05,0,0.0,67,,,,,,,,,,,,,,,,,,,,,0
2023-07-10,0.0,0.0,0.0,0.0,0.0,0.0,0.0,0.0,0.005,0.005,0.0,0.0,0.0,0.0,0.0,5.326596633093659e-05,0,0.0,68,51.0,1.0,17.0,0.0196078431372549,1.0,1.0,0.0,1.0,36.0,1.0,0.027777777777777776,1.0,12.0,0.0,0.0,0.0,3.0,0.0,0.0,0.0,1
2023-07-11,0.0,0.0,0.0,0.0,0.0,0.0,0.0,0.0,0.0,0.005,0.0,0.0,0.0,0.0,0.0,0.0,0,0.0,69,6.0,0.0,2.0,0.0,0.0,0.0,0.0,0.0,6.0,0.0,0.0,0.0,,,,,,,,,1
2023-07-12,0.0,0.0,0.0,0.0,0.0,0.0,0.0,0.0,0.0,0.005,0.0,0.0,0.0,0.0,0.0,0.0,0,0.0,70,,,,,,,,,,,,,,,,,,,,,0
2023-07-13,0.0,0.0,0.0,0.0,0.0,0.0,0.0,0.0,0.0,0.005,0.0,0.0,0.0,0.0,0.0,0.0,0,0.0,71,,,,,,,,,,,,,,,,,,,,,0
2023-07-14,0.0,0.0,0.0,0.0,0.0,0.0,0.0,0.0,0.0,0.005,0.0,0.0,0.0,0.0,0.0,0.0,0,0.0,72,,,,,,,,,,,,,,,,,,,,,0
2023-07-15,0.0,0.0,0.0,0.0,0.0,0.0,0.0,0.0,0.0,0.005,0.0,0.0,0.0,0.0,0.0,0.0,0,0.0,73,,,,,,,,,,,,,,,,,,,,,0
2023-07-16,0.0,0.0,0.0,0.0,0.0,0.0,0.0,0.0,0.0,0.005,0.0,0.0,0.0,0.0,0.0,0.0,0,0.0,74,,,,,,,,,,,,,,,,,,,,,0
2023-07-17,0.0,0.0,0.0,0.0,0.0,0.0,0.0,0.0,0.0,0.005,0.0,0.0,0.0,0.0,0.0,0.0,0,0.0,75,51.0,0.0,17.0,0.0,0.0,0.0,0.0,0.0,36.0,0.0,0.0,0.0,12.0,0.0,0.0,0.0,3.0,0.0,0.0,0.0,1
2023-07-18,0.0,0.0,0.0,0.0,0.0,0.0,0.0,0.0,0.0,0.005,0.0,0.0,0.0,0.0,0.0,0.0,0,0.0,76,,,,,,,,,,,,,,,,,,,,,0
2023-07-19,0.0,0.0,0.0,0.0,0.0,0.0,0.0,0.0,0.0,0.005,0.0,0.0,0.0,0.0,0.0,0.0,0,0.0,77,,,,,,,,,,,,,,,,,,,,,0
2023-07-20,0.0,0.0,0.0,0.0,0.0,0.0,0.0,0.0,0.0,0.005,0.0,0.0,0.0,0.0,0.0,0.0,0,0.0,78,,,,,,,,,,,,,,,,,,,,,0
2023-07-21,0.0,0.0,0.0,0.0,0.0,0.0,0.0,0.0,0.0,0.005,0.0,0.0,0.0,0.0,0.0,0.0,0,0.0,79,,,,,,,,,,,,,,,,,,,,,0
2023-07-22,0.0,0.0,0.0,0.0,0.0,0.0,0.0,0.0,0.0,0.005,0.0,0.0,0.0,0.0,0.0,0.0,0,0.0,80,,,,,,,,,,,,,,,,,,,,,0
2023-07-23,0.0,0.0,0.0,0.0,0.0,0.0,0.0,0.0,0.0,0.005,0.0,0.0,0.0,0.0,0.0,0.0,0,0.0,81,,,,,,,,,,,,,,,,,,,,,0
2023-07-24,0.0,0.0,0.0,0.0,0.0,0.0,0.0,0.0,0.0,0.005,0.0,0.0,0.0,0.0,0.0,0.0,0,0.0,82,30.0,0.0,10.0,0.0,0.0,0.0,0.0,0.0,15.0,0.0,0.0,0.0,12.0,0.0,0.0,0.0,3.0,0.0,0.0,0.0,1
2023-07-25,0.0,0.0,0.0,0.0,0.0,0.0,0.0,0.0,0.0,0.005,0.0,0.0,0.0,0.0,0.0,0.0,0,0.0,83,21.0,0.0,7.0,0.0,0.0,0.0,0.0,0.0,21.0,0.0,0.0,0.0,,,,,,,,,1
2023-07-26,0.0,0.0,0.0,0.0,0.0,0.0,0.0,0.0,0.0,0.005,0.0,0.0,0.0,0.0,0.0,0.0,0,0.0,84,,,,,,,,,,,,,,,,,,,,,0
2023-07-27,0.0,0.0,0.0,0.0,0.0,0.0,0.0,0.0,0.0,0.0,0.0,0.0,0.0,0.0,0.0,0.0,0,0.0,85,,,,,,,,,,,,,,,,,,,,,0
2023-07-28,0.0,0.0,0.0,0.0,0.0,0.0,0.0,0.0,0.0,0.0,0.0,0.0,0.0,0.0,0.0,0.0,0,0.0,86,,,,,,,,,,,,,,,,,,,,,0
2023-07-29,0.0,0.0,0.0,0.0,0.0,0.0,0.0,0.0,0.0,0.0,0.0,0.0,0.0,0.0,0.0,0.0,0,0.0,87,,,,,,,,,,,,,,,,,,,,,0
2023-07-30,0.0,0.0,0.0,0.0,0.0,0.0,0.0,0.0,0.0,0.0,0.0,0.0,0.0,0.0,0.0,0.0,0,0.0,88,,,,,,,,,,,,,,,,,,,,,0
2023-07-31,0.0,0.0,0.0,0.0,0.0,0.0,0.0,0.0,0.0,0.0,0.0,0.0,0.0,0.0,0.0,0.0,0,0.0,89,51.0,2.0,17.0,0.0392156862745098,2.0,1.0,0.0,1.0,36.0,2.0,0.05555555555555555,1.0,12.0,0.0,0.0,0.0,3.0,0.0,0.0,0.0,1
2023-08-01,0.0,0.0,0.0,0.0,0.0,0.0,0.0,0.0,0.0,0.0,0.0,0.0,0.0,0.0,0.0,0.0,0,0.0,90,6.0,0.0,2.0,0.0,0.0,0.0,0.0,0.0,6.0,0.0,0.0,0.0,,,,,,,,,1
2023-08-02,0.0,0.02,0.01,0.02,0.01,0.009999999999999778,0.009999999999999112,0.01,0.01,0.01,0.0,0.0,0.0,0.0,0.0,0.0021475491911468344,0,0.01,91,,,,,,,,,,,,,,,,,,,,,0
2023-08-03,0.0,0.0,0.0,0.0,0.01,0.009999999999999778,0.009999999999999112,0.01,0.01,0.01,0.01,0.0,0.0,0.0,0.0,0.0017045109225899704,0,0.01,92,,,,,,,,,,,,,,,,,,,,,0
2023-08-04,0.0,0.0,0.0,0.0,0.0,0.009999999999999778,0.009999999999999112,0.01,0.01,0.01,0.0,0.01,0.0,0.0,0.0,0.0013528712158053025,0,0.01,93,,,,,,,,,,,,,,,,,,,,,0
2023-08-05,0.0,0.0,0.0,0.0,0.0,0.0,0.009999999999999112,0.01,0.01,0.01,0.0,0.0,0.01,0.0,0.0,0.0010737745955734172,0,0.0,94,,,,,,,,,,,,,,,,,,,,,0
2023-08-06,0.0,0.0,0.0,0.0,0.0,0.0,0.009999999999999112,0.01,0.01,0.01,0.0,0.0,0.0,0.0,0.0,0.0008522554612949852,0,0.0,95,,,,,,,,,,,,,,,,,,,,,0
2023-08-07,0.0,0.0,0.0,0.0,0.0,0.0,0.0,0.01,0.01,0.01,0.0,0.0,0.0,0.01,0.0,0.0006764356079026513,0,0.0,96,51.0,2.0,17.0,0.0392156862745098,2.0,2.0,0.0,1.0,36.0,0.0,0.0,0.0,12.0,1.0,0.08333333333333333,1.0,3.0,1.0,0.3333333333333333,1.0,1
2023-08-08,0.0,0.0,0.0,0.0,0.0,0.0,0.0,0.01,0.01,0.01,0.0,0.0,0.0,0.0,0.0,0.0005368872977867086,0,0.0,97,6.0,0.0,2.0,0.0,0.0,0.0,0.0,0.0,,,,,3.0,0.0,0.0,0.0,3.0,0.0,0.0,0.0,1
2023-08-09,0.0,0.0,0.0,0.0,0.0,0.0,0.0,0.0,0.01,0.01,0.0,0.0,0.0,0.0,0.01,0.0004261277306474926,0,0.0,98,,,,,,,,,,,,,,,,,,,,,0
2023-08-10,0.0,0.02,0.01,0.02,0.01,0.009999999999999778,0.009999999999999112,0.01,0.02,0.02,0.0,0.0,0.0,0.0,0.0,0.0024857669950981596,0,0.01,99,,,,,,,,,,,,,,,,,,,,,0
2023-08-11,0.0,0.0,0.0,0.0,0.01,0.009999999999999778,0.009999999999999112,0.01,0.02,0.02,0.01,0.0,0.0,0.0,0.0,0.0019729545714833245,0,0.01,100,,,,,,,,,,,,,,,,,,,,,0
2023-08-12,0.0,0.0,0.0,0.0,0.0,0.009999999999999778,0.009999999999999112,0.01,0.02,0.02,0.0,0.01,0.0,0.0,0.0,0.0015659350811290489,0,0.01,101,,,,,,,,,,,,,,,,,,,,,0
2023-08-13,0.0,0.0,0.0,0.0,0.0,0.0,0.009999999999999112,0.01,0.02,0.02,0.0,0.0,0.01,0.0,0.0,0.0012428834975490798,0,0.0,102,,,,,,,,,,,,,,,,,,,,,0
2023-08-14,0.0,0.0,0.0,0.0,0.0,0.0,0.009999999999999112,0.01,0.02,0.02,0.0,0.0,0.0,0.0,0.0,0.0009864772857416622,0,0.0,103,51.0,0.0,17.0,0.0,0.0,0.0,0.0,0.0,36.0,0.0,0.0,0.0,12.0,0.0,0.0,0.0,3.0,0.0,0.0,0.0,1
2023-08-15,0.0,0.0,0.0,0.0,0.0,0.0,0.0,0.01,0.02,0.02,0.0,0.0,0.0,0.01,0.0,0.0007829675405645244,0,0.0,104,,,,,,,,,,,,,,,,,,,,,0
2023-08-16,0.0,0.0,0.0,0.0,0.0,0.0,0.0,0.01,0.01,0.02,0.0,0.0,0.0,0.0,0.0,0.0005368872977867086,0,0.0,105,,,,,,,,,,,,,,,,,,,,,0
2023-08-17,0.0,0.0,0.0,0.0,0.0,0.0,0.0,0.0,0.01,0.02,0.0,0.0,0.0,0.0,0.01,0.0004261277306474926,0,0.0,106,,,,,,,,,,,,,,,,,,,,,0
2023-08-18,0.0,0.0,0.0,0.0,0.0,0.0,0.0,0.0,0.01,0.02,0.0,0.0,0.0,0.0,0.0,0.0003382178039513257,0,0.0,107,,,,,,,,,,,,,,,,,,,,,0
2023-08-19,0.0,0.0,0.0,0.0,0.0,0.0,0.0,0.0,0.01,0.02,0.0,0.0,0.0,0.0,0.0,0.0002684436488933543,0,0.0,108,,,,,,,,,,,,,,,,,,,,,0
2023-08-20,0.0,0.0,0.0,0.0,0.0,0.0,0.0,0.0,0.01,0.02,0.0,0.0,0.0,0.0,0.0,0.0002130638653237463,0,0.0,109,,,,,,,,,,,,,,,,,,,,,0
2023-08-21,0.0,0.0,0.0,0.0,0.0,0.0,0.0,0.0,0.01,0.02,0.0,0.0,0.0,0.0,0.0,0.00016910890197566284,0,0.0,110,21.0,0.0,7.0,0.0,0.0,0.0,0.0,0.0,21.0,0.0,0.0,0.0,,,,,,,,,1
2023-08-22,0.0,0.0,0.0,0.0,0.0,0.0,0.0,0.0,0.01,0.02,0.0,0.0,0.0,0.0,0.0,0.00013422182444667715,0,0.0,111,30.0,0.0,10.0,0.0,0.0,0.0,0.0,0.0,15.0,0.0,0.0,0.0,12.0,0.0,0.0,0.0,3.0,0.0,0.0,0.0,1
2023-08-23,0.0,0.0,0.0,0.0,0.0,0.0,0.0,0.0,0.01,0.02,0.0,0.0,0.0,0.0,0.0,0.00010653193266187317,0,0.0,112,,,,,,,,,,,,,,,,,,,,,0
2023-08-24,0.0,0.0,0.0,0.0,0.0,0.0,0.0,0.0,0.0,0.02,0.0,0.0,0.0,0.0,0.0,0.0,0,0.0,113,,,,,,,,,,,,,,,,,,,,,0
2023-08-25,0.0,0.0,0.0,0.0,0.0,0.0,0.0,0.0,0.0,0.02,0.0,0.0,0.0,0.0,0.0,0.0,0,0.0,114,,,,,,,,,,,,,,,,,,,,,0
2023-08-26,0.0,0.0,0.0,0.0,0.0,0.0,0.0,0.0,0.0,0.02,0.0,0.0,0.0,0.0,0.0,0.0,0,0.0,115,,,,,,,,,,,,,,,,,,,,,0
2023-08-27,0.0,0.0,0.0,0.0,0.0,0.0,0.0,0.0,0.0,0.02,0.0,0.0,0.0,0.0,0.0,0.0,0,0.0,116,,,,,,,,,,,,,,,,,,,,,0
2023-08-28,0.0,0.0,0.0,0.0,0.0,0.0,0.0,0.0,0.0,0.02,0.0,0.0,0.0,0.0,0.0,0.0,0,0.0,117,51.0,4.0,17.0,0.0784313725490196,2.0,1.0,0.0,1.0,36.0,4.0,0.1111111111111111,1.0,12.0,0.0,0.0,0.0,3.0,0.0,0.0,0.0,1
2023-08-29,0.0,0.0,0.0,0.0,0.0,0.0,0.0,0.0,0.0,0.02,0.0,0.0,0.0,0.0,0.0,0.0,0,0.0,118,9.0,0.0,3.0,0.0,0.0,0.0,0.0,0.0,9.0,0.0,0.0,0.0,,,,,,,,,1
2023-08-30,0.0,0.0,0.0,0.0,0.0,0.0,0.0,0.0,0.0,0.02,0.0,0.0,0.0,0.0,0.0,0.0,0,0.0,119,,,,,,,,,,,,,,,,,,,,,0
2023-08-31,0.0,0.0,0.0,0.0,0.0,0.0,0.0,0.0,0.0,0.02,0.0,0.0,0.0,0.0,0.0,0.0,0,0.0,120,,,,,,,,,,,,,,,,,,,,,0
2023-09-01,0.02,0.04,0.03,0.04,0.03,0.029999999999999777,0.02999999999999911,0.03,0.03,0.04,0.0,0.0,0.0,0.0,0.0,0.006442647573440502,0,0.03,121,,,,,,,,,,,,,,,,,,,,,0
2023-09-02,0.0,0.0,0.0,0.0,0.03,0.029999999999999777,0.02999999999999911,0.03,0.03,0.04,0.03,0.0,0.0,0.0,0.0,0.005113532767769911,0,0.03,122,,,,,,,,,,,,,,,,,,,,,0
2023-09-03,0.0,0.0,0.0,0.0,0.0,0.029999999999999777,0.02999999999999911,0.03,0.03,0.04,0.0,0.03,0.0,0.0,0.0,0.004058613647415907,0,0.03,123,,,,,,,,,,,,,,,,,,,,,0
2023-09-04,0.0,0.0,0.0,0.0,0.0,0.0,0.02999999999999911,0.03,0.03,0.04,0.0,0.0,0.03,0.0,0.0,0.003221323786720251,0,0.0,124,,,,,,,,,,,,,,,,,,,,,0
2023-09-05,0.0,0.0,0.0,0.0,0.0,0.0,0.02999999999999911,0.03,0.03,0.04,0.0,0.0,0.0,0.0,0.0,0.0025567663838849553,0,0.0,125,51.0,0.0,17.0,0.0,0.0,0.0,0.0,0.0,36.0,0.0,0.0,0.0,12.0,0.0,0.0,0.0,3.0,0.0,0.0,0.0,1
2023-09-06,0.0,0.0,0.0,0.0,0.0,0.0,0.0,0.03,0.03,0.04,0.0,0.0,0.0,0.03,0.0,0.0020293068237079537,0,0.0,126,,,,,,,,,,,,,,,,,,,,,0
2023-09-07,0.0,0.0,0.0,0.0,0.0,0.0,0.0,0.03,0.03,0.04,0.0,0.0,0.0,0.0,0.0,0.0016106618933601255,0,0.0,127,,,,,,,,,,,,,,,,,,,,,0
2023-09-08,0.0,0.0,0.0,0.0,0.0,0.0,0.0,0.0,0.03,0.04,0.0,0.0,0.0,0.0,0.03,0.0012783831919424777,0,0.0,128,,,,,,,,,,,,,,,,,,,,,0
2023-09-09,0.0,0.0,0.0,0.0,0.0,0.0,0.0,0.0,0.03,0.03,0.0,0.0,0.0,0.0,0.0,0.001014653411853977,0,0.0,129,,,,,,,,,,,,,,,,,,,,,0
2023-09-10,0.0,0.0,0.0,0.0,0.0,0.0,0.0,0.0,0.03,0.03,0.0,0.0,0.0,0.0,0.0,0.0008053309466800629,0,0.0,130,,,,,,,,,,,,,,,,,,,,,0
2023-09-11,0.0,0.0,0.0,0.0,0.0,0.0,0.0,0.0,0.03,0.03,0.0,0.0,0.0,0.0,0.0,0.0006391915959712388,0,0.0,131,51.0,2.0,17.0,0.0392156862745098,1.0,1.0,0.0,1.0,36.0,0.0,0.0,0.0,12.0,0.0,0.0,0.0,3.0,2.0,0.6666666666666666,1.0,1
2023-09-12,0.0,0.0,0.0,0.0,0.0,0.0,0.0,0.0,0.03,0.03,0.0,0.0,0.0,0.0,0.0,0.0005073267059269885,0,0.0,132,3.0,0.0,1.0,0.0,0.0,0.0,0.0,0.0,,,,,,,,,3.0,0.0,0.0,0.0,1
2023-09-13,0.0,0.0,0.0,0.0,0.0,0.0,0.0,0.0,0.03,0.03,0.0,0.0,0.0,0.0,0.0,0.00040266547334003136,0,0.0,133,,,,,,,,,,,,,,,,,,,,,0
2023-09-14,0.0,0.0,0.0,0.0,0.0,0.0,0.0,0.0,0.03,0.03,0.0,0.0,0.0,0.0,0.0,0.0003195957979856195,0,0.0,134,,,,,,,,,,,,,,,,,,,,,0
2023-09-15,0.0,0.0,0.0,0.0,0.0,0.0,0.0,0.0,0.0,0.03,0.0,0.0,0.0,0.0,0.0,0.0,0,0.0,135,,,,,,,,,,,,,,,,,,,,,0
2023-09-16,0.0,0.0,0.0,0.0,0.0,0.0,0.0,0.0,0.0,0.03,0.0,0.0,0.0,0.0,0.0,0.0,0,0.0,136,,,,,,,,,,,,,,,,,,,,,0
2023-09-17,0.0,0.0,0.0,0.0,0.0,0.0,0.0,0.0,0.0,0.03,0.0,0.0,0.0,0.0,0.0,0.0,0,0.0,137,,,,,,,,,,,,,,,,,,,,,0
2023-09-18,0.0,0.0,0.0,0.0,0.0,0.0,0.0,0.0,0.0,0.03,0.0,0.0,0.0,0.0,0.0,0.0,0,0.0,138,51.0,0.0,17.0,0.0,0.0,0.0,0.0,0.0,36.0,0.0,0.0,0.0,12.0,0.0,0.0,0.0,3.0,0.0,0.0,0.0,1
2023-09-19,0.0,0.0,0.0,0.0,0.0,0.0,0.0,0.0,0.0,0.03,0.0,0.0,0.0,0.0,0.0,0.0,0,0.0,139,,,,,,,,,,,,,,,,,,,,,0
2023-09-20,0.0,0.0,0.0,0.0,0.0,0.0,0.0,0.0,0.0,0.03,0.0,0.0,0.0,0.0,0.0,0.0,0,0.0,140,,,,,,,,,,,,,,,,,,,,,0
2023-09-21,0.0,0.0,0.0,0.0,0.0,0.0,0.0,0.0,0.0,0.03,0.0,0.0,0.0,0.0,0.0,0.0,0,0.0,141,,,,,,,,,,,,,,,,,,,,,0
2023-09-22,0.0,0.0,0.0,0.0,0.0,0.0,0.0,0.0,0.0,0.03,0.0,0.0,0.0,0.0,0.0,0.0,0,0.0,142,,,,,,,,,,,,,,,,,,,,,0
2023-09-23,0.0,0.0,0.0,0.0,0.0,0.0,0.0,0.0,0.0,0.03,0.0,0.0,0.0,0.0,0.0,0.0,0,0.0,143,,,,,,,,,,,,,,,,,,,,,0
2023-09-24,0.0,0.0,0.0,0.0,0.0,0.0,0.0,0.0,0.0,0.03,0.0,0.0,0.0,0.0,0.0,0.0,0,0.0,144,,,,,,,,,,,,,,,,,,,,,0
2023-09-25,0.0,0.0,0.0,0.0,0.0,0.0,0.0,0.0,0.0,0.03,0.0,0.0,0.0,0.0,0.0,0.0,0,0.0,145,51.0,4.0,17.0,0.0784313725490196,2.0,1.0,0.0,1.0,36.0,4.0,0.1111111111111111,1.0,12.0,0.0,0.0,0.0,3.0,0.0,0.0,0.0,1
2023-09-26,0.07,0.05,0.060000000000000005,0.07,0.060000000000000005,0.05999999999999978,0.05999999999999912,0.060000000000000005,0.060000000000000005,0.09,0.0,0.0,0.0,0.0,0.0,0.012885295146881005,0,0.060000000000000005,0,9.0,1.0,3.0,0.1111111111111111,1.0,1.0,0.0,1.0,9.0,1.0,0.1111111111111111,1.0,,,,,,,,,1
2023-09-27,0.0,0.0,0.0,0.0,0.060000000000000005,0.05999999999999978,0.05999999999999912,0.060000000000000005,0.060000000000000005,0.09,0.060000000000000005,0.0,0.0,0.0,0.0,0.010227065535539823,0,0.060000000000000005,1,6.0,0.0,2.0,0.0,0.0,0.0,0.0,0.0,6.0,0.0,0.0,0.0,,,,,,,,,1
2023-09-28,0.0,0.0,0.0,0.0,0.0,0.05999999999999978,0.05999999999999912,0.060000000000000005,0.060000000000000005,0.09,0.0,0.060000000000000005,0.0,0.0,0.0,0.008117227294831816,0,0.060000000000000005,2,,,,,,,,,,,,,,,,,,,,,0
2023-09-29,0.0,0.0,0.0,0.0,0.0,0.0,0.05999999999999912,0.060000000000000005,0.060000000000000005,0.09,0.0,0.0,0.060000000000000005,0.0,0.0,0.006442647573440503,0,0.0,3,,,,,,,,,,,,,,,,,,,,,0
2023-09-30,0.02,0.02,0.02,0.02,0.02,0.01999999999999978,0.07999999999999911,0.08,0.08,0.11,0.0,0.0,0.0,0.0,0.0,0.00940863115006358,0,0.02,4,,,,,,,,,,,,,,,,,,,,,0
2023-10-01,0.0,0.0,0.0,0.0,0.02,0.01999999999999978,0.019999999999999112,0.08,0.08,0.08,0.02,0.0,0.0,0.060000000000000005,0.0,0.00746763549259585,0,0.02,5,,,,,,,,,,,,,,,,,,,,,0
2023-10-02,0.0,0.0,0.0,0.0,0.0,0.01999999999999978,0.019999999999999112,0.08,0.08,0.08,0.0,0.02,0.0,0.0,0.0,0.005927066218330857,0,0.02,6,51.0,0.0,17.0,0.0,0.0,0.0,0.0,0.0,36.0,0.0,0.0,0.0,12.0,0.0,0.0,0.0,3.0,0.0,0.0,0.0,1
2023-10-03,0.0,0.0,0.0,0.0,0.0,0.0,0.019999999999999112,0.02,0.08,0.08,0.0,0.0,0.02,0.0,0.060000000000000005,0.00470431557503179,0,0.0,7,,,,,,,,,,,,,,,,,,,,,0
2023-10-04,0.0,0.0,0.0,0.0,0.0,0.0,0.019999999999999112,0.02,0.08,0.08,0.0,0.0,0.0,0.0,0.0,0.003733817746297925,0,0.0,8,,,,,,,,,,,,,,,,,,,,,0
2023-10-05,0.0,0.0,0.0,0.0,0.0,0.0,0.0,0.02,0.08,0.08,0.0,0.0,0.0,0.02,0.0,0.0029635331091654284,0,0.0,9,,,,,,,,,,,,,,,,,,,,,0
2023-10-06,0.0,0.0,0.0,0.0,0.0,0.0,0.0,0.02,0.08,0.08,0.0,0.0,0.0,0.0,0.0,0.002352157787515895,0,0.0,10,,,,,,,,,,,,,,,,,,,,,0
2023-10-07,0.0,0.0,0.0,0.0,0.0,0.0,0.0,0.0,0.08,0.08,0.0,0.0,0.0,0.0,0.02,0.0018669088731489624,0,0.0,11,,,,,,,,,,,,,,,,,,,,,0
2023-10-08,0.0,0.0,0.0,0.0,0.0,0.0,0.0,0.0,0.08,0.08,0.0,0.0,0.0,0.0,0.0,0.0014817665545827142,0,0.0,12,,,,,,,,,,,,,,,,,,,,,0
2023-10-09,0.02,0.0,0.01,0.02,0.01,0.009999999999999778,0.009999999999999112,0.01,0.09000000000000001,0.09000000000000001,0.0,0.0,0.0,0.0,0.0,0.003323628084904782,0,0.01,13,,,,,,,,,,,,,,,,,,,,,0
2023-10-10,0.02,0.05,0.035,0.05,0.045000000000000005,0.04499999999999978,0.04499999999999912,0.045000000000000005,0.065,0.125,0.01,0.0,0.0,0.0,0.0,0.009647060822251384,0,0.035,14,51.0,0.0,17.0,0.0,0.0,0.0,0.0,0.0,36.0,0.0,0.0,0.0,12.0,0.0,0.0,0.0,3.0,0.0,0.0,0.0,1
2023-10-11,0.0,0.01,0.005,0.01,0.04,0.04999999999999978,0.049999999999999115,0.05,0.07,0.13,0.035,0.01,0.0,0.0,0.0,0.008730651844394942,0,0.035,15,,,,,,,,,,,,,,,,,,,,,0
2023-10-12,0.0,0.0,0.0,0.0,0.005,0.03999999999999978,0.049999999999999115,0.05,0.07,0.13,0.005,0.035,0.01,0.0,0.0,0.006929522961080316,0,0.035,16,,,,,,,,,,,,,,,,,,,,,0
2023-10-13,0.0,0.0,0.0,0.0,0.0,0.004999999999999778,0.049999999999999115,0.05,0.07,0.13,0.0,0.005,0.035,0.0,0.0,0.005499966019028343,0,0.005,17,,,,,,,,,,,,,,,,,,,,,0
2023-10-14,0.0,0.0,0.0,0.0,0.0,0.0,0.03999999999999911,0.05,0.049999999999999996,0.13,0.0,0.0,0.005,0.01,0.0,0.004196217020221808,0,0.0,18,,,,,,,,,,,,,,,,,,,,,0
2023-10-15,0.0,0.0,0.0,0.0,0.0,0.0,0.004999999999999112,0.05,0.05,0.13,0.0,0.0,0.0,0.035,0.0,0.0033305396560934807,0,0.0,19,,,,,,,,,,,,,,,,,,,,,0
2023-10-16,0.0,0.01,0.005,0.01,0.005,0.004999999999999778,0.004999999999999112,0.045000000000000005,0.05500000000000001,0.135,0.0,0.0,0.0,0.005,0.01,0.0037172256724257156,0,0.005,20,21.0,0.0,7.0,0.0,0.0,0.0,0.0,0.0,21.0,0.0,0.0,0.0,,,,,,,,,1
2023-10-17,0.0,0.01,0.005,0.01,0.01,0.009999999999999778,0.009999999999999112,0.015,0.060000000000000005,0.14,0.005,0.0,0.0,0.0,0.035,0.004024138566979306,0,0.005,21,30.0,1.0,10.0,0.03333333333333333,1.0,1.0,0.0,1.0,15.0,1.0,0.06666666666666667,1.0,12.0,0.0,0.0,0.0,3.0,0.0,0.0,0.0,1
2023-10-18,0.0,0.0,0.0,0.0,0.005,0.009999999999999778,0.009999999999999112,0.009999999999999998,0.06,0.14,0.005,0.005,0.0,0.0,0.005,0.0031939608972443773,0,0.005,22,3.0,0.0,1.0,0.0,0.0,0.0,0.0,0.0,3.0,0.0,0.0,0.0,,,,,,,,,1
2023-10-19,0.0,0.0,0.0,0.0,0.0,0.004999999999999778,0.009999999999999112,0.009999999999999998,0.06,0.14,0.0,0.005,0.005,0.0,0.0,0.002535048444115509,0,0.005,23,,,,,,,,,,,,,,,,,,,,,0
2023-10-20,0.0,0.0,0.0,0.0,0.0,0.0,0.009999999999999112,0.009999999999999998,0.06,0.14,0.0,0.0,0.005,0.0,0.0,0.002012069283489653,0,0.0,24,,,,,,,,,,,,,,,,,,,,,0
2023-10-21,0.0,0.0,0.0,0.0,0.0,0.0,0.004999999999999112,0.009999999999999998,0.06,0.14,0.0,0.0,0.0,0.005,0.0,0.0015969804486221887,0,0.0,25,,,,,,,,,,,,,,,,,,,,,0
2023-10-22,0.19,0.1,0.14500000000000002,0.19,0.14500000000000002,0.1449999999999998,0.14499999999999913,0.15500000000000003,0.20500000000000002,0.28500000000000003,0.0,0.0,0.0,0.005,0.0,0.032406987493686853,0,0.14500000000000002,0,,,,,,,,,,,,,,,,,,,,,0
2023-10-23,0.0,0.0,0.0,0.0,0.14500000000000002,0.1449999999999998,0.14499999999999913,0.15000000000000002,0.195,0.28500000000000003,0.14500000000000002,0.0,0.0,0.0,0.005,0.025636888568311568,1,0.14500000000000002,1,51.0,2.0,17.0,0.0392156862745098,2.0,2.0,0.0,1.0,36.0,1.0,0.027777777777777776,1.0,12.0,0.0,0.0,0.0,3.0,1.0,0.3333333333333333,1.0,1
2023-10-24,0.0,0.0,0.0,0.0,0.0,0.1449999999999998,0.14499999999999913,0.14500000000000002,0.16000000000000003,0.28500000000000003,0.0,0.14500000000000002,0.0,0.0,0.005,0.020052071362807233,1,0.14500000000000002,2,9.0,0.0,3.0,0.0,0.0,0.0,0.0,0.0,6.0,0.0,0.0,0.0,,,,,3.0,0.0,0.0,0.0,1
2023-10-25,0.0,0.0,0.0,0.0,0.0,0.0,0.14499999999999913,0.14500000000000002,0.15500000000000003,0.28500000000000003,0.0,0.0,0.14500000000000002,0.0,0.0,0.01587306236223689,1,0.0,3,,,,,,,,,,,,,,,,,,,,,0
2023-10-26,0.0,0.0,0.0,0.0,0.0,0.0,0.14499999999999913,0.14500000000000002,0.15500000000000003,0.22500000000000003,0.0,0.0,0.0,0.0,0.0,0.012598457945885837,0,0.0,4,,,,,,,,,,,,,,,,,,,,,0
2023-10-27,0.0,0.0,0.0,0.0,0.0,0.0,0.0,0.14500000000000002,0.15500000000000003,0.22500000000000003,0.0,0.0,0.0,0.14500000000000002,0.0,0.009999402698238149,0,0.0,5,,,,,,,,,,,,,,,,,,,,,0
2023-10-28,0.0,0.0,0.0,0.0,0.0,0.0,0.0,0.14500000000000002,0.15500000000000003,0.22500000000000003,0.0,0.0,0.0,0.0,0.0,0.007936531181118445,0,0.0,6,,,,,,,,,,,,,,,,,,,,,0
2023-10-29,0.0,0.0,0.0,0.0,0.0,0.0,0.0,0.0,0.15500000000000003,0.22500000000000003,0.0,0.0,0.0,0.0,0.14500000000000002,0.0062992289729429185,0,0.0,7,,,,,,,,,,,,,,,,,,,,,0
2023-10-30,0.0,0.0,0.0,0.0,0.0,0.0,0.0,0.0,0.15000000000000002,0.20500000000000002,0.0,0.0,0.0,0.0,0.0,0.004957424123625159,0,0.0,8,51.0,2.0,17.0,0.0392156862745098,1.0,1.0,0.0,1.0,36.0,2.0,0.05555555555555555,1.0,12.0,0.0,0.0,0.0,3.0,0.0,0.0,0.0,1
2023-10-31,0.0,0.0,0.0,0.0,0.0,0.0,0.0,0.0,0.14500000000000002,0.20500000000000002,0.0,0.0,0.0,0.0,0.0,0.003892432908953638,0,0.0,9,3.0,0.0,1.0,0.0,0.0,0.0,0.0,0.0,3.0,0.0,0.0,0.0,,,,,,,,,1
2023-11-01,0.0,0.0,0.0,0.0,0.0,0.0,0.0,0.0,0.14500000000000002,0.20500000000000002,0.0,0.0,0.0,0.0,0.0,0.0030894260471943215,0,0.0,10,,,,,,,,,,,,,,,,,,,,,0
2023-11-02,0.0,0.0,0.0,0.0,0.0,0.0,0.0,0.0,0.14500000000000002,0.20500000000000002,0.0,0.0,0.0,0.0,0.0,0.002452079078647111,0,0.0,11,,,,,,,,,,,,,,,,,,,,,0
2023-11-03,0.0,0.0,0.0,0.0,0.0,0.0,0.0,0.0,0.14500000000000002,0.20500000000000002,0.0,0.0,0.0,0.0,0.0,0.0019462164544768186,0,0.0,12,,,,,,,,,,,,,,,,,,,,,0
2023-11-04,0.0,0.0,0.0,0.0,0.0,0.0,0.0,0.0,0.14500000000000002,0.20500000000000002,0.0,0.0,0.0,0.0,0.0,0.0015447130235971612,0,0.0,13,,,,,,,,,,,,,,,,,,,,,0
2023-11-05,0.04,0.0,0.02,0.04,0.02,0.01999999999999978,0.019999999999999112,0.02,0.02,0.225,0.0,0.0,0.0,0.0,0.0,0.004295098382293669,0,0.02,14,,,,,,,,,,,,,,,,,,,,,0
2023-11-06,0.01,0.0,0.005,0.01,0.025,0.02499999999999978,0.024999999999999113,0.025,0.025,0.23,0.02,0.0,0.0,0.0,0.0,0.004482796440753358,0,0.02,15,51.0,2.0,17.0,0.0392156862745098,2.0,1.0,0.0,1.0,36.0,2.0,0.05555555555555555,1.0,12.0,0.0,0.0,0.0,3.0,0.0,0.0,0.0,1
2023-11-07,0.0,0.0,0.0,0.0,0.005,0.02499999999999978,0.024999999999999113,0.025,0.025,0.23,0.005,0.02,0.0,0.0,0.0,0.0035579978929055904,0,0.02,16,9.0,0.0,3.0,0.0,0.0,0.0,0.0,0.0,9.0,0.0,0.0,0.0,,,,,,,,,1
2023-11-08,0.0,0.0,0.0,0.0,0.0,0.004999999999999778,0.024999999999999113,0.025,0.025,0.22000000000000003,0.0,0.005,0.02,0.0,0.0,0.0028239847990494857,0,0.005,17,,,,,,,,,,,,,,,,,,,,,0
2023-11-09,0.0,0.0,0.0,0.0,0.0,0.0,0.024999999999999113,0.025,0.025,0.18500000000000003,0.0,0.0,0.005,0.0,0.0,0.002241398220376679,0,0.0,18,,,,,,,,,,,,,,,,,,,,,0
2023-11-10,0.0,0.0,0.0,0.0,0.0,0.0,0.004999999999999112,0.025,0.025,0.18000000000000002,0.0,0.0,0.0,0.02,0.0,0.0017789989464527952,0,0.0,19,,,,,,,,,,,,,,,,,,,,,0
2023-11-11,0.0,0.0,0.0,0.0,0.0,0.0,0.0,0.025,0.025,0.18000000000000002,0.0,0.0,0.0,0.005,0.0,0.0014119923995247429,0,0.0,20,,,,,,,,,,,,,,,,,,,,,0
2023-11-12,0.0,0.0,0.0,0.0,0.0,0.0,0.0,0.005,0.025,0.18000000000000002,0.0,0.0,0.0,0.0,0.02,0.0011206991101883395,0,0.0,21,,,,,,,,,,,,,,,,,,,,,0
2023-11-13,0.0,0.0,0.0,0.0,0.0,0.0,0.0,0.0,0.025,0.18000000000000002,0.0,0.0,0.0,0.0,0.005,0.0008894994732263976,0,0.0,22,51.0,0.0,17.0,0.0,0.0,0.0,0.0,0.0,36.0,0.0,0.0,0.0,12.0,0.0,0.0,0.0,3.0,0.0,0.0,0.0,1
2023-11-14,0.0,0.0,0.0,0.0,0.0,0.0,0.0,0.0,0.025,0.18000000000000002,0.0,0.0,0.0,0.0,0.0,0.0007059961997623715,0,0.0,23,,,,,,,,,,,,,,,,,,,,,0
2023-11-15,0.07,0.0,0.035,0.07,0.035,0.03499999999999978,0.034999999999999115,0.035,0.060000000000000005,0.21000000000000002,0.0,0.0,0.0,0.0,0.0,0.008076771724108091,0,0.035,24,,,,,,,,,,,,,,,,,,,,,0
2023-11-16,0.03,0.0,0.015,0.03,0.05,0.04999999999999978,0.049999999999999115,0.05,0.07500000000000001,0.22000000000000003,0.035,0.0,0.0,0.0,0.0,0.009631861752398347,0,0.035,25,,,,,,,,,,,,,,,,,,,,,0
2023-11-17,0.36,0.0,0.18,0.36,0.195,0.22999999999999976,0.2299999999999991,0.22999999999999998,0.255,0.4,0.015,0.035,0.0,0.0,0.0,0.04630069917972771,0,0.18,0,,,,,,,,,,,,,,,,,,,,,0
2023-11-18,0.81,0.0,0.405,0.81,0.585,0.5999999999999998,0.6349999999999991,0.635,0.66,0.805,0.18,0.015,0.035,0.0,0.0,0.12372463153382825,1,0.405,0,48.0,22.0,16.0,0.4583333333333333,13.0,3.0,1.0,1.0,33.0,15.0,0.45454545454545453,1.0,12.0,4.0,0.3333333333333333,1.0,3.0,3.0,1.0,1.0,1
2023-11-19,0.0,0.0,0.0,0.0,0.405,0.5849999999999997,0.6349999999999991,0.635,0.64,0.805,0.405,0.18,0.015,0.0,0.0,0.09803119622361275,1,0.405,1,39.0,5.0,13.0,0.1282051282051282,2.0,2.0,0.0,1.0,27.0,2.0,0.07407407407407407,1.0,9.0,0.0,0.0,0.0,3.0,3.0,1.0,1.0,1
2023-11-20,0.0,0.0,0.0,0.0,0.0,0.40499999999999975,0.5999999999999991,0.635,0.635,0.805,0.0,0.405,0.18,0.035,0.0,0.07776513478003802,1,0.405,2,51.0,2.0,17.0,0.0392156862745098,1.0,1.0,0.0,1.0,36.0,0.0,0.0,0.0,12.0,0.0,0.0,0.0,3.0,2.0,0.6666666666666666,1.0,1
2023-11-21,0.0,0.0,0.0,0.0,0.0,0.0,0.5849999999999991,0.635,0.635,0.66,0.0,0.0,0.405,0.015,0.0,0.06172222837814058,1,0.0,3,3.0,1.0,1.0,0.3333333333333333,1.0,1.0,0.0,1.0,,,,,,,,,3.0,1.0,0.3333333333333333,1.0,1
2023-11-22,0.0,0.0,0.0,0.0,0.0,0.0,0.40499999999999914,0.6,0.635,0.66,0.0,0.0,0.0,0.18,0.035,0.048988965128640906,0,0.0,4,3.0,0.0,1.0,0.0,0.0,0.0,0.0,0.0,,,,,,,,,3.0,0.0,0.0,0.0,1
2023-11-23,0.0,0.0,0.0,0.0,0.0,0.0,0.0,0.585,0.635,0.66,0.0,0.0,0.0,0.405,0.015,0.03888256739001901,0,0.0,5,,,,,,,,,,,,,,,,,,,,,0
2023-11-24,0.0,0.0,0.0,0.0,0.0,0.0,0.0,0.405,0.635,0.66,0.0,0.0,0.0,0.0,0.18,0.03086111418907029,0,0.0,6,,,,,,,,,,,,,,,,,,,,,0
2023-11-25,0.0,0.0,0.0,0.0,0.0,0.0,0.0,0.0,0.635,0.66,0.0,0.0,0.0,0.0,0.405,0.024494482564320453,0,0.0,7,,,,,,,,,,,,,,,,,,,,,0
2023-11-26,0.0,0.0,0.0,0.0,0.0,0.0,0.0,0.0,0.635,0.66,0.0,0.0,0.0,0.0,0.0,0.01944128369500951,0,0.0,8,,,,,,,,,,,,,,,,,,,,,0
2023-11-27,0.0,0.0,0.0,0.0,0.0,0.0,0.0,0.0,0.635,0.66,0.0,0.0,0.0,0.0,0.0,0.015430557094535152,0,0.0,9,51.0,0.0,17.0,0.0,0.0,0.0,0.0,0.0,36.0,0.0,0.0,0.0,12.0,0.0,0.0,0.0,3.0,0.0,0.0,0.0,1
2023-11-28,0.04,0.0,0.02,0.04,0.02,0.019999999999999723,0.019999999999999112,0.02,0.655,0.68,0.0,0.0,0.0,0.0,0.0,0.016542339664453898,0,0.02,10,9.0,1.0,3.0,0.1111111111111111,1.0,1.0,0.0,1.0,9.0,1.0,0.1111111111111111,1.0,,,,,,,,,1
2023-11-29,0.44,0.0,0.22,0.44,0.24,0.2399999999999997,0.2399999999999991,0.24,0.84,0.9,0.02,0.0,0.0,0.0,0.0,0.060079805319457634,0,0.22,0,3.0,0.0,1.0,0.0,0.0,0.0,0.0,0.0,3.0,0.0,0.0,0.0,,,,,,,,,1
2023-11-30,0.0,0.0,0.0,0.0,0.22,0.2399999999999997,0.2399999999999991,0.24,0.8250000000000001,0.9,0.22,0.02,0.0,0.0,0.0,0.04755854140659409,1,0.22,1,,,,,,,,,,,,,,,,,,,,,0
2023-12-01,0.02,0.0,0.01,0.02,0.01,0.22999999999999973,0.2499999999999991,0.25,0.655,0.91,0.0,0.22,0.02,0.0,0.0,0.03837280840281619,1,0.22,2,,,,,,,,,,,,,,,,,,,,,0
2023-12-02,0.08,0.03,0.055,0.08,0.065,0.06499999999999972,0.3049999999999991,0.305,0.305,0.9650000000000001,0.01,0.0,0.22,0.0,0.0,0.038843583499102705,1,0.055,0,,,,,,,,,,,,,,,,,,,,,0
2023-12-03,0.0,0.0,0.0,0.0,0.055,0.06499999999999972,0.2849999999999991,0.305,0.305,0.9650000000000001,0.055,0.01,0.0,0.02,0.0,0.030830172654345116,0,0.055,1,,,,,,,,,,,,,,,,,,,,,0
2023-12-04,0.0,0.0,0.0,0.0,0.0,0.05499999999999972,0.06499999999999911,0.305,0.305,0.9650000000000001,0.0,0.055,0.01,0.22,0.0,0.024469924251934328,0,0.055,2,51.0,1.0,17.0,0.0196078431372549,1.0,1.0,0.0,1.0,36.0,1.0,0.027777777777777776,1.0,12.0,0.0,0.0,0.0,3.0,0.0,0.0,0.0,1
2023-12-05,0.0,0.0,0.0,0.0,0.0,0.0,0.06499999999999911,0.285,0.305,0.9450000000000001,0.0,0.0,0.055,0.0,0.02,0.019421791749551352,0,0.0,3,6.0,1.0,2.0,0.16666666666666666,1.0,1.0,0.0,1.0,6.0,1.0,0.16666666666666666,1.0,,,,,,,,,1
2023-12-06,0.19,0.26,0.225,0.26,0.225,0.22499999999999973,0.27999999999999914,0.29000000000000004,0.53,1.165,0.0,0.0,0.0,0.01,0.22,0.06373494312797633,0,0.225,0,6.0,3.0,2.0,0.5,2.0,1.0,0.0,1.0,6.0,3.0,0.5,1.0,,,,,,,,,1
2023-12-07,0.1,0.08,0.09,0.1,0.315,0.3149999999999997,0.3149999999999991,0.38,0.62,1.255,0.225,0.0,0.0,0.055,0.0,0.069914400604563,1,0.225,0,6.0,0.0,2.0,0.0,0.0,0.0,0.0,0.0,6.0,0.0,0.0,0.0,,,,,,,,,1
2023-12-08,0.0,0.0,0.0,0.0,0.09,0.3149999999999997,0.3149999999999991,0.37,0.62,1.255,0.09,0.225,0.0,0.0,0.01,0.055491096533704716,1,0.225,1,,,,,,,,,,,,,,,,,,,,,0
2023-12-09,0.0,0.0,0.0,0.0,0.0,0.08999999999999972,0.3149999999999991,0.315,0.62,1.255,0.0,0.09,0.225,0.0,0.055,0.04404331250623589,1,0.09,2,,,,,,,,,,,,,,,,,,,,,0
2023-12-10,0.0,0.0,0.0,0.0,0.0,0.0,0.3149999999999991,0.315,0.62,1.255,0.0,0.0,0.09,0.0,0.0,0.0349572003022815,0,0.0,3,,,,,,,,,,,,,,,,,,,,,0
2023-12-11,0.0,0.0,0.0,0.0,0.0,0.0,0.08999999999999911,0.315,0.62,1.255,0.0,0.0,0.0,0.225,0.0,0.027745548266852358,0,0.0,4,51.0,2.0,17.0,0.0392156862745098,2.0,1.0,0.0,1.0,36.0,2.0,0.05555555555555555,1.0,12.0,0.0,0.0,0.0,3.0,0.0,0.0,0.0,1
2023-12-12,0.0,0.0,0.0,0.0,0.0,0.0,0.0,0.315,0.6,1.255,0.0,0.0,0.0,0.09,0.0,0.02185254735114228,0,0.0,5,6.0,0.0,2.0,0.0,0.0,0.0,0.0,0.0,6.0,0.0,0.0,0.0,,,,,,,,,1
2023-12-13,0.0,0.0,0.0,0.0,0.0,0.0,0.0,0.09,0.38,1.255,0.0,0.0,0.0,0.0,0.225,0.015484180404961783,0,0.0,6,,,,,,,,,,,,,,,,,,,,,0
2023-12-14,0.0,0.0,0.0,0.0,0.0,0.0,0.0,0.0,0.38,1.255,0.0,0.0,0.0,0.0,0.09,0.012289802131850859,0,0.0,7,,,,,,,,,,,,,,,,,,,,,0
2023-12-15,0.0,0.0,0.0,0.0,0.0,0.0,0.0,0.0,0.37,1.2200000000000002,0.0,0.0,0.0,0.0,0.0,0.009669867965302706,0,0.0,8,,,,,,,,,,,,,,,,,,,,,0
2023-12-16,0.0,0.0,0.0,0.0,0.0,0.0,0.0,0.0,0.315,1.205,0.0,0.0,0.0,0.0,0.0,0.0072099298098244795,0,0.0,9,,,,,,,,,,,,,,,,,,,,,0
2023-12-17,0.07,0.02,0.045000000000000005,0.07,0.045000000000000005,0.04499999999999973,0.04499999999999912,0.045000000000000005,0.36,1.07,0.0,0.0,0.0,0.0,0.0,0.015386496442526884,0,0.045000000000000005,10,,,,,,,,,,,,,,,,,,,,,0
2023-12-18,1.4,1.26,1.33,1.4,1.375,1.3749999999999998,1.3749999999999991,1.375,1.69,1.995,0.045000000000000005,0.0,0.0,0.0,0.0,0.297836312742015,0,1.33,0,66.0,17.0,17.0,0.25757575757575757,6.0,3.0,1.0,1.0,39.0,11.0,0.28205128205128205,1.0,21.0,2.0,0.09523809523809523,1.0,6.0,4.0,0.6666666666666666,1.0,1
2023-12-19,0.4,0.39,0.395,0.4,1.725,1.7699999999999998,1.7699999999999991,1.77,2.085,2.39,1.33,0.045000000000000005,0.0,0.0,0.0,0.3212210311308021,1,1.33,0,18.0,9.0,6.0,0.5,5.0,3.0,1.0,1.0,12.0,5.0,0.4166666666666667,1.0,3.0,1.0,0.3333333333333333,1.0,3.0,3.0,1.0,1.0,1
2023-12-20,1.21,1.34,1.275,1.34,1.67,3.0,3.044999999999999,3.045,3.135,3.665,0.395,1.33,0.045000000000000005,0.0,0.0,0.5268633480896677,1,1.33,0,42.0,26.0,14.0,0.6190476190476191,12.0,3.0,1.0,1.0,27.0,18.0,0.6666666666666666,1.0,12.0,5.0,0.4166666666666667,1.0,3.0,3.0,1.0,1.0,1
2023-12-21,0.0,0.01,0.005,0.01,1.2799999999999998,1.6749999999999996,3.049999999999999,3.05,3.05,3.67,1.275,0.395,1.33,0.0,0.0,0.418484501037196,1,1.275,1,36.0,11.0,12.0,0.3055555555555556,5.0,2.0,1.0,1.0,24.0,8.0,0.3333333333333333,1.0,9.0,0.0,0.0,0.0,3.0,3.0,1.0,1.0,1
2023-12-22,0.0,0.0,0.0,0.0,0.005,1.2799999999999996,3.004999999999999,3.05,3.05,3.67,0.005,1.275,0.395,0.045000000000000005,0.0,0.33215136858941596,1,1.275,2,15.0,5.0,5.0,0.3333333333333333,2.0,2.0,0.0,1.0,12.0,3.0,0.25,1.0,,,,,3.0,2.0,0.6666666666666666,1.0,1
2023-12-23,0.0,0.0,0.0,0.0,0.0,0.004999999999999778,1.674999999999999,3.05,3.05,3.67,0.0,0.005,1.275,1.33,0.0,0.26362871595575804,1,0.005,3,6.0,2.0,2.0,0.3333333333333333,1.0,1.0,0.0,1.0,3.0,2.0,0.6666666666666666,1.0,,,,,3.0,0.0,0.0,0.0,1
2023-12-24,0.0,0.0,0.0,0.0,0.0,0.0,1.279999999999999,3.005,3.05,3.67,0.0,0.0,0.005,0.395,0.045000000000000005,0.209242250518598,0,0.0,4,3.0,1.0,1.0,0.3333333333333333,1.0,1.0,0.0,1.0,3.0,1.0,0.3333333333333333,1.0,,,,,,,,,1
2023-12-25,0.0,0.0,0.0,0.0,0.0,0.0,0.004999999999999112,1.6749999999999998,3.05,3.67,0.0,0.0,0.0,1.275,1.33,0.16607568429470798,0,0.0,5,3.0,0.0,1.0,0.0,0.0,0.0,0.0,0.0,3.0,0.0,0.0,0.0,,,,,,,,,1
2023-12-26,0.0,0.0,0.0,0.0,0.0,0.0,0.0,1.2799999999999998,3.05,3.67,0.0,0.0,0.0,0.005,0.395,0.13181435797787902,0,0.0,6,51.0,5.0,17.0,0.09803921568627451,3.0,1.0,0.0,1.0,36.0,5.0,0.1388888888888889,1.0,12.0,0.0,0.0,0.0,3.0,0.0,0.0,0.0,1
2023-12-27,0.17,0.04,0.10500000000000001,0.17,0.10500000000000001,0.10499999999999979,0.10499999999999912,0.11000000000000001,3.155,3.775,0.0,0.0,0.0,0.0,1.275,0.12717039176634076,0,0.10500000000000001,0,9.0,0.0,3.0,0.0,0.0,0.0,0.0,0.0,9.0,0.0,0.0,0.0,,,,,,,,,1
2023-12-28,0.0,0.02,0.01,0.02,0.115,0.11499999999999978,0.11499999999999912,0.115,3.165,3.765,0.10500000000000001,0.0,0.0,0.0,0.005,0.10308275602569553,1,0.10500000000000001,1,,,,,,,,,,,,,,,,,,,,,0
2023-12-29,0.86,0.99,0.925,0.99,0.935,1.0399999999999998,1.0399999999999991,1.04,4.09,4.47,0.01,0.10500000000000001,0.0,0.0,0.0,0.28046513785856736,1,0.925,0,,,,,,,,,,,,,,,,,,,,,0
2023-12-30,0.15,0.4,0.275,0.4,1.2000000000000002,1.21,1.314999999999999,1.315,4.365,4.745,0.925,0.01,0.10500000000000001,0.0,0.0,0.28166293019508587,1,0.925,0,9.0,7.0,3.0,0.7777777777777778,3.0,2.0,1.0,1.0,6.0,4.0,0.6666666666666666,1.0,,,,,3.0,3.0,1.0,1.0,1
2023-12-31,0.0,0.0,0.0,0.0,0.275,1.1999999999999997,1.314999999999999,1.315,4.32,4.735,0.275,0.925,0.01,0.0,0.0,0.22317552081661723,1,0.925,1,9.0,5.0,3.0,0.5555555555555556,3.0,2.0,1.0,1.0,6.0,2.0,0.3333333333333333,1.0,,,,,3.0,3.0,1.0,1.0,1
2024-01-01,0.0,0.0,0.0,0.0,0.0,0.2749999999999998,1.209999999999999,1.315,2.99,4.680000000000001,0.0,0.275,0.925,0.10500000000000001,0.0,0.1658887862775429,1,0.275,2,9.0,3.0,3.0,0.3333333333333333,1.0,1.0,0.0,1.0,6.0,0.0,0.0,0.0,,,,,3.0,3.0,1.0,1.0,1
2024-01-02,0.31,0.45,0.38,0.45,0.38,0.3799999999999998,1.5799999999999992,1.695,2.9749999999999996,5.0600000000000005,0.0,0.0,0.275,0.01,0.0,0.20993298537291005,1,0.38,0,51.0,3.0,17.0,0.058823529411764705,2.0,1.0,0.0,1.0,36.0,3.0,0.08333333333333333,1.0,12.0,0.0,0.0,0.0,3.0,0.0,0.0,0.0,1
2024-01-03,0.05,0.08,0.065,0.08,0.445,0.4449999999999998,0.7199999999999991,1.655,1.765,5.125,0.38,0.0,0.0,0.925,0.10500000000000001,0.16980229815339692,1,0.38,0,9.0,0.0,3.0,0.0,0.0,0.0,0.0,0.0,9.0,0.0,0.0,0.0,,,,,,,,,1
2024-01-04,0.0,0.0,0.0,0.0,0.065,0.4449999999999998,0.4449999999999991,1.645,1.76,5.125,0.065,0.38,0.0,0.275,0.01,0.13472989613216618,1,0.38,1,,,,,,,,,,,,,,,,,,,,,0
2024-01-05,0.0,0.0,0.0,0.0,0.0,0.06499999999999978,0.4449999999999991,0.72,1.76,4.8999999999999995,0.0,0.065,0.38,0.0,0.925,0.10693518942588341,1,0.065,2,,,,,,,,,,,,,,,,,,,,,0
2024-01-06,0.1,0.0,0.05,0.1,0.05,0.04999999999999978,0.4949999999999991,0.495,1.81,4.86,0.0,0.0,0.065,0.0,0.275,0.09561226204926718,0,0.05,0,,,,,,,,,,,,,,,,,,,,,0
2024-01-07,0.0,0.0,0.0,0.0,0.05,0.04999999999999978,0.11499999999999912,0.495,1.81,4.86,0.05,0.0,0.0,0.38,0.0,0.07588750267903295,0,0.05,1,,,,,,,,,,,,,,,,,,,,,0
2024-01-08,0.0,0.0,0.0,0.0,0.0,0.04999999999999978,0.049999999999999115,0.495,1.81,4.86,0.0,0.05,0.0,0.065,0.0,0.06023195079196822,0,0.05,2,51.0,1.0,17.0,0.0196078431372549,1.0,1.0,0.0,1.0,36.0,1.0,0.027777777777777776,1.0,12.0,0.0,0.0,0.0,3.0,0.0,0.0,0.0,1
2024-01-09,0.25,0.32,0.28500000000000003,0.32,0.28500000000000003,0.2849999999999998,0.33499999999999913,0.4,2.0949999999999998,5.145,0.0,0.0,0.05,0.0,0.38,0.10901128297231837,0,0.28500000000000003,0,3.0,0.0,1.0,0.0,0.0,0.0,0.0,0.0,3.0,0.0,0.0,0.0,,,,,,,,,1
2024-01-10,0.32,0.0,0.16,0.32,0.44500000000000006,0.44499999999999984,0.4949999999999991,0.495,2.15,5.305,0.28500000000000003,0.0,0.0,0.0,0.065,0.11999527795630775,1,0.28500000000000003,0,,,,,,,,,,,,,,,,,,,,,0
2024-01-11,0.0,0.0,0.0,0.0,0.16,0.44499999999999984,0.4449999999999992,0.495,2.14,5.305,0.16,0.28500000000000003,0.0,0.05,0.0,0.09515576077854189,1,0.28500000000000003,1,,,,,,,,,,,,,,,,,,,,,0
2024-01-12,0.0,0.0,0.0,0.0,0.0,0.15999999999999978,0.4449999999999992,0.495,1.2149999999999996,5.305,0.0,0.16,0.28500000000000003,0.0,0.0,0.06770389066397144,1,0.16,2,,,,,,,,,,,,,,,,,,,,,0
2024-01-13,0.9,1.2,1.05,1.2,1.05,1.0499999999999998,1.4949999999999992,1.495,1.9899999999999998,6.355,0.0,0.0,0.16,0.0,0.05,0.2769040312994163,1,1.05,0,,,,,,,,,,,,,,,,,,,,,0
2024-01-14,0.02,0.01,0.015,0.02,1.065,1.0649999999999997,1.224999999999999,1.51,2.005,6.37,1.05,0.0,0.0,0.28500000000000003,0.0,0.22300019907618462,1,1.05,1,39.0,7.0,13.0,0.1794871794871795,3.0,2.0,1.0,1.0,24.0,4.0,0.16666666666666666,1.0,12.0,0.0,0.0,0.0,3.0,3.0,1.0,1.0,1
2024-01-15,0.0,0.0,0.0,0.0,0.015,1.0649999999999997,1.064999999999999,1.51,2.005,6.37,0.015,1.05,0.0,0.16,0.0,0.1769953753013267,1,1.05,2,9.0,5.0,3.0,0.5555555555555556,2.0,2.0,0.0,1.0,6.0,2.0,0.3333333333333333,1.0,,,,,3.0,3.0,1.0,1.0,1
2024-01-16,0.6,0.61,0.605,0.61,0.605,0.6199999999999998,1.669999999999999,1.83,2.23,6.93,0.0,0.015,1.05,0.0,0.28500000000000003,0.267194979400262,1,0.605,0,51.0,3.0,17.0,0.058823529411764705,2.0,2.0,0.0,1.0,36.0,1.0,0.027777777777777776,1.0,12.0,0.0,0.0,0.0,3.0,2.0,0.6666666666666666,1.0,1
2024-01-17,0.02,0.01,0.015,0.02,0.62,0.6199999999999998,1.6849999999999992,1.685,2.1799999999999997,5.615,0.605,0.0,0.015,0.0,0.16,0.21474451554559798,1,0.605,1,6.0,4.0,2.0,0.6666666666666666,2.0,2.0,0.0,1.0,3.0,1.0,0.3333333333333333,1.0,,,,,3.0,3.0,1.0,1.0,1
2024-01-18,0.0,0.0,0.0,0.0,0.015,0.6199999999999998,0.6349999999999991,1.685,2.1799999999999997,5.220000000000001,0.015,0.605,0.0,1.05,0.0,0.1704428349407418,1,0.605,2,6.0,2.0,2.0,0.3333333333333333,1.0,1.0,0.0,1.0,3.0,0.0,0.0,0.0,,,,,3.0,2.0,0.6666666666666666,1.0,1
2024-01-19,0.24,0.31,0.275,0.31,0.275,0.2899999999999998,0.8949999999999991,1.96,2.455,4.22,0.0,0.015,0.605,0.015,0.0,0.1943381704992258,1,0.275,0,3.0,1.0,1.0,0.3333333333333333,1.0,1.0,0.0,1.0,,,,,,,,,3.0,1.0,0.3333333333333333,1.0,1
2024-01-20,0.19,0.11,0.15,0.19,0.42500000000000004,0.4249999999999998,1.044999999999999,1.06,2.5549999999999997,4.365,0.275,0.0,0.015,0.0,1.05,0.18603677375628655,1,0.275,0,3.0,1.0,1.0,0.3333333333333333,1.0,1.0,0.0,1.0,,,,,,,,,3.0,1.0,0.3333333333333333,1.0,1
2024-01-21,0.54,0.48,0.51,0.54,0.66,0.9349999999999998,0.9499999999999992,1.5550000000000002,3.0649999999999995,4.875,0.15,0.275,0.0,0.605,0.015,0.25718249393123815,1,0.51,0,3.0,1.0,1.0,0.3333333333333333,1.0,1.0,0.0,1.0,,,,,,,,,3.0,1.0,0.3333333333333333,1.0,1
2024-01-22,0.77,0.74,0.755,0.77,1.2650000000000001,1.4149999999999998,1.689999999999999,2.31,3.82,5.63,0.51,0.15,0.275,0.015,0.0,0.3662658446387122,1,0.755,0,51.0,13.0,17.0,0.2549019607843137,9.0,3.0,1.0,1.0,36.0,9.0,0.25,1.0,12.0,1.0,0.08333333333333333,1.0,3.0,3.0,1.0,1.0,1
2024-01-23,0.0,0.0,0.0,0.0,0.755,1.265,1.689999999999999,1.705,3.535,5.63,0.755,0.51,0.15,0.0,0.605,0.28829559168660324,1,0.755,1,27.0,6.0,9.0,0.2222222222222222,2.0,2.0,0.0,1.0,21.0,3.0,0.14285714285714285,1.0,3.0,0.0,0.0,0.0,3.0,3.0,1.0,1.0,1
2024-01-24,0.59,0.0,0.295,0.59,0.295,1.0499999999999998,1.7099999999999993,1.985,3.67,5.925,0.0,0.755,0.51,0.275,0.015,0.29082019268358056,1,0.755,0,9.0,4.0,3.0,0.4444444444444444,2.0,2.0,0.0,1.0,6.0,3.0,0.5,1.0,,,,,3.0,1.0,0.3333333333333333,1.0,1
2024-01-25,0.0,0.0,0.0,0.0,0.295,0.29499999999999976,1.5599999999999992,1.985,3.67,5.925,0.295,0.0,0.755,0.15,0.0,0.23082413989975514,1,0.295,1,6.0,1.0,2.0,0.16666666666666666,1.0,1.0,0.0,1.0,3.0,0.0,0.0,0.0,,,,,3.0,1.0,0.3333333333333333,1.0,1
2024-01-26,0.0,0.0,0.0,0.0,0.0,0.29499999999999976,1.0499999999999992,1.71,3.67,5.819999999999999,0.0,0.295,0.0,0.51,0.275,0.18320524124826307,1,0.295,2,3.0,0.0,1.0,0.0,0.0,0.0,0.0,0.0,,,,,,,,,3.0,0.0,0.0,0.0,1
2024-01-27,0.0,0.0,0.0,0.0,0.0,0.0,0.2949999999999991,1.56,2.62,5.81,0.0,0.0,0.295,0.755,0.15,0.13653187898806798,1,0.0,3,,,,,,,,,,,,,,,,,,,,,0
2024-01-28,0.0,0.0,0.0,0.0,0.0,0.0,0.2949999999999991,1.05,2.605,4.885,0.0,0.0,0.0,0.0,0.51,0.10823859248994526,0,0.0,4,,,,,,,,,,,,,,,,,,,,,0
2024-01-29,0.0,0.0,0.0,0.0,0.0,0.0,0.0,0.295,2.605,4.609999999999999,0.0,0.0,0.0,0.295,0.755,0.0859090277910482,0,0.0,5,51.0,2.0,17.0,0.0392156862745098,2.0,1.0,0.0,1.0,36.0,2.0,0.05555555555555555,1.0,12.0,0.0,0.0,0.0,3.0,0.0,0.0,0.0,1
2024-01-30,0.0,0.0,0.0,0.0,0.0,0.0,0.0,0.295,2.0,4.609999999999999,0.0,0.0,0.0,0.0,0.0,0.06307049625977379,0,0.0,6,6.0,0.0,2.0,0.0,0.0,0.0,0.0,0.0,6.0,0.0,0.0,0.0,,,,,,,,,1
2024-01-31,1.67,1.92,1.795,1.92,1.795,1.7949999999999997,1.794999999999999,1.795,3.78,6.404999999999999,0.0,0.0,0.0,0.0,0.295,0.4354173341898356,0,1.795,0,,,,,,,,,,,,,,,,,,,,,0
2024-02-01,1.07,0.68,0.875,1.07,2.67,2.67,2.669999999999999,2.67,4.654999999999999,6.9,1.795,0.0,0.0,0.0,0.0,0.5335015213944151,1,1.795,0,51.0,17.0,17.0,0.3333333333333333,12.0,3.0,1.0,1.0,36.0,11.0,0.3055555555555556,1.0,12.0,3.0,0.25,1.0,3.0,3.0,1.0,1.0,1
2024-02-02,0.22,0.14,0.18,0.22,1.055,2.8499999999999996,2.849999999999999,2.85,4.56,7.015000000000001,0.875,1.795,0.0,0.0,0.0,0.4597710761825423,1,1.795,0,36.0,9.0,12.0,0.25,4.0,2.0,1.0,1.0,24.0,6.0,0.25,1.0,9.0,0.0,0.0,0.0,3.0,3.0,1.0,1.0,1
2024-02-03,0.41,0.45,0.43,0.45,0.61,1.4849999999999999,3.279999999999999,3.28,4.84,7.445,0.18,0.875,1.795,0.0,0.0,0.4559968434528559,1,0.875,0,12.0,3.0,4.0,0.25,1.0,1.0,0.0,1.0,9.0,0.0,0.0,0.0,,,,,3.0,3.0,1.0,1.0,1
2024-02-04,1.31,1.0,1.155,1.31,1.585,1.7649999999999997,4.434999999999999,4.4350000000000005,5.485,8.600000000000001,0.43,0.18,0.875,0.0,0.0,0.6056545890727008,1,1.155,0,21.0,4.0,7.0,0.19047619047619047,2.0,2.0,0.0,1.0,6.0,1.0,0.16666666666666666,1.0,12.0,0.0,0.0,0.0,3.0,3.0,1.0,1.0,1
2024-02-05,0.3,0.08,0.19,0.3,1.345,1.7749999999999997,2.829999999999999,4.625,4.92,8.74,1.155,0.43,0.18,1.795,0.0,0.515127939493895,1,1.155,0,57.0,15.0,19.0,0.2631578947368421,9.0,3.0,1.0,1.0,42.0,11.0,0.2619047619047619,1.0,12.0,1.0,0.08333333333333333,1.0,3.0,3.0,1.0,1.0,1
2024-02-06,0.0,0.0,0.0,0.0,0.19,1.3449999999999998,1.9549999999999992,4.625,4.92,8.74,0.19,1.155,0.43,0.875,0.0,0.40885731652540996,1,1.155,1,27.0,4.0,9.0,0.14814814814814814,2.0,2.0,0.0,1.0,21.0,1.0,0.047619047619047616,1.0,3.0,0.0,0.0,0.0,3.0,3.0,1.0,1.0,1
2024-02-07,0.45,0.33,0.39,0.45,0.39,0.5799999999999996,2.164999999999999,3.22,5.015,9.129999999999999,0.0,0.19,1.155,0.18,1.795,0.405770329329251,1,0.39,0,6.0,1.0,2.0,0.16666666666666666,1.0,1.0,0.0,1.0,3.0,0.0,0.0,0.0,,,,,3.0,1.0,0.3333333333333333,1.0,1
2024-02-08,0.0,0.06,0.03,0.06,0.42000000000000004,0.4199999999999996,1.7649999999999992,2.375,5.045,8.875,0.39,0.0,0.19,0.43,0.875,0.3285027713908084,1,0.39,1,6.0,2.0,2.0,0.3333333333333333,1.0,1.0,0.0,1.0,3.0,0.0,0.0,0.0,,,,,3.0,2.0,0.6666666666666666,1.0,1
2024-02-09,0.0,0.01,0.005,0.01,0.034999999999999996,0.42499999999999954,0.6149999999999993,2.2,5.05,8.719999999999999,0.03,0.39,0.0,1.155,0.18,0.2618065970356925,1,0.39,2,3.0,0.0,1.0,0.0,0.0,0.0,0.0,0.0,,,,,,,,,3.0,0.0,0.0,0.0,1
2024-02-10,0.0,0.0,0.0,0.0,0.005,0.03499999999999955,0.4249999999999993,1.7700000000000002,5.05,8.719999999999999,0.005,0.03,0.39,0.19,0.43,0.20779603377333639,1,0.03,3,,,,,,,,,,,,,,,,,,,,,0
2024-02-11,0.0,0.0,0.0,0.0,0.0,0.004999999999999556,0.4249999999999993,0.615,5.05,8.719999999999999,0.0,0.005,0.03,0.0,1.155,0.16492782130330685,0,0.005,4,,,,,,,,,,,,,,,,,,,,,0
2024-02-12,0.0,0.0,0.0,0.0,0.0,0.0,0.03499999999999933,0.425,5.05,7.670000000000001,0.0,0.0,0.005,0.39,0.19,0.13090329851784627,0,0.0,5,51.0,0.0,17.0,0.0,0.0,0.0,0.0,0.0,36.0,0.0,0.0,0.0,12.0,0.0,0.0,0.0,3.0,0.0,0.0,0.0,1
2024-02-13,0.0,0.01,0.005,0.01,0.005,0.004999999999999556,0.009999999999999334,0.43,5.055,7.66,0.0,0.0,0.0,0.03,0.0,0.10497179148224162,0,0.005,6,,,,,,,,,,,,,,,,,,,,,0
2024-02-14,0.25,0.39,0.32,0.39,0.325,0.32499999999999957,0.32499999999999934,0.36,3.5799999999999996,7.98,0.005,0.0,0.0,0.005,0.39,0.13686021627733136,0,0.32,0,,,,,,,,,,,,,,,,,,,,,0
2024-02-15,0.0,0.0,0.0,0.0,0.32,0.32499999999999957,0.32499999999999934,0.32999999999999996,2.705,7.375000000000001,0.32,0.005,0.0,0.0,0.03,0.1012275111841803,1,0.32,1,,,,,,,,,,,,,,,,,,,,,0
2024-02-16,0.0,0.0,0.0,0.0,0.0,0.31999999999999956,0.32499999999999934,0.325,2.525,7.36,0.0,0.32,0.005,0.0,0.005,0.07882234875316428,1,0.32,2,,,,,,,,,,,,,,,,,,,,,0
2024-02-17,0.3,0.35,0.32499999999999996,0.35,0.32499999999999996,0.3249999999999995,0.6499999999999992,0.6499999999999999,2.42,7.685,0.0,0.0,0.32,0.0,0.0,0.12872084698448397,1,0.32499999999999996,0,,,,,,,,,,,,,,,,,,,,,0
2024-02-18,0.22,0.49,0.355,0.49,0.6799999999999999,0.6799999999999995,0.9999999999999993,1.005,1.6199999999999999,7.765000000000001,0.32499999999999996,0.0,0.0,0.005,0.0,0.16863776115332185,1,0.355,0,,,,,,,,,,,,,,,,,,,,,0
2024-02-19,0.12,0.1,0.11,0.12,0.46499999999999997,0.7899999999999995,0.7899999999999993,1.115,1.54,7.725,0.355,0.32499999999999996,0.0,0.32,0.0,0.15586438626201893,1,0.355,0,,,,,,,,,,,,,,,,,,,,,0
2024-02-20,1.5,0.56,1.03,1.5,1.1400000000000001,1.4949999999999997,1.8199999999999994,2.1399999999999997,2.5700000000000003,8.245000000000001,0.11,0.355,0.32499999999999996,0.0,0.005,0.34490721204647723,1,1.03,0,69.0,15.0,17.0,0.21739130434782608,8.0,2.0,1.0,1.0,42.0,9.0,0.21428571428571427,1.0,24.0,6.0,0.25,1.0,3.0,0.0,0.0,0.0,1
2024-02-21,0.02,0.0,0.01,0.02,1.0399999999999998,1.1499999999999995,1.8299999999999994,1.83,2.19,7.5,1.03,0.11,0.355,0.0,0.32,0.2726029612196198,1,1.03,1,24.0,8.0,8.0,0.3333333333333333,3.0,2.0,1.0,1.0,12.0,5.0,0.4166666666666667,1.0,9.0,0.0,0.0,0.0,3.0,3.0,1.0,1.0,1
2024-02-22,0.0,0.0,0.0,0.0,0.009999999999999778,1.0399999999999994,1.5049999999999994,1.83,2.16,7.5,0.01,1.03,0.11,0.32499999999999996,0.0,0.21611145035187188,1,1.03,2,12.0,3.0,4.0,0.25,1.0,1.0,0.0,1.0,9.0,0.0,0.0,0.0,,,,,3.0,3.0,1.0,1.0,1
2024-02-23,0.0,0.0,0.0,0.0,0.0,0.009999999999999334,1.1499999999999995,1.83,2.155,7.205,0.0,0.01,1.03,0.355,0.0,0.17148549458997345,1,0.01,3,3.0,0.0,1.0,0.0,0.0,0.0,0.0,0.0,,,,,,,,,3.0,0.0,0.0,0.0,1
2024-02-24,0.0,0.0,0.0,0.0,0.0,0.0,1.0399999999999994,1.5050000000000001,2.155,7.205,0.0,0.0,0.01,0.11,0.32499999999999996,0.13610812725470545,0,0.0,4,,,,,,,,,,,,,,,,,,,,,0
2024-02-25,0.0,0.0,0.0,0.0,0.0,0.0,0.009999999999999334,1.1500000000000001,2.155,7.205,0.0,0.0,0.0,1.03,0.355,0.10802909219277047,0,0.0,5,,,,,,,,,,,,,,,,,,,,,0
2024-02-26,0.0,0.0,0.0,0.0,0.0,0.0,0.0,1.04,2.155,7.205,0.0,0.0,0.0,0.01,0.11,0.08574274729498672,0,0.0,6,51.0,1.0,17.0,0.0196078431372549,1.0,1.0,0.0,1.0,36.0,1.0,0.027777777777777776,1.0,12.0,0.0,0.0,0.0,3.0,0.0,0.0,0.0,1
2024-02-27,0.0,0.0,0.0,0.0,0.0,0.0,0.0,0.01,2.15,7.205,0.0,0.0,0.0,0.0,1.03,0.0680117864018588,0,0.0,7,3.0,0.0,1.0,0.0,0.0,0.0,0.0,0.0,3.0,0.0,0.0,0.0,,,,,,,,,1
2024-02-28,0.0,0.0,0.0,0.0,0.0,0.0,0.0,0.0,1.83,7.205,0.0,0.0,0.0,0.0,0.01,0.05127524820866297,0,0.0,8,,,,,,,,,,,,,,,,,,,,,0
2024-02-29,0.1,0.13,0.115,0.13,0.11499999999999978,0.11499999999999934,0.11499999999999934,0.115,1.945,7.32,0.0,0.0,0.0,0.0,0.0,0.06539400717136966,0,0.115,0,,,,,,,,,,,,,,,,,,,,,0
2024-03-01,1.17,0.81,0.99,1.17,1.1049999999999998,1.1049999999999993,1.1049999999999993,1.105,2.935,6.515000000000001,0.115,0.0,0.0,0.0,0.0,0.2645106278116607,1,0.99,0,,,,,,,,,,,,,,,,,,,,,0
2024-03-02,0.35,0.2,0.275,0.35,1.2649999999999997,1.3799999999999994,1.3799999999999994,1.38,2.885,5.915000000000001,0.99,0.115,0.0,0.0,0.0,0.26625180752193295,1,0.99,0,6.0,3.0,2.0,0.5,1.0,1.0,0.0,1.0,6.0,3.0,0.5,1.0,,,,,,,,,1
2024-03-03,0.17,0.23,0.2,0.23,0.4749999999999998,1.4649999999999994,1.5799999999999994,1.58,2.73,5.935,0.275,0.99,0.115,0.0,0.0,0.2512735004872441,1,0.99,0,3.0,0.0,1.0,0.0,0.0,0.0,0.0,0.0,3.0,0.0,0.0,0.0,,,,,,,,,1
2024-03-04,0.14,0.11,0.125,0.14,0.3249999999999998,0.5999999999999994,1.7049999999999994,1.705,2.745,5.63,0.2,0.275,0.99,0.0,0.0,0.2253501754310609,1,0.275,0,51.0,3.0,17.0,0.058823529411764705,2.0,2.0,0.0,1.0,36.0,1.0,0.027777777777777776,1.0,12.0,0.0,0.0,0.0,3.0,2.0,0.6666666666666666,1.0,1
2024-03-05,0.02,0.03,0.025,0.03,0.14999999999999977,0.34999999999999937,1.6149999999999993,1.73,1.74,4.5,0.125,0.2,0.275,0.115,0.0,0.17552031729636264,1,0.2,1,6.0,0.0,2.0,0.0,0.0,0.0,0.0,0.0,3.0,0.0,0.0,0.0,,,,,3.0,0.0,0.0,0.0,1
2024-03-06,0.07,0.31,0.19,0.31,0.21499999999999977,0.3399999999999993,0.8149999999999994,1.92,1.92,4.5,0.025,0.125,0.2,0.99,0.0,0.18002944833982112,1,0.19,0,,,,,,,,,,,,,,,,,,,,,0
2024-03-07,0.0,0.0,0.0,0.0,0.18999999999999978,0.21499999999999933,0.5399999999999994,1.805,1.92,4.5,0.19,0.025,0.125,0.275,0.115,0.14288946783994333,1,0.19,1,,,,,,,,,,,,,,,,,,,,,0
2024-03-08,0.0,0.0,0.0,0.0,0.0,0.18999999999999934,0.3399999999999993,0.8150000000000001,1.92,4.11,0.0,0.19,0.025,0.2,0.99,0.11341144578215115,1,0.19,2,,,,,,,,,,,,,,,,,,,,,0
2024-03-09,0.0,0.0,0.0,0.0,0.0,0.0,0.21499999999999933,0.54,1.92,4.08,0.0,0.0,0.19,0.125,0.275,0.09001472416991056,1,0.0,3,,,,,,,,,,,,,,,,,,,,,0
2024-03-10,0.11,0.09,0.1,0.11,0.09999999999999978,0.09999999999999934,0.28999999999999937,0.44,2.02,4.175,0.0,0.0,0.0,0.025,0.2,0.09292022583144001,0,0.1,0,,,,,,,,,,,,,,,,,,,,,0
2024-03-11,0.13,0.25,0.19,0.25,0.2899999999999998,0.28999999999999937,0.28999999999999937,0.505,2.21,4.365,0.1,0.0,0.0,0.19,0.125,0.11455426674876514,0,0.19,0,51.0,0.0,17.0,0.0,0.0,0.0,0.0,0.0,36.0,0.0,0.0,0.0,12.0,0.0,0.0,0.0,3.0,0.0,0.0,0.0,1
2024-03-12,0.38,0.28,0.33,0.38,0.5199999999999998,0.6199999999999993,0.6199999999999993,0.81,2.54,4.695,0.19,0.1,0.0,0.0,0.025,0.16179090508006327,1,0.33,0,,,,,,,,,,,,,,,,,,,,,0
2024-03-13,0.0,0.0,0.0,0.0,0.3299999999999998,0.5199999999999994,0.6199999999999993,0.6200000000000001,2.54,4.695,0.33,0.19,0.1,0.0,0.19,0.1284135264614898,1,0.33,1,,,,,,,,,,,,,,,,,,,,,0
2024-03-14,0.0,0.0,0.0,0.0,0.0,0.3299999999999993,0.6199999999999993,0.6200000000000001,2.425,4.6899999999999995,0.0,0.33,0.19,0.0,0.0,0.1009495073095975,1,0.33,2,,,,,,,,,,,,,,,,,,,,,0
2024-03-15,0.0,0.0,0.0,0.0,0.0,0.0,0.5199999999999994,0.6200000000000001,1.435,4.369999999999999,0.0,0.0,0.33,0.1,0.0,0.07175278640166792,1,0.0,3,,,,,,,,,,,,,,,,,,,,,0
2024-03-16,0.0,0.0,0.0,0.0,0.0,0.0,0.3299999999999993,0.6200000000000001,1.1600000000000001,4.369999999999999,0.0,0.0,0.0,0.19,0.0,0.054624976905663224,0,0.0,4,,,,,,,,,,,,,,,,,,,,,0
2024-03-17,0.0,0.0,0.0,0.0,0.0,0.0,0.0,0.52,0.96,4.369999999999999,0.0,0.0,0.0,0.33,0.1,0.04166478388213758,0,0.0,5,,,,,,,,,,,,,,,,,,,,,0
2024-03-18,0.0,0.0,0.0,0.0,0.0,0.0,0.0,0.33,0.835,4.045,0.0,0.0,0.0,0.0,0.19,0.03201243024491855,0,0.0,6,51.0,0.0,17.0,0.0,0.0,0.0,0.0,0.0,36.0,0.0,0.0,0.0,12.0,0.0,0.0,0.0,3.0,0.0,0.0,0.0,1
2024-03-19,0.0,0.0,0.0,0.0,0.0,0.0,0.0,0.0,0.81,3.69,0.0,0.0,0.0,0.0,0.33,0.025196896595951576,0,0.0,7,,,,,,,,,,,,,,,,,,,,,0
2024-03-20,0.0,0.0,0.0,0.0,0.0,0.0,0.0,0.0,0.62,3.58,0.0,0.0,0.0,0.0,0.0,0.018392255512604944,0,0.0,8,,,,,,,,,,,,,,,,,,,,,0
2024-03-21,0.0,0.0,0.0,0.0,0.0,0.0,0.0,0.0,0.62,2.55,0.0,0.0,0.0,0.0,0.0,0.014597942874388502,0,0.0,9,,,,,,,,,,,,,,,,,,,,,0
2024-03-22,0.48,0.43,0.45499999999999996,0.48,0.45499999999999974,0.4549999999999993,0.4549999999999993,0.45499999999999996,1.075,2.995,0.0,0.0,0.0,0.0,0.0,0.10929988313486895,0,0.45499999999999996,0,,,,,,,,,,,,,,,,,,,,,0
2024-03-23,0.12,0.08,0.1,0.12,0.5549999999999997,0.5549999999999993,0.5549999999999993,0.5549999999999999,1.175,3.095,0.45499999999999996,0.0,0.0,0.0,0.0,0.10822686664561446,1,0.45499999999999996,0,,,,,,,,,,,,,,,,,,,,,0
2024-03-24,0.07,0.09,0.08,0.09,0.17999999999999977,0.6349999999999993,0.6349999999999993,0.635,1.155,3.175,0.1,0.45499999999999996,0.0,0.0,0.0,0.10223457000153158,1,0.45499999999999996,0,,,,,,,,,,,,,,,,,,,,,0
2024-03-25,0.0,0.0,0.0,0.0,0.07999999999999978,0.17999999999999933,0.6349999999999993,0.635,0.965,3.175,0.08,0.1,0.45499999999999996,0.0,0.0,0.07953709741520508,1,0.1,1,51.0,1.0,17.0,0.0196078431372549,1.0,1.0,0.0,1.0,36.0,0.0,0.0,0.0,12.0,0.0,0.0,0.0,3.0,1.0,0.3333333333333333,1.0,1
2024-03-26,0.0,0.0,0.0,0.0,0.0,0.07999999999999934,0.6349999999999993,0.635,0.635,3.175,0.0,0.08,0.1,0.0,0.0,0.060338339171098404,1,0.08,2,3.0,0.0,1.0,0.0,0.0,0.0,0.0,0.0,,,,,,,,,3.0,0.0,0.0,0.0,1
2024-03-27,0.2,0.31,0.255,0.31,0.2549999999999998,0.25499999999999934,0.43499999999999933,0.8899999999999999,0.8899999999999999,3.43,0.0,0.0,0.08,0.45499999999999996,0.0,0.10265307591135209,0,0.255,0,,,,,,,,,,,,,,,,,,,,,0
2024-03-28,0.0,0.0,0.0,0.0,0.2549999999999998,0.25499999999999934,0.3349999999999993,0.8899999999999999,0.8899999999999999,3.43,0.255,0.0,0.0,0.1,0.0,0.08147580034472587,1,0.255,1,,,,,,,,,,,,,,,,,,,,,0
2024-03-29,0.55,0.49,0.52,0.55,0.5199999999999998,0.7749999999999994,0.7749999999999994,0.955,1.41,3.95,0.0,0.255,0.0,0.08,0.45499999999999996,0.1763399435282198,1,0.52,0,,,,,,,,,,,,,,,,,,,,,0
2024-03-30,0.04,0.0,0.02,0.04,0.5399999999999998,0.5399999999999994,0.7949999999999994,0.875,1.43,3.8549999999999995,0.52,0.0,0.255,0.0,0.1,0.14425620431264818,1,0.52,1,,,,,,,,,,,,,,,,,,,,,0
2024-03-31,0.0,0.0,0.0,0.0,0.01999999999999978,0.5399999999999994,0.7949999999999994,0.7949999999999999,1.43,2.8649999999999998,0.02,0.52,0.0,0.0,0.08,0.1144962252394186,1,0.52,2,,,,,,,,,,,,,,,,,,,,,0
2024-04-01,0.0,0.0,0.0,0.0,0.0,0.019999999999999334,0.5399999999999994,0.7949999999999999,1.43,2.59,0.0,0.02,0.52,0.255,0.0,0.09087571419572052,1,0.02,3,51.0,0.0,17.0,0.0,0.0,0.0,0.0,0.0,36.0,0.0,0.0,0.0,12.0,0.0,0.0,0.0,3.0,0.0,0.0,0.0,1
2024-04-02,0.0,0.0,0.0,0.0,0.0,0.0,0.5399999999999994,0.7949999999999999,1.43,2.3899999999999997,0.0,0.0,0.02,0.0,0.0,0.07212810215632409,0,0.0,4,,,,,,,,,,,,,,,,,,,,,0
2024-04-03,0.0,0.0,0.0,0.0,0.0,0.0,0.019999999999999334,0.54,1.43,2.2649999999999997,0.0,0.0,0.0,0.52,0.255,0.0572481126197093,0,0.0,5,,,,,,,,,,,,,,,,,,,,,0
2024-04-04,0.54,0.52,0.53,0.54,0.5299999999999998,0.5299999999999994,0.5299999999999994,1.07,1.96,2.77,0.0,0.0,0.0,0.02,0.0,0.15925796422864247,0,0.53,0,,,,,,,,,,,,,,,,,,,,,0
2024-04-05,0.0,0.01,0.005,0.01,0.5349999999999998,0.5349999999999994,0.5349999999999994,0.555,1.5099999999999998,2.585,0.53,0.0,0.0,0.0,0.52,0.12362967705105755,1,0.53,1,,,,,,,,,,,,,,,,,,,,,0
2024-04-06,0.0,0.0,0.0,0.0,0.004999999999999778,0.5349999999999994,0.5349999999999994,0.535,1.41,2.585,0.005,0.53,0.0,0.0,0.02,0.09727939519279044,1,0.53,2,,,,,,,,,,,,,,,,,,,,,0
2024-04-07,0.0,0.0,0.0,0.0,0.0,0.004999999999999334,0.5349999999999994,0.535,1.3299999999999998,2.585,0.0,0.005,0.53,0.0,0.0,0.07653427152403024,1,0.005,3,,,,,,,,,,,,,,,,,,,,,0
2024-04-08,0.0,0.0,0.0,0.0,0.0,0.0,0.5349999999999994,0.535,1.3299999999999998,2.585,0.0,0.0,0.005,0.0,0.0,0.060745291564432716,0,0.0,4,51.0,0.0,17.0,0.0,0.0,0.0,0.0,0.0,36.0,0.0,0.0,0.0,12.0,0.0,0.0,0.0,3.0,0.0,0.0,0.0,1
2024-04-09,0.0,0.0,0.0,0.0,0.0,0.0,0.004999999999999334,0.535,1.3299999999999998,2.485,0.0,0.0,0.0,0.53,0.0,0.048213569865747735,0,0.0,5,,,,,,,,,,,,,,,,,,,,,0
2024-04-10,0.0,0.0,0.0,0.0,0.0,0.0,0.0,0.535,1.075,2.295,0.0,0.0,0.0,0.005,0.0,0.036110997261825414,0,0.0,6,,,,,,,,,,,,,,,,,,,,,0
2024-04-11,0.0,0.0,0.0,0.0,0.0,0.0,0.0,0.005,1.075,1.9649999999999999,0.0,0.0,0.0,0.0,0.53,0.028661317520521222,0,0.0,7,,,,,,,,,,,,,,,,,,,,,0
2024-04-12,0.0,0.0,0.0,0.0,0.0,0.0,0.0,0.0,0.555,1.9649999999999999,0.0,0.0,0.0,0.0,0.005,0.01835167134006775,0,0.0,8,,,,,,,,,,,,,,,,,,,,,0
2024-04-13,0.45,0.69,0.57,0.69,0.5699999999999997,0.5699999999999993,0.5699999999999993,0.57,1.105,2.535,0.0,0.0,0.0,0.0,0.0,0.13680692618869297,0,0.57,0,,,,,,,,,,,,,,,,,,,,,0
2024-04-14,0.13,0.08,0.10500000000000001,0.13,0.6749999999999997,0.6749999999999993,0.6749999999999993,0.6749999999999999,1.21,2.64,0.57,0.0,0.0,0.0,0.0,0.1311329957812753,1,0.57,0,,,,,,,,,,,,,,,,,,,,,0
2024-04-15,0.0,0.0,0.0,0.0,0.10499999999999979,0.6749999999999993,0.6749999999999993,0.6749999999999999,1.21,2.64,0.10500000000000001,0.57,0.0,0.0,0.0,0.10408032772546894,1,0.57,1,51.0,0.0,17.0,0.0,0.0,0.0,0.0,0.0,36.0,0.0,0.0,0.0,12.0,0.0,0.0,0.0,3.0,0.0,0.0,0.0,1
2024-04-16,0.0,0.0,0.0,0.0,0.0,0.10499999999999934,0.6749999999999993,0.6749999999999999,1.21,2.64,0.0,0.10500000000000001,0.57,0.0,0.0,0.08260861086030216,1,0.10500000000000001,2,,,,,,,,,,,,,,,,,,,,,0
2024-04-17,0.0,0.0,0.0,0.0,0.0,0.0,0.6749999999999993,0.6749999999999999,1.21,2.64,0.0,0.0,0.10500000000000001,0.0,0.0,0.06556649789063765,1,0.0,3,,,,,,,,,,,,,,,,,,,,,0
2024-04-18,0.0,0.0,0.0,0.0,0.0,0.0,0.10499999999999934,0.6749999999999999,0.6799999999999999,2.64,0.0,0.0,0.0,0.57,0.0,0.0475587779603794,0,0.0,4,,,,,,,,,,,,,,,,,,,,,0
2024-04-19,0.0,0.0,0.0,0.0,0.0,0.0,0.0,0.6749999999999999,0.6749999999999999,2.64,0.0,0.0,0.0,0.10500000000000001,0.0,0.03770514985682022,0,0.0,5,,,,,,,,,,,,,,,,,,,,,0
2024-04-20,0.0,0.0,0.0,0.0,0.0,0.0,0.0,0.10500000000000001,0.6749999999999999,2.64,0.0,0.0,0.0,0.0,0.57,0.02992659727366752,0,0.0,6,,,,,,,,,,,,,,,,,,,,,0
2024-04-21,0.0,0.0,0.0,0.0,0.0,0.0,0.0,0.0,0.6749999999999999,2.185,0.0,0.0,0.0,0.0,0.10500000000000001,0.023752755997024234,0,0.0,7,,,,,,,,,,,,,,,,,,,,,0
2024-04-22,0.0,0.0,0.0,0.0,0.0,0.0,0.0,0.0,0.6749999999999999,2.085,0.0,0.0,0.0,0.0,0.0,0.018852574928410113,0,0.0,8,51.0,2.0,17.0,0.0392156862745098,1.0,1.0,0.0,1.0,36.0,0.0,0.0,0.0,12.0,0.0,0.0,0.0,3.0,2.0,0.6666666666666666,1.0,1
2024-04-23,0.0,0.0,0.0,0.0,0.0,0.0,0.0,0.0,0.6749999999999999,2.0050000000000003,0.0,0.0,0.0,0.0,0.0,0.01496329863683376,0,0.0,9,3.0,0.0,1.0,0.0,0.0,0.0,0.0,0.0,,,,,,,,,3.0,0.0,0.0,0.0,1
2024-04-24,0.0,0.0,0.0,0.0,0.0,0.0,0.0,0.0,0.6749999999999999,2.0050000000000003,0.0,0.0,0.0,0.0,0.0,0.011876377998512117,0,0.0,10,,,,,,,,,,,,,,,,,,,,,0
2024-04-25,0.0,0.0,0.0,0.0,0.0,0.0,0.0,0.0,0.6749999999999999,2.0050000000000003,0.0,0.0,0.0,0.0,0.0,0.009426287464205055,0,0.0,11,,,,,,,,,,,,,,,,,,,,,0
2024-04-26,0.04,0.02,0.03,0.04,0.029999999999999777,0.029999999999999333,0.029999999999999333,0.03,0.705,1.78,0.0,0.0,0.0,0.0,0.0,0.013924296891857382,0,0.03,12,,,,,,,,,,,,,,,,,,,,,0
2024-04-27,0.0,0.0,0.0,0.0,0.029999999999999777,0.029999999999999333,0.029999999999999333,0.03,0.135,1.78,0.03,0.0,0.0,0.0,0.0,0.006232118060719579,0,0.03,13,,,,,,,,,,,,,,,,,,,,,0
2024-04-28,0.0,0.0,0.0,0.0,0.0,0.029999999999999333,0.029999999999999333,0.03,0.03,1.26,0.0,0.03,0.0,0.0,0.0,0.004058613647415907,0,0.03,14,,,,,,,,,,,,,,,,,,,,,0
2024-04-29,0.0,0.0,0.0,0.0,0.0,0.0,0.029999999999999333,0.03,0.03,1.24,0.0,0.0,0.03,0.0,0.0,0.003221323786720251,0,0.0,15,51.0,0.0,17.0,0.0,0.0,0.0,0.0,0.0,36.0,0.0,0.0,0.0,12.0,0.0,0.0,0.0,3.0,0.0,0.0,0.0,1
2024-04-30,0.0,0.0,0.0,0.0,0.0,0.0,0.029999999999999333,0.03,0.03,1.24,0.0,0.0,0.0,0.0,0.0,0.0025567663838849553,0,0.0,16,,,,,,,,,,,,,,,,,,,,,0
2024-05-01,0.0,0.0,0.0,0.0,0.0,0.0,0.0,0.03,0.03,1.24,0.0,0.0,0.0,0.03,0.0,0.0020293068237079537,0,0.0,17,,,,,,,,,,,,,,,,,,,,,0
2024-05-02,0.0,0.0,0.0,0.0,0.0,0.0,0.0,0.03,0.03,1.24,0.0,0.0,0.0,0.0,0.0,0.0016106618933601255,0,0.0,18,,,,,,,,,,,,,,,,,,,,,0
2024-05-03,0.0,0.0,0.0,0.0,0.0,0.0,0.0,0.0,0.03,1.24,0.0,0.0,0.0,0.0,0.03,0.0012783831919424777,0,0.0,19,,,,,,,,,,,,,,,,,,,,,0
2024-05-04,0.94,1.08,1.01,1.08,1.0099999999999998,1.0099999999999993,1.0099999999999993,1.01,1.04,1.72,0.0,0.0,0.0,0.0,0.0,0.2179171217176842,0,1.01,0,21.0,9.0,7.0,0.42857142857142855,4.0,3.0,1.0,1.0,6.0,5.0,0.8333333333333334,1.0,12.0,1.0,0.08333333333333333,1.0,3.0,3.0,1.0,1.0,1
2024-05-05,0.0,0.0,0.0,0.0,1.0099999999999998,1.0099999999999993,1.0099999999999993,1.01,1.04,1.715,1.01,0.0,0.0,0.0,0.0,0.17296093412826707,1,1.01,1,12.0,7.0,4.0,0.5833333333333334,3.0,2.0,1.0,1.0,6.0,4.0,0.6666666666666666,1.0,3.0,0.0,0.0,0.0,3.0,3.0,1.0,1.0,1
2024-05-06,0.0,0.0,0.0,0.0,0.0,1.0099999999999993,1.0099999999999993,1.01,1.04,1.715,0.0,1.01,0.0,0.0,0.0,0.1372791843923068,1,1.01,2,51.0,0.0,17.0,0.0,0.0,0.0,0.0,0.0,36.0,0.0,0.0,0.0,12.0,0.0,0.0,0.0,3.0,0.0,0.0,0.0,1
2024-05-07,0.0,0.0,0.0,0.0,0.0,0.0,1.0099999999999993,1.01,1.04,1.715,0.0,0.0,1.01,0.0,0.0,0.1089585608588421,1,0.0,3,,,,,,,,,,,,,,,,,,,,,0
2024-05-08,0.0,0.0,0.0,0.0,0.0,0.0,1.0099999999999993,1.01,1.04,1.715,0.0,0.0,0.0,0.0,0.0,0.08648046706413354,0,0.0,4,,,,,,,,,,,,,,,,,,,,,0
2024-05-09,0.0,0.0,0.0,0.0,0.0,0.0,0.0,1.01,1.04,1.715,0.0,0.0,0.0,1.01,0.0,0.0686395921961534,0,0.0,5,,,,,,,,,,,,,,,,,,,,,0
2024-05-10,0.0,0.0,0.0,0.0,0.0,0.0,0.0,1.01,1.01,1.715,0.0,0.0,0.0,0.0,0.0,0.05422561707645756,0,0.0,6,,,,,,,,,,,,,,,,,,,,,0
2024-05-11,0.0,0.0,0.0,0.0,0.0,0.0,0.0,0.0,1.01,1.715,0.0,0.0,0.0,0.0,1.01,0.043038900795396746,0,0.0,7,,,,,,,,,,,,,,,,,,,,,0
2024-05-12,0.0,0.0,0.0,0.0,0.0,0.0,0.0,0.0,1.01,1.715,0.0,0.0,0.0,0.0,0.0,0.03415999819908389,0,0.0,8,,,,,,,,,,,,,,,,,,,,,0
2024-05-13,0.0,0.0,0.0,0.0,0.0,0.0,0.0,0.0,1.01,1.145,0.0,0.0,0.0,0.0,0.0,0.027112808538228787,0,0.0,9,51.0,3.0,17.0,0.058823529411764705,2.0,1.0,0.0,1.0,36.0,3.0,0.08333333333333333,1.0,12.0,0.0,0.0,0.0,3.0,0.0,0.0,0.0,1
2024-05-14,0.0,0.0,0.0,0.0,0.0,0.0,0.0,0.0,1.01,1.04,0.0,0.0,0.0,0.0,0.0,0.021519450397698373,0,0.0,10,6.0,0.0,2.0,0.0,0.0,0.0,0.0,0.0,6.0,0.0,0.0,0.0,,,,,,,,,1
2024-05-15,0.0,0.0,0.0,0.0,0.0,0.0,0.0,0.0,1.01,1.04,0.0,0.0,0.0,0.0,0.0,0.017079999099541946,0,0.0,11,,,,,,,,,,,,,,,,,,,,,0
2024-05-16,0.0,0.0,0.0,0.0,0.0,0.0,0.0,0.0,1.01,1.04,0.0,0.0,0.0,0.0,0.0,0.01355640426911439,0,0.0,12,3.0,0.0,1.0,0.0,0.0,0.0,0.0,0.0,3.0,0.0,0.0,0.0,,,,,,,,,1
2024-05-17,0.0,0.0,0.0,0.0,0.0,0.0,0.0,0.0,1.01,1.04,0.0,0.0,0.0,0.0,0.0,0.01075972519884919,0,0.0,13,,,,,,,,,,,,,,,,,,,,,0
2024-05-18,0.0,0.0,0.0,0.0,0.0,0.0,0.0,0.0,0.0,1.04,0.0,0.0,0.0,0.0,0.0,0.0,0,0.0,14,,,,,,,,,,,,,,,,,,,,,0
2024-05-19,0.0,0.0,0.0,0.0,0.0,0.0,0.0,0.0,0.0,1.04,0.0,0.0,0.0,0.0,0.0,0.0,0,0.0,15,,,,,,,,,,,,,,,,,,,,,0
2024-05-20,0.0,0.0,0.0,0.0,0.0,0.0,0.0,0.0,0.0,1.04,0.0,0.0,0.0,0.0,0.0,0.0,0,0.0,16,51.0,1.0,17.0,0.0196078431372549,1.0,1.0,0.0,1.0,36.0,0.0,0.0,0.0,12.0,0.0,0.0,0.0,3.0,1.0,0.3333333333333333,1.0,1
2024-05-21,0.0,0.0,0.0,0.0,0.0,0.0,0.0,0.0,0.0,1.04,0.0,0.0,0.0,0.0,0.0,0.0,0,0.0,17,3.0,0.0,1.0,0.0,0.0,0.0,0.0,0.0,,,,,,,,,3.0,0.0,0.0,0.0,1
2024-05-22,0.0,0.0,0.0,0.0,0.0,0.0,0.0,0.0,0.0,1.04,0.0,0.0,0.0,0.0,0.0,0.0,0,0.0,18,,,,,,,,,,,,,,,,,,,,,0
2024-05-23,0.0,0.0,0.0,0.0,0.0,0.0,0.0,0.0,0.0,1.04,0.0,0.0,0.0,0.0,0.0,0.0,0,0.0,19,,,,,,,,,,,,,,,,,,,,,0
2024-05-24,0.02,0.0,0.01,0.02,0.009999999999999778,0.009999999999999334,0.009999999999999334,0.01,0.01,1.05,0.0,0.0,0.0,0.0,0.0,0.0021475491911468344,0,0.01,20,,,,,,,,,,,,,,,,,,,,,0
2024-05-25,0.07,0.05,0.060000000000000005,0.07,0.06999999999999978,0.06999999999999934,0.06999999999999934,0.07,0.07,1.11,0.01,0.0,0.0,0.0,0.0,0.014589806069470976,0,0.060000000000000005,0,,,,,,,,,,,,,,,,,,,,,0
2024-05-26,0.0,0.0,0.0,0.0,0.05999999999999978,0.06999999999999934,0.06999999999999934,0.07,0.07,1.08,0.060000000000000005,0.01,0.0,0.0,0.0,0.011579936751345126,0,0.060000000000000005,1,,,,,,,,,,,,,,,,,,,,,0
2024-05-27,0.0,0.0,0.0,0.0,0.0,0.05999999999999934,0.06999999999999934,0.07,0.07,1.08,0.0,0.060000000000000005,0.01,0.0,0.0,0.009191001890405233,0,0.060000000000000005,2,,,,,,,,,,,,,,,,,,,,,0
2024-05-28,0.0,0.0,0.0,0.0,0.0,0.0,0.06999999999999934,0.07,0.07,1.08,0.0,0.0,0.060000000000000005,0.0,0.0,0.007294903034735488,0,0.0,3,51.0,0.0,17.0,0.0,0.0,0.0,0.0,0.0,36.0,0.0,0.0,0.0,12.0,0.0,0.0,0.0,3.0,0.0,0.0,0.0,1
2024-05-29,0.0,0.0,0.0,0.0,0.0,0.0,0.05999999999999934,0.07,0.07,1.08,0.0,0.0,0.0,0.01,0.0,0.005789968375672563,0,0.0,4,,,,,,,,,,,,,,,,,,,,,0
2024-05-30,0.0,0.0,0.0,0.0,0.0,0.0,0.0,0.07,0.07,1.08,0.0,0.0,0.0,0.060000000000000005,0.0,0.0045955009452026165,0,0.0,5,,,,,,,,,,,,,,,,,,,,,0
2024-05-31,0.0,0.0,0.0,0.0,0.0,0.0,0.0,0.060000000000000005,0.07,1.08,0.0,0.0,0.0,0.0,0.01,0.003647451517367744,0,0.0,6,,,,,,,,,,,,,,,,,,,,,0
2024-06-01,0.0,0.0,0.0,0.0,0.0,0.0,0.0,0.0,0.07,1.08,0.0,0.0,0.0,0.0,0.060000000000000005,0.0028949841878362814,0,0.0,7,,,,,,,,,,,,,,,,,,,,,0
2024-06-02,0.0,0.0,0.0,0.0,0.0,0.0,0.0,0.0,0.07,1.08,0.0,0.0,0.0,0.0,0.0,0.0022977504726013087,0,0.0,8,,,,,,,,,,,,,,,,,,,,,0
2024-06-03,0.0,0.0,0.0,0.0,0.0,0.0,0.0,0.0,0.07,0.07,0.0,0.0,0.0,0.0,0.0,0.0018237257586838725,0,0.0,9,48.0,0.0,16.0,0.0,0.0,0.0,0.0,0.0,33.0,0.0,0.0,0.0,12.0,0.0,0.0,0.0,3.0,0.0,0.0,0.0,1
2024-06-04,0.0,0.0,0.0,0.0,0.0,0.0,0.0,0.0,0.07,0.07,0.0,0.0,0.0,0.0,0.0,0.0014474920939181407,0,0.0,10,3.0,0.0,1.0,0.0,0.0,0.0,0.0,0.0,3.0,0.0,0.0,0.0,,,,,,,,,1
2024-06-05,0.0,0.0,0.0,0.0,0.0,0.0,0.0,0.0,0.07,0.07,0.0,0.0,0.0,0.0,0.0,0.0011488752363006543,0,0.0,11,,,,,,,,,,,,,,,,,,,,,0
2024-06-06,0.0,0.0,0.0,0.0,0.0,0.0,0.0,0.0,0.07,0.07,0.0,0.0,0.0,0.0,0.0,0.000911862879341936,0,0.0,12,,,,,,,,,,,,,,,,,,,,,0
2024-06-07,0.0,0.0,0.0,0.0,0.0,0.0,0.0,0.0,0.060000000000000005,0.07,0.0,0.0,0.0,0.0,0.0,0.0006391915959712392,0,0.0,13,,,,,,,,,,,,,,,,,,,,,0
2024-06-08,0.0,0.0,0.0,0.0,0.0,0.0,0.0,0.0,0.0,0.07,0.0,0.0,0.0,0.0,0.0,0.0,0,0.0,14,,,,,,,,,,,,,,,,,,,,,0
2024-06-09,0.0,0.0,0.0,0.0,0.0,0.0,0.0,0.0,0.0,0.07,0.0,0.0,0.0,0.0,0.0,0.0,0,0.0,15,,,,,,,,,,,,,,,,,,,,,0
2024-06-10,0.0,0.0,0.0,0.0,0.0,0.0,0.0,0.0,0.0,0.07,0.0,0.0,0.0,0.0,0.0,0.0,0,0.0,16,51.0,0.0,17.0,0.0,0.0,0.0,0.0,0.0,36.0,0.0,0.0,0.0,12.0,0.0,0.0,0.0,3.0,0.0,0.0,0.0,1
2024-06-11,0.0,0.0,0.0,0.0,0.0,0.0,0.0,0.0,0.0,0.07,0.0,0.0,0.0,0.0,0.0,0.0,0,0.0,17,,,,,,,,,,,,,,,,,,,,,0
2024-06-12,0.0,0.0,0.0,0.0,0.0,0.0,0.0,0.0,0.0,0.07,0.0,0.0,0.0,0.0,0.0,0.0,0,0.0,18,,,,,,,,,,,,,,,,,,,,,0
2024-06-13,0.0,0.0,0.0,0.0,0.0,0.0,0.0,0.0,0.0,0.07,0.0,0.0,0.0,0.0,0.0,0.0,0,0.0,19,,,,,,,,,,,,,,,,,,,,,0
2024-06-14,0.0,0.0,0.0,0.0,0.0,0.0,0.0,0.0,0.0,0.07,0.0,0.0,0.0,0.0,0.0,0.0,0,0.0,20,,,,,,,,,,,,,,,,,,,,,0
2024-06-15,0.0,0.0,0.0,0.0,0.0,0.0,0.0,0.0,0.0,0.07,0.0,0.0,0.0,0.0,0.0,0.0,0,0.0,21,,,,,,,,,,,,,,,,,,,,,0
2024-06-16,0.0,0.0,0.0,0.0,0.0,0.0,0.0,0.0,0.0,0.07,0.0,0.0,0.0,0.0,0.0,0.0,0,0.0,22,,,,,,,,,,,,,,,,,,,,,0
2024-06-17,0.0,0.0,0.0,0.0,0.0,0.0,0.0,0.0,0.0,0.07,0.0,0.0,0.0,0.0,0.0,0.0,0,0.0,23,51.0,1.0,17.0,0.0196078431372549,1.0,1.0,0.0,1.0,36.0,0.0,0.0,0.0,12.0,0.0,0.0,0.0,3.0,1.0,0.3333333333333333,1.0,1
2024-06-18,0.0,0.0,0.0,0.0,0.0,0.0,0.0,0.0,0.0,0.07,0.0,0.0,0.0,0.0,0.0,0.0,0,0.0,24,3.0,0.0,1.0,0.0,0.0,0.0,0.0,0.0,,,,,,,,,3.0,0.0,0.0,0.0,1
2024-06-19,0.0,0.0,0.0,0.0,0.0,0.0,0.0,0.0,0.0,0.07,0.0,0.0,0.0,0.0,0.0,0.0,0,0.0,25,,,,,,,,,,,,,,,,,,,,,0
2024-06-20,0.0,0.0,0.0,0.0,0.0,0.0,0.0,0.0,0.0,0.07,0.0,0.0,0.0,0.0,0.0,0.0,0,0.0,26,,,,,,,,,,,,,,,,,,,,,0
2024-06-21,0.0,0.0,0.0,0.0,0.0,0.0,0.0,0.0,0.0,0.07,0.0,0.0,0.0,0.0,0.0,0.0,0,0.0,27,,,,,,,,,,,,,,,,,,,,,0
2024-06-22,0.0,0.0,0.0,0.0,0.0,0.0,0.0,0.0,0.0,0.07,0.0,0.0,0.0,0.0,0.0,0.0,0,0.0,28,,,,,,,,,,,,,,,,,,,,,0
2024-06-23,0.0,0.0,0.0,0.0,0.0,0.0,0.0,0.0,0.0,0.060000000000000005,0.0,0.0,0.0,0.0,0.0,0.0,0,0.0,29,,,,,,,,,,,,,,,,,,,,,0
2024-06-24,0.0,0.0,0.0,0.0,0.0,0.0,0.0,0.0,0.0,0.0,0.0,0.0,0.0,0.0,0.0,0.0,0,0.0,30,51.0,0.0,17.0,0.0,0.0,0.0,0.0,0.0,36.0,0.0,0.0,0.0,12.0,0.0,0.0,0.0,3.0,0.0,0.0,0.0,1
2024-06-25,0.0,0.0,0.0,0.0,0.0,0.0,0.0,0.0,0.0,0.0,0.0,0.0,0.0,0.0,0.0,0.0,0,0.0,31,,,,,,,,,,,,,,,,,,,,,0
2024-06-26,0.0,0.0,0.0,0.0,0.0,0.0,0.0,0.0,0.0,0.0,0.0,0.0,0.0,0.0,0.0,0.0,0,0.0,32,,,,,,,,,,,,,,,,,,,,,0
2024-06-27,0.0,0.0,0.0,0.0,0.0,0.0,0.0,0.0,0.0,0.0,0.0,0.0,0.0,0.0,0.0,0.0,0,0.0,33,,,,,,,,,,,,,,,,,,,,,0
2024-06-28,0.0,0.0,0.0,0.0,0.0,0.0,0.0,0.0,0.0,0.0,0.0,0.0,0.0,0.0,0.0,0.0,0,0.0,34,,,,,,,,,,,,,,,,,,,,,0
2024-06-29,0.0,0.0,0.0,0.0,0.0,0.0,0.0,0.0,0.0,0.0,0.0,0.0,0.0,0.0,0.0,0.0,0,0.0,35,,,,,,,,,,,,,,,,,,,,,0
2024-06-30,0.0,0.0,0.0,0.0,0.0,0.0,0.0,0.0,0.0,0.0,0.0,0.0,0.0,0.0,0.0,0.0,0,0.0,36,,,,,,,,,,,,,,,,,,,,,0
2024-07-01,0.0,0.0,0.0,0.0,0.0,0.0,0.0,0.0,0.0,0.0,0.0,0.0,0.0,0.0,0.0,0.0,0,0.0,37,51.0,2.0,17.0,0.0392156862745098,2.0,1.0,0.0,1.0,36.0,2.0,0.05555555555555555,1.0,12.0,0.0,0.0,0.0,3.0,0.0,0.0,0.0,1
2024-07-02,0.0,0.0,0.0,0.0,0.0,0.0,0.0,0.0,0.0,0.0,0.0,0.0,0.0,0.0,0.0,0.0,0,0.0,38,9.0,0.0,3.0,0.0,0.0,0.0,0.0,0.0,9.0,0.0,0.0,0.0,,,,,,,,,1
2024-07-03,0.0,0.0,0.0,0.0,0.0,0.0,0.0,0.0,0.0,0.0,0.0,0.0,0.0,0.0,0.0,0.0,0,0.0,39,,,,,,,,,,,,,,,,,,,,,0
2024-07-04,0.0,0.0,0.0,0.0,0.0,0.0,0.0,0.0,0.0,0.0,0.0,0.0,0.0,0.0,0.0,0.0,0,0.0,40,,,,,,,,,,,,,,,,,,,,,0
2024-07-05,0.0,0.0,0.0,0.0,0.0,0.0,0.0,0.0,0.0,0.0,0.0,0.0,0.0,0.0,0.0,0.0,0,0.0,41,,,,,,,,,,,,,,,,,,,,,0
2024-07-06,0.0,0.0,0.0,0.0,0.0,0.0,0.0,0.0,0.0,0.0,0.0,0.0,0.0,0.0,0.0,0.0,0,0.0,42,,,,,,,,,,,,,,,,,,,,,0
2024-07-07,0.0,0.0,0.0,0.0,0.0,0.0,0.0,0.0,0.0,0.0,0.0,0.0,0.0,0.0,0.0,0.0,0,0.0,43,,,,,,,,,,,,,,,,,,,,,0
2024-07-08,0.0,0.0,0.0,0.0,0.0,0.0,0.0,0.0,0.0,0.0,0.0,0.0,0.0,0.0,0.0,0.0,0,0.0,44,51.0,0.0,17.0,0.0,0.0,0.0,0.0,0.0,36.0,0.0,0.0,0.0,12.0,0.0,0.0,0.0,3.0,0.0,0.0,0.0,1
2024-07-09,0.0,0.0,0.0,0.0,0.0,0.0,0.0,0.0,0.0,0.0,0.0,0.0,0.0,0.0,0.0,0.0,0,0.0,45,,,,,,,,,,,,,,,,,,,,,0
2024-07-10,0.0,0.0,0.0,0.0,0.0,0.0,0.0,0.0,0.0,0.0,0.0,0.0,0.0,0.0,0.0,0.0,0,0.0,46,,,,,,,,,,,,,,,,,,,,,0
2024-07-11,0.0,0.0,0.0,0.0,0.0,0.0,0.0,0.0,0.0,0.0,0.0,0.0,0.0,0.0,0.0,0.0,0,0.0,47,,,,,,,,,,,,,,,,,,,,,0
2024-07-12,0.0,0.0,0.0,0.0,0.0,0.0,0.0,0.0,0.0,0.0,0.0,0.0,0.0,0.0,0.0,0.0,0,0.0,48,,,,,,,,,,,,,,,,,,,,,0
2024-07-13,0.0,0.0,0.0,0.0,0.0,0.0,0.0,0.0,0.0,0.0,0.0,0.0,0.0,0.0,0.0,0.0,0,0.0,49,,,,,,,,,,,,,,,,,,,,,0
2024-07-14,0.0,0.0,0.0,0.0,0.0,0.0,0.0,0.0,0.0,0.0,0.0,0.0,0.0,0.0,0.0,0.0,0,0.0,50,,,,,,,,,,,,,,,,,,,,,0
2024-07-15,0.0,0.0,0.0,0.0,0.0,0.0,0.0,0.0,0.0,0.0,0.0,0.0,0.0,0.0,0.0,0.0,0,0.0,51,51.0,0.0,17.0,0.0,0.0,0.0,0.0,0.0,36.0,0.0,0.0,0.0,12.0,0.0,0.0,0.0,3.0,0.0,0.0,0.0,1
2024-07-16,0.0,0.0,0.0,0.0,0.0,0.0,0.0,0.0,0.0,0.0,0.0,0.0,0.0,0.0,0.0,0.0,0,0.0,52,,,,,,,,,,,,,,,,,,,,,0
2024-07-17,0.0,0.0,0.0,0.0,0.0,0.0,0.0,0.0,0.0,0.0,0.0,0.0,0.0,0.0,0.0,0.0,0,0.0,53,,,,,,,,,,,,,,,,,,,,,0
2024-07-18,0.0,0.0,0.0,0.0,0.0,0.0,0.0,0.0,0.0,0.0,0.0,0.0,0.0,0.0,0.0,0.0,0,0.0,54,,,,,,,,,,,,,,,,,,,,,0
2024-07-19,0.0,0.0,0.0,0.0,0.0,0.0,0.0,0.0,0.0,0.0,0.0,0.0,0.0,0.0,0.0,0.0,0,0.0,55,,,,,,,,,,,,,,,,,,,,,0
2024-07-20,0.0,0.0,0.0,0.0,0.0,0.0,0.0,0.0,0.0,0.0,0.0,0.0,0.0,0.0,0.0,0.0,0,0.0,56,,,,,,,,,,,,,,,,,,,,,0
2024-07-21,0.0,0.0,0.0,0.0,0.0,0.0,0.0,0.0,0.0,0.0,0.0,0.0,0.0,0.0,0.0,0.0,0,0.0,57,,,,,,,,,,,,,,,,,,,,,0
2024-07-22,0.0,0.0,0.0,0.0,0.0,0.0,0.0,0.0,0.0,0.0,0.0,0.0,0.0,0.0,0.0,0.0,0,0.0,58,51.0,0.0,17.0,0.0,0.0,0.0,0.0,0.0,36.0,0.0,0.0,0.0,12.0,0.0,0.0,0.0,3.0,0.0,0.0,0.0,1
2024-07-23,0.0,0.0,0.0,0.0,0.0,0.0,0.0,0.0,0.0,0.0,0.0,0.0,0.0,0.0,0.0,0.0,0,0.0,59,,,,,,,,,,,,,,,,,,,,,0
2024-07-24,0.0,0.0,0.0,0.0,0.0,0.0,0.0,0.0,0.0,0.0,0.0,0.0,0.0,0.0,0.0,0.0,0,0.0,60,,,,,,,,,,,,,,,,,,,,,0
2024-07-25,0.0,0.0,0.0,0.0,0.0,0.0,0.0,0.0,0.0,0.0,0.0,0.0,0.0,0.0,0.0,0.0,0,0.0,61,,,,,,,,,,,,,,,,,,,,,0
2024-07-26,0.0,0.0,0.0,0.0,0.0,0.0,0.0,0.0,0.0,0.0,0.0,0.0,0.0,0.0,0.0,0.0,0,0.0,62,,,,,,,,,,,,,,,,,,,,,0
2024-07-27,0.0,0.0,0.0,0.0,0.0,0.0,0.0,0.0,0.0,0.0,0.0,0.0,0.0,0.0,0.0,0.0,0,0.0,63,,,,,,,,,,,,,,,,,,,,,0
2024-07-28,0.0,0.0,0.0,0.0,0.0,0.0,0.0,0.0,0.0,0.0,0.0,0.0,0.0,0.0,0.0,0.0,0,0.0,64,,,,,,,,,,,,,,,,,,,,,0
2024-07-29,0.0,0.0,0.0,0.0,0.0,0.0,0.0,0.0,0.0,0.0,0.0,0.0,0.0,0.0,0.0,0.0,0,0.0,65,51.0,0.0,17.0,0.0,0.0,0.0,0.0,0.0,36.0,0.0,0.0,0.0,12.0,0.0,0.0,0.0,3.0,0.0,0.0,0.0,1
2024-07-30,0.01,0.0,0.005,0.01,0.004999999999999778,0.004999999999999334,0.004999999999999334,0.005,0.005,0.005,0.0,0.0,0.0,0.0,0.0,0.0010737745955734172,0,0.005,66,,,,,,,,,,,,,,,,,,,,,0
2024-07-31,0.0,0.0,0.0,0.0,0.004999999999999778,0.004999999999999334,0.004999999999999334,0.005,0.005,0.005,0.005,0.0,0.0,0.0,0.0,0.0008522554612949852,0,0.005,67,,,,,,,,,,,,,,,,,,,,,0
2024-08-01,0.0,0.0,0.0,0.0,0.0,0.004999999999999334,0.004999999999999334,0.005,0.005,0.005,0.0,0.005,0.0,0.0,0.0,0.0006764356079026513,0,0.005,68,,,,,,,,,,,,,,,,,,,,,0
2024-08-02,0.0,0.0,0.0,0.0,0.0,0.0,0.004999999999999334,0.005,0.005,0.005,0.0,0.0,0.005,0.0,0.0,0.0005368872977867086,0,0.0,69,,,,,,,,,,,,,,,,,,,,,0
2024-08-03,0.0,0.0,0.0,0.0,0.0,0.0,0.004999999999999334,0.005,0.005,0.005,0.0,0.0,0.0,0.0,0.0,0.0004261277306474926,0,0.0,70,,,,,,,,,,,,,,,,,,,,,0
2024-08-04,0.0,0.0,0.0,0.0,0.0,0.0,0.0,0.005,0.005,0.005,0.0,0.0,0.0,0.005,0.0,0.00033821780395132563,0,0.0,71,,,,,,,,,,,,,,,,,,,,,0
2024-08-05,0.0,0.0,0.0,0.0,0.0,0.0,0.0,0.005,0.005,0.005,0.0,0.0,0.0,0.0,0.0,0.0002684436488933543,0,0.0,72,51.0,0.0,17.0,0.0,0.0,0.0,0.0,0.0,36.0,0.0,0.0,0.0,12.0,0.0,0.0,0.0,3.0,0.0,0.0,0.0,1
2024-08-06,0.0,0.0,0.0,0.0,0.0,0.0,0.0,0.0,0.005,0.005,0.0,0.0,0.0,0.0,0.005,0.0002130638653237463,0,0.0,73,,,,,,,,,,,,,,,,,,,,,0
2024-08-07,0.0,0.0,0.0,0.0,0.0,0.0,0.0,0.0,0.005,0.005,0.0,0.0,0.0,0.0,0.0,0.00016910890197566284,0,0.0,74,,,,,,,,,,,,,,,,,,,,,0
2024-08-08,0.0,0.0,0.0,0.0,0.0,0.0,0.0,0.0,0.005,0.005,0.0,0.0,0.0,0.0,0.0,0.00013422182444667715,0,0.0,75,,,,,,,,,,,,,,,,,,,,,0
2024-08-09,0.0,0.0,0.0,0.0,0.0,0.0,0.0,0.0,0.005,0.005,0.0,0.0,0.0,0.0,0.0,0.00010653193266187315,0,0.0,76,,,,,,,,,,,,,,,,,,,,,0
2024-08-10,0.0,0.0,0.0,0.0,0.0,0.0,0.0,0.0,0.005,0.005,0.0,0.0,0.0,0.0,0.0,8.455445098783142e-05,0,0.0,77,,,,,,,,,,,,,,,,,,,,,0
2024-08-11,0.0,0.0,0.0,0.0,0.0,0.0,0.0,0.0,0.005,0.005,0.0,0.0,0.0,0.0,0.0,6.711091222333857e-05,0,0.0,78,,,,,,,,,,,,,,,,,,,,,0
2024-08-12,0.0,0.02,0.01,0.02,0.009999999999999778,0.009999999999999334,0.009999999999999334,0.01,0.015,0.015,0.0,0.0,0.0,0.0,0.0,0.0022008151574777705,0,0.01,79,51.0,0.0,17.0,0.0,0.0,0.0,0.0,0.0,36.0,0.0,0.0,0.0,12.0,0.0,0.0,0.0,3.0,0.0,0.0,0.0,1
2024-08-13,0.0,0.0,0.0,0.0,0.009999999999999778,0.009999999999999334,0.009999999999999334,0.01,0.01,0.015000000000000001,0.01,0.0,0.0,0.0,0.0,0.0017045109225899704,0,0.01,80,,,,,,,,,,,,,,,,,,,,,0
2024-08-14,0.0,0.0,0.0,0.0,0.0,0.009999999999999334,0.009999999999999334,0.01,0.010000000000000002,0.015000000000000001,0.0,0.01,0.0,0.0,0.0,0.0013528712158053025,0,0.01,81,,,,,,,,,,,,,,,,,,,,,0
2024-08-15,0.0,0.0,0.0,0.0,0.0,0.0,0.009999999999999334,0.01,0.010000000000000002,0.015000000000000001,0.0,0.0,0.01,0.0,0.0,0.0010737745955734172,0,0.0,82,,,,,,,,,,,,,,,,,,,,,0
2024-08-16,0.0,0.0,0.0,0.0,0.0,0.0,0.009999999999999334,0.01,0.010000000000000002,0.015000000000000001,0.0,0.0,0.0,0.0,0.0,0.0008522554612949852,0,0.0,83,,,,,,,,,,,,,,,,,,,,,0
2024-08-17,0.0,0.0,0.0,0.0,0.0,0.0,0.0,0.01,0.010000000000000002,0.015000000000000001,0.0,0.0,0.0,0.01,0.0,0.0006764356079026513,0,0.0,84,,,,,,,,,,,,,,,,,,,,,0
2024-08-18,0.0,0.0,0.0,0.0,0.0,0.0,0.0,0.01,0.010000000000000002,0.015000000000000001,0.0,0.0,0.0,0.0,0.0,0.0005368872977867086,0,0.0,85,,,,,,,,,,,,,,,,,,,,,0
2024-08-19,0.0,0.0,0.0,0.0,0.0,0.0,0.0,0.0,0.010000000000000002,0.015000000000000001,0.0,0.0,0.0,0.0,0.01,0.0004261277306474926,0,0.0,86,51.0,0.0,17.0,0.0,0.0,0.0,0.0,0.0,36.0,0.0,0.0,0.0,12.0,0.0,0.0,0.0,3.0,0.0,0.0,0.0,1
2024-08-20,0.0,0.0,0.0,0.0,0.0,0.0,0.0,0.0,0.010000000000000002,0.015000000000000001,0.0,0.0,0.0,0.0,0.0,0.0003382178039513257,0,0.0,87,,,,,,,,,,,,,,,,,,,,,0
2024-08-21,0.0,0.0,0.0,0.0,0.0,0.0,0.0,0.0,0.010000000000000002,0.015000000000000001,0.0,0.0,0.0,0.0,0.0,0.0002684436488933543,0,0.0,88,,,,,,,,,,,,,,,,,,,,,0
2024-08-22,0.0,0.0,0.0,0.0,0.0,0.0,0.0,0.0,0.010000000000000002,0.015000000000000001,0.0,0.0,0.0,0.0,0.0,0.0002130638653237463,0,0.0,89,,,,,,,,,,,,,,,,,,,,,0
2024-08-23,0.0,0.0,0.0,0.0,0.0,0.0,0.0,0.0,0.010000000000000002,0.015000000000000001,0.0,0.0,0.0,0.0,0.0,0.00016910890197566284,0,0.0,90,,,,,,,,,,,,,,,,,,,,,0
2024-08-24,0.04,0.08,0.06,0.08,0.059999999999999776,0.05999999999999933,0.05999999999999933,0.06,0.07,0.075,0.0,0.0,0.0,0.0,0.0,0.013019516971327682,0,0.06,0,,,,,,,,,,,,,,,,,,,,,0
2024-08-25,0.0,0.0,0.0,0.0,0.059999999999999776,0.05999999999999933,0.05999999999999933,0.06,0.07,0.075,0.06,0.0,0.0,0.0,0.0,0.010333597468201694,0,0.06,1,,,,,,,,,,,,,,,,,,,,,0
2024-08-26,0.0,0.0,0.0,0.0,0.0,0.05999999999999933,0.05999999999999933,0.06,0.06,0.075,0.0,0.06,0.0,0.0,0.0,0.008117227294831815,0,0.06,2,51.0,2.0,17.0,0.0392156862745098,1.0,1.0,0.0,1.0,36.0,2.0,0.05555555555555555,1.0,12.0,0.0,0.0,0.0,3.0,0.0,0.0,0.0,1
2024-08-27,0.0,0.0,0.0,0.0,0.0,0.0,0.05999999999999933,0.06,0.06,0.075,0.0,0.0,0.06,0.0,0.0,0.006442647573440502,0,0.0,3,3.0,1.0,1.0,0.3333333333333333,1.0,1.0,0.0,1.0,3.0,1.0,0.3333333333333333,1.0,,,,,,,,,1
2024-08-28,0.0,0.0,0.0,0.0,0.0,0.0,0.05999999999999933,0.06,0.06,0.075,0.0,0.0,0.0,0.0,0.0,0.005113532767769911,0,0.0,4,3.0,0.0,1.0,0.0,0.0,0.0,0.0,0.0,3.0,0.0,0.0,0.0,,,,,,,,,1
2024-08-29,0.0,0.0,0.0,0.0,0.0,0.0,0.0,0.06,0.06,0.06999999999999999,0.0,0.0,0.0,0.06,0.0,0.004058613647415907,0,0.0,5,,,,,,,,,,,,,,,,,,,,,0
2024-08-30,0.0,0.0,0.0,0.0,0.0,0.0,0.0,0.06,0.06,0.06999999999999999,0.0,0.0,0.0,0.0,0.0,0.003221323786720251,0,0.0,6,,,,,,,,,,,,,,,,,,,,,0
2024-08-31,0.0,0.0,0.0,0.0,0.0,0.0,0.0,0.0,0.06,0.06999999999999999,0.0,0.0,0.0,0.0,0.06,0.0025567663838849553,0,0.0,7,,,,,,,,,,,,,,,,,,,,,0
2024-09-01,0.0,0.0,0.0,0.0,0.0,0.0,0.0,0.0,0.06,0.06999999999999999,0.0,0.0,0.0,0.0,0.0,0.002029306823707954,0,0.0,8,,,,,,,,,,,,,,,,,,,,,0
2024-09-02,0.0,0.0,0.0,0.0,0.0,0.0,0.0,0.0,0.06,0.06999999999999999,0.0,0.0,0.0,0.0,0.0,0.0016106618933601259,0,0.0,9,,,,,,,,,,,,,,,,,,,,,0
2024-09-03,0.0,0.0,0.0,0.0,0.0,0.0,0.0,0.0,0.06,0.06999999999999999,0.0,0.0,0.0,0.0,0.0,0.0012783831919424777,0,0.0,10,51.0,1.0,17.0,0.0196078431372549,1.0,1.0,0.0,1.0,36.0,0.0,0.0,0.0,12.0,1.0,0.08333333333333333,1.0,3.0,0.0,0.0,0.0,1
2024-09-04,0.0,0.0,0.0,0.0,0.0,0.0,0.0,0.0,0.06,0.06999999999999999,0.0,0.0,0.0,0.0,0.0,0.001014653411853977,0,0.0,11,3.0,0.0,1.0,0.0,0.0,0.0,0.0,0.0,,,,,3.0,0.0,0.0,0.0,,,,,1
2024-09-05,0.0,0.0,0.0,0.0,0.0,0.0,0.0,0.0,0.06,0.06999999999999999,0.0,0.0,0.0,0.0,0.0,0.0008053309466800627,0,0.0,12,,,,,,,,,,,,,,,,,,,,,0
2024-09-06,0.0,0.0,0.0,0.0,0.0,0.0,0.0,0.0,0.06,0.06999999999999999,0.0,0.0,0.0,0.0,0.0,0.000639191595971239,0,0.0,13,,,,,,,,,,,,,,,,,,,,,0
2024-09-07,0.0,0.0,0.0,0.0,0.0,0.0,0.0,0.0,0.0,0.06999999999999999,0.0,0.0,0.0,0.0,0.0,0.0,0,0.0,14,,,,,,,,,,,,,,,,,,,,,0
2024-09-08,0.0,0.0,0.0,0.0,0.0,0.0,0.0,0.0,0.0,0.06999999999999999,0.0,0.0,0.0,0.0,0.0,0.0,0,0.0,15,,,,,,,,,,,,,,,,,,,,,0
2024-09-09,0.0,0.0,0.0,0.0,0.0,0.0,0.0,0.0,0.0,0.06999999999999999,0.0,0.0,0.0,0.0,0.0,0.0,0,0.0,16,51.0,0.0,17.0,0.0,0.0,0.0,0.0,0.0,36.0,0.0,0.0,0.0,12.0,0.0,0.0,0.0,3.0,0.0,0.0,0.0,1
2024-09-10,0.0,0.0,0.0,0.0,0.0,0.0,0.0,0.0,0.0,0.06999999999999999,0.0,0.0,0.0,0.0,0.0,0.0,0,0.0,17,,,,,,,,,,,,,,,,,,,,,0
2024-09-11,0.0,0.0,0.0,0.0,0.0,0.0,0.0,0.0,0.0,0.06,0.0,0.0,0.0,0.0,0.0,0.0,0,0.0,18,,,,,,,,,,,,,,,,,,,,,0
2024-09-12,0.0,0.0,0.0,0.0,0.0,0.0,0.0,0.0,0.0,0.06,0.0,0.0,0.0,0.0,0.0,0.0,0,0.0,19,,,,,,,,,,,,,,,,,,,,,0
2024-09-13,0.0,0.0,0.0,0.0,0.0,0.0,0.0,0.0,0.0,0.06,0.0,0.0,0.0,0.0,0.0,0.0,0,0.0,20,,,,,,,,,,,,,,,,,,,,,0
2024-09-14,0.0,0.0,0.0,0.0,0.0,0.0,0.0,0.0,0.0,0.06,0.0,0.0,0.0,0.0,0.0,0.0,0,0.0,21,,,,,,,,,,,,,,,,,,,,,0
2024-09-15,0.0,0.0,0.0,0.0,0.0,0.0,0.0,0.0,0.0,0.06,0.0,0.0,0.0,0.0,0.0,0.0,0,0.0,22,,,,,,,,,,,,,,,,,,,,,0
2024-09-16,0.0,0.0,0.0,0.0,0.0,0.0,0.0,0.0,0.0,0.06,0.0,0.0,0.0,0.0,0.0,0.0,0,0.0,23,48.0,0.0,16.0,0.0,0.0,0.0,0.0,0.0,33.0,0.0,0.0,0.0,12.0,0.0,0.0,0.0,3.0,0.0,0.0,0.0,1
2024-09-17,0.0,0.0,0.0,0.0,0.0,0.0,0.0,0.0,0.0,0.06,0.0,0.0,0.0,0.0,0.0,0.0,0,0.0,24,3.0,0.0,1.0,0.0,0.0,0.0,0.0,0.0,3.0,0.0,0.0,0.0,,,,,,,,,1
2024-09-18,0.0,0.0,0.0,0.0,0.0,0.0,0.0,0.0,0.0,0.06,0.0,0.0,0.0,0.0,0.0,0.0,0,0.0,25,,,,,,,,,,,,,,,,,,,,,0
2024-09-19,0.0,0.0,0.0,0.0,0.0,0.0,0.0,0.0,0.0,0.06,0.0,0.0,0.0,0.0,0.0,0.0,0,0.0,26,,,,,,,,,,,,,,,,,,,,,0
2024-09-20,0.0,0.0,0.0,0.0,0.0,0.0,0.0,0.0,0.0,0.06,0.0,0.0,0.0,0.0,0.0,0.0,0,0.0,27,,,,,,,,,,,,,,,,,,,,,0
2024-09-21,0.0,0.0,0.0,0.0,0.0,0.0,0.0,0.0,0.0,0.06,0.0,0.0,0.0,0.0,0.0,0.0,0,0.0,28,,,,,,,,,,,,,,,,,,,,,0
2024-09-22,0.0,0.0,0.0,0.0,0.0,0.0,0.0,0.0,0.0,0.06,0.0,0.0,0.0,0.0,0.0,0.0,0,0.0,29,,,,,,,,,,,,,,,,,,,,,0
2024-09-23,0.0,0.0,0.0,0.0,0.0,0.0,0.0,0.0,0.0,0.0,0.0,0.0,0.0,0.0,0.0,0.0,0,0.0,30,51.0,0.0,17.0,0.0,0.0,0.0,0.0,0.0,36.0,0.0,0.0,0.0,12.0,0.0,0.0,0.0,3.0,0.0,0.0,0.0,1
2024-09-24,0.0,0.0,0.0,0.0,0.0,0.0,0.0,0.0,0.0,0.0,0.0,0.0,0.0,0.0,0.0,0.0,0,0.0,31,,,,,,,,,,,,,,,,,,,,,0
2024-09-25,0.0,0.0,0.0,0.0,0.0,0.0,0.0,0.0,0.0,0.0,0.0,0.0,0.0,0.0,0.0,0.0,0,0.0,32,,,,,,,,,,,,,,,,,,,,,0
2024-09-26,0.0,0.0,0.0,0.0,0.0,0.0,0.0,0.0,0.0,0.0,0.0,0.0,0.0,0.0,0.0,0.0,0,0.0,33,,,,,,,,,,,,,,,,,,,,,0
2024-09-27,0.0,0.0,0.0,0.0,0.0,0.0,0.0,0.0,0.0,0.0,0.0,0.0,0.0,0.0,0.0,0.0,0,0.0,34,,,,,,,,,,,,,,,,,,,,,0
2024-09-28,0.0,0.0,0.0,0.0,0.0,0.0,0.0,0.0,0.0,0.0,0.0,0.0,0.0,0.0,0.0,0.0,0,0.0,35,,,,,,,,,,,,,,,,,,,,,0
2024-09-29,0.0,0.0,0.0,0.0,0.0,0.0,0.0,0.0,0.0,0.0,0.0,0.0,0.0,0.0,0.0,0.0,0,0.0,36,,,,,,,,,,,,,,,,,,,,,0
2024-09-30,0.0,0.0,0.0,0.0,0.0,0.0,0.0,0.0,0.0,0.0,0.0,0.0,0.0,0.0,0.0,0.0,0,0.0,37,51.0,2.0,17.0,0.0392156862745098,2.0,1.0,0.0,1.0,36.0,2.0,0.05555555555555555,1.0,12.0,0.0,0.0,0.0,3.0,0.0,0.0,0.0,1
2024-10-01,0.0,0.0,0.0,0.0,0.0,0.0,0.0,0.0,0.0,0.0,0.0,0.0,0.0,0.0,0.0,0.0,0,0.0,38,6.0,0.0,2.0,0.0,0.0,0.0,0.0,0.0,6.0,0.0,0.0,0.0,,,,,,,,,1
2024-10-02,0.0,0.0,0.0,0.0,0.0,0.0,0.0,0.0,0.0,0.0,0.0,0.0,0.0,0.0,0.0,0.0,0,0.0,39,,,,,,,,,,,,,,,,,,,,,0
2024-10-03,0.0,0.0,0.0,0.0,0.0,0.0,0.0,0.0,0.0,0.0,0.0,0.0,0.0,0.0,0.0,0.0,0,0.0,40,,,,,,,,,,,,,,,,,,,,,0
2024-10-04,0.0,0.0,0.0,0.0,0.0,0.0,0.0,0.0,0.0,0.0,0.0,0.0,0.0,0.0,0.0,0.0,0,0.0,41,,,,,,,,,,,,,,,,,,,,,0
2024-10-05,0.0,0.0,0.0,0.0,0.0,0.0,0.0,0.0,0.0,0.0,0.0,0.0,0.0,0.0,0.0,0.0,0,0.0,42,,,,,,,,,,,,,,,,,,,,,0
2024-10-06,0.0,0.0,0.0,0.0,0.0,0.0,0.0,0.0,0.0,0.0,0.0,0.0,0.0,0.0,0.0,0.0,0,0.0,43,,,,,,,,,,,,,,,,,,,,,0
2024-10-07,0.0,0.0,0.0,0.0,0.0,0.0,0.0,0.0,0.0,0.0,0.0,0.0,0.0,0.0,0.0,0.0,0,0.0,44,51.0,2.0,17.0,0.0392156862745098,2.0,2.0,0.0,1.0,36.0,1.0,0.027777777777777776,1.0,12.0,1.0,0.08333333333333333,1.0,3.0,0.0,0.0,0.0,1
2024-10-08,0.0,0.0,0.0,0.0,0.0,0.0,0.0,0.0,0.0,0.0,0.0,0.0,0.0,0.0,0.0,0.0,0,0.0,45,6.0,0.0,2.0,0.0,0.0,0.0,0.0,0.0,3.0,0.0,0.0,0.0,3.0,0.0,0.0,0.0,,,,,1
2024-10-09,0.0,0.0,0.0,0.0,0.0,0.0,0.0,0.0,0.0,0.0,0.0,0.0,0.0,0.0,0.0,0.0,0,0.0,46,,,,,,,,,,,,,,,,,,,,,0
2024-10-10,0.0,0.0,0.0,0.0,0.0,0.0,0.0,0.0,0.0,0.0,0.0,0.0,0.0,0.0,0.0,0.0,0,0.0,47,,,,,,,,,,,,,,,,,,,,,0
2024-10-11,0.0,0.0,0.0,0.0,0.0,0.0,0.0,0.0,0.0,0.0,0.0,0.0,0.0,0.0,0.0,0.0,0,0.0,48,,,,,,,,,,,,,,,,,,,,,0
2024-10-12,0.0,0.01,0.005,0.01,0.004999999999999778,0.004999999999999334,0.004999999999999334,0.005,0.005,0.005,0.0,0.0,0.0,0.0,0.0,0.0010737745955734172,0,0.005,49,,,,,,,,,,,,,,,,,,,,,0
2024-10-13,0.0,0.01,0.005,0.01,0.01,0.009999999999999334,0.009999999999999334,0.01,0.01,0.01,0.005,0.0,0.0,0.0,0.0,0.0019260300568684021,0,0.005,50,,,,,,,,,,,,,,,,,,,,,0
2024-10-14,0.0,0.0,0.0,0.0,0.004999999999999778,0.009999999999999334,0.009999999999999334,0.01,0.01,0.01,0.005,0.005,0.0,0.0,0.0,0.0015286910691976365,0,0.005,51,,,,,,,,,,,,,,,,,,,,,0
2024-10-15,0.0,0.0,0.0,0.0,0.0,0.004999999999999334,0.009999999999999334,0.01,0.01,0.01,0.0,0.005,0.005,0.0,0.0,0.0012133229056893596,0,0.005,52,51.0,6.0,17.0,0.11764705882352941,5.0,1.0,0.0,1.0,36.0,6.0,0.16666666666666666,1.0,12.0,0.0,0.0,0.0,3.0,0.0,0.0,0.0,1
2024-10-16,0.0,0.0,0.0,0.0,0.0,0.0,0.009999999999999334,0.01,0.01,0.01,0.0,0.0,0.005,0.0,0.0,0.0009630150284342011,0,0.0,53,15.0,1.0,5.0,0.06666666666666667,1.0,1.0,0.0,1.0,15.0,1.0,0.06666666666666667,1.0,,,,,,,,,1
2024-10-17,0.0,0.0,0.0,0.0,0.0,0.0,0.004999999999999334,0.01,0.01,0.01,0.0,0.0,0.0,0.005,0.0,0.0007643455345988183,0,0.0,54,3.0,0.0,1.0,0.0,0.0,0.0,0.0,0.0,3.0,0.0,0.0,0.0,,,,,,,,,1
2024-10-18,0.0,0.0,0.0,0.0,0.0,0.0,0.0,0.01,0.01,0.01,0.0,0.0,0.0,0.005,0.0,0.0006066614528446798,0,0.0,55,,,,,,,,,,,,,,,,,,,,,0
2024-10-19,0.0,0.0,0.0,0.0,0.0,0.0,0.0,0.005,0.01,0.01,0.0,0.0,0.0,0.0,0.005,0.00048150751421710054,0,0.0,56,,,,,,,,,,,,,,,,,,,,,0
2024-10-20,0.0,0.0,0.0,0.0,0.0,0.0,0.0,0.0,0.01,0.01,0.0,0.0,0.0,0.0,0.005,0.00038217276729940914,0,0.0,57,,,,,,,,,,,,,,,,,,,,,0
2024-10-21,0.0,0.0,0.0,0.0,0.0,0.0,0.0,0.0,0.01,0.01,0.0,0.0,0.0,0.0,0.0,0.00030333072642234,0,0.0,58,51.0,0.0,17.0,0.0,0.0,0.0,0.0,0.0,36.0,0.0,0.0,0.0,12.0,0.0,0.0,0.0,3.0,0.0,0.0,0.0,1
2024-10-22,0.0,0.0,0.0,0.0,0.0,0.0,0.0,0.0,0.01,0.01,0.0,0.0,0.0,0.0,0.0,0.00024075375710855032,0,0.0,59,,,,,,,,,,,,,,,,,,,,,0
2024-10-23,0.0,0.0,0.0,0.0,0.0,0.0,0.0,0.0,0.01,0.01,0.0,0.0,0.0,0.0,0.0,0.00019108638364970457,0,0.0,60,,,,,,,,,,,,,,,,,,,,,0
2024-10-24,0.0,0.0,0.0,0.0,0.0,0.0,0.0,0.0,0.01,0.01,0.0,0.0,0.0,0.0,0.0,0.00015166536321116998,0,0.0,61,,,,,,,,,,,,,,,,,,,,,0
2024-10-25,0.0,0.0,0.0,0.0,0.0,0.0,0.0,0.0,0.01,0.01,0.0,0.0,0.0,0.0,0.0,0.00012037687855427516,0,0.0,62,,,,,,,,,,,,,,,,,,,,,0
2024-10-26,0.0,0.0,0.0,0.0,0.0,0.0,0.0,0.0,0.005,0.01,0.0,0.0,0.0,0.0,0.0,5.326596633093659e-05,0,0.0,63,,,,,,,,,,,,,,,,,,,,,0
2024-10-27,0.0,0.0,0.0,0.0,0.0,0.0,0.0,0.0,0.0,0.01,0.0,0.0,0.0,0.0,0.0,0.0,0,0.0,64,,,,,,,,,,,,,,,,,,,,,0
2024-10-28,0.0,0.0,0.0,0.0,0.0,0.0,0.0,0.0,0.0,0.01,0.0,0.0,0.0,0.0,0.0,0.0,0,0.0,65,51.0,2.0,17.0,0.0392156862745098,2.0,1.0,0.0,1.0,36.0,2.0,0.05555555555555555,1.0,12.0,0.0,0.0,0.0,3.0,0.0,0.0,0.0,1
2024-10-29,0.0,0.0,0.0,0.0,0.0,0.0,0.0,0.0,0.0,0.01,0.0,0.0,0.0,0.0,0.0,0.0,0,0.0,66,6.0,1.0,2.0,0.16666666666666666,1.0,1.0,0.0,1.0,6.0,1.0,0.16666666666666666,1.0,,,,,,,,,1
2024-10-30,0.0,0.0,0.0,0.0,0.0,0.0,0.0,0.0,0.0,0.01,0.0,0.0,0.0,0.0,0.0,0.0,0,0.0,67,3.0,0.0,1.0,0.0,0.0,0.0,0.0,0.0,3.0,0.0,0.0,0.0,,,,,,,,,1
2024-10-31,0.11,0.0,0.055,0.11,0.05499999999999978,0.054999999999999334,0.054999999999999334,0.055,0.055,0.065,0.0,0.0,0.0,0.0,0.0,0.011811520551307587,0,0.055,0,,,,,,,,,,,,,,,,,,,,,0
2024-11-01,0.02,0.02,0.02,0.02,0.07499999999999978,0.07499999999999933,0.07499999999999933,0.075,0.075,0.085,0.055,0.0,0.0,0.0,0.0,0.013669908456538505,0,0.055,1,,,,,,,,,,,,,,,,,,,,,0
2024-11-02,0.01,0.01,0.01,0.01,0.029999999999999777,0.08499999999999934,0.08499999999999934,0.085,0.085,0.095,0.02,0.055,0.0,0.0,0.0,0.01299736272325594,0,0.055,2,,,,,,,,,,,,,,,,,,,,,0
2024-11-03,0.0,0.0,0.0,0.0,0.009999999999999778,0.029999999999999333,0.08499999999999934,0.085,0.085,0.095,0.01,0.02,0.055,0.0,0.0,0.010316013629854369,0,0.02,3,,,,,,,,,,,,,,,,,,,,,0
2024-11-04,0.0,0.0,0.0,0.0,0.0,0.009999999999999334,0.08499999999999934,0.085,0.085,0.095,0.0,0.01,0.02,0.0,0.0,0.008187825444074554,0,0.01,4,51.0,2.0,17.0,0.0392156862745098,1.0,1.0,0.0,1.0,36.0,2.0,0.05555555555555555,1.0,12.0,0.0,0.0,0.0,3.0,0.0,0.0,0.0,1
2024-11-05,0.0,0.0,0.0,0.0,0.0,0.0,0.029999999999999333,0.085,0.085,0.095,0.0,0.0,0.01,0.055,0.0,0.00649868136162797,0,0.0,5,3.0,0.0,1.0,0.0,0.0,0.0,0.0,0.0,3.0,0.0,0.0,0.0,,,,,,,,,1
2024-11-06,0.0,0.0,0.0,0.0,0.0,0.0,0.009999999999999334,0.085,0.085,0.095,0.0,0.0,0.0,0.02,0.0,0.0051580068149271845,0,0.0,6,,,,,,,,,,,,,,,,,,,,,0
2024-11-07,0.0,0.0,0.0,0.0,0.0,0.0,0.0,0.03,0.085,0.095,0.0,0.0,0.0,0.01,0.055,0.004093912722037277,0,0.0,7,,,,,,,,,,,,,,,,,,,,,0
2024-11-08,0.0,0.0,0.0,0.0,0.0,0.0,0.0,0.01,0.085,0.095,0.0,0.0,0.0,0.0,0.02,0.003249340680813985,0,0.0,8,,,,,,,,,,,,,,,,,,,,,0
2024-11-09,0.0,0.0,0.0,0.0,0.0,0.0,0.0,0.0,0.085,0.095,0.0,0.0,0.0,0.0,0.01,0.0025790034074635927,0,0.0,9,,,,,,,,,,,,,,,,,,,,,0
2024-11-10,0.0,0.0,0.0,0.0,0.0,0.0,0.0,0.0,0.085,0.095,0.0,0.0,0.0,0.0,0.0,0.002046956361018639,0,0.0,10,,,,,,,,,,,,,,,,,,,,,0
2024-11-11,0.41,0.43,0.42,0.43,0.41999999999999976,0.4199999999999993,0.4199999999999993,0.42,0.505,0.51,0.0,0.0,0.0,0.0,0.0,0.09182173636857403,0,0.42,0,,,,,,,,,,,,,,,,,,,,,0
2024-11-12,0.0,0.0,0.0,0.0,0.41999999999999976,0.4199999999999993,0.4199999999999993,0.42,0.505,0.5049999999999999,0.42,0.0,0.0,0.0,0.0,0.07287896045251055,1,0.42,1,51.0,3.0,17.0,0.058823529411764705,2.0,2.0,0.0,1.0,36.0,2.0,0.05555555555555555,1.0,12.0,1.0,0.08333333333333333,1.0,3.0,0.0,0.0,0.0,1
2024-11-13,0.0,0.0,0.0,0.0,0.0,0.4199999999999993,0.4199999999999993,0.42,0.505,0.5049999999999999,0.0,0.42,0.0,0.0,0.0,0.05784406924433203,1,0.42,2,6.0,2.0,2.0,0.3333333333333333,1.0,1.0,0.0,1.0,3.0,2.0,0.6666666666666666,1.0,3.0,0.0,0.0,0.0,,,,,1
2024-11-14,0.01,0.06,0.034999999999999996,0.06,0.034999999999999774,0.03499999999999933,0.4549999999999993,0.45499999999999996,0.485,0.5399999999999999,0.0,0.0,0.42,0.0,0.0,0.052962240872867855,1,0.034999999999999996,3,3.0,0.0,1.0,0.0,0.0,0.0,0.0,0.0,3.0,0.0,0.0,0.0,,,,,,,,,1
2024-11-15,0.0,0.0,0.0,0.0,0.034999999999999774,0.03499999999999933,0.4549999999999993,0.45499999999999996,0.46499999999999997,0.5399999999999999,0.034999999999999996,0.0,0.0,0.0,0.0,0.04186704953611614,0,0.034999999999999996,4,,,,,,,,,,,,,,,,,,,,,0
2024-11-16,0.0,0.0,0.0,0.0,0.0,0.03499999999999933,0.03499999999999933,0.45499999999999996,0.45499999999999996,0.5399999999999999,0.0,0.034999999999999996,0.0,0.42,0.0,0.03314534478722991,0,0.034999999999999996,5,,,,,,,,,,,,,,,,,,,,,0
2024-11-17,0.0,0.0,0.0,0.0,0.0,0.0,0.03499999999999933,0.45499999999999996,0.45499999999999996,0.5399999999999999,0.0,0.0,0.034999999999999996,0.0,0.0,0.02630747759154872,0,0.0,6,,,,,,,,,,,,,,,,,,,,,0
2024-11-18,0.0,0.0,0.0,0.0,0.0,0.0,0.03499999999999933,0.034999999999999996,0.45499999999999996,0.5399999999999999,0.0,0.0,0.0,0.0,0.42,0.020880258801727135,0,0.0,7,51.0,0.0,17.0,0.0,0.0,0.0,0.0,0.0,36.0,0.0,0.0,0.0,12.0,0.0,0.0,0.0,3.0,0.0,0.0,0.0,1
2024-11-19,0.0,0.55,0.275,0.55,0.2749999999999998,0.27499999999999936,0.27499999999999936,0.31,0.73,0.815,0.0,0.0,0.0,0.034999999999999996,0.0,0.0756302751501529,0,0.275,0,,,,,,,,,,,,,,,,,,,,,0
2024-11-20,0.39,0.5,0.445,0.5,0.7199999999999998,0.7199999999999993,0.7199999999999993,0.755,1.175,1.26,0.275,0.0,0.0,0.0,0.0,0.15559372817303266,1,0.445,0,,,,,,,,,,,,,,,,,,,,,0
2024-11-21,0.38,2.47,1.425,2.47,1.8699999999999997,2.1449999999999996,2.1449999999999996,2.145,2.6,2.685,0.445,0.275,0.0,0.0,0.034999999999999996,0.42952058362918694,1,1.425,0,,,,,,,,,,,,,,,,,,,,,0
2024-11-22,2.97,0.03,1.5,2.97,2.925,3.369999999999999,3.6449999999999996,3.645,4.1,4.1850000000000005,1.425,0.445,0.275,0.0,0.0,0.6630430918195084,1,1.5,0,48.0,34.0,16.0,0.7083333333333334,15.0,3.0,1.0,1.0,33.0,27.0,0.8181818181818182,1.0,12.0,4.0,0.3333333333333333,1.0,3.0,3.0,1.0,1.0,1
2024-11-23,0.03,0.0,0.015,0.03,1.5149999999999997,2.939999999999999,3.6599999999999993,3.66,4.115,4.2,1.5,1.425,0.445,0.0,0.0,0.5294789745139877,1,1.5,1,60.0,24.0,20.0,0.4,14.0,3.0,1.0,1.0,45.0,19.0,0.4222222222222222,1.0,12.0,2.0,0.16666666666666666,1.0,3.0,3.0,1.0,1.0,1
2024-11-24,0.0,0.24,0.12,0.24,0.1349999999999998,1.6349999999999993,3.5049999999999994,3.78,4.235,4.32,0.015,1.5,1.425,0.275,0.0,0.44601833086303583,1,1.5,0,42.0,10.0,14.0,0.23809523809523808,5.0,2.0,1.0,1.0,33.0,7.0,0.21212121212121213,1.0,6.0,0.0,0.0,0.0,3.0,3.0,1.0,1.0,1
2024-11-25,0.24,0.04,0.13999999999999999,0.24,0.25999999999999973,0.2749999999999993,3.1999999999999993,3.92,3.955,4.46,0.12,0.015,1.5,0.445,0.0,0.3805193855391085,1,0.13999999999999999,0,54.0,9.0,18.0,0.16666666666666666,4.0,2.0,1.0,1.0,39.0,6.0,0.15384615384615385,1.0,12.0,0.0,0.0,0.0,3.0,3.0,1.0,1.0,1
2024-11-26,0.1,0.0,0.05,0.1,0.18999999999999972,0.3099999999999993,1.8249999999999993,3.6950000000000003,4.005,4.51,0.13999999999999999,0.12,0.015,1.425,0.275,0.3127561824052711,1,0.13999999999999999,0,12.0,6.0,4.0,0.5,3.0,2.0,1.0,1.0,9.0,4.0,0.4444444444444444,1.0,,,,,3.0,2.0,0.6666666666666666,1.0,1
2024-11-27,0.0,0.0,0.0,0.0,0.04999999999999975,0.18999999999999928,0.3249999999999993,3.25,4.005,4.51,0.05,0.13999999999999999,0.12,1.5,0.445,0.24823474647984267,1,0.13999999999999999,1,9.0,3.0,3.0,0.3333333333333333,1.0,1.0,0.0,1.0,6.0,3.0,0.5,1.0,,,,,3.0,0.0,0.0,0.0,1
2024-11-28,0.0,0.0,0.0,0.0,0.0,0.04999999999999934,0.3099999999999993,1.825,3.97,4.51,0.0,0.05,0.13999999999999999,0.015,1.425,0.19672810827012335,1,0.05,2,3.0,0.0,1.0,0.0,0.0,0.0,0.0,0.0,3.0,0.0,0.0,0.0,,,,,,,,,1
2024-11-29,0.0,0.0,0.0,0.0,0.0,0.0,0.18999999999999928,0.32499999999999996,3.97,4.51,0.0,0.0,0.05,0.12,1.5,0.15614320300985385,0,0.0,3,,,,,,,,,,,,,,,,,,,,,0
2024-11-30,0.0,0.0,0.0,0.0,0.0,0.0,0.04999999999999934,0.30999999999999994,3.97,4.455,0.0,0.0,0.0,0.13999999999999999,0.015,0.12393094235776307,0,0.0,4,,,,,,,,,,,,,,,,,,,,,0
2024-12-01,0.0,0.0,0.0,0.0,0.0,0.0,0.0,0.18999999999999995,3.97,4.435,0.0,0.0,0.0,0.05,0.12,0.09836405413506169,0,0.0,5,,,,,,,,,,,,,,,,,,,,,0
2024-12-02,0.0,0.0,0.0,0.0,0.0,0.0,0.0,0.05,3.97,4.425,0.0,0.0,0.0,0.0,0.13999999999999999,0.07807160150492692,0,0.0,6,51.0,1.0,17.0,0.0196078431372549,1.0,1.0,0.0,1.0,36.0,1.0,0.027777777777777776,1.0,12.0,0.0,0.0,0.0,3.0,0.0,0.0,0.0,1
2024-12-03,0.0,0.0,0.0,0.0,0.0,0.0,0.0,0.0,3.6950000000000003,4.425,0.0,0.0,0.0,0.0,0.05,0.05964022377671616,0,0.0,7,3.0,0.0,1.0,0.0,0.0,0.0,0.0,0.0,3.0,0.0,0.0,0.0,,,,,,,,,1
2024-12-04,0.0,0.0,0.0,0.0,0.0,0.0,0.0,0.0,3.2500000000000004,4.425,0.0,0.0,0.0,0.0,0.0,0.043573803912430535,0,0.0,8,,,,,,,,,,,,,,,,,,,,,0
2024-12-05,0.0,0.0,0.0,0.0,0.0,0.0,0.0,0.0,1.825,4.425,0.0,0.0,0.0,0.0,0.0,0.022535541818658165,0,0.0,9,,,,,,,,,,,,,,,,,,,,,0
2024-12-06,0.0,0.0,0.0,0.0,0.0,0.0,0.0,0.0,0.32499999999999996,4.425,0.0,0.0,0.0,0.0,0.0,0.005203303746630946,0,0.0,10,,,,,,,,,,,,,,,,,,,,,0
2024-12-07,0.0,0.0,0.0,0.0,0.0,0.0,0.0,0.0,0.30999999999999994,4.425,0.0,0.0,0.0,0.0,0.0,0.004003033244074272,0,0.0,11,,,,,,,,,,,,,,,,,,,,,0
2024-12-08,0.0,0.0,0.0,0.0,0.0,0.0,0.0,0.0,0.18999999999999995,4.425,0.0,0.0,0.0,0.0,0.0,0.0021625561794996096,0,0.0,12,,,,,,,,,,,,,,,,,,,,,0
2024-12-09,0.0,0.0,0.0,0.0,0.0,0.0,0.0,0.0,0.05,4.425,0.0,0.0,0.0,0.0,0.0,0.000532659663309366,0,0.0,13,51.0,1.0,17.0,0.0196078431372549,1.0,1.0,0.0,1.0,36.0,1.0,0.027777777777777776,1.0,12.0,0.0,0.0,0.0,3.0,0.0,0.0,0.0,1
2024-12-10,0.0,0.0,0.0,0.0,0.0,0.0,0.0,0.0,0.0,4.425,0.0,0.0,0.0,0.0,0.0,0.0,0,0.0,14,3.0,0.0,1.0,0.0,0.0,0.0,0.0,0.0,3.0,0.0,0.0,0.0,,,,,,,,,1
2024-12-11,0.0,0.0,0.0,0.0,0.0,0.0,0.0,0.0,0.0,4.005,0.0,0.0,0.0,0.0,0.0,0.0,0,0.0,15,,,,,,,,,,,,,,,,,,,,,0
2024-12-12,0.96,0.67,0.815,0.96,0.8149999999999997,0.8149999999999993,0.8149999999999993,0.815,0.815,4.82,0.0,0.0,0.0,0.0,0.0,0.17502525907846697,0,0.815,0,9.0,4.0,3.0,0.4444444444444444,2.0,2.0,0.0,1.0,6.0,1.0,0.16666666666666666,1.0,,,,,3.0,3.0,1.0,1.0,1
2024-12-13,0.2,0.38,0.29000000000000004,0.38,1.1049999999999998,1.1049999999999993,1.1049999999999993,1.105,1.105,5.11,0.815,0.0,0.0,0.0,0.0,0.20119656673434078,1,0.815,0,9.0,3.0,3.0,0.3333333333333333,1.0,1.0,0.0,1.0,6.0,0.0,0.0,0.0,,,,,3.0,3.0,1.0,1.0,1
2024-12-14,1.42,1.44,1.43,1.44,1.7199999999999998,2.5349999999999993,2.5349999999999993,2.535,2.535,6.505,0.29000000000000004,0.815,0.0,0.0,0.0,0.4667893551772386,1,1.43,0,51.0,22.0,17.0,0.43137254901960786,14.0,3.0,1.0,1.0,36.0,15.0,0.4166666666666667,1.0,12.0,4.0,0.3333333333333333,1.0,3.0,3.0,1.0,1.0,1
2024-12-15,0.0,0.0,0.0,0.0,1.4299999999999997,1.7199999999999993,2.5349999999999993,2.535,2.535,6.505,1.43,0.29000000000000004,0.815,0.0,0.0,0.37049095672795296,1,1.43,1,42.0,5.0,14.0,0.11904761904761904,3.0,3.0,1.0,1.0,27.0,1.0,0.037037037037037035,1.0,12.0,1.0,0.08333333333333333,1.0,3.0,3.0,1.0,1.0,1
2024-12-16,0.73,0.59,0.6599999999999999,0.73,0.6599999999999997,2.089999999999999,3.1949999999999994,3.195,3.195,7.165,0.0,1.43,0.29000000000000004,0.0,0.0,0.43579711384301967,1,1.43,0,57.0,14.0,17.0,0.24561403508771928,7.0,3.0,1.0,1.0,42.0,10.0,0.23809523809523808,1.0,12.0,1.0,0.08333333333333333,1.0,3.0,3.0,1.0,1.0,1
2024-12-17,0.0,0.0,0.0,0.0,0.6599999999999997,0.6599999999999993,2.379999999999999,3.195,3.195,7.165,0.6599999999999999,0.0,1.43,0.815,0.0,0.3458923984795573,1,0.6599999999999999,1,21.0,7.0,7.0,0.3333333333333333,3.0,2.0,1.0,1.0,15.0,4.0,0.26666666666666666,1.0,3.0,0.0,0.0,0.0,3.0,3.0,1.0,1.0,1
2024-12-18,0.0,0.0,0.0,0.0,0.0,0.6599999999999993,2.089999999999999,3.195,3.195,7.165,0.0,0.6599999999999999,0.0,0.29000000000000004,0.0,0.27453497860712645,1,0.6599999999999999,2,9.0,6.0,3.0,0.6666666666666666,3.0,2.0,1.0,1.0,6.0,4.0,0.6666666666666666,1.0,,,,,3.0,2.0,0.6666666666666666,1.0,1
2024-12-19,0.0,0.0,0.0,0.0,0.0,0.0,0.6599999999999993,2.38,3.195,6.89,0.0,0.0,0.6599999999999999,1.43,0.815,0.21789855692150983,1,0.0,3,9.0,3.0,3.0,0.3333333333333333,2.0,1.0,0.0,1.0,6.0,3.0,0.5,1.0,,,,,3.0,0.0,0.0,0.0,1
2024-12-20,0.0,0.0,0.0,0.0,0.0,0.0,0.6599999999999993,2.09,3.195,6.445,0.0,0.0,0.0,0.0,0.29000000000000004,0.17294619923977864,0,0.0,4,6.0,1.0,2.0,0.16666666666666666,1.0,1.0,0.0,1.0,6.0,1.0,0.16666666666666666,1.0,,,,,,,,,1
2024-12-21,0.19,0.09,0.14,0.19,0.1399999999999998,0.13999999999999935,0.13999999999999935,0.7999999999999999,3.335,5.159999999999999,0.0,0.0,0.0,0.6599999999999999,1.43,0.16733317797961889,0,0.14,0,3.0,1.0,1.0,0.3333333333333333,1.0,1.0,0.0,1.0,3.0,1.0,0.3333333333333333,1.0,,,,,,,,,1
2024-12-22,0.28,0.47,0.375,0.47,0.5149999999999998,0.5149999999999993,0.5149999999999993,1.1749999999999998,3.71,4.035,0.14,0.0,0.0,0.0,0.0,0.21334552604502077,1,0.375,0,3.0,1.0,1.0,0.3333333333333333,1.0,1.0,0.0,1.0,3.0,1.0,0.3333333333333333,1.0,,,,,,,,,1
2024-12-23,0.14,0.14,0.14,0.14,0.5149999999999998,0.6549999999999994,0.6549999999999994,0.655,3.8499999999999996,4.16,0.375,0.14,0.0,0.0,0.6599999999999999,0.19939814491434316,1,0.375,0,51.0,6.0,17.0,0.11764705882352941,6.0,2.0,1.0,1.0,36.0,5.0,0.1388888888888889,1.0,12.0,0.0,0.0,0.0,3.0,1.0,0.3333333333333333,1.0,1
2024-12-24,0.4,0.57,0.485,0.57,0.6249999999999998,0.9999999999999993,1.1399999999999992,1.1400000000000001,4.335,4.525,0.14,0.375,0.14,0.0,0.0,0.2624185482693893,1,0.485,0,18.0,2.0,6.0,0.1111111111111111,2.0,1.0,0.0,1.0,15.0,2.0,0.13333333333333333,1.0,,,,,3.0,0.0,0.0,0.0,1
2024-12-25,0.0,0.0,0.0,0.0,0.48499999999999976,0.6249999999999993,1.1399999999999992,1.1400000000000001,4.335,4.385,0.485,0.14,0.375,0.0,0.0,0.20828173978939818,1,0.485,1,6.0,0.0,2.0,0.0,0.0,0.0,0.0,0.0,6.0,0.0,0.0,0.0,,,,,,,,,1
2024-12-26,0.42,0.42,0.42,0.42,0.41999999999999976,0.9049999999999994,1.4199999999999993,1.56,3.94,4.755,0.0,0.485,0.14,0.14,0.0,0.24861920469638749,1,0.485,0,,,,,,,,,,,,,,,,,,,,,0
2024-12-27,0.34,0.24,0.29000000000000004,0.34,0.7099999999999997,0.7099999999999993,1.3349999999999993,1.85,3.94,5.045,0.42,0.0,0.485,0.375,0.0,0.25715604100188244,1,0.42,0,6.0,1.0,2.0,0.16666666666666666,1.0,1.0,0.0,1.0,6.0,1.0,0.16666666666666666,1.0,,,,,,,,,1
2024-12-28,0.11,0.01,0.06,0.11,0.3499999999999998,0.7699999999999994,1.2549999999999994,1.77,2.57,5.1049999999999995,0.29000000000000004,0.42,0.0,0.14,0.14,0.20489889365880393,1,0.42,0,3.0,0.0,1.0,0.0,0.0,0.0,0.0,0.0,3.0,0.0,0.0,0.0,,,,,,,,,1
2024-12-29,0.34,0.56,0.45000000000000007,0.56,0.5099999999999998,0.7999999999999994,1.2199999999999993,1.845,3.0200000000000005,5.555,0.06,0.29000000000000004,0.42,0.485,0.375,0.25926807327216034,1,0.45000000000000007,0,,,,,,,,,,,,,,,,,,,,,0
2024-12-30,0.0,0.0,0.0,0.0,0.44999999999999984,0.5099999999999993,1.2199999999999993,1.705,2.3600000000000003,5.555,0.45000000000000007,0.06,0.29000000000000004,0.0,0.14,0.20020061236180092,1,0.45000000000000007,1,51.0,2.0,17.0,0.0392156862745098,1.0,1.0,0.0,1.0,36.0,0.0,0.0,0.0,12.0,0.0,0.0,0.0,3.0,2.0,0.6666666666666666,1.0,1
2024-12-31,0.0,0.0,0.0,0.0,0.0,0.4499999999999994,0.7999999999999995,1.2200000000000002,2.3600000000000003,5.555,0.0,0.45000000000000007,0.06,0.42,0.485,0.15889933133390025,1,0.45000000000000007,2,3.0,0.0,1.0,0.0,0.0,0.0,0.0,0.0,,,,,,,,,3.0,0.0,0.0,0.0,1
2025-01-01,0.0,0.0,0.0,0.0,0.0,0.0,0.5099999999999993,1.2200000000000002,2.3600000000000003,5.555,0.0,0.0,0.45000000000000007,0.29000000000000004,0.0,0.12611848285823835,1,0.0,3,,,,,,,,,,,,,,,,,,,,,0
2025-01-02,0.0,0.0,0.0,0.0,0.0,0.0,0.4499999999999994,0.8,2.3600000000000003,5.555,0.0,0.0,0.0,0.06,0.42,0.10010030618090046,0,0.0,4,,,,,,,,,,,,,,,,,,,,,0
2025-01-03,0.18,0.18,0.18,0.18,0.17999999999999977,0.17999999999999933,0.17999999999999933,0.69,2.54,5.734999999999999,0.0,0.0,0.0,0.45000000000000007,0.29000000000000004,0.11810555110759313,0,0.18,0,,,,,,,,,,,,,,,,,,,,,0
2025-01-04,0.0,0.0,0.0,0.0,0.17999999999999977,0.17999999999999933,0.17999999999999933,0.6300000000000001,2.4,5.734999999999999,0.18,0.0,0.0,0.0,0.06,0.09255667572190901,1,0.18,1,,,,,,,,,,,,,,,,,,,,,0
2025-01-05,0.0,0.0,0.0,0.0,0.0,0.17999999999999933,0.17999999999999933,0.18,2.025,5.734999999999999,0.0,0.18,0.0,0.0,0.45000000000000007,0.07029149029177525,1,0.18,2,,,,,,,,,,,,,,,,,,,,,0
2025-01-06,0.01,0.0,0.005,0.01,0.004999999999999778,0.004999999999999334,0.18499999999999933,0.185,1.8900000000000001,5.739999999999999,0.0,0.0,0.18,0.0,0.0,0.05568040509853203,1,0.005,3,51.0,0.0,17.0,0.0,0.0,0.0,0.0,0.0,36.0,0.0,0.0,0.0,12.0,0.0,0.0,0.0,3.0,0.0,0.0,0.0,1
2025-01-07,0.0,0.0,0.0,0.0,0.004999999999999778,0.004999999999999334,0.18499999999999933,0.185,1.4050000000000002,5.739999999999999,0.005,0.0,0.0,0.0,0.0,0.0400926759408028,0,0.005,4,,,,,,,,,,,,,,,,,,,,,0
2025-01-08,0.0,0.0,0.0,0.0,0.0,0.004999999999999334,0.004999999999999334,0.185,1.4050000000000002,5.739999999999999,0.0,0.005,0.0,0.18,0.0,0.031821577982325246,0,0.005,5,,,,,,,,,,,,,,,,,,,,,0
2025-01-09,0.0,0.0,0.0,0.0,0.0,0.0,0.004999999999999334,0.185,0.985,5.739999999999999,0.0,0.0,0.005,0.0,0.0,0.021705516240726676,0,0.0,6,,,,,,,,,,,,,,,,,,,,,0
2025-01-10,0.0,0.0,0.0,0.0,0.0,0.0,0.004999999999999334,0.005,0.6950000000000001,5.739999999999999,0.0,0.0,0.0,0.0,0.18,0.014775600578374069,0,0.0,7,,,,,,,,,,,,,,,,,,,,,0
2025-01-11,0.0,0.0,0.0,0.0,0.0,0.0,0.0,0.005,0.635,4.925,0.0,0.0,0.0,0.005,0.0,0.011220075244859481,0,0.0,8,,,,,,,,,,,,,,,,,,,,,0
2025-01-12,0.0,0.0,0.0,0.0,0.0,0.0,0.0,0.005,0.185,4.635,0.0,0.0,0.0,0.0,0.0,0.005100429328973732,0,0.0,9,,,,,,,,,,,,,,,,,,,,,0
2025-01-13,0.0,0.0,0.0,0.0,0.0,0.0,0.0,0.0,0.185,3.205,0.0,0.0,0.0,0.0,0.005,0.004048213441151179,0,0.0,10,30.0,1.0,10.0,0.03333333333333333,1.0,1.0,0.0,1.0,15.0,1.0,0.06666666666666667,1.0,12.0,0.0,0.0,0.0,3.0,0.0,0.0,0.0,1
2025-01-14,0.0,0.0,0.0,0.0,0.0,0.0,0.0,0.0,0.185,3.205,0.0,0.0,0.0,0.0,0.0,0.003213069137537594,0,0.0,11,16.0,0.0,8.0,0.0,0.0,0.0,0.0,0.0,16.0,0.0,0.0,0.0,,,,,,,,,1
2025-01-15,0.0,0.0,0.0,0.0,0.0,0.0,0.0,0.0,0.185,2.545,0.0,0.0,0.0,0.0,0.0,0.0025502146644868656,0,0.0,12,24.0,1.0,8.0,0.041666666666666664,1.0,1.0,0.0,1.0,24.0,1.0,0.041666666666666664,1.0,,,,,,,,,1
2025-01-16,0.0,0.0,0.0,0.0,0.0,0.0,0.0,0.0,0.185,2.545,0.0,0.0,0.0,0.0,0.0,0.00202410672057559,0,0.0,13,3.0,0.0,1.0,0.0,0.0,0.0,0.0,0.0,3.0,0.0,0.0,0.0,,,,,,,,,1
2025-01-17,0.0,0.0,0.0,0.0,0.0,0.0,0.0,0.0,0.005,2.545,0.0,0.0,0.0,0.0,0.0,8.455445098783142e-05,0,0.0,14,,,,,,,,,,,,,,,,,,,,,0
2025-01-18,0.0,0.0,0.0,0.0,0.0,0.0,0.0,0.0,0.005,2.545,0.0,0.0,0.0,0.0,0.0,6.711091222333857e-05,0,0.0,15,,,,,,,,,,,,,,,,,,,,,0
2025-01-19,0.0,0.0,0.0,0.0,0.0,0.0,0.0,0.0,0.005,2.545,0.0,0.0,0.0,0.0,0.0,5.326596633093659e-05,0,0.0,16,,,,,,,,,,,,,,,,,,,,,0
2025-01-20,0.0,0.0,0.0,0.0,0.0,0.0,0.0,0.0,0.0,2.4050000000000002,0.0,0.0,0.0,0.0,0.0,0.0,0,0.0,17,,,,,,,,,,,,,,,,,,,,,0
2025-01-21,0.0,0.0,0.0,0.0,0.0,0.0,0.0,0.0,0.0,2.0300000000000002,0.0,0.0,0.0,0.0,0.0,0.0,0,0.0,18,51.0,0.0,17.0,0.0,0.0,0.0,0.0,0.0,36.0,0.0,0.0,0.0,12.0,0.0,0.0,0.0,3.0,0.0,0.0,0.0,1
2025-01-22,0.0,0.0,0.0,0.0,0.0,0.0,0.0,0.0,0.0,1.8900000000000001,0.0,0.0,0.0,0.0,0.0,0.0,0,0.0,19,,,,,,,,,,,,,,,,,,,,,0
2025-01-23,0.0,0.0,0.0,0.0,0.0,0.0,0.0,0.0,0.0,1.4050000000000002,0.0,0.0,0.0,0.0,0.0,0.0,0,0.0,20,,,,,,,,,,,,,,,,,,,,,0
2025-01-24,0.0,0.0,0.0,0.0,0.0,0.0,0.0,0.0,0.0,1.4050000000000002,0.0,0.0,0.0,0.0,0.0,0.0,0,0.0,21,,,,,,,,,,,,,,,,,,,,,0
2025-01-25,0.0,0.0,0.0,0.0,0.0,0.0,0.0,0.0,0.0,0.985,0.0,0.0,0.0,0.0,0.0,0.0,0,0.0,22,,,,,,,,,,,,,,,,,,,,,0
2025-01-26,0.0,0.0,0.0,0.0,0.0,0.0,0.0,0.0,0.0,0.6950000000000001,0.0,0.0,0.0,0.0,0.0,0.0,0,0.0,23,,,,,,,,,,,,,,,,,,,,,0
2025-01-27,0.0,0.0,0.0,0.0,0.0,0.0,0.0,0.0,0.0,0.635,0.0,0.0,0.0,0.0,0.0,0.0,0,0.0,24,51.0,0.0,17.0,0.0,0.0,0.0,0.0,0.0,36.0,0.0,0.0,0.0,12.0,0.0,0.0,0.0,3.0,0.0,0.0,0.0,1
2025-01-28,0.0,0.0,0.0,0.0,0.0,0.0,0.0,0.0,0.0,0.185,0.0,0.0,0.0,0.0,0.0,0.0,0,0.0,25,,,,,,,,,,,,,,,,,,,,,0
2025-01-29,0.0,0.0,0.0,0.0,0.0,0.0,0.0,0.0,0.0,0.185,0.0,0.0,0.0,0.0,0.0,0.0,0,0.0,26,,,,,,,,,,,,,,,,,,,,,0
2025-01-30,0.0,0.0,0.0,0.0,0.0,0.0,0.0,0.0,0.0,0.185,0.0,0.0,0.0,0.0,0.0,0.0,0,0.0,27,,,,,,,,,,,,,,,,,,,,,0
2025-01-31,0.31,0.12,0.215,0.31,0.21499999999999977,0.21499999999999933,0.21499999999999933,0.215,0.215,0.4,0.0,0.0,0.0,0.0,0.0,0.04617230760965693,0,0.215,0,,,,,,,,,,,,,,,,,,,,,0
2025-02-01,0.6,0.39,0.495,0.6,0.7099999999999997,0.7099999999999993,0.7099999999999993,0.71,0.71,0.895,0.215,0.0,0.0,0.0,0.0,0.14295066979745263,1,0.495,0,,,,,,,,,,,,,,,,,,,,,0
2025-02-02,0.17,0.32,0.245,0.32,0.7399999999999998,0.9549999999999993,0.9549999999999993,0.955,0.955,0.9600000000000001,0.495,0.215,0.0,0.0,0.0,0.16607497699111498,1,0.495,0,,,,,,,,,,,,,,,,,,,,,0
2025-02-03,0.13,0.36,0.245,0.36,0.49,0.9849999999999993,1.1999999999999993,1.2,1.2,1.205,0.245,0.495,0.215,0.0,0.0,0.18442875177374266,1,0.495,0,51.0,4.0,17.0,0.0784313725490196,2.0,2.0,0.0,1.0,36.0,2.0,0.05555555555555555,1.0,12.0,0.0,0.0,0.0,3.0,2.0,0.6666666666666666,1.0,1
2025-02-04,2.89,2.67,2.7800000000000002,2.89,3.025,3.2699999999999996,3.9799999999999995,3.9800000000000004,3.9800000000000004,3.9850000000000003,0.245,0.245,0.495,0.0,0.0,0.7433998724282305,1,2.7800000000000002,0,57.0,39.0,19.0,0.6842105263157895,16.0,3.0,1.0,1.0,42.0,30.0,0.7142857142857143,1.0,12.0,6.0,0.5,1.0,3.0,3.0,1.0,1.0,1
2025-02-05,0.0,0.0,0.0,0.0,2.78,3.0249999999999995,3.7649999999999997,3.9800000000000004,3.9800000000000004,3.9800000000000004,2.7800000000000002,0.245,0.245,0.215,0.0,0.5900368697627991,1,2.7800000000000002,1,51.0,11.0,17.0,0.21568627450980393,6.0,2.0,1.0,1.0,39.0,8.0,0.20512820512820512,1.0,9.0,0.0,0.0,0.0,3.0,3.0,1.0,1.0,1
2025-02-06,0.58,0.7,0.6399999999999999,0.7,0.6399999999999995,3.419999999999999,3.9099999999999993,4.62,4.62,4.62,0.0,2.7800000000000002,0.245,0.495,0.0,0.6057557221141427,1,2.7800000000000002,0,18.0,8.0,6.0,0.4444444444444444,4.0,2.0,1.0,1.0,15.0,5.0,0.3333333333333333,1.0,,,,,3.0,3.0,1.0,1.0,1
2025-02-07,0.1,0.25,0.175,0.25,0.8149999999999995,0.8149999999999991,3.8399999999999994,4.58,4.795,4.795,0.6399999999999999,0.0,2.7800000000000002,0.245,0.215,0.5183707461049428,1,0.6399999999999999,0,9.0,6.0,3.0,0.6666666666666666,2.0,2.0,0.0,1.0,6.0,3.0,0.5,1.0,,,,,3.0,3.0,1.0,1.0,1
2025-02-08,0.0,0.0,0.0,0.0,0.17499999999999954,0.8149999999999991,3.5949999999999998,4.085,4.795,4.795,0.175,0.6399999999999999,0.0,0.245,0.495,0.4114311338382634,1,0.6399999999999999,1,9.0,0.0,3.0,0.0,0.0,0.0,0.0,0.0,6.0,0.0,0.0,0.0,,,,,3.0,0.0,0.0,0.0,1
2025-02-09,0.0,0.0,0.0,0.0,0.0,0.1749999999999991,0.8149999999999995,3.8400000000000003,4.795,4.795,0.0,0.175,0.6399999999999999,2.7800000000000002,0.245,0.32655310733366416,1,0.175,2,,,,,,,,,,,,,,,,,,,,,0
2025-02-10,0.0,0.0,0.0,0.0,0.0,0.0,0.8149999999999995,3.5950000000000006,4.795,4.795,0.0,0.0,0.175,0.0,0.245,0.2591853730524714,1,0.0,3,51.0,3.0,17.0,0.058823529411764705,2.0,1.0,0.0,1.0,36.0,3.0,0.08333333333333333,1.0,12.0,0.0,0.0,0.0,3.0,0.0,0.0,0.0,1
2025-02-11,0.02,0.01,0.015,0.02,0.014999999999999555,0.014999999999999111,0.18999999999999956,0.8300000000000003,4.8100000000000005,4.8100000000000005,0.0,0.0,0.0,0.6399999999999999,2.7800000000000002,0.20893689070585197,0,0.015,4,9.0,1.0,3.0,0.1111111111111111,1.0,1.0,0.0,1.0,6.0,1.0,0.16666666666666666,1.0,,,,,3.0,0.0,0.0,0.0,1
2025-02-12,0.23,0.31,0.27,0.31,0.2849999999999996,0.28499999999999914,0.2849999999999996,1.1000000000000003,5.08,5.08,0.015,0.0,0.0,0.175,0.0,0.22381714821168158,0,0.27,0,3.0,1.0,1.0,0.3333333333333333,1.0,1.0,0.0,1.0,3.0,1.0,0.3333333333333333,1.0,,,,,,,,,1
2025-02-13,1.91,1.66,1.785,1.91,2.0549999999999997,2.069999999999999,2.0699999999999994,2.245,6.865,6.865,0.27,0.015,0.0,0.0,0.6399999999999999,0.5609813188795828,1,1.785,0,45.0,16.0,15.0,0.35555555555555557,10.0,3.0,1.0,1.0,30.0,12.0,0.4,1.0,12.0,1.0,0.08333333333333333,1.0,3.0,3.0,1.0,1.0,1
2025-02-14,0.01,0.03,0.02,0.03,1.8049999999999995,2.074999999999999,2.0899999999999994,2.0900000000000003,6.67,6.885,1.785,0.27,0.015,0.0,0.175,0.4477283455480342,1,1.785,1,39.0,7.0,13.0,0.1794871794871795,3.0,2.0,1.0,1.0,24.0,4.0,0.16666666666666666,1.0,12.0,0.0,0.0,0.0,3.0,3.0,1.0,1.0,1
2025-02-15,0.0,0.0,0.0,0.0,0.019999999999999556,1.804999999999999,2.0899999999999994,2.0900000000000003,6.175,6.885,0.02,1.785,0.27,0.0,0.0,0.3511767780355678,1,1.785,2,12.0,4.0,4.0,0.3333333333333333,3.0,2.0,1.0,1.0,9.0,3.0,0.3333333333333333,1.0,,,,,3.0,1.0,0.3333333333333333,1.0,1
2025-02-16,0.0,0.0,0.0,0.0,0.0,0.019999999999999334,2.0749999999999993,2.0900000000000003,5.93,6.885,0.0,0.02,1.785,0.015,0.0,0.27665760939102974,1,0.02,3,9.0,2.0,3.0,0.2222222222222222,2.0,1.0,0.0,1.0,6.0,2.0,0.3333333333333333,1.0,,,,,3.0,0.0,0.0,0.0,1
2025-02-17,0.0,0.0,0.0,0.0,0.0,0.0,1.8049999999999995,2.0900000000000003,5.685,6.885,0.0,0.0,0.02,0.27,0.0,0.21751170604196204,0,0.0,4,6.0,0.0,2.0,0.0,0.0,0.0,0.0,0.0,6.0,0.0,0.0,0.0,,,,,,,,,1
2025-02-18,0.0,0.0,0.0,0.0,0.0,0.0,0.01999999999999978,2.075,2.905,6.885,0.0,0.0,0.0,1.785,0.015,0.14913301811858698,0,0.0,5,51.0,0.0,17.0,0.0,0.0,0.0,0.0,0.0,36.0,0.0,0.0,0.0,12.0,0.0,0.0,0.0,3.0,0.0,0.0,0.0,1
2025-02-19,0.04,0.0,0.02,0.04,0.019999999999999556,0.019999999999999334,0.01999999999999978,1.8250000000000004,2.925,6.905,0.0,0.0,0.0,0.02,0.27,0.12266205330461245,0,0.02,6,,,,,,,,,,,,,,,,,,,,,0
2025-02-20,0.0,0.01,0.005,0.01,0.024999999999999557,0.024999999999999335,0.02499999999999978,0.04500000000000044,2.29,6.91,0.02,0.0,0.0,0.0,1.785,0.09301922595851281,0,0.02,7,,,,,,,,,,,,,,,,,,,,,0
2025-02-21,0.0,0.0,0.0,0.0,0.004999999999999556,0.024999999999999335,0.02499999999999978,0.025000000000000445,2.1149999999999998,6.91,0.005,0.02,0.0,0.0,0.02,0.07234970567761838,0,0.02,8,,,,,,,,,,,,,,,,,,,,,0
2025-02-22,0.0,0.0,0.0,0.0,0.0,0.004999999999999334,0.02499999999999978,0.025000000000000445,2.1149999999999998,6.91,0.0,0.005,0.02,0.0,0.0,0.057423999451120526,0,0.005,9,,,,,,,,,,,,,,,,,,,,,0
2025-02-23,0.0,0.0,0.0,0.0,0.0,0.0,0.02499999999999978,0.025000000000000445,2.1149999999999998,6.91,0.0,0.0,0.005,0.0,0.0,0.04557745856846501,0,0.0,10,,,,,,,,,,,,,,,,,,,,,0
2025-02-24,0.01,0.0,0.005,0.01,0.004999999999999556,0.004999999999999334,0.009999999999999778,0.030000000000000443,2.1199999999999997,6.915,0.0,0.0,0.0,0.02,0.0,0.03724862743438261,0,0.005,11,51.0,2.0,17.0,0.0392156862745098,2.0,1.0,0.0,1.0,36.0,2.0,0.05555555555555555,1.0,12.0,0.0,0.0,0.0,3.0,0.0,0.0,0.0,1
2025-02-25,0.0,0.0,0.0,0.0,0.004999999999999556,0.004999999999999334,0.004999999999999778,0.030000000000000443,2.1049999999999995,6.915,0.005,0.0,0.0,0.005,0.0,0.029437423510373494,0,0.005,12,6.0,1.0,2.0,0.16666666666666666,1.0,1.0,0.0,1.0,6.0,1.0,0.16666666666666666,1.0,,,,,,,,,1
2025-02-26,0.0,0.0,0.0,0.0,0.0,0.004999999999999334,0.004999999999999778,0.010000000000000444,1.835,6.915,0.0,0.005,0.0,0.0,0.02,0.021081528347128706,0,0.005,13,3.0,0.0,1.0,0.0,0.0,0.0,0.0,0.0,3.0,0.0,0.0,0.0,,,,,,,,,1
2025-02-27,0.0,0.0,0.0,0.0,0.0,0.0,0.004999999999999778,0.005000000000000444,0.05,6.915,0.0,0.0,0.005,0.0,0.005,0.0016394506363368523,0,0.0,14,,,,,,,,,,,,,,,,,,,,,0
2025-02-28,0.0,0.0,0.0,0.0,0.0,0.0,0.004999999999999778,0.005000000000000444,0.03,6.915,0.0,0.0,0.0,0.0,0.0,0.001132123930409864,0,0.0,15,,,,,,,,,,,,,,,,,,,,,0
2025-03-01,0.04,0.0,0.02,0.04,0.019999999999999556,0.019999999999999334,0.01999999999999978,0.025000000000000445,0.05,6.9350000000000005,0.0,0.0,0.0,0.005,0.0,0.005193665741339164,0,0.02,16,,,,,,,,,,,,,,,,,,,,,0
2025-03-02,0.11,0.06,0.08499999999999999,0.11,0.10499999999999955,0.10499999999999933,0.10499999999999977,0.11000000000000043,0.135,6.805000000000001,0.02,0.0,0.0,0.0,0.0,0.02237638335543458,0,0.08499999999999999,0,,,,,,,,,,,,,,,,,,,,,0
2025-03-03,0.0,0.0,0.0,0.0,0.08499999999999955,0.10499999999999933,0.10499999999999977,0.10500000000000043,0.135,6.3100000000000005,0.08499999999999999,0.02,0.0,0.0,0.005,0.017760147238830282,1,0.08499999999999999,1,60.0,2.0,17.0,0.03333333333333333,2.0,1.0,0.0,1.0,41.0,2.0,0.04878048780487805,1.0,16.0,0.0,0.0,0.0,3.0,0.0,0.0,0.0,1
2025-03-04,0.0,0.0,0.0,0.0,0.0,0.08499999999999933,0.10499999999999977,0.10500000000000043,0.135,6.065,0.0,0.08499999999999999,0.02,0.0,0.0,0.014096238205014652,1,0.08499999999999999,2,6.0,0.0,2.0,0.0,0.0,0.0,0.0,0.0,6.0,0.0,0.0,0.0,,,,,,,,,1
2025-03-05,0.0,0.0,0.0,0.0,0.0,0.0,0.10499999999999977,0.10500000000000043,0.11499999999999999,5.82,0.0,0.0,0.08499999999999999,0.0,0.0,0.011019082775741628,0,0.0,3,,,,,,,,,,,,,,,,,,,,,0
2025-03-06,0.0,0.06,0.03,0.06,0.029999999999999555,0.029999999999999333,0.11499999999999977,0.13500000000000043,0.14,3.07,0.0,0.0,0.0,0.02,0.0,0.015146222142915049,0,0.03,4,,,,,,,,,,,,,,,,,,,,,0
2025-03-07,0.0,0.0,0.0,0.0,0.029999999999999555,0.029999999999999333,0.029999999999999777,0.13500000000000043,0.14,3.07,0.03,0.0,0.0,0.08499999999999999,0.0,0.012021564481503693,0,0.03,5,,,,,,,,,,,,,,,,,,,,,0
2025-03-08,0.0,0.0,0.0,0.0,0.0,0.029999999999999333,0.029999999999999777,0.11500000000000044,0.14,2.4299999999999997,0.0,0.03,0.0,0.0,0.02,0.009541522052121254,0,0.03,6,,,,,,,,,,,,,,,,,,,,,0
2025-03-09,0.0,0.0,0.0,0.0,0.0,0.0,0.029999999999999777,0.030000000000000443,0.14,2.255,0.0,0.0,0.03,0.0,0.08499999999999999,0.007573111071457524,0,0.0,7,,,,,,,,,,,,,,,,,,,,,0
2025-03-10,0.0,0.0,0.0,0.0,0.0,0.0,0.029999999999999777,0.030000000000000443,0.135,2.255,0.0,0.0,0.0,0.0,0.0,0.005968505015257932,0,0.0,8,51.0,2.0,17.0,0.0392156862745098,2.0,2.0,0.0,1.0,36.0,1.0,0.027777777777777776,1.0,12.0,0.0,0.0,0.0,3.0,1.0,0.3333333333333333,1.0,1
2025-03-11,0.0,0.0,0.0,0.0,0.0,0.0,0.0,0.030000000000000443,0.135,2.255,0.0,0.0,0.0,0.03,0.0,0.004737205569948957,0,0.0,9,6.0,0.0,2.0,0.0,0.0,0.0,0.0,0.0,3.0,0.0,0.0,0.0,,,,,3.0,0.0,0.0,0.0,1
2025-03-12,0.31,0.58,0.44499999999999995,0.58,0.4449999999999995,0.4449999999999993,0.44499999999999973,0.4750000000000004,0.58,2.6999999999999997,0.0,0.0,0.0,0.0,0.0,0.0993258615585974,0,0.44499999999999995,0,,,,,,,,,,,,,,,,,,,,,0
2025-03-13,0.17,0.08,0.125,0.17,0.5699999999999995,0.5699999999999993,0.5699999999999997,0.5700000000000004,0.705,2.8099999999999996,0.44499999999999995,0.0,0.0,0.0,0.03,0.10567935345221806,1,0.44499999999999995,0,,,,,,,,,,,,,,,,,,,,,0
2025-03-14,0.54,0.56,0.55,0.56,0.6749999999999996,1.1199999999999992,1.1199999999999997,1.1200000000000006,1.255,3.09,0.125,0.44499999999999995,0.0,0.0,0.0,0.20199296393376096,1,0.55,0,,,,,,,,,,,,,,,,,,,,,0
2025-03-15,0.0,0.0,0.0,0.0,0.5499999999999996,0.6749999999999994,1.1199999999999997,1.1200000000000006,1.2349999999999999,1.305,0.55,0.125,0.44499999999999995,0.0,0.0,0.1601528128173377,1,0.55,1,,,,,,,,,,,,,,,,,,,,,0
2025-03-16,0.19,0.25,0.22,0.25,0.21999999999999956,0.7699999999999994,1.3399999999999999,1.3400000000000005,1.37,1.505,0.0,0.55,0.125,0.0,0.0,0.17364074114278777,1,0.55,0,,,,,,,,,,,,,,,,,,,,,0
2025-03-17,0.1,0.14,0.12000000000000001,0.14,0.3399999999999996,0.33999999999999936,1.015,1.4600000000000004,1.49,1.625,0.22,0.0,0.55,0.44499999999999995,0.0,0.16358933787106159,1,0.22,0,51.0,1.0,17.0,0.0196078431372549,1.0,1.0,0.0,1.0,36.0,1.0,0.027777777777777776,1.0,12.0,0.0,0.0,0.0,3.0,0.0,0.0,0.0,1
2025-03-18,0.0,0.0,0.0,0.0,0.11999999999999957,0.33999999999999936,0.8899999999999998,1.4600000000000004,1.49,1.625,0.12000000000000001,0.22,0.0,0.125,0.0,0.1298409435136522,1,0.22,1,3.0,0.0,1.0,0.0,0.0,0.0,0.0,0.0,3.0,0.0,0.0,0.0,,,,,,,,,1
2025-03-19,0.0,0.0,0.0,0.0,0.0,0.11999999999999934,0.3399999999999998,1.0150000000000006,1.49,1.625,0.0,0.12000000000000001,0.22,0.55,0.44499999999999995,0.10305482516105752,1,0.12000000000000001,2,,,,,,,,,,,,,,,,,,,,,0
2025-03-20,0.0,0.0,0.0,0.0,0.0,0.0,0.3399999999999998,0.8900000000000005,1.46,1.625,0.0,0.0,0.12000000000000001,0.0,0.125,0.0815410055825673,1,0.0,3,,,,,,,,,,,,,,,,,,,,,0
2025-03-21,0.0,0.0,0.0,0.0,0.0,0.0,0.11999999999999979,0.34000000000000047,1.46,1.605,0.0,0.0,0.0,0.22,0.55,0.06471913902015608,0,0.0,4,,,,,,,,,,,,,,,,,,,,,0
2025-03-22,0.0,0.0,0.0,0.0,0.0,0.0,0.0,0.34000000000000047,1.46,1.6,0.0,0.0,0.0,0.12000000000000001,0.0,0.05136761468153595,0,0.0,5,,,,,,,,,,,,,,,,,,,,,0
2025-03-23,0.0,0.0,0.0,0.0,0.0,0.0,0.0,0.12000000000000045,1.46,1.6,0.0,0.0,0.0,0.0,0.22,0.04077050279128365,0,0.0,6,,,,,,,,,,,,,,,,,,,,,0
2025-03-24,0.0,0.0,0.0,0.0,0.0,0.0,0.0,0.0,1.46,1.6,0.0,0.0,0.0,0.0,0.12000000000000001,0.03235956951007804,0,0.0,7,51.0,1.0,17.0,0.0196078431372549,1.0,1.0,0.0,1.0,36.0,1.0,0.027777777777777776,1.0,12.0,0.0,0.0,0.0,3.0,0.0,0.0,0.0,1
2025-03-25,0.0,0.0,0.0,0.0,0.0,0.0,0.0,0.0,1.46,1.6,0.0,0.0,0.0,0.0,0.0,0.025683807340767983,0,0.0,8,3.0,0.0,1.0,0.0,0.0,0.0,0.0,0.0,3.0,0.0,0.0,0.0,,,,,,,,,1
2025-03-26,0.0,0.0,0.0,0.0,0.0,0.0,0.0,0.0,1.0150000000000001,1.595,0.0,0.0,0.0,0.0,0.0,0.01662257832668333,0,0.0,9,,,,,,,,,,,,,,,,,,,,,0
2025-03-27,0.06,0.12,0.09,0.12,0.08999999999999955,0.08999999999999933,0.08999999999999977,0.09000000000000044,0.9800000000000001,1.6849999999999998,0.0,0.0,0.0,0.0,0.0,0.03146436124407407,0,0.09,0,,,,,,,,,,,,,,,,,,,,,0
2025-03-28,0.03,0.0,0.015,0.03,0.10499999999999955,0.10499999999999933,0.10499999999999977,0.10500000000000044,0.445,1.7,0.09,0.0,0.0,0.0,0.0,0.023544109051564836,0,0.09,1,,,,,,,,,,,,,,,,,,,,,0
2025-03-29,0.0,0.0,0.0,0.0,0.014999999999999555,0.10499999999999933,0.10499999999999977,0.10500000000000044,0.445,1.7,0.015,0.09,0.0,0.0,0.0,0.018686971738054014,1,0.09,2,,,,,,,,,,,,,,,,,,,,,0
2025-03-30,0.05,0.04,0.045,0.05,0.044999999999999554,0.05999999999999933,0.14999999999999977,0.15000000000000044,0.27,1.7449999999999999,0.0,0.015,0.09,0.0,0.0,0.022635632735971935,1,0.045,3,,,,,,,,,,,,,,,,,,,,,0
2025-03-31,0.33,0.08,0.20500000000000002,0.33,0.24999999999999956,0.24999999999999933,0.35499999999999976,0.3550000000000004,0.35500000000000004,1.93,0.045,0.0,0.015,0.0,0.0,0.06097601861517996,0,0.20500000000000002,0,51.0,7.0,17.0,0.13725490196078433,5.0,1.0,0.0,1.0,36.0,7.0,0.19444444444444445,1.0,12.0,0.0,0.0,0.0,3.0,0.0,0.0,0.0,1
2025-04-01,0.13,0.09,0.11,0.13,0.31499999999999956,0.3599999999999993,0.37499999999999983,0.46500000000000047,0.465,1.9549999999999998,0.20500000000000002,0.045,0.0,0.09,0.0,0.07201973914989976,1,0.20500000000000002,0,15.0,0.0,5.0,0.0,0.0,0.0,0.0,0.0,15.0,0.0,0.0,0.0,,,,,,,,,1
2025-04-02,0.0,0.0,0.0,0.0,0.10999999999999956,0.31499999999999934,0.3599999999999998,0.46500000000000047,0.465,1.9549999999999998,0.11,0.20500000000000002,0.045,0.015,0.0,0.057162104844513104,1,0.20500000000000002,1,,,,,,,,,,,,,,,,,,,,,0
2025-04-03,0.0,0.0,0.0,0.0,0.0,0.10999999999999933,0.3599999999999998,0.37500000000000044,0.465,1.9549999999999998,0.0,0.11,0.20500000000000002,0.0,0.09,0.04536959268144831,1,0.11,2,,,,,,,,,,,,,,,,,,,,,0
2025-04-04,0.0,0.0,0.0,0.0,0.0,0.0,0.31499999999999984,0.3600000000000005,0.465,1.9549999999999998,0.0,0.0,0.11,0.045,0.015,0.03600986957494988,1,0.0,3,,,,,,,,,,,,,,,,,,,,,0
2025-04-05,0.0,0.0,0.0,0.0,0.0,0.0,0.10999999999999978,0.3600000000000005,0.465,1.9249999999999998,0.0,0.0,0.0,0.20500000000000002,0.0,0.028581052422256552,0,0.0,4,,,,,,,,,,,,,,,,,,,,,0
2025-04-06,0.0,0.0,0.0,0.0,0.0,0.0,0.0,0.3150000000000005,0.465,1.9249999999999998,0.0,0.0,0.0,0.11,0.045,0.022684796340724154,0,0.0,5,,,,,,,,,,,,,,,,,,,,,0
2025-04-07,0.09,0.06,0.075,0.09,0.07499999999999955,0.07499999999999933,0.07499999999999978,0.18500000000000044,0.54,2.0,0.0,0.0,0.0,0.0,0.20500000000000002,0.0341115537210762,0,0.075,0,51.0,1.0,17.0,0.0196078431372549,1.0,1.0,0.0,1.0,36.0,0.0,0.0,0.0,12.0,0.0,0.0,0.0,3.0,1.0,0.3333333333333333,1.0,1
2025-04-08,0.0,0.0,0.0,0.0,0.07499999999999955,0.07499999999999933,0.07499999999999978,0.07500000000000044,0.54,2.0,0.075,0.0,0.0,0.0,0.11,0.027074358130553058,0,0.075,1,3.0,0.0,1.0,0.0,0.0,0.0,0.0,0.0,,,,,,,,,3.0,0.0,0.0,0.0,1
2025-04-09,0.0,0.0,0.0,0.0,0.0,0.07499999999999933,0.07499999999999978,0.07500000000000044,0.54,2.0,0.0,0.075,0.0,0.0,0.0,0.021488932288901846,0,0.075,2,,,,,,,,,,,,,,,,,,,,,0
2025-04-10,0.0,0.0,0.0,0.0,0.0,0.0,0.07499999999999978,0.07500000000000044,0.45,2.0,0.0,0.0,0.075,0.0,0.0,0.016294786801647615,0,0.0,3,,,,,,,,,,,,,,,,,,,,,0
2025-04-11,0.0,0.0,0.0,0.0,0.0,0.0,0.07499999999999978,0.07500000000000044,0.43500000000000005,1.5550000000000002,0.0,0.0,0.0,0.0,0.0,0.012806349178784732,0,0.0,4,,,,,,,,,,,,,,,,,,,,,0
2025-04-12,0.0,0.0,0.0,0.0,0.0,0.0,0.0,0.07500000000000044,0.43500000000000005,1.4300000000000002,0.0,0.0,0.0,0.075,0.0,0.010164406079137486,0,0.0,5,,,,,,,,,,,,,,,,,,,,,0
2025-04-13,0.0,0.0,0.0,0.0,0.0,0.0,0.0,0.07500000000000044,0.39,0.88,0.0,0.0,0.0,0.0,0.0,0.007686999421882162,0,0.0,6,,,,,,,,,,,,,,,,,,,,,0
2025-04-14,0.0,0.0,0.0,0.0,0.0,0.0,0.0,0.0,0.185,0.88,0.0,0.0,0.0,0.0,0.075,0.004367809239136799,0,0.0,7,51.0,0.0,17.0,0.0,0.0,0.0,0.0,0.0,36.0,0.0,0.0,0.0,12.0,0.0,0.0,0.0,3.0,0.0,0.0,0.0,1
2025-04-15,0.0,0.0,0.0,0.0,0.0,0.0,0.0,0.0,0.075,0.66,0.0,0.0,0.0,0.0,0.0,0.0025366335296349426,0,0.0,8,,,,,,,,,,,,,,,,,,,,,0
2025-04-16,0.0,0.0,0.0,0.0,0.0,0.0,0.0,0.0,0.075,0.54,0.0,0.0,0.0,0.0,0.0,0.0020133273667001573,0,0.0,9,,,,,,,,,,,,,,,,,,,,,0
2025-04-17,0.03,0.0,0.015,0.03,0.014999999999999555,0.014999999999999333,0.014999999999999777,0.015000000000000444,0.09,0.555,0.0,0.0,0.0,0.0,0.0,0.004819302776648348,0,0.015,10,,,,,,,,,,,,,,,,,,,,,0
2025-04-18,0.0,0.0,0.0,0.0,0.014999999999999555,0.014999999999999333,0.014999999999999777,0.015000000000000444,0.09,0.555,0.015,0.0,0.0,0.0,0.0,0.0038250831487024266,0,0.015,11,,,,,,,,,,,,,,,,,,,,,0
2025-04-19,0.0,0.0,0.0,0.0,0.0,0.014999999999999333,0.014999999999999777,0.015000000000000444,0.09,0.555,0.0,0.015,0.0,0.0,0.0,0.003035970507058032,0,0.015,12,,,,,,,,,,,,,,,,,,,,,0
2025-04-20,0.0,0.0,0.0,0.0,0.0,0.0,0.014999999999999777,0.015000000000000444,0.09,0.555,0.0,0.0,0.015,0.0,0.0,0.0024096513883241745,0,0.0,13,,,,,,,,,,,,,,,,,,,,,0
2025-04-21,0.0,0.0,0.0,0.0,0.0,0.0,0.014999999999999777,0.015000000000000444,0.015,0.555,0.0,0.0,0.0,0.0,0.0,0.0012783831919424777,0,0.0,14,51.0,0.0,17.0,0.0,0.0,0.0,0.0,0.0,36.0,0.0,0.0,0.0,12.0,0.0,0.0,0.0,3.0,0.0,0.0,0.0,1
2025-04-22,0.0,0.0,0.0,0.0,0.0,0.0,0.0,0.015000000000000444,0.015,0.555,0.0,0.0,0.0,0.015,0.0,0.0010146534118539768,0,0.0,15,,,,,,,,,,,,,,,,,,,,,0
2025-04-23,0.0,0.0,0.0,0.0,0.0,0.0,0.0,0.015000000000000444,0.015,0.555,0.0,0.0,0.0,0.0,0.0,0.0008053309466800627,0,0.0,16,,,,,,,,,,,,,,,,,,,,,0
2025-04-24,0.0,0.0,0.0,0.0,0.0,0.0,0.0,0.0,0.015,0.555,0.0,0.0,0.0,0.0,0.015,0.0006391915959712388,0,0.0,17,,,,,,,,,,,,,,,,,,,,,0
2025-04-25,0.0,0.0,0.0,0.0,0.0,0.0,0.0,0.0,0.015,0.555,0.0,0.0,0.0,0.0,0.0,0.0005073267059269885,0,0.0,18,,,,,,,,,,,,,,,,,,,,,0
2025-04-26,0.02,0.04,0.03,0.04,0.029999999999999555,0.029999999999999333,0.029999999999999777,0.030000000000000443,0.045,0.495,0.0,0.0,0.0,0.0,0.0,0.006845313046780534,0,0.03,19,,,,,,,,,,,,,,,,,,,,,0
2025-04-27,0.01,0.0,0.005,0.01,0.03499999999999955,0.03499999999999933,0.034999999999999774,0.03500000000000044,0.049999999999999996,0.485,0.03,0.0,0.0,0.0,0.0,0.006506903161328947,0,0.03,20,,,,,,,,,,,,,,,,,,,,,0
2025-04-28,0.0,0.0,0.0,0.0,0.004999999999999556,0.03499999999999933,0.034999999999999774,0.03500000000000044,0.049999999999999996,0.485,0.005,0.03,0.0,0.0,0.0,0.005164532461674387,0,0.03,21,51.0,2.0,17.0,0.0392156862745098,2.0,2.0,0.0,1.0,36.0,1.0,0.027777777777777776,1.0,12.0,1.0,0.08333333333333333,1.0,3.0,0.0,0.0,0.0,1
2025-04-29,0.0,0.0,0.0,0.0,0.0,0.004999999999999334,0.034999999999999774,0.03500000000000044,0.049999999999999996,0.44,0.0,0.005,0.03,0.0,0.0,0.004099092131292918,0,0.005,22,6.0,2.0,2.0,0.3333333333333333,2.0,2.0,0.0,1.0,3.0,1.0,0.3333333333333333,1.0,3.0,1.0,0.3333333333333333,1.0,,,,,1
2025-04-30,0.0,0.0,0.0,0.0,0.0,0.0,0.034999999999999774,0.03500000000000044,0.049999999999999996,0.235,0.0,0.0,0.005,0.0,0.0,0.0032534515806644736,0,0.0,23,6.0,0.0,2.0,0.0,0.0,0.0,0.0,0.0,3.0,0.0,0.0,0.0,3.0,0.0,0.0,0.0,,,,,1
2025-05-01,0.0,0.0,0.0,0.0,0.0,0.0,0.004999999999999778,0.03500000000000044,0.034999999999999996,0.125,0.0,0.0,0.0,0.03,0.0,0.0024554345543554464,0,0.0,24,,,,,,,,,,,,,,,,,,,,,0
2025-05-02,0.0,0.0,0.0,0.0,0.0,0.0,0.0,0.03500000000000044,0.034999999999999996,0.125,0.0,0.0,0.0,0.005,0.0,0.0019488796973114511,0,0.0,25,,,,,,,,,,,,,,,,,,,,,0
2025-05-03,0.0,0.0,0.0,0.0,0.0,0.0,0.0,0.005000000000000444,0.034999999999999996,0.125,0.0,0.0,0.0,0.0,0.03,0.001546826840835832,0,0.0,26,,,,,,,,,,,,,,,,,,,,,0
2025-05-04,0.0,0.0,0.0,0.0,0.0,0.0,0.0,0.0,0.034999999999999996,0.125,0.0,0.0,0.0,0.0,0.005,0.0012277172771777234,0,0.0,27,,,,,,,,,,,,,,,,,,,,,0
2025-05-05,0.0,0.0,0.0,0.0,0.0,0.0,0.0,0.0,0.034999999999999996,0.125,0.0,0.0,0.0,0.0,0.0,0.0009744398486557257,0,0.0,28,51.0,1.0,17.0,0.0196078431372549,1.0,1.0,0.0,1.0,36.0,0.0,0.0,0.0,12.0,1.0,0.08333333333333333,1.0,3.0,0.0,0.0,0.0,1
2025-05-06,0.0,0.0,0.0,0.0,0.0,0.0,0.0,0.0,0.034999999999999996,0.125,0.0,0.0,0.0,0.0,0.0,0.000773413420417916,0,0.0,29,3.0,0.0,1.0,0.0,0.0,0.0,0.0,0.0,,,,,3.0,0.0,0.0,0.0,,,,,1
2025-05-07,0.0,0.0,0.0,0.0,0.0,0.0,0.0,0.0,0.034999999999999996,0.049999999999999996,0.0,0.0,0.0,0.0,0.0,0.0006138586385888617,0,0.0,30,,,,,,,,,,,,,,,,,,,,,0
2025-05-08,0.0,0.0,0.0,0.0,0.0,0.0,0.0,0.0,0.034999999999999996,0.049999999999999996,0.0,0.0,0.0,0.0,0.0,0.0004872199243278628,0,0.0,31,,,,,,,,,,,,,,,,,,,,,0
2025-05-09,0.0,0.0,0.0,0.0,0.0,0.0,0.0,0.0,0.034999999999999996,0.049999999999999996,0.0,0.0,0.0,0.0,0.0,0.0003867067102089581,0,0.0,32,,,,,,,,,,,,,,,,,,,,,0
2025-05-10,0.0,0.0,0.0,0.0,0.0,0.0,0.0,0.0,0.005,0.049999999999999996,0.0,0.0,0.0,0.0,0.0,5.326596633093659e-05,0,0.0,33,,,,,,,,,,,,,,,,,,,,,0
2025-05-11,0.0,0.0,0.0,0.0,0.0,0.0,0.0,0.0,0.0,0.049999999999999996,0.0,0.0,0.0,0.0,0.0,0.0,0,0.0,34,,,,,,,,,,,,,,,,,,,,,0
2025-05-12,0.15,0.12,0.135,0.15,0.13499999999999956,0.13499999999999934,0.1349999999999998,0.13500000000000045,0.135,0.185,0.0,0.0,0.0,0.0,0.0,0.028991914080482264,0,0.135,0,51.0,1.0,17.0,0.0196078431372549,1.0,1.0,0.0,1.0,36.0,0.0,0.0,0.0,12.0,1.0,0.08333333333333333,1.0,3.0,0.0,0.0,0.0,1
2025-05-13,0.0,0.0,0.0,0.0,0.13499999999999956,0.13499999999999934,0.1349999999999998,0.13500000000000045,0.135,0.185,0.135,0.0,0.0,0.0,0.0,0.0230108974549646,1,0.135,1,3.0,0.0,1.0,0.0,0.0,0.0,0.0,0.0,,,,,3.0,0.0,0.0,0.0,,,,,1
2025-05-14,0.0,0.0,0.0,0.0,0.0,0.13499999999999934,0.1349999999999998,0.13500000000000045,0.135,0.185,0.0,0.135,0.0,0.0,0.0,0.018263761413371583,1,0.135,2,,,,,,,,,,,,,,,,,,,,,0
2025-05-15,0.0,0.0,0.0,0.0,0.0,0.0,0.1349999999999998,0.13500000000000045,0.135,0.185,0.0,0.0,0.135,0.0,0.0,0.014495957040241132,1,0.0,3,,,,,,,,,,,,,,,,,,,,,0
2025-05-16,0.0,0.0,0.0,0.0,0.0,0.0,0.1349999999999998,0.13500000000000045,0.135,0.185,0.0,0.0,0.0,0.0,0.0,0.0115054487274823,0,0.0,4,,,,,,,,,,,,,,,,,,,,,0
2025-05-17,0.0,0.0,0.0,0.0,0.0,0.0,0.0,0.13500000000000045,0.135,0.16999999999999998,0.0,0.0,0.0,0.135,0.0,0.009131880706685792,0,0.0,5,,,,,,,,,,,,,,,,,,,,,0
2025-05-18,0.0,0.0,0.0,0.0,0.0,0.0,0.0,0.13500000000000045,0.135,0.16999999999999998,0.0,0.0,0.0,0.0,0.0,0.007247978520120566,0,0.0,6,,,,,,,,,,,,,,,,,,,,,0
2025-05-19,0.0,0.0,0.0,0.0,0.0,0.0,0.0,0.0,0.135,0.16999999999999998,0.0,0.0,0.0,0.0,0.135,0.00575272436374115,0,0.0,7,51.0,0.0,17.0,0.0,0.0,0.0,0.0,0.0,36.0,0.0,0.0,0.0,12.0,0.0,0.0,0.0,3.0,0.0,0.0,0.0,1
2025-05-20,0.0,0.0,0.0,0.0,0.0,0.0,0.0,0.0,0.135,0.16999999999999998,0.0,0.0,0.0,0.0,0.0,0.004565940353342897,0,0.0,8,,,,,,,,,,,,,,,,,,,,,0
2025-05-21,0.0,0.0,0.0,0.0,0.0,0.0,0.0,0.0,0.135,0.16999999999999998,0.0,0.0,0.0,0.0,0.0,0.0036239892600602834,0,0.0,9,,,,,,,,,,,,,,,,,,,,,0
2025-05-22,0.0,0.0,0.0,0.0,0.0,0.0,0.0,0.0,0.135,0.16999999999999998,0.0,0.0,0.0,0.0,0.0,0.002876362181870575,0,0.0,10,,,,,,,,,,,,,,,,,,,,,0
2025-05-23,0.0,0.0,0.0,0.0,0.0,0.0,0.0,0.0,0.135,0.16999999999999998,0.0,0.0,0.0,0.0,0.0,0.0022829701766714484,0,0.0,11,,,,,,,,,,,,,,,,,,,,,0
2025-05-24,0.0,0.0,0.0,0.0,0.0,0.0,0.0,0.0,0.135,0.16999999999999998,0.0,0.0,0.0,0.0,0.0,0.0018119946300301415,0,0.0,12,,,,,,,,,,,,,,,,,,,,,0
2025-05-25,0.0,0.0,0.0,0.0,0.0,0.0,0.0,0.0,0.135,0.16999999999999998,0.0,0.0,0.0,0.0,0.0,0.001438181090935288,0,0.0,13,,,,,,,,,,,,,,,,,,,,,0
2025-05-26,0.01,0.0,0.005,0.01,0.004999999999999556,0.004999999999999334,0.004999999999999778,0.005000000000000444,0.005,0.14500000000000002,0.0,0.0,0.0,0.0,0.0,0.0010737745955734172,0,0.005,14,,,,,,,,,,,,,,,,,,,,,0
2025-05-27,0.0,0.0,0.0,0.0,0.004999999999999556,0.004999999999999334,0.004999999999999778,0.005000000000000444,0.005,0.14,0.005,0.0,0.0,0.0,0.0,0.0008522554612949852,0,0.005,15,51.0,0.0,17.0,0.0,0.0,0.0,0.0,0.0,36.0,0.0,0.0,0.0,12.0,0.0,0.0,0.0,3.0,0.0,0.0,0.0,1
2025-05-28,0.0,0.0,0.0,0.0,0.0,0.004999999999999334,0.004999999999999778,0.005000000000000444,0.005,0.14,0.0,0.005,0.0,0.0,0.0,0.0006764356079026513,0,0.005,16,,,,,,,,,,,,,,,,,,,,,0
2025-05-29,0.0,0.0,0.0,0.0,0.0,0.0,0.004999999999999778,0.005000000000000444,0.005,0.14,0.0,0.0,0.005,0.0,0.0,0.0005368872977867086,0,0.0,17,,,,,,,,,,,,,,,,,,,,,0
2025-05-30,0.0,0.0,0.0,0.0,0.0,0.0,0.004999999999999778,0.005000000000000444,0.005,0.14,0.0,0.0,0.0,0.0,0.0,0.0004261277306474926,0,0.0,18,,,,,,,,,,,,,,,,,,,,,0
2025-05-31,0.0,0.0,0.0,0.0,0.0,0.0,0.0,0.005000000000000444,0.005,0.14,0.0,0.0,0.0,0.005,0.0,0.00033821780395132563,0,0.0,19,,,,,,,,,,,,,,,,,,,,,0
2025-06-01,0.0,0.0,0.0,0.0,0.0,0.0,0.0,0.005000000000000444,0.005,0.14,0.0,0.0,0.0,0.0,0.0,0.0002684436488933543,0,0.0,20,,,,,,,,,,,,,,,,,,,,,0
2025-06-02,0.0,0.0,0.0,0.0,0.0,0.0,0.0,0.0,0.005,0.14,0.0,0.0,0.0,0.0,0.005,0.0002130638653237463,0,0.0,21,51.0,0.0,17.0,0.0,0.0,0.0,0.0,0.0,36.0,0.0,0.0,0.0,12.0,0.0,0.0,0.0,3.0,0.0,0.0,0.0,1
2025-06-03,0.0,0.0,0.0,0.0,0.0,0.0,0.0,0.0,0.005,0.14,0.0,0.0,0.0,0.0,0.0,0.00016910890197566284,0,0.0,22,,,,,,,,,,,,,,,,,,,,,0
2025-06-04,0.0,0.0,0.0,0.0,0.0,0.0,0.0,0.0,0.005,0.14,0.0,0.0,0.0,0.0,0.0,0.00013422182444667715,0,0.0,23,,,,,,,,,,,,,,,,,,,,,0
2025-06-05,0.0,0.0,0.0,0.0,0.0,0.0,0.0,0.0,0.005,0.14,0.0,0.0,0.0,0.0,0.0,0.00010653193266187315,0,0.0,24,,,,,,,,,,,,,,,,,,,,,0
2025-06-06,0.0,0.0,0.0,0.0,0.0,0.0,0.0,0.0,0.005,0.14,0.0,0.0,0.0,0.0,0.0,8.455445098783142e-05,0,0.0,25,,,,,,,,,,,,,,,,,,,,,0
2025-06-07,0.0,0.0,0.0,0.0,0.0,0.0,0.0,0.0,0.005,0.14,0.0,0.0,0.0,0.0,0.0,6.711091222333857e-05,0,0.0,26,,,,,,,,,,,,,,,,,,,,,0
2025-06-08,0.0,0.0,0.0,0.0,0.0,0.0,0.0,0.0,0.005,0.14,0.0,0.0,0.0,0.0,0.0,5.326596633093659e-05,0,0.0,27,,,,,,,,,,,,,,,,,,,,,0
2025-06-09,0.0,0.0,0.0,0.0,0.0,0.0,0.0,0.0,0.0,0.14,0.0,0.0,0.0,0.0,0.0,0.0,0,0.0,28,51.0,1.0,17.0,0.0196078431372549,1.0,1.0,0.0,1.0,36.0,1.0,0.027777777777777776,1.0,12.0,0.0,0.0,0.0,3.0,0.0,0.0,0.0,1
2025-06-10,0.0,0.0,0.0,0.0,0.0,0.0,0.0,0.0,0.0,0.14,0.0,0.0,0.0,0.0,0.0,0.0,0,0.0,29,3.0,0.0,1.0,0.0,0.0,0.0,0.0,0.0,3.0,0.0,0.0,0.0,,,,,,,,,1
2025-06-11,0.0,0.0,0.0,0.0,0.0,0.0,0.0,0.0,0.0,0.005,0.0,0.0,0.0,0.0,0.0,0.0,0,0.0,30,,,,,,,,,,,,,,,,,,,,,0
2025-06-12,0.0,0.0,0.0,0.0,0.0,0.0,0.0,0.0,0.0,0.005,0.0,0.0,0.0,0.0,0.0,0.0,0,0.0,31,,,,,,,,,,,,,,,,,,,,,0
2025-06-13,0.0,0.0,0.0,0.0,0.0,0.0,0.0,0.0,0.0,0.005,0.0,0.0,0.0,0.0,0.0,0.0,0,0.0,32,,,,,,,,,,,,,,,,,,,,,0
2025-06-14,0.0,0.0,0.0,0.0,0.0,0.0,0.0,0.0,0.0,0.005,0.0,0.0,0.0,0.0,0.0,0.0,0,0.0,33,,,,,,,,,,,,,,,,,,,,,0
2025-06-15,0.0,0.0,0.0,0.0,0.0,0.0,0.0,0.0,0.0,0.005,0.0,0.0,0.0,0.0,0.0,0.0,0,0.0,34,,,,,,,,,,,,,,,,,,,,,0
2025-06-16,0.0,0.0,0.0,0.0,0.0,0.0,0.0,0.0,0.0,0.005,0.0,0.0,0.0,0.0,0.0,0.0,0,0.0,35,51.0,1.0,17.0,0.0196078431372549,1.0,1.0,0.0,1.0,36.0,0.0,0.0,0.0,12.0,1.0,0.08333333333333333,1.0,3.0,0.0,0.0,0.0,1
2025-06-17,0.0,0.0,0.0,0.0,0.0,0.0,0.0,0.0,0.0,0.005,0.0,0.0,0.0,0.0,0.0,0.0,0,0.0,36,3.0,0.0,1.0,0.0,0.0,0.0,0.0,0.0,,,,,3.0,0.0,0.0,0.0,,,,,1
2025-06-18,0.0,0.0,0.0,0.0,0.0,0.0,0.0,0.0,0.0,0.005,0.0,0.0,0.0,0.0,0.0,0.0,0,0.0,37,,,,,,,,,,,,,,,,,,,,,0
2025-06-19,0.0,0.0,0.0,0.0,0.0,0.0,0.0,0.0,0.0,0.005,0.0,0.0,0.0,0.0,0.0,0.0,0,0.0,38,,,,,,,,,,,,,,,,,,,,,0
2025-06-20,0.0,0.0,0.0,0.0,0.0,0.0,0.0,0.0,0.0,0.005,0.0,0.0,0.0,0.0,0.0,0.0,0,0.0,39,,,,,,,,,,,,,,,,,,,,,0
2025-06-21,0.0,0.0,0.0,0.0,0.0,0.0,0.0,0.0,0.0,0.005,0.0,0.0,0.0,0.0,0.0,0.0,0,0.0,40,,,,,,,,,,,,,,,,,,,,,0
2025-06-22,0.0,0.0,0.0,0.0,0.0,0.0,0.0,0.0,0.0,0.005,0.0,0.0,0.0,0.0,0.0,0.0,0,0.0,41,,,,,,,,,,,,,,,,,,,,,0
2025-06-23,0.0,0.0,0.0,0.0,0.0,0.0,0.0,0.0,0.0,0.005,0.0,0.0,0.0,0.0,0.0,0.0,0,0.0,42,51.0,0.0,17.0,0.0,0.0,0.0,0.0,0.0,36.0,0.0,0.0,0.0,12.0,0.0,0.0,0.0,3.0,0.0,0.0,0.0,1
2025-06-24,0.01,0.01,0.01,0.01,0.009999999999999556,0.009999999999999334,0.009999999999999778,0.010000000000000444,0.01,0.015,0.0,0.0,0.0,0.0,0.0,0.0021475491911468344,0,0.01,43,,,,,,,,,,,,,,,,,,,,,0
2025-06-25,0.0,0.01,0.005,0.01,0.014999999999999555,0.014999999999999333,0.014999999999999777,0.015000000000000444,0.015,0.015,0.01,0.0,0.0,0.0,0.0,0.0027782855181633873,0,0.01,44,,,,,,,,,,,,,,,,,,,,,0
2025-06-26,0.0,0.0,0.0,0.0,0.004999999999999556,0.014999999999999333,0.014999999999999777,0.015000000000000444,0.015,0.015,0.005,0.01,0.0,0.0,0.0,0.0022051266771002877,0,0.01,45,,,,,,,,,,,,,,,,,,,,,0
2025-06-27,0.0,0.0,0.0,0.0,0.0,0.004999999999999334,0.014999999999999777,0.015000000000000444,0.015,0.015,0.0,0.005,0.01,0.0,0.0,0.0017502102034760683,0,0.005,46,,,,,,,,,,,,,,,,,,,,,0
2025-06-28,0.0,0.0,0.0,0.0,0.0,0.0,0.014999999999999777,0.015000000000000444,0.015,0.015,0.0,0.0,0.005,0.0,0.0,0.0013891427590816937,0,0.0,47,,,,,,,,,,,,,,,,,,,,,0
2025-06-29,0.0,0.0,0.0,0.0,0.0,0.0,0.004999999999999778,0.015000000000000444,0.015,0.015,0.0,0.0,0.0,0.01,0.0,0.0011025633385501438,0,0.0,48,,,,,,,,,,,,,,,,,,,,,0
2025-06-30,0.0,0.0,0.0,0.0,0.0,0.0,0.0,0.015000000000000444,0.015,0.015,0.0,0.0,0.0,0.005,0.0,0.0008751051017380342,0,0.0,49,51.0,0.0,17.0,0.0,0.0,0.0,0.0,0.0,36.0,0.0,0.0,0.0,12.0,0.0,0.0,0.0,3.0,0.0,0.0,0.0,1
2025-07-01,0.0,0.0,0.0,0.0,0.0,0.0,0.0,0.005000000000000444,0.015,0.015,0.0,0.0,0.0,0.0,0.01,0.0006945713795408468,0,0.0,50,,,,,,,,,,,,,,,,,,,,,0
2025-07-02,0.0,0.0,0.0,0.0,0.0,0.0,0.0,0.0,0.015,0.015,0.0,0.0,0.0,0.0,0.005,0.0005512816692750719,0,0.0,51,,,,,,,,,,,,,,,,,,,,,0
2025-07-03,0.0,0.0,0.0,0.0,0.0,0.0,0.0,0.0,0.015,0.015,0.0,0.0,0.0,0.0,0.0,0.0004375525508690172,0,0.0,52,,,,,,,,,,,,,,,,,,,,,0
2025-07-04,0.0,0.0,0.0,0.0,0.0,0.0,0.0,0.0,0.015,0.015,0.0,0.0,0.0,0.0,0.0,0.00034728568977042347,0,0.0,53,,,,,,,,,,,,,,,,,,,,,0
2025-07-05,0.0,0.0,0.0,0.0,0.0,0.0,0.0,0.0,0.015,0.015,0.0,0.0,0.0,0.0,0.0,0.00027564083463753596,0,0.0,54,,,,,,,,,,,,,,,,,,,,,0
2025-07-06,0.0,0.0,0.0,0.0,0.0,0.0,0.0,0.0,0.015,0.015,0.0,0.0,0.0,0.0,0.0,0.00021877627543450854,0,0.0,55,,,,,,,,,,,,,,,,,,,,,0
2025-07-07,0.0,0.0,0.0,0.0,0.0,0.0,0.0,0.0,0.015,0.015,0.0,0.0,0.0,0.0,0.0,0.00017364284488521176,0,0.0,56,51.0,0.0,17.0,0.0,0.0,0.0,0.0,0.0,36.0,0.0,0.0,0.0,12.0,0.0,0.0,0.0,3.0,0.0,0.0,0.0,1
2025-07-08,0.0,0.0,0.0,0.0,0.0,0.0,0.0,0.0,0.005,0.015,0.0,0.0,0.0,0.0,0.0,5.326596633093659e-05,0,0.0,57,,,,,,,,,,,,,,,,,,,,,0
2025-07-09,0.0,0.0,0.0,0.0,0.0,0.0,0.0,0.0,0.0,0.015,0.0,0.0,0.0,0.0,0.0,0.0,0,0.0,58,,,,,,,,,,,,,,,,,,,,,0
2025-07-10,0.0,0.0,0.0,0.0,0.0,0.0,0.0,0.0,0.0,0.015,0.0,0.0,0.0,0.0,0.0,0.0,0,0.0,59,,,,,,,,,,,,,,,,,,,,,0
2025-07-11,0.0,0.0,0.0,0.0,0.0,0.0,0.0,0.0,0.0,0.015,0.0,0.0,0.0,0.0,0.0,0.0,0,0.0,60,,,,,,,,,,,,,,,,,,,,,0
2025-07-12,0.0,0.0,0.0,0.0,0.0,0.0,0.0,0.0,0.0,0.015,0.0,0.0,0.0,0.0,0.0,0.0,0,0.0,61,,,,,,,,,,,,,,,,,,,,,0
2025-07-13,0.0,0.0,0.0,0.0,0.0,0.0,0.0,0.0,0.0,0.015,0.0,0.0,0.0,0.0,0.0,0.0,0,0.0,62,,,,,,,,,,,,,,,,,,,,,0
2025-07-14,0.0,0.01,0.005,0.01,0.004999999999999556,0.004999999999999334,0.004999999999999778,0.005000000000000444,0.005,0.02,0.0,0.0,0.0,0.0,0.0,0.0010737745955734172,0,0.005,63,51.0,1.0,17.0,0.0196078431372549,1.0,1.0,0.0,1.0,36.0,1.0,0.027777777777777776,1.0,12.0,0.0,0.0,0.0,3.0,0.0,0.0,0.0,1
2025-07-15,0.0,0.0,0.0,0.0,0.004999999999999556,0.004999999999999334,0.004999999999999778,0.005000000000000444,0.005,0.02,0.005,0.0,0.0,0.0,0.0,0.0008522554612949852,0,0.005,64,3.0,0.0,1.0,0.0,0.0,0.0,0.0,0.0,3.0,0.0,0.0,0.0,,,,,,,,,1
2025-07-16,0.0,0.0,0.0,0.0,0.0,0.004999999999999334,0.004999999999999778,0.005000000000000444,0.005,0.02,0.0,0.005,0.0,0.0,0.0,0.0006764356079026513,0,0.005,65,,,,,,,,,,,,,,,,,,,,,0
2025-07-17,0.0,0.0,0.0,0.0,0.0,0.0,0.004999999999999778,0.005000000000000444,0.005,0.02,0.0,0.0,0.005,0.0,0.0,0.0005368872977867086,0,0.0,66,,,,,,,,,,,,,,,,,,,,,0
2025-07-18,0.0,0.0,0.0,0.0,0.0,0.0,0.004999999999999778,0.005000000000000444,0.005,0.02,0.0,0.0,0.0,0.0,0.0,0.0004261277306474926,0,0.0,67,,,,,,,,,,,,,,,,,,,,,0
2025-07-19,0.0,0.0,0.0,0.0,0.0,0.0,0.0,0.005000000000000444,0.005,0.02,0.0,0.0,0.0,0.005,0.0,0.00033821780395132563,0,0.0,68,,,,,,,,,,,,,,,,,,,,,0
2025-07-20,0.0,0.01,0.005,0.01,0.004999999999999556,0.004999999999999334,0.004999999999999778,0.010000000000000444,0.01,0.025,0.0,0.0,0.0,0.0,0.0,0.0013422182444667713,0,0.005,69,,,,,,,,,,,,,,,,,,,,,0
2025-07-21,0.02,0.02,0.02,0.02,0.024999999999999557,0.024999999999999335,0.02499999999999978,0.025000000000000445,0.03,0.045,0.005,0.0,0.0,0.0,0.005,0.005360417708912399,0,0.02,70,51.0,3.0,17.0,0.058823529411764705,2.0,2.0,0.0,1.0,36.0,2.0,0.05555555555555555,1.0,12.0,1.0,0.08333333333333333,1.0,3.0,0.0,0.0,0.0,1
2025-07-22,0.01,0.0,0.005,0.01,0.024999999999999557,0.029999999999999336,0.02999999999999978,0.030000000000000446,0.035,0.05,0.02,0.005,0.0,0.0,0.0,0.005328340950631672,0,0.02,71,6.0,0.0,2.0,0.0,0.0,0.0,0.0,0.0,3.0,0.0,0.0,0.0,3.0,0.0,0.0,0.0,,,,,1
2025-07-23,0.0,0.0,0.0,0.0,0.004999999999999556,0.024999999999999335,0.02999999999999978,0.030000000000000446,0.035,0.05,0.005,0.02,0.005,0.0,0.0,0.004229107015138976,0,0.02,72,,,,,,,,,,,,,,,,,,,,,0
2025-07-24,0.0,0.0,0.0,0.0,0.0,0.004999999999999334,0.02999999999999978,0.030000000000000446,0.035,0.04000000000000001,0.0,0.005,0.02,0.0,0.0,0.0033566444623588506,0,0.005,73,,,,,,,,,,,,,,,,,,,,,0
2025-07-25,0.02,0.0,0.01,0.02,0.009999999999999556,0.009999999999999334,0.03499999999999978,0.040000000000000445,0.045,0.045,0.0,0.0,0.005,0.005,0.0,0.0048117196664626705,0,0.01,74,,,,,,,,,,,,,,,,,,,,,0
2025-07-26,0.02,0.02,0.02,0.02,0.029999999999999555,0.029999999999999333,0.03499999999999978,0.06000000000000044,0.065,0.065,0.01,0.0,0.0,0.02,0.0,0.008114162812453127,0,0.02,75,,,,,,,,,,,,,,,,,,,,,0
2025-07-27,0.01,0.01,0.01,0.01,0.029999999999999555,0.039999999999999335,0.03999999999999978,0.06500000000000045,0.075,0.075,0.02,0.01,0.0,0.005,0.005,0.008587764483311503,0,0.02,76,,,,,,,,,,,,,,,,,,,,,0
2025-07-28,0.0,0.0,0.0,0.0,0.00999999999999956,0.029999999999999333,0.03999999999999978,0.04500000000000044,0.06999999999999999,0.075,0.01,0.02,0.01,0.0,0.02,0.006773835961937995,0,0.02,77,51.0,1.0,17.0,0.0196078431372549,1.0,1.0,0.0,1.0,36.0,1.0,0.027777777777777776,1.0,12.0,0.0,0.0,0.0,3.0,0.0,0.0,0.0,1
2025-07-29,0.0,0.0,0.0,0.0,0.0,0.009999999999999338,0.03999999999999978,0.040000000000000445,0.06999999999999999,0.075,0.0,0.01,0.02,0.0,0.005,0.005376397165920196,0,0.01,78,3.0,0.0,1.0,0.0,0.0,0.0,0.0,0.0,3.0,0.0,0.0,0.0,,,,,,,,,1
2025-07-30,0.0,0.0,0.0,0.0,0.0,0.0,0.029999999999999777,0.040000000000000445,0.06999999999999999,0.075,0.0,0.0,0.01,0.01,0.0,0.004267249258490283,0,0.0,79,,,,,,,,,,,,,,,,,,,,,0
2025-07-31,0.0,0.0,0.0,0.0,0.0,0.0,0.009999999999999778,0.040000000000000445,0.06999999999999999,0.075,0.0,0.0,0.0,0.02,0.0,0.0033869179809689976,0,0.0,80,,,,,,,,,,,,,,,,,,,,,0
2025-08-01,0.0,0.0,0.0,0.0,0.0,0.0,0.0,0.030000000000000443,0.06999999999999999,0.075,0.0,0.0,0.0,0.01,0.01,0.002688198582960098,0,0.0,81,,,,,,,,,,,,,,,,,,,,,0
2025-08-02,0.0,0.0,0.0,0.0,0.0,0.0,0.0,0.010000000000000444,0.06999999999999999,0.075,0.0,0.0,0.0,0.0,0.02,0.0021336246292451414,0,0.0,82,,,,,,,,,,,,,,,,,,,,,0
2025-08-03,0.0,0.0,0.0,0.0,0.0,0.0,0.0,0.0,0.065,0.075,0.0,0.0,0.0,0.0,0.01,0.0016511817649905833,0,0.0,83,,,,,,,,,,,,,,,,,,,,,0
2025-08-04,0.0,0.0,0.0,0.0,0.0,0.0,0.0,0.0,0.045000000000000005,0.075,0.0,0.0,0.0,0.0,0.0,0.001141434933392717,0,0.0,84,51.0,1.0,17.0,0.0196078431372549,1.0,1.0,0.0,1.0,36.0,1.0,0.027777777777777776,1.0,12.0,0.0,0.0,0.0,3.0,0.0,0.0,0.0,1
2025-08-05,0.0,0.0,0.0,0.0,0.0,0.0,0.0,0.0,0.04000000000000001,0.075,0.0,0.0,0.0,0.0,0.0,0.0008636802815165098,0,0.0,85,3.0,1.0,1.0,0.3333333333333333,1.0,1.0,0.0,1.0,3.0,1.0,0.3333333333333333,1.0,,,,,,,,,1
2025-08-06,0.0,0.0,0.0,0.0,0.0,0.0,0.0,0.0,0.04000000000000001,0.075,0.0,0.0,0.0,0.0,0.0,0.0006855034937217491,0,0.0,86,3.0,0.0,1.0,0.0,0.0,0.0,0.0,0.0,3.0,0.0,0.0,0.0,,,,,,,,,1
2025-08-07,0.0,0.0,0.0,0.0,0.0,0.0,0.0,0.0,0.04000000000000001,0.075,0.0,0.0,0.0,0.0,0.0,0.0005440844835308903,0,0.0,87,,,,,,,,,,,,,,,,,,,,,0
2025-08-08,0.0,0.0,0.0,0.0,0.0,0.0,0.0,0.0,0.030000000000000006,0.075,0.0,0.0,0.0,0.0,0.0,0.0003472856897704235,0,0.0,88,,,,,,,,,,,,,,,,,,,,,0
2025-08-09,0.0,0.0,0.0,0.0,0.0,0.0,0.0,0.0,0.010000000000000004,0.075,0.0,0.0,0.0,0.0,0.0,0.00010653193266187317,0,0.0,89,,,,,,,,,,,,,,,,,,,,,0
2025-08-10,0.0,0.0,0.0,0.0,0.0,0.0,0.0,0.0,0.0,0.075,0.0,0.0,0.0,0.0,0.0,0.0,0,0.0,90,,,,,,,,,,,,,,,,,,,,,0
2025-08-11,0.0,0.0,0.0,0.0,0.0,0.0,0.0,0.0,0.0,0.075,0.0,0.0,0.0,0.0,0.0,0.0,0,0.0,91,51.0,1.0,17.0,0.0196078431372549,1.0,1.0,0.0,1.0,36.0,1.0,0.027777777777777776,1.0,12.0,0.0,0.0,0.0,3.0,0.0,0.0,0.0,1
2025-08-12,0.0,0.0,0.0,0.0,0.0,0.0,0.0,0.0,0.0,0.075,0.0,0.0,0.0,0.0,0.0,0.0,0,0.0,92,3.0,1.0,1.0,0.3333333333333333,1.0,1.0,0.0,1.0,3.0,1.0,0.3333333333333333,1.0,,,,,,,,,1
2025-08-13,0.01,0.01,0.01,0.01,0.00999999999999956,0.009999999999999338,0.009999999999999778,0.010000000000000444,0.010000000000000004,0.08,0.0,0.0,0.0,0.0,0.0,0.0021475491911468344,0,0.01,93,3.0,1.0,1.0,0.3333333333333333,1.0,1.0,0.0,1.0,3.0,1.0,0.3333333333333333,1.0,,,,,,,,,1
2025-08-14,0.0,0.0,0.0,0.0,0.00999999999999956,0.009999999999999338,0.009999999999999778,0.010000000000000444,0.010000000000000004,0.08,0.01,0.0,0.0,0.0,0.0,0.0017045109225899704,0,0.01,94,3.0,1.0,1.0,0.3333333333333333,1.0,1.0,0.0,1.0,3.0,1.0,0.3333333333333333,1.0,,,,,,,,,1
2025-08-15,0.0,0.0,0.0,0.0,0.0,0.009999999999999338,0.009999999999999778,0.010000000000000444,0.010000000000000004,0.08,0.0,0.01,0.0,0.0,0.0,0.0013528712158053025,0,0.01,95,3.0,0.0,1.0,0.0,0.0,0.0,0.0,0.0,3.0,0.0,0.0,0.0,,,,,,,,,1
2025-08-16,0.02,0.06,0.04,0.06,0.039999999999999564,0.03999999999999934,0.04999999999999978,0.05000000000000045,0.05,0.12,0.0,0.0,0.01,0.0,0.0,0.009663971360160752,0,0.04,96,,,,,,,,,,,,,,,,,,,,,0
2025-08-17,0.0,0.0,0.0,0.0,0.03999999999999956,0.039999999999999335,0.04999999999999978,0.05000000000000045,0.05,0.12,0.04,0.0,0.0,0.0,0.0,0.007670299151654866,0,0.04,97,,,,,,,,,,,,,,,,,,,,,0
2025-08-18,0.0,0.0,0.0,0.0,0.0,0.039999999999999335,0.03999999999999978,0.05000000000000045,0.05,0.12,0.0,0.04,0.0,0.01,0.0,0.006087920471123861,0,0.04,98,51.0,4.0,17.0,0.0784313725490196,3.0,2.0,1.0,1.0,36.0,2.0,0.05555555555555555,1.0,12.0,0.0,0.0,0.0,3.0,2.0,0.6666666666666666,1.0,1
2025-08-19,0.0,0.0,0.0,0.0,0.0,0.0,0.03999999999999978,0.05000000000000045,0.05,0.115,0.0,0.0,0.04,0.0,0.0,0.004831985680080376,0,0.0,99,6.0,1.0,2.0,0.16666666666666666,1.0,1.0,0.0,1.0,3.0,0.0,0.0,0.0,,,,,3.0,1.0,0.3333333333333333,1.0,1
2025-08-20,0.0,0.0,0.0,0.0,0.0,0.0,0.03999999999999978,0.040000000000000445,0.05,0.095,0.0,0.0,0.0,0.0,0.01,0.003835149575827433,0,0.0,100,6.0,2.0,2.0,0.3333333333333333,1.0,1.0,0.0,1.0,3.0,0.0,0.0,0.0,,,,,3.0,2.0,0.6666666666666666,1.0,1
2025-08-21,0.0,0.0,0.0,0.0,0.0,0.0,0.0,0.040000000000000445,0.05,0.09,0.0,0.0,0.0,0.04,0.0,0.0030439602355619307,0,0.0,101,3.0,2.0,1.0,0.6666666666666666,1.0,1.0,0.0,1.0,,,,,,,,,3.0,2.0,0.6666666666666666,1.0,1
2025-08-22,0.0,0.0,0.0,0.0,0.0,0.0,0.0,0.040000000000000445,0.05,0.09,0.0,0.0,0.0,0.0,0.0,0.002415992840040188,0,0.0,102,3.0,3.0,1.0,1.0,1.0,1.0,0.0,1.0,,,,,,,,,3.0,3.0,1.0,1.0,1
2025-08-23,0.0,0.0,0.0,0.0,0.0,0.0,0.0,0.0,0.05,0.09,0.0,0.0,0.0,0.0,0.04,0.0019175747879137165,0,0.0,103,3.0,2.0,1.0,0.6666666666666666,1.0,1.0,0.0,1.0,,,,,,,,,3.0,2.0,0.6666666666666666,1.0,1
2025-08-24,0.0,0.0,0.0,0.0,0.0,0.0,0.0,0.0,0.05,0.08,0.0,0.0,0.0,0.0,0.0,0.0015219801177809656,0,0.0,104,3.0,2.0,1.0,0.6666666666666666,1.0,1.0,0.0,1.0,,,,,,,,,3.0,2.0,0.6666666666666666,1.0,1
2025-08-25,0.0,0.0,0.0,0.0,0.0,0.0,0.0,0.0,0.05,0.06,0.0,0.0,0.0,0.0,0.0,0.0012079964200200943,0,0.0,105,51.0,1.0,17.0,0.0196078431372549,1.0,1.0,0.0,1.0,36.0,0.0,0.0,0.0,12.0,0.0,0.0,0.0,3.0,1.0,0.3333333333333333,1.0,1
2025-08-26,0.0,0.0,0.0,0.0,0.0,0.0,0.0,0.0,0.05,0.05,0.0,0.0,0.0,0.0,0.0,0.0009587873939568582,0,0.0,106,3.0,1.0,1.0,0.3333333333333333,1.0,1.0,0.0,1.0,,,,,,,,,3.0,1.0,0.3333333333333333,1.0,1
2025-08-27,0.0,0.0,0.0,0.0,0.0,0.0,0.0,0.0,0.04,0.05,0.0,0.0,0.0,0.0,0.0,0.0006764356079026514,0,0.0,107,3.0,2.0,1.0,0.6666666666666666,1.0,1.0,0.0,1.0,,,,,,,,,3.0,2.0,0.6666666666666666,1.0,1
2025-08-28,0.0,0.0,0.0,0.0,0.0,0.0,0.0,0.0,0.04,0.05,0.0,0.0,0.0,0.0,0.0,0.0005368872977867086,0,0.0,108,3.0,0.0,1.0,0.0,0.0,0.0,0.0,0.0,,,,,,,,,3.0,0.0,0.0,0.0,1
2025-08-29,0.0,0.0,0.0,0.0,0.0,0.0,0.0,0.0,0.04,0.05,0.0,0.0,0.0,0.0,0.0,0.0004261277306474927,0,0.0,109,,,,,,,,,,,,,,,,,,,,,0
2025-08-30,0.0,0.0,0.0,0.0,0.0,0.0,0.0,0.0,0.0,0.05,0.0,0.0,0.0,0.0,0.0,0.0,0,0.0,110,,,,,,,,,,,,,,,,,,,,,0
2025-08-31,0.0,0.0,0.0,0.0,0.0,0.0,0.0,0.0,0.0,0.05,0.0,0.0,0.0,0.0,0.0,0.0,0,0.0,111,,,,,,,,,,,,,,,,,,,,,0
2025-09-01,0.0,0.0,0.0,0.0,0.0,0.0,0.0,0.0,0.0,0.05,0.0,0.0,0.0,0.0,0.0,0.0,0,0.0,112,,,,,,,,,,,,,,,,,,,,,0
2025-09-02,0.0,0.0,0.0,0.0,0.0,0.0,0.0,0.0,0.0,0.05,0.0,0.0,0.0,0.0,0.0,0.0,0,0.0,113,51.0,1.0,17.0,0.0196078431372549,1.0,1.0,0.0,1.0,36.0,1.0,0.027777777777777776,1.0,12.0,0.0,0.0,0.0,3.0,0.0,0.0,0.0,1
2025-09-03,0.0,0.0,0.0,0.0,0.0,0.0,0.0,0.0,0.0,0.05,0.0,0.0,0.0,0.0,0.0,0.0,0,0.0,114,3.0,0.0,1.0,0.0,0.0,0.0,0.0,0.0,3.0,0.0,0.0,0.0,,,,,,,,,1
2025-09-04,0.0,0.0,0.0,0.0,0.0,0.0,0.0,0.0,0.0,0.05,0.0,0.0,0.0,0.0,0.0,0.0,0,0.0,115,,,,,,,,,,,,,,,,,,,,,0
2025-09-05,0.0,0.0,0.0,0.0,0.0,0.0,0.0,0.0,0.0,0.05,0.0,0.0,0.0,0.0,0.0,0.0,0,0.0,116,,,,,,,,,,,,,,,,,,,,,0
2025-09-06,0.0,0.0,0.0,0.0,0.0,0.0,0.0,0.0,0.0,0.05,0.0,0.0,0.0,0.0,0.0,0.0,0,0.0,117,,,,,,,,,,,,,,,,,,,,,0
2025-09-07,0.0,0.0,0.0,0.0,0.0,0.0,0.0,0.0,0.0,0.05,0.0,0.0,0.0,0.0,0.0,0.0,0,0.0,118,,,,,,,,,,,,,,,,,,,,,0
2025-09-08,0.03,0.0,0.015,0.03,0.014999999999999555,0.014999999999999333,0.014999999999999777,0.015000000000000444,0.015,0.065,0.0,0.0,0.0,0.0,0.0,0.003221323786720251,0,0.015,119,51.0,2.0,17.0,0.0392156862745098,2.0,2.0,0.0,1.0,36.0,1.0,0.027777777777777776,1.0,12.0,0.0,0.0,0.0,3.0,1.0,0.3333333333333333,1.0,1
2025-09-09,0.03,0.0,0.015,0.03,0.03,0.029999999999999333,0.029999999999999777,0.030000000000000443,0.03,0.08,0.015,0.0,0.0,0.0,0.0,0.005778090170605207,0,0.015,120,6.0,0.0,2.0,0.0,0.0,0.0,0.0,0.0,3.0,0.0,0.0,0.0,,,,,3.0,0.0,0.0,0.0,1
2025-09-10,0.02,0.0,0.01,0.02,0.024999999999999557,0.039999999999999335,0.03999999999999978,0.040000000000000445,0.04,0.09,0.015,0.015,0.0,0.0,0.0,0.006733622398739744,0,0.015,121,,,,,,,,,,,,,,,,,,,,,0
2025-09-11,0.0,0.0,0.0,0.0,0.009999999999999556,0.024999999999999335,0.03999999999999978,0.040000000000000445,0.04,0.09,0.01,0.015,0.015,0.0,0.0,0.0053444796396580506,0,0.015,122,,,,,,,,,,,,,,,,,,,,,0
2025-09-12,0.0,0.0,0.0,0.0,0.0,0.009999999999999334,0.03999999999999978,0.040000000000000445,0.04,0.07999999999999999,0.0,0.01,0.015,0.0,0.0,0.004241916301107905,0,0.01,123,,,,,,,,,,,,,,,,,,,,,0
2025-09-13,0.0,0.0,0.0,0.0,0.0,0.0,0.02499999999999978,0.040000000000000445,0.04,0.07999999999999999,0.0,0.0,0.01,0.015,0.0,0.003366811199369872,0,0.0,124,,,,,,,,,,,,,,,,,,,,,0
2025-09-14,0.0,0.0,0.0,0.0,0.0,0.0,0.009999999999999778,0.040000000000000445,0.04,0.07999999999999999,0.0,0.0,0.0,0.015,0.0,0.0026722398198290253,0,0.0,125,,,,,,,,,,,,,,,,,,,,,0
2025-09-15,0.0,0.0,0.0,0.0,0.0,0.0,0.0,0.025000000000000445,0.04,0.04,0.0,0.0,0.0,0.01,0.015,0.0021209581505539526,0,0.0,126,51.0,0.0,17.0,0.0,0.0,0.0,0.0,0.0,36.0,0.0,0.0,0.0,12.0,0.0,0.0,0.0,3.0,0.0,0.0,0.0,1
2025-09-16,0.0,0.0,0.0,0.0,0.0,0.0,0.0,0.010000000000000444,0.04,0.04,0.0,0.0,0.0,0.0,0.015,0.001683405599684936,0,0.0,127,,,,,,,,,,,,,,,,,,,,,0
2025-09-17,0.0,0.0,0.0,0.0,0.0,0.0,0.0,0.0,0.04,0.04,0.0,0.0,0.0,0.0,0.01,0.0013361199099145126,0,0.0,128,,,,,,,,,,,,,,,,,,,,,0
2025-09-18,0.0,,0.0,0.0,0.0,0.0,0.0,0.0,0.04,0.04,0.0,0.0,0.0,0.0,0.0,0.0010604790752769765,0,0.0,129,,,,,,,,,,,,,,,,,,,,,0
2025-09-19,0.0,,0.0,0.0,0.0,0.0,0.0,0.0,0.04,0.04,0.0,0.0,0.0,0.0,0.0,0.000841702799842468,0,0.0,130,,,,,,,,,,,,,,,,,,,,,0
2025-09-20,0.0,,0.0,0.0,0.0,0.0,0.0,0.0,0.04,0.04,0.0,0.0,0.0,0.0,0.0,0.0006680599549572563,0,0.0,131,,,,,,,,,,,,,,,,,,,,,0
2025-09-21,0.0,,0.0,0.0,0.0,0.0,0.0,0.0,0.04,0.04,0.0,0.0,0.0,0.0,0.0,0.0005302395376384883,0,0.0,132,,,,,,,,,,,,,,,,,,,,,0
2025-09-22,0.0,,0.0,0.0,0.0,0.0,0.0,0.0,0.025,0.04,0.0,0.0,0.0,0.0,0.0,0.0002940197234394869,0,0.0,133,51.0,1.0,17.0,0.0196078431372549,1.0,1.0,0.0,1.0,36.0,1.0,0.027777777777777776,1.0,12.0,0.0,0.0,0.0,3.0,0.0,0.0,0.0,1
2025-09-23,0.0,,0.0,0.0,0.0,0.0,0.0,0.0,0.01,0.04,0.0,0.0,0.0,0.0,0.0,0.00010653193266187317,0,0.0,134,3.0,0.0,1.0,0.0,0.0,0.0,0.0,0.0,3.0,0.0,0.0,0.0,,,,,,,,,1
2025-09-24,0.0,,0.0,0.0,0.0,0.0,0.0,0.0,0.0,0.04,0.0,0.0,0.0,0.0,0.0,0.0,0,0.0,135,,,,,,,,,,,,,,,,,,,,,0
2025-09-25,0.0,,0.0,0.0,0.0,0.0,0.0,0.0,0.0,0.04,0.0,0.0,0.0,0.0,0.0,0.0,0,0.0,136,,,,,,,,,,,,,,,,,,,,,0
2025-09-26,0.0,,0.0,0.0,0.0,0.0,0.0,0.0,0.0,0.04,0.0,0.0,0.0,0.0,0.0,0.0,0,0.0,137,,,,,,,,,,,,,,,,,,,,,0
2025-09-27,0.0,,0.0,0.0,0.0,0.0,0.0,0.0,0.0,0.04,0.0,0.0,0.0,0.0,0.0,0.0,0,0.0,138,,,,,,,,,,,,,,,,,,,,,0
2025-09-28,0.0,,0.0,0.0,0.0,0.0,0.0,0.0,0.0,0.04,0.0,0.0,0.0,0.0,0.0,0.0,0,0.0,139,,,,,,,,,,,,,,,,,,,,,0
2025-09-29,0.02,,0.02,0.02,0.019999999999999556,0.019999999999999334,0.01999999999999978,0.020000000000000445,0.02,0.06,0.0,0.0,0.0,0.0,0.0,0.004295098382293669,0,0.02,140,51.0,0.0,17.0,0.0,0.0,0.0,0.0,0.0,36.0,0.0,0.0,0.0,12.0,0.0,0.0,0.0,3.0,0.0,0.0,0.0,1
2025-09-30,0.01,,0.01,0.01,0.029999999999999555,0.029999999999999333,0.029999999999999777,0.030000000000000443,0.03,0.06999999999999999,0.02,0.0,0.0,0.0,0.0,0.005556571036326775,0,0.02,141,,,,,,,,,,,,,,,,,,,,,0
2025-10-01,0.04,0.06,0.05,0.06,0.059999999999999554,0.07999999999999934,0.07999999999999978,0.08000000000000045,0.08,0.12,0.01,0.02,0.0,0.0,0.0,0.015147999309934749,0,0.05,0,,,,,,,,,,,,,,,,,,,,,0
2025-10-02,0.08,0.07,0.07500000000000001,0.08,0.12499999999999956,0.13499999999999934,0.1549999999999998,0.15500000000000047,0.15500000000000003,0.195,0.05,0.01,0.02,0.0,0.0,0.028129593953503246,0,0.07500000000000001,0,,,,,,,,,,,,,,,,,,,,,0
2025-10-03,0.0,0.0,0.0,0.0,0.07499999999999955,0.12499999999999935,0.1549999999999998,0.15500000000000047,0.15500000000000003,0.195,0.07500000000000001,0.05,0.01,0.0,0.0,0.022326473516614678,1,0.07500000000000001,1,,,,,,,,,,,,,,,,,,,,,0
2025-10-04,0.0,0.0,0.0,0.0,0.0,0.07499999999999934,0.1349999999999998,0.15500000000000047,0.15500000000000003,0.195,0.0,0.07500000000000001,0.05,0.02,0.0,0.017720533773507144,1,0.07500000000000001,2,,,,,,,,,,,,,,,,,,,,,0
2025-10-05,0.0,0.0,0.0,0.0,0.0,0.0,0.12499999999999979,0.15500000000000047,0.15500000000000003,0.195,0.0,0.0,0.07500000000000001,0.01,0.0,0.014064796976751623,0,0.0,3,,,,,,,,,,,,,,,,,,,,,0
2025-10-06,0.0,0.0,0.0,0.0,0.0,0.0,0.07499999999999979,0.13500000000000045,0.15500000000000003,0.195,0.0,0.0,0.0,0.05,0.02,0.011163236758307339,0,0.0,4,48.0,4.0,16.0,0.08333333333333333,3.0,1.0,0.0,1.0,33.0,4.0,0.12121212121212122,1.0,12.0,0.0,0.0,0.0,3.0,0.0,0.0,0.0,1
2025-10-07,0.0,0.0,0.0,0.0,0.0,0.0,0.0,0.12500000000000044,0.15500000000000003,0.195,0.0,0.0,0.0,0.07500000000000001,0.01,0.008860266886753572,0,0.0,5,9.0,1.0,3.0,0.1111111111111111,1.0,1.0,0.0,1.0,9.0,1.0,0.1111111111111111,1.0,,,,,,,,,1
2025-10-08,0.0,0.0,0.0,0.0,0.0,0.0,0.0,0.07500000000000046,0.15500000000000003,0.18,0.0,0.0,0.0,0.0,0.05,0.007032398488375812,0,0.0,6,3.0,1.0,1.0,0.3333333333333333,1.0,1.0,0.0,1.0,3.0,1.0,0.3333333333333333,1.0,,,,,,,,,1
2025-10-09,0.0,0.0,0.0,0.0,0.0,0.0,0.0,0.0,0.15500000000000003,0.165,0.0,0.0,0.0,0.0,0.07500000000000001,0.005581618379153669,0,0.0,7,3.0,0.0,1.0,0.0,0.0,0.0,0.0,0.0,3.0,0.0,0.0,0.0,,,,,,,,,1
2025-10-10,0.0,0.0,0.0,0.0,0.0,0.0,0.0,0.0,0.15500000000000003,0.155,0.0,0.0,0.0,0.0,0.0,0.004430133443376786,0,0.0,8,,,,,,,,,,,,,,,,,,,,,0
2025-10-11,0.0,0.0,0.0,0.0,0.0,0.0,0.0,0.0,0.15500000000000003,0.155,0.0,0.0,0.0,0.0,0.0,0.0035161992441879067,0,0.0,9,,,,,,,,,,,,,,,,,,,,,0
2025-10-12,0.0,0.0,0.0,0.0,0.0,0.0,0.0,0.0,0.15500000000000003,0.155,0.0,0.0,0.0,0.0,0.0,0.002790809189576835,0,0.0,10,,,,,,,,,,,,,,,,,,,,,0
2025-10-13,0.75,0.62,0.685,0.75,0.6849999999999996,0.6849999999999994,0.6849999999999998,0.6850000000000005,0.8200000000000001,0.8400000000000001,0.0,0.0,0.0,0.0,0.0,0.14915307741327088,0,0.685,0,,,,,,,,,,,,,,,,,,,,,0
2025-10-14,0.0,0.0,0.0,0.0,0.6849999999999996,0.6849999999999994,0.6849999999999998,0.6850000000000005,0.81,0.8400000000000001,0.685,0.0,0.0,0.0,0.0,0.11829832154407242,1,0.685,1,51.0,12.0,17.0,0.23529411764705882,7.0,3.0,1.0,1.0,36.0,7.0,0.19444444444444445,1.0,12.0,2.0,0.16666666666666666,1.0,3.0,3.0,1.0,1.0,1
2025-10-15,0.0,0.0,0.0,0.0,0.0,0.6849999999999994,0.6849999999999998,0.6850000000000005,0.76,0.8400000000000001,0.0,0.685,0.0,0.0,0.0,0.09347066777762728,1,0.685,2,21.0,2.0,7.0,0.09523809523809523,1.0,1.0,0.0,1.0,15.0,0.0,0.0,0.0,3.0,0.0,0.0,0.0,3.0,2.0,0.6666666666666666,1.0,1
2025-10-16,0.0,0.0,0.0,0.0,0.0,0.0,0.6849999999999998,0.6850000000000005,0.685,0.8400000000000001,0.0,0.0,0.685,0.0,0.0,0.07355355979677908,1,0.0,3,3.0,1.0,1.0,0.3333333333333333,1.0,1.0,0.0,1.0,,,,,,,,,3.0,1.0,0.3333333333333333,1.0,1
2025-10-17,0.0,0.0,0.0,0.0,0.0,0.0,0.6849999999999998,0.6850000000000005,0.685,0.8400000000000001,0.0,0.0,0.0,0.0,0.0,0.058379499098706496,0,0.0,4,3.0,0.0,1.0,0.0,0.0,0.0,0.0,0.0,,,,,,,,,3.0,0.0,0.0,0.0,1
2025-10-18,0.0,0.0,0.0,0.0,0.0,0.0,0.0,0.6850000000000005,0.685,0.8400000000000001,0.0,0.0,0.0,0.685,0.0,0.04633583914133162,0,0.0,5,,,,,,,,,,,,,,,,,,,,,0
2025-10-19,0.0,0.0,0.0,0.0,0.0,0.0,0.0,0.6850000000000005,0.685,0.8400000000000001,0.0,0.0,0.0,0.0,0.0,0.03677677989838954,0,0.0,6,,,,,,,,,,,,,,,,,,,,,0
2025-10-20,0.0,0.0,0.0,0.0,0.0,0.0,0.0,0.0,0.685,0.8400000000000001,0.0,0.0,0.0,0.0,0.685,0.029189749549353248,0,0.0,7,51.0,8.0,17.0,0.1568627450980392,6.0,1.0,0.0,1.0,36.0,8.0,0.2222222222222222,1.0,12.0,0.0,0.0,0.0,3.0,0.0,0.0,0.0,1
2025-10-21,0.0,0.0,0.0,0.0,0.0,0.0,0.0,0.0,0.685,0.8400000000000001,0.0,0.0,0.0,0.0,0.0,0.023167919570665812,0,0.0,8,18.0,0.0,6.0,0.0,0.0,0.0,0.0,0.0,18.0,0.0,0.0,0.0,,,,,,,,,1
2025-10-22,0.0,0.0,0.0,0.0,0.0,0.0,0.0,0.0,0.685,0.8400000000000001,0.0,0.0,0.0,0.0,0.0,0.018388389949194773,0,0.0,9,,,,,,,,,,,,,,,,,,,,,0
2025-10-23,0.0,0.0,0.0,0.0,0.0,0.0,0.0,0.0,0.685,0.8400000000000001,0.0,0.0,0.0,0.0,0.0,0.014594874774676624,0,0.0,10,,,,,,,,,,,,,,,,,,,,,0
2025-10-24,0.0,0.0,0.0,0.0,0.0,0.0,0.0,0.0,0.685,0.8400000000000001,0.0,0.0,0.0,0.0,0.0,0.011583959785332906,0,0.0,11,,,,,,,,,,,,,,,,,,,,,0
2025-10-25,0.11,0.01,0.06,0.11,0.059999999999999554,0.05999999999999933,0.059999999999999776,0.06000000000000044,0.7450000000000001,0.9000000000000001,0.0,0.0,0.0,0.0,0.0,0.02207949012147839,0,0.06,0,,,,,,,,,,,,,,,,,,,,,0
2025-10-26,0.03,0.06,0.045,0.06,0.10499999999999955,0.10499999999999933,0.10499999999999977,0.10500000000000044,0.79,0.9450000000000001,0.06,0.0,0.0,0.0,0.0,0.02718847428303889,0,0.06,1,,,,,,,,,,,,,,,,,,,,,0
2025-10-27,0.0,0.0,0.0,0.0,0.044999999999999554,0.10499999999999933,0.10499999999999977,0.10500000000000044,0.105,0.9450000000000001,0.045,0.06,0.0,0.0,0.0,0.01578752644648668,1,0.06,2,51.0,1.0,17.0,0.0196078431372549,1.0,1.0,0.0,1.0,36.0,1.0,0.027777777777777776,1.0,12.0,0.0,0.0,0.0,3.0,0.0,0.0,0.0,1
2025-10-28,0.0,0.0,0.0,0.0,0.0,0.04499999999999933,0.10499999999999977,0.10500000000000044,0.105,0.9450000000000001,0.0,0.045,0.06,0.0,0.0,0.012530568044564363,1,0.045,3,3.0,0.0,1.0,0.0,0.0,0.0,0.0,0.0,3.0,0.0,0.0,0.0,,,,,,,,,1
2025-10-29,0.0,0.0,0.0,0.0,0.0,0.0,0.10499999999999977,0.10500000000000044,0.105,0.925,0.0,0.0,0.045,0.0,0.0,0.009945518447850287,0,0.0,4,,,,,,,,,,,,,,,,,,,,,0
2025-10-30,0.0,0.0,0.0,0.0,0.0,0.0,0.044999999999999776,0.10500000000000044,0.105,0.915,0.0,0.0,0.0,0.06,0.0,0.00789376322324334,0,0.0,5,,,,,,,,,,,,,,,,,,,,,0
2025-10-31,0.0,0.0,0.0,0.0,0.0,0.0,0.0,0.10500000000000044,0.105,0.8650000000000001,0.0,0.0,0.0,0.045,0.0,0.006265284022282182,0,0.0,6,,,,,,,,,,,,,,,,,,,,,0
2025-11-01,0.0,0.0,0.0,0.0,0.0,0.0,0.0,0.04500000000000044,0.105,0.79,0.0,0.0,0.0,0.0,0.06,0.004972759223925143,0,0.0,7,,,,,,,,,,,,,,,,,,,,,0
2025-11-02,0.0,0.0,0.0,0.0,0.0,0.0,0.0,0.0,0.105,0.79,0.0,0.0,0.0,0.0,0.045,0.00394688161162167,0,0.0,8,,,,,,,,,,,,,,,,,,,,,0
2025-11-03,0.0,0.0,0.0,0.0,0.0,0.0,0.0,0.0,0.105,0.79,0.0,0.0,0.0,0.0,0.0,0.0031326420111410912,0,0.0,9,48.0,8.0,16.0,0.16666666666666666,6.0,3.0,1.0,1.0,33.0,6.0,0.18181818181818182,1.0,12.0,1.0,0.08333333333333333,1.0,3.0,1.0,0.3333333333333333,1.0,1
2025-11-04,0.0,0.0,0.0,0.0,0.0,0.0,0.0,0.0,0.105,0.79,0.0,0.0,0.0,0.0,0.0,0.002486379611962572,0,0.0,10,18.0,3.0,6.0,0.16666666666666666,2.0,2.0,0.0,1.0,12.0,2.0,0.16666666666666666,1.0,3.0,1.0,0.3333333333333333,1.0,3.0,0.0,0.0,0.0,1
2025-11-05,0.08,0.06,0.07,0.08,0.06999999999999956,0.06999999999999934,0.06999999999999978,0.07000000000000045,0.175,0.8600000000000001,0.0,0.0,0.0,0.0,0.0,0.017006285143838677,0,0.07,0,6.0,4.0,2.0,0.6666666666666666,2.0,2.0,0.0,1.0,3.0,2.0,0.6666666666666666,1.0,3.0,2.0,0.6666666666666666,1.0,,,,,1
2025-11-06,0.0,0.0,0.0,0.0,0.06999999999999956,0.06999999999999934,0.06999999999999978,0.07000000000000045,0.175,0.8600000000000001,0.07,0.0,0.0,0.0,0.0,0.01349789746370034,0,0.07,1,6.0,0.0,2.0,0.0,0.0,0.0,0.0,0.0,3.0,0.0,0.0,0.0,3.0,0.0,0.0,0.0,,,,,1
2025-11-07,0.0,0.0,0.0,0.0,0.0,0.06999999999999934,0.06999999999999978,0.07000000000000045,0.175,0.8600000000000001,0.0,0.07,0.0,0.0,0.0,0.010713288316618405,0,0.07,2,,,,,,,,,,,,,,,,,,,,,0
2025-11-08,0.0,0.01,0.005,0.01,0.004999999999999556,0.004999999999999334,0.07499999999999979,0.07500000000000046,0.12000000000000001,0.8650000000000001,0.0,0.0,0.07,0.0,0.0,0.009069590461565765,0,0.005,3,,,,,,,,,,,,,,,,,,,,,0
2025-11-09,0.0,0.0,0.0,0.0,0.004999999999999556,0.004999999999999334,0.07499999999999979,0.07500000000000046,0.07500000000000001,0.8650000000000001,0.005,0.0,0.0,0.0,0.0,0.0068180436903598814,0,0.005,4,,,,,,,,,,,,,,,,,,,,,0
2025-11-10,0.0,0.0,0.0,0.0,0.0,0.004999999999999334,0.004999999999999778,0.07500000000000046,0.07500000000000001,0.8650000000000001,0.0,0.005,0.0,0.07,0.0,0.00541148486322121,0,0.005,5,60.0,1.0,17.0,0.016666666666666666,1.0,1.0,0.0,1.0,41.0,1.0,0.024390243902439025,1.0,16.0,0.0,0.0,0.0,3.0,0.0,0.0,0.0,1
2025-11-11,0.0,0.0,0.0,0.0,0.0,0.0,0.004999999999999778,0.07500000000000046,0.07500000000000001,0.8650000000000001,0.0,0.0,0.005,0.0,0.0,0.004295098382293669,0,0.0,6,3.0,2.0,1.0,0.6666666666666666,1.0,1.0,0.0,1.0,3.0,2.0,0.6666666666666666,1.0,,,,,,,,,1
2025-11-12,0.0,0.0,0.0,0.0,0.0,0.0,0.004999999999999778,0.005000000000000444,0.07500000000000001,0.18,0.0,0.0,0.0,0.0,0.07,0.0034090218451799407,0,0.0,7,3.0,1.0,1.0,0.3333333333333333,1.0,1.0,0.0,1.0,3.0,1.0,0.3333333333333333,1.0,,,,,,,,,1
2025-11-13,1.28,1.58,1.4300000000000002,1.58,1.4299999999999997,1.4299999999999995,1.43,1.4350000000000005,1.5050000000000001,1.61,0.0,0.0,0.0,0.005,0.0,0.30980527676560793,0,1.4300000000000002,0,51.0,30.0,17.0,0.5882352941176471,15.0,3.0,1.0,1.0,36.0,24.0,0.6666666666666666,1.0,12.0,3.0,0.25,1.0,3.0,3.0,1.0,1.0,1
2025-11-14,0.0,0.0,0.0,0.0,1.4299999999999997,1.4299999999999995,1.43,1.4350000000000005,1.5050000000000001,1.61,1.4300000000000002,0.0,0.0,0.0,0.0,0.24589261112151262,1,1.4300000000000002,1,45.0,6.0,15.0,0.13333333333333333,2.0,2.0,0.0,1.0,33.0,3.0,0.09090909090909091,1.0,9.0,0.0,0.0,0.0,3.0,3.0,1.0,1.0,1
2025-11-15,0.03,0.05,0.04,0.05,0.03999999999999956,1.4699999999999995,1.47,1.4700000000000006,1.5450000000000002,1.6500000000000001,0.0,1.4300000000000002,0.0,0.0,0.005,0.2037552915473356,1,1.4300000000000002,2,8.0,6.0,2.0,0.75,2.0,2.0,0.0,1.0,4.0,3.0,0.75,1.0,,,,,4.0,3.0,0.75,1.0,1
2025-11-16,0.2,0.4,0.30000000000000004,0.4,0.3399999999999996,0.33999999999999936,1.77,1.7700000000000007,1.8450000000000002,1.9500000000000002,0.04,0.0,1.4300000000000002,0.0,0.0,0.22614715780756886,1,0.30000000000000004,0,6.0,6.0,2.0,1.0,2.0,2.0,0.0,1.0,3.0,3.0,1.0,1.0,,,,,3.0,3.0,1.0,1.0,1
2025-11-17,0.67,0.31,0.49,0.67,0.7899999999999996,0.8299999999999994,2.26,2.2600000000000007,2.335,2.44,0.30000000000000004,0.04,0.0,0.0,0.0,0.2847230284678715,1,0.49,0,51.0,14.0,17.0,0.27450980392156865,10.0,3.0,1.0,1.0,36.0,7.0,0.19444444444444445,1.0,12.0,4.0,0.3333333333333333,1.0,3.0,3.0,1.0,1.0,1
2025-11-18,0.0,0.0,0.0,0.0,0.48999999999999955,0.7899999999999994,0.8299999999999998,2.2600000000000007,2.335,2.44,0.49,0.30000000000000004,0.04,1.4300000000000002,0.0,0.2259848174547354,1,0.49,1,30.0,3.0,10.0,0.1,1.0,1.0,0.0,1.0,15.0,0.0,0.0,0.0,12.0,0.0,0.0,0.0,3.0,3.0,1.0,1.0,1
2025-11-19,0.0,0.0,0.0,0.0,0.0,0.4899999999999993,0.8299999999999998,2.2600000000000007,2.265,2.44,0.0,0.49,0.30000000000000004,0.0,0.0,0.17877238732132944,1,0.49,2,3.0,0.0,1.0,0.0,0.0,0.0,0.0,0.0,,,,,,,,,3.0,0.0,0.0,0.0,1
2025-11-20,0.26,0.21,0.235,0.26,0.23499999999999954,0.23499999999999932,1.0249999999999997,1.0650000000000004,2.5000000000000004,2.6750000000000003,0.0,0.0,0.49,0.04,1.4300000000000002,0.192359143840323,1,0.235,0,,,,,,,,,,,,,,,,,,,,,0
2025-11-21,0.0,0.0,0.0,0.0,0.23499999999999954,0.23499999999999932,0.7249999999999996,1.0650000000000004,2.5000000000000004,2.6750000000000003,0.235,0.0,0.0,0.30000000000000004,0.0,0.15267555364391547,1,0.235,1,6.0,0.0,2.0,0.0,0.0,0.0,0.0,0.0,3.0,0.0,0.0,0.0,,,,,3.0,0.0,0.0,0.0,1
2025-11-22,0.0,0.0,0.0,0.0,0.0,0.23499999999999932,0.23499999999999976,1.0250000000000004,2.495,2.6750000000000003,0.0,0.235,0.0,0.49,0.04,0.12113639000659542,1,0.235,2,,,,,,,,,,,,,,,,,,,,,0
2025-11-23,0.0,0.0,0.0,0.0,0.0,0.0,0.23499999999999976,0.7250000000000003,2.495,2.6750000000000003,0.0,0.0,0.235,0.0,0.30000000000000004,0.09614601646404981,1,0.0,3,,,,,,,,,,,,,,,,,,,,,0
2025-11-24,0.0,0.0,0.0,0.0,0.0,0.0,0.23499999999999976,0.23500000000000043,2.495,2.615,0.0,0.0,0.0,0.0,0.49,0.07631114383879227,0,0.0,4,51.0,1.0,17.0,0.0196078431372549,1.0,1.0,0.0,1.0,36.0,1.0,0.027777777777777776,1.0,12.0,0.0,0.0,0.0,3.0,0.0,0.0,0.0,1
2025-11-25,0.0,0.0,0.0,0.0,0.0,0.0,0.0,0.23500000000000043,2.495,2.5700000000000003,0.0,0.0,0.0,0.235,0.0,0.06056819500329771,0,0.0,5,3.0,0.0,1.0,0.0,0.0,0.0,0.0,0.0,3.0,0.0,0.0,0.0,,,,,,,,,1
2025-11-26,0.0,0.0,0.0,0.0,0.0,0.0,0.0,0.23500000000000043,2.495,2.5700000000000003,0.0,0.0,0.0,0.0,0.0,0.048073008232024914,0,0.0,6,,,,,,,,,,,,,,,,,,,,,0
2025-11-27,0.0,0.0,0.0,0.0,0.0,0.0,0.0,0.0,1.065,2.5700000000000003,0.0,0.0,0.0,0.0,0.235,0.026064285428136238,0,0.0,7,,,,,,,,,,,,,,,,,,,,,0
2025-11-28,0.0,0.0,0.0,0.0,0.0,0.0,0.0,0.0,1.065,2.5700000000000003,0.0,0.0,0.0,0.0,0.0,0.020687237053711442,0,0.0,8,,,,,,,,,,,,,,,,,,,,,0
2025-11-29,0.0,0.0,0.0,0.0,0.0,0.0,0.0,0.0,1.025,2.5700000000000003,0.0,0.0,0.0,0.0,0.0,0.0160812531267372,0,0.0,9,,,,,,,,,,,,,,,,,,,,,0
2025-11-30,0.0,0.0,0.0,0.0,0.0,0.0,0.0,0.0,0.7249999999999999,2.5700000000000003,0.0,0.0,0.0,0.0,0.0,0.010227065535539823,0,0.0,10,,,,,,,,,,,,,,,,,,,,,0
2025-12-01,0.0,0.0,0.0,0.0,0.0,0.0,0.0,0.0,0.235,2.5700000000000003,0.0,0.0,0.0,0.0,0.0,0.003974059196428076,0,0.0,11,51.0,4.0,17.0,0.0784313725490196,3.0,2.0,1.0,1.0,36.0,3.0,0.08333333333333333,1.0,12.0,0.0,0.0,0.0,3.0,1.0,0.3333333333333333,1.0,1
2025-12-02,0.0,0.0,0.0,0.0,0.0,0.0,0.0,0.0,0.235,2.5700000000000003,0.0,0.0,0.0,0.0,0.0,0.0031542128744969124,0,0.0,12,9.0,0.0,3.0,0.0,0.0,0.0,0.0,0.0,6.0,0.0,0.0,0.0,,,,,3.0,0.0,0.0,0.0,1
2025-12-03,0.0,0.0,0.0,0.0,0.0,0.0,0.0,0.0,0.235,2.5700000000000003,0.0,0.0,0.0,0.0,0.0,0.0025035004175540192,0,0.0,13,,,,,,,,,,,,,,,,,,,,,0
2025-12-04,0.0,0.0,0.0,0.0,0.0,0.0,0.0,0.0,0.0,2.5700000000000003,0.0,0.0,0.0,0.0,0.0,0.0,0,0.0,14,,,,,,,,,,,,,,,,,,,,,0
2025-12-05,0.0,0.0,0.0,0.0,0.0,0.0,0.0,0.0,0.0,2.5000000000000004,0.0,0.0,0.0,0.0,0.0,0.0,0,0.0,15,,,,,,,,,,,,,,,,,,,,,0
2025-12-06,0.0,0.0,0.0,0.0,0.0,0.0,0.0,0.0,0.0,2.5000000000000004,0.0,0.0,0.0,0.0,0.0,0.0,0,0.0,16,,,,,,,,,,,,,,,,,,,,,0
2025-12-07,0.0,0.0,0.0,0.0,0.0,0.0,0.0,0.0,0.0,2.5000000000000004,0.0,0.0,0.0,0.0,0.0,0.0,0,0.0,17,,,,,,,,,,,,,,,,,,,,,0
2025-12-08,0.0,0.0,0.0,0.0,0.0,0.0,0.0,0.0,0.0,2.495,0.0,0.0,0.0,0.0,0.0,0.0,0,0.0,18,51.0,1.0,17.0,0.0196078431372549,1.0,1.0,0.0,1.0,36.0,1.0,0.027777777777777776,1.0,12.0,0.0,0.0,0.0,3.0,0.0,0.0,0.0,1
2025-12-09,0.0,0.0,0.0,0.0,0.0,0.0,0.0,0.0,0.0,2.495,0.0,0.0,0.0,0.0,0.0,0.0,0,0.0,19,3.0,0.0,1.0,0.0,0.0,0.0,0.0,0.0,3.0,0.0,0.0,0.0,,,,,,,,,1
2025-12-10,0.0,0.0,0.0,0.0,0.0,0.0,0.0,0.0,0.0,2.495,0.0,0.0,0.0,0.0,0.0,0.0,0,0.0,20,,,,,,,,,,,,,,,,,,,,,0
2025-12-11,0.0,0.0,0.0,0.0,0.0,0.0,0.0,0.0,0.0,2.495,0.0,0.0,0.0,0.0,0.0,0.0,0,0.0,21,,,,,,,,,,,,,,,,,,,,,0
2025-12-12,0.0,0.0,0.0,0.0,0.0,0.0,0.0,0.0,0.0,2.495,0.0,0.0,0.0,0.0,0.0,0.0,0,0.0,22,,,,,,,,,,,,,,,,,,,,,0
2025-12-13,0.0,0.0,0.0,0.0,0.0,0.0,0.0,0.0,0.0,1.065,0.0,0.0,0.0,0.0,0.0,0.0,0,0.0,23,,,,,,,,,,,,,,,,,,,,,0
2025-12-14,0.0,0.0,0.0,0.0,0.0,0.0,0.0,0.0,0.0,1.065,0.0,0.0,0.0,0.0,0.0,0.0,0,0.0,24,,,,,,,,,,,,,,,,,,,,,0
2025-12-15,0.0,0.0,0.0,0.0,0.0,0.0,0.0,0.0,0.0,1.025,0.0,0.0,0.0,0.0,0.0,0.0,0,0.0,25,51.0,3.0,17.0,0.058823529411764705,3.0,2.0,1.0,1.0,36.0,2.0,0.05555555555555555,1.0,12.0,0.0,0.0,0.0,3.0,1.0,0.3333333333333333,1.0,1
2025-12-16,0.0,0.0,0.0,0.0,0.0,0.0,0.0,0.0,0.0,0.7249999999999999,0.0,0.0,0.0,0.0,0.0,0.0,0,0.0,26,9.0,0.0,3.0,0.0,0.0,0.0,0.0,0.0,6.0,0.0,0.0,0.0,,,,,3.0,0.0,0.0,0.0,1
2025-12-17,0.23,0.16,0.195,0.23,0.19499999999999956,0.19499999999999934,0.19499999999999978,0.19500000000000045,0.195,0.43,0.0,0.0,0.0,0.0,0.0,0.041877209227363266,0,0.195,0,,,,,,,,,,,,,,,,,,,,,0
2025-12-18,0.0,0.0,0.0,0.0,0.19499999999999956,0.19499999999999934,0.19499999999999978,0.19500000000000045,0.195,0.43,0.195,0.0,0.0,0.0,0.0,0.03323796299050442,1,0.195,1,,,,,,,,,,,,,,,,,,,,,0
2025-12-19,0.39,0.29,0.33999999999999997,0.39,0.3399999999999995,0.5349999999999993,0.5349999999999997,0.5350000000000004,0.5349999999999999,0.77,0.0,0.195,0.0,0.0,0.0,0.09939766120719574,1,0.33999999999999997,0,,,,,,,,,,,,,,,,,,,,,0
2025-12-20,0.14,0.17,0.15500000000000003,0.17,0.49499999999999955,0.49499999999999933,0.6899999999999997,0.6900000000000004,0.69,0.69,0.33999999999999997,0.0,0.195,0.0,0.0,0.11217898844451654,1,0.33999999999999997,0,,,,,,,,,,,,,,,,,,,,,0
2025-12-21,0.25,0.22,0.235,0.25,0.38999999999999957,0.7299999999999993,0.9249999999999998,0.9250000000000005,0.925,0.925,0.15500000000000003,0.33999999999999997,0.0,0.0,0.0,0.13950392812472764,1,0.33999999999999997,0,,,,,,,,,,,,,,,,,,,,,0
2025-12-22,1.82,0.96,1.3900000000000001,1.82,1.6249999999999996,1.7799999999999994,2.12,2.3150000000000004,2.3150000000000004,2.3150000000000004,0.235,0.15500000000000003,0.33999999999999997,0.195,0.0,0.40923367869885435,1,1.3900000000000001,0,60.0,32.0,20.0,0.5333333333333333,15.0,3.0,1.0,1.0,45.0,27.0,0.6,1.0,12.0,2.0,0.16666666666666666,1.0,3.0,3.0,1.0,1.0,1
2025-12-23,0.19,0.27,0.23,0.27,1.6199999999999997,1.8549999999999993,2.35,2.545000000000001,2.5450000000000004,2.5450000000000004,1.3900000000000001,0.235,0.15500000000000003,0.0,0.0,0.374202617430066,1,1.3900000000000001,0,45.0,6.0,15.0,0.13333333333333333,2.0,2.0,0.0,1.0,36.0,3.0,0.08333333333333333,1.0,6.0,0.0,0.0,0.0,3.0,3.0,1.0,1.0,1
2025-12-24,0.73,1.14,0.9349999999999999,1.14,1.1649999999999996,2.5549999999999993,2.945,3.2850000000000006,3.48,3.48,0.23,1.3900000000000001,0.235,0.33999999999999997,0.195,0.4978006636510992,1,1.3900000000000001,0,9.0,7.0,3.0,0.7777777777777778,3.0,2.0,1.0,1.0,6.0,4.0,0.6666666666666666,1.0,,,,,3.0,3.0,1.0,1.0,1
2025-12-25,0.68,1.05,0.865,1.05,1.7999999999999994,2.029999999999999,3.655,4.15,4.345,4.345,0.9349999999999999,0.23,1.3900000000000001,0.15500000000000003,0.0,0.5808676536093125,1,0.9349999999999999,0,36.0,13.0,12.0,0.3611111111111111,5.0,2.0,1.0,1.0,33.0,10.0,0.30303030303030304,1.0,,,,,3.0,3.0,1.0,1.0,1
2025-12-26,0.43,0.23,0.33,0.43,1.1949999999999996,2.129999999999999,3.75,4.140000000000001,4.675,4.675,0.865,0.9349999999999999,0.23,0.235,0.33999999999999997,0.5319040855047068,1,0.9349999999999999,0,15.0,6.0,5.0,0.4,2.0,2.0,0.0,1.0,12.0,3.0,0.25,1.0,,,,,3.0,3.0,1.0,1.0,1
2025-12-27,0.0,0.0,0.0,0.0,0.32999999999999957,1.194999999999999,2.36,3.9850000000000008,4.675,4.675,0.33,0.865,0.9349999999999999,1.3900000000000001,0.15500000000000003,0.42217255243817725,1,0.865,1,18.0,6.0,6.0,0.3333333333333333,2.0,2.0,0.0,1.0,15.0,3.0,0.2,1.0,,,,,3.0,3.0,1.0,1.0,1
2025-12-28,0.0,0.0,0.0,0.0,0.0,0.3299999999999991,2.13,3.750000000000001,4.675,4.675,0.0,0.33,0.865,0.23,0.235,0.3350785769262312,1,0.33,2,6.0,0.0,2.0,0.0,0.0,0.0,0.0,0.0,3.0,0.0,0.0,0.0,,,,,3.0,0.0,0.0,0.0,1
2025-12-29,0.0,0.0,0.0,0.0,0.0,0.0,1.1949999999999996,2.3600000000000003,4.675,4.675,0.0,0.0,0.33,0.9349999999999999,1.3900000000000001,0.2659520427523534,1,0.0,3,51.0,3.0,17.0,0.058823529411764705,1.0,1.0,0.0,1.0,36.0,0.0,0.0,0.0,12.0,0.0,0.0,0.0,3.0,3.0,1.0,1.0,1
2025-12-30,0.0,0.0,0.0,0.0,0.0,0.0,0.3299999999999998,2.1300000000000003,4.675,4.675,0.0,0.0,0.0,0.865,0.23,0.21108627621908865,0,0.0,4,3.0,0.0,1.0,0.0,0.0,0.0,0.0,0.0,,,,,,,,,3.0,0.0,0.0,0.0,1
2025-12-31,0.54,0.87,0.7050000000000001,0.87,0.7049999999999996,0.7049999999999992,0.7049999999999998,1.9000000000000006,5.185,5.38,0.0,0.0,0.0,0.33,0.9349999999999999,0.3172926946447047,0,0.7050000000000001,0,,,,,,,,,,,,,,,,,,,,,0
2026-01-01,0.71,0.58,0.645,0.71,1.3499999999999996,1.3499999999999992,1.3499999999999999,1.6800000000000006,5.83,6.025,0.7050000000000001,0.0,0.0,0.0,0.865,0.3903523014593853,1,0.7050000000000001,0,,,,,,,,,,,,,,,,,,,,,0
2026-01-02,0.26,0.18,0.22,0.26,0.8649999999999995,1.5699999999999992,1.5699999999999998,1.5700000000000005,5.71,6.245,0.645,0.7050000000000001,0.0,0.0,0.33,0.35419405785906205,1,0.7050000000000001,0,6.0,2.0,2.0,0.3333333333333333,2.0,1.0,0.0,1.0,6.0,2.0,0.3333333333333333,1.0,,,,,,,,,1
2026-01-03,0.1,0.16,0.13,0.16,0.34999999999999953,0.9949999999999991,1.7,1.7000000000000006,5.685,6.375,0.22,0.645,0.7050000000000001,0.0,0.0,0.3077315555177777,1,0.645,0,24.0,3.0,6.0,0.125,3.0,1.0,0.0,1.0,21.0,3.0,0.14285714285714285,1.0,,,,,3.0,0.0,0.0,0.0,1
2026-01-04,0.48,0.37,0.425,0.48,0.5549999999999996,0.7749999999999991,2.125,2.1250000000000004,5.875,6.8,0.13,0.22,0.645,0.0,0.0,0.33353050850189175,1,0.425,0,15.0,1.0,5.0,0.06666666666666667,1.0,1.0,0.0,1.0,15.0,1.0,0.06666666666666667,1.0,,,,,,,,,1
2026-01-05,1.07,1.33,1.2000000000000002,1.33,1.6249999999999998,1.7549999999999994,2.62,3.3250000000000006,5.6850000000000005,8.0,0.425,0.13,0.22,0.7050000000000001,0.0,0.5106761742800073,1,1.2000000000000002,0,51.0,3.0,17.0,0.058823529411764705,2.0,2.0,0.0,1.0,36.0,1.0,0.027777777777777776,1.0,12.0,0.0,0.0,0.0,3.0,2.0,0.6666666666666666,1.0,1
2026-01-06,0.03,0.04,0.035,0.04,1.2349999999999997,1.6599999999999993,2.0100000000000002,3.3600000000000008,5.49,8.035,1.2000000000000002,0.425,0.13,0.645,0.0,0.4108956179298834,1,1.2000000000000002,1,42.0,8.0,14.0,0.19047619047619047,3.0,2.0,1.0,1.0,27.0,5.0,0.18518518518518517,1.0,12.0,0.0,0.0,0.0,3.0,3.0,1.0,1.0,1
2026-01-07,0.0,0.02,0.01,0.02,0.04499999999999956,1.2449999999999994,1.8,2.6650000000000005,4.565,8.045,0.035,1.2000000000000002,0.425,0.22,0.7050000000000001,0.32036977609929473,1,1.2000000000000002,2,9.0,7.0,3.0,0.7777777777777778,3.0,2.0,1.0,1.0,6.0,4.0,0.6666666666666666,1.0,,,,,3.0,3.0,1.0,1.0,1
2026-01-08,0.0,0.0,0.0,0.0,0.009999999999999556,0.04499999999999934,1.67,2.0200000000000005,3.7,8.045,0.01,0.035,1.2000000000000002,0.13,0.645,0.24696369978897112,1,0.035,3,9.0,2.0,3.0,0.2222222222222222,1.0,1.0,0.0,1.0,6.0,2.0,0.3333333333333333,1.0,,,,,3.0,0.0,0.0,0.0,1
2026-01-09,0.0,0.0,0.0,0.0,0.0,0.009999999999999334,1.245,1.8000000000000005,3.37,8.045,0.0,0.01,0.035,0.425,0.22,0.1932249215388872,0,0.01,4,3.0,0.0,1.0,0.0,0.0,0.0,0.0,0.0,3.0,0.0,0.0,0.0,,,,,,,,,1
2026-01-10,0.0,0.0,0.0,0.0,0.0,0.0,0.045000000000000005,1.6700000000000004,3.37,8.045,0.0,0.0,0.01,1.2000000000000002,0.13,0.15336272185865119,0,0.0,5,,,,,,,,,,,,,,,,,,,,,0
2026-01-11,0.0,0.0,0.0,0.0,0.0,0.0,0.01,1.2450000000000006,3.37,8.045,0.0,0.0,0.0,0.035,0.425,0.12172407300556463,0,0.0,6,,,,,,,,,,,,,,,,,,,,,0
2026-01-12,0.0,0.0,0.0,0.0,0.0,0.0,0.0,0.04500000000000045,3.37,8.045,0.0,0.0,0.0,0.01,1.2000000000000002,0.0966124607694436,0,0.0,7,51.0,2.0,17.0,0.0392156862745098,2.0,1.0,0.0,1.0,36.0,2.0,0.05555555555555555,1.0,12.0,0.0,0.0,0.0,3.0,0.0,0.0,0.0,1
2026-01-13,0.0,0.0,0.0,0.0,0.0,0.0,0.0,0.010000000000000444,3.37,8.045,0.0,0.0,0.0,0.0,0.035,0.07668136092932559,0,0.0,8,7.0,1.0,2.0,0.14285714285714285,1.0,1.0,0.0,1.0,7.0,1.0,0.14285714285714285,1.0,,,,,,,,,1
2026-01-14,0.0,0.0,0.0,0.0,0.0,0.0,0.0,0.0,2.665,8.045,0.0,0.0,0.0,0.0,0.01,0.0549009477081402,0,0.0,9,3.0,0.0,1.0,0.0,0.0,0.0,0.0,0.0,3.0,0.0,0.0,0.0,,,,,,,,,1
2026-01-15,0.0,0.0,0.0,0.0,0.0,0.0,0.0,0.0,2.0200000000000005,8.045,0.0,0.0,0.0,0.0,0.0,0.038121148984261305,0,0.0,10,,,,,,,,,,,,,,,,,,,,,0
2026-01-16,0.0,0.0,0.0,0.0,0.0,0.0,0.0,0.0,1.8000000000000003,7.8500000000000005,0.0,0.0,0.0,0.0,0.0,0.028396578078194137,0,0.0,11,,,,,,,,,,,,,,,,,,,,,0
2026-01-17,0.0,0.0,0.0,0.0,0.0,0.0,0.0,0.0,1.6700000000000002,7.8500000000000005,0.0,0.0,0.0,0.0,0.0,0.021439171093969436,0,0.0,12,,,,,,,,,,,,,,,,,,,,,0
2026-01-18,0.0,0.0,0.0,0.0,0.0,0.0,0.0,0.0,1.245,7.510000000000001,0.0,0.0,0.0,0.0,0.0,0.013422717206963815,0,0.0,13,,,,,,,,,,,,,,,,,,,,,0
2026-01-19,0.0,0.0,0.0,0.0,0.0,0.0,0.0,0.0,0.045000000000000005,7.355,0.0,0.0,0.0,0.0,0.0,0.0005070835887632333,0,0.0,14,,,,,,,,,,,,,,,,,,,,,0
2026-01-20,0.0,0.0,0.0,0.0,0.0,0.0,0.0,0.0,0.01,7.120000000000001,0.0,0.0,0.0,0.0,0.0,0.00010653193266187317,0,0.0,15,51.0,2.0,17.0,0.0392156862745098,2.0,1.0,0.0,1.0,36.0,2.0,0.05555555555555555,1.0,12.0,0.0,0.0,0.0,3.0,0.0,0.0,0.0,1
2026-01-21,0.0,0.0,0.0,0.0,0.0,0.0,0.0,0.0,0.0,5.73,0.0,0.0,0.0,0.0,0.0,0.0,0,0.0,16,3.0,0.0,1.0,0.0,0.0,0.0,0.0,0.0,3.0,0.0,0.0,0.0,,,,,,,,,1
2026-01-22,0.0,0.0,0.0,0.0,0.0,0.0,0.0,0.0,0.0,5.500000000000001,0.0,0.0,0.0,0.0,0.0,0.0,0,0.0,17,3.0,0.0,1.0,0.0,0.0,0.0,0.0,0.0,3.0,0.0,0.0,0.0,,,,,,,,,1
2026-01-23,0.0,0.0,0.0,0.0,0.0,0.0,0.0,0.0,0.0,4.565,0.0,0.0,0.0,0.0,0.0,0.0,0,0.0,18,,,,,,,,,,,,,,,,,,,,,0
2026-01-24,0.0,0.0,0.0,0.0,0.0,0.0,0.0,0.0,0.0,3.7,0.0,0.0,0.0,0.0,0.0,0.0,0,0.0,19,,,,,,,,,,,,,,,,,,,,,0
2026-01-25,0.0,0.0,0.0,0.0,0.0,0.0,0.0,0.0,0.0,3.37,0.0,0.0,0.0,0.0,0.0,0.0,0,0.0,20,,,,,,,,,,,,,,,,,,,,,0
2026-01-26,0.0,0.0,0.0,0.0,0.0,0.0,0.0,0.0,0.0,3.37,0.0,0.0,0.0,0.0,0.0,0.0,0,0.0,21,51.0,2.0,17.0,0.0392156862745098,2.0,2.0,0.0,1.0,36.0,1.0,0.027777777777777776,1.0,12.0,1.0,0.08333333333333333,1.0,3.0,0.0,0.0,0.0,1
2026-01-27,0.03,0.01,0.02,0.03,0.019999999999999556,0.019999999999999334,0.02,0.020000000000000445,0.02,3.39,0.0,0.0,0.0,0.0,0.0,0.004295098382293669,0,0.02,22,3.0,0.0,1.0,0.0,0.0,0.0,0.0,0.0,3.0,0.0,0.0,0.0,,,,,,,,,1
2026-01-28,0.1,0.05,0.07500000000000001,0.1,0.09499999999999957,0.09499999999999935,0.09500000000000001,0.09500000000000046,0.09500000000000001,3.4650000000000003,0.02,0.0,0.0,0.0,0.0,0.0195156407787812,0,0.07500000000000001,0,3.0,0.0,1.0,0.0,0.0,0.0,0.0,0.0,,,,,3.0,0.0,0.0,0.0,,,,,1
2026-01-29,0.0,0.0,0.0,0.0,0.07499999999999957,0.09499999999999935,0.09500000000000001,0.09500000000000046,0.09500000000000001,3.4650000000000003,0.07500000000000001,0.02,0.0,0.0,0.0,0.015489574351035384,0,0.07500000000000001,1,,,,,,,,,,,,,,,,,,,,,0
2026-01-30,0.0,0.0,0.0,0.0,0.0,0.07499999999999934,0.09500000000000001,0.09500000000000046,0.09500000000000001,2.7600000000000007,0.0,0.07500000000000001,0.02,0.0,0.0,0.012294083309686605,0,0.07500000000000001,2,,,,,,,,,,,,,,,,,,,,,0
2026-01-31,0.0,0.0,0.0,0.0,0.0,0.0,0.09500000000000001,0.09500000000000046,0.09500000000000001,2.115,0.0,0.0,0.07500000000000001,0.0,0.0,0.0097578203893906,0,0.0,3,,,,,,,,,,,,,,,,,,,,,0
2026-02-01,0.0,0.0,0.0,0.0,0.0,0.0,0.07500000000000001,0.09500000000000046,0.09500000000000001,1.8950000000000005,0.0,0.0,0.0,0.02,0.0,0.007744787175517692,0,0.0,4,,,,,,,,,,,,,,,,,,,,,0
2026-02-02,0.0,0.0,0.0,0.0,0.0,0.0,0.0,0.09500000000000046,0.09500000000000001,1.7650000000000001,0.0,0.0,0.0,0.07500000000000001,0.0,0.006147041654843303,0,0.0,5,51.0,2.0,17.0,0.0392156862745098,2.0,1.0,0.0,1.0,36.0,2.0,0.05555555555555555,1.0,12.0,0.0,0.0,0.0,3.0,0.0,0.0,0.0,1
2026-02-03,0.0,0.0,0.0,0.0,0.0,0.0,0.0,0.07500000000000046,0.09500000000000001,1.3400000000000003,0.0,0.0,0.0,0.0,0.02,0.0048789101946953,0,0.0,6,6.0,0.0,2.0,0.0,0.0,0.0,0.0,0.0,6.0,0.0,0.0,0.0,,,,,,,,,1
2026-02-04,0.0,0.0,0.0,0.0,0.0,0.0,0.0,0.0,0.09500000000000001,0.14000000000000024,0.0,0.0,0.0,0.0,0.07500000000000001,0.003872393587758846,0,0.0,7,,,,,,,,,,,,,,,,,,,,,0
2026-02-05,0.0,0.0,0.0,0.0,0.0,0.0,0.0,0.0,0.09500000000000001,0.10500000000000023,0.0,0.0,0.0,0.0,0.0,0.0030735208274216513,0,0.0,8,,,,,,,,,,,,,,,,,,,,,0
2026-02-06,0.0,0.0,0.0,0.0,0.0,0.0,0.0,0.0,0.09500000000000001,0.09500000000000024,0.0,0.0,0.0,0.0,0.0,0.0024394550973476504,0,0.0,9,,,,,,,,,,,,,,,,,,,,,0
2026-02-07,0.0,0.0,0.0,0.0,0.0,0.0,0.0,0.0,0.09500000000000001,0.09500000000000024,0.0,0.0,0.0,0.0,0.0,0.001936196793879423,0,0.0,10,,,,,,,,,,,,,,,,,,,,,0
2026-02-08,0.02,0.0,0.01,0.02,0.009999999999999556,0.009999999999999334,0.01,0.010000000000000444,0.10500000000000001,0.10500000000000023,0.0,0.0,0.0,0.0,0.0,0.00368430960485766,0,0.01,11,,,,,,,,,,,,,,,,,,,,,0
2026-02-09,0.0,0.0,0.0,0.0,0.009999999999999556,0.009999999999999334,0.01,0.010000000000000444,0.10500000000000001,0.10500000000000023,0.01,0.0,0.0,0.0,0.0,0.002924238471263795,0,0.01,12,51.0,0.0,17.0,0.0,0.0,0.0,0.0,0.0,36.0,0.0,0.0,0.0,12.0,0.0,0.0,0.0,3.0,0.0,0.0,0.0,1
2026-02-10,0.26,0.0,0.13,0.26,0.12999999999999956,0.13999999999999935,0.14,0.14000000000000046,0.21500000000000002,0.23500000000000024,0.0,0.01,0.0,0.0,0.0,0.030070000195678195,0,0.13,0,,,,,,,,,,,,,,,,,,,,,0
2026-02-11,0.22,0.0,0.11,0.22,0.23999999999999955,0.23999999999999932,0.25,0.25000000000000044,0.25,0.34500000000000025,0.13,0.0,0.01,0.0,0.0,0.04685545769185821,1,0.13,0,,,,,,,,,,,,,,,,,,,,,0
2026-02-12,0.0,0.0,0.0,0.0,0.10999999999999956,0.23999999999999932,0.25,0.25000000000000044,0.25,0.34500000000000025,0.11,0.13,0.0,0.0,0.0,0.037189201415253594,1,0.13,1,,,,,,,,,,,,,,,,,,,,,0
2026-02-13,0.0,0.0,0.0,0.0,0.0,0.10999999999999933,0.24,0.25000000000000044,0.25,0.34500000000000025,0.0,0.11,0.13,0.01,0.0,0.029517088724215403,1,0.11,2,,,,,,,,,,,,,,,,,,,,,0
2026-02-14,0.02,0.0,0.01,0.02,0.009999999999999556,0.009999999999999334,0.25,0.26000000000000045,0.26,0.35500000000000026,0.0,0.0,0.11,0.0,0.0,0.02557527803707594,1,0.01,3,,,,,,,,,,,,,,,,,,,,,0
2026-02-15,0.38,0.0,0.19,0.38,0.19999999999999957,0.19999999999999934,0.31,0.44000000000000045,0.45,0.5450000000000003,0.01,0.0,0.0,0.13,0.01,0.06110254626200661,0,0.19,0,,,,,,,,,,,,,,,,,,,,,0
2026-02-16,1.07,0.0,0.535,1.07,0.7249999999999996,0.7349999999999994,0.7350000000000001,0.9750000000000005,0.9850000000000001,1.0800000000000003,0.19,0.01,0.0,0.11,0.0,0.16339100483347807,1,0.535,0,36.0,18.0,12.0,0.5,10.0,2.0,1.0,1.0,33.0,15.0,0.45454545454545453,1.0,,,,,3.0,3.0,1.0,1.0,1
2026-02-17,0.84,0.0,0.42,0.84,0.9549999999999996,1.1449999999999994,1.155,1.2650000000000003,1.405,1.5000000000000002,0.535,0.19,0.01,0.0,0.13,0.21988059250556916,1,0.535,0,60.0,8.0,20.0,0.13333333333333333,6.0,3.0,1.0,1.0,45.0,3.0,0.06666666666666667,1.0,12.0,2.0,0.16666666666666666,1.0,3.0,3.0,1.0,1.0,1
2026-02-18,0.37,0.0,0.185,0.37,0.6049999999999994,1.1399999999999992,1.3399999999999999,1.3400000000000003,1.5899999999999999,1.6850000000000003,0.42,0.535,0.19,0.0,0.11,0.21424900196158217,1,0.535,0,30.0,4.0,10.0,0.13333333333333333,2.0,2.0,0.0,1.0,15.0,0.0,0.0,0.0,12.0,1.0,0.08333333333333333,1.0,3.0,3.0,1.0,1.0,1
2026-02-19,0.77,0.0,0.385,0.77,0.5699999999999994,0.9899999999999992,1.7149999999999999,1.7250000000000003,1.975,2.0700000000000003,0.185,0.42,0.535,0.01,0.0,0.2527301894076293,1,0.42,0,39.0,14.0,13.0,0.358974358974359,6.0,2.0,1.0,1.0,24.0,11.0,0.4583333333333333,1.0,12.0,0.0,0.0,0.0,3.0,3.0,1.0,1.0,1
2026-02-20,0.0,0.0,0.0,0.0,0.38499999999999945,0.5699999999999992,1.525,1.7250000000000003,1.975,2.0700000000000003,0.385,0.185,0.42,0.19,0.0,0.20059208426489653,1,0.385,1,18.0,4.0,6.0,0.2222222222222222,2.0,2.0,0.0,1.0,15.0,1.0,0.06666666666666667,1.0,,,,,3.0,3.0,1.0,1.0,1
2026-02-21,0.0,0.0,0.0,0.0,0.0,0.38499999999999923,0.9899999999999999,1.7150000000000003,1.975,2.0700000000000003,0.0,0.385,0.185,0.535,0.01,0.15921004278929524,1,0.385,2,6.0,0.0,2.0,0.0,0.0,0.0,0.0,0.0,3.0,0.0,0.0,0.0,,,,,3.0,0.0,0.0,0.0,1
2026-02-22,0.0,0.0,0.0,0.0,0.0,0.0,0.5699999999999998,1.5250000000000004,1.9649999999999999,2.0700000000000003,0.0,0.0,0.385,0.42,0.19,0.12628054025282684,1,0.0,3,,,,,,,,,,,,,,,,,,,,,0
2026-02-23,0.01,0.0,0.005,0.01,0.004999999999999445,0.004999999999999223,0.3899999999999999,0.9950000000000004,1.97,2.075,0.0,0.0,0.0,0.185,0.535,0.10130270581579834,0,0.005,4,51.0,3.0,17.0,0.058823529411764705,1.0,1.0,0.0,1.0,36.0,0.0,0.0,0.0,12.0,0.0,0.0,0.0,3.0,3.0,1.0,1.0,1
2026-02-24,0.29,0.0,0.145,0.29,0.14999999999999944,0.14999999999999922,0.14999999999999988,0.7200000000000004,1.9849999999999999,2.22,0.005,0.0,0.0,0.385,0.42,0.11044426629839893,0,0.145,0,3.0,0.0,1.0,0.0,0.0,0.0,0.0,0.0,,,,,,,,,3.0,0.0,0.0,0.0,1
2026-02-25,0.12,0.0,0.06,0.12,0.20499999999999943,0.20999999999999922,0.20999999999999988,0.5950000000000004,1.935,2.2800000000000002,0.145,0.005,0.0,0.0,0.185,0.0996148684389821,1,0.145,0,,,,,,,,,,,,,,,,,,,,,0
2026-02-26,0.0,,0.0,0.0,0.05999999999999944,0.2049999999999992,0.20999999999999988,0.21000000000000044,1.935,2.2600000000000002,0.06,0.145,0.005,0.0,0.385,0.07906437347585699,1,0.145,1,,,,,,,,,,,,,,,,,,,,,0
2026-02-27,0.0,,0.0,0.0,0.0,0.05999999999999922,0.20999999999999988,0.21000000000000044,1.935,2.185,0.0,0.06,0.145,0.0,0.0,0.062753434814391,1,0.06,2,3.0,0.0,1.0,0.0,0.0,0.0,0.0,0.0,,,,,,,,,3.0,0.0,0.0,0.0,1
2026-02-28,0.0,,0.0,0.0,0.0,0.0,0.20499999999999988,0.21000000000000044,1.925,2.185,0.0,0.0,0.06,0.005,0.0,0.04972287976850322,0,0.0,3,,,,,,,,,,,,,,,,,,,,,0
2026-03-01,0.0,,0.0,0.0,0.0,0.0,0.05999999999999989,0.21000000000000044,1.735,2.185,0.0,0.0,0.0,0.145,0.0,0.03785854125693636,0,0.0,4,,,,,,,,,,,,,,,,,,,,,0
2026-03-02,0.06,,0.06,0.06,0.05999999999999944,0.05999999999999922,0.05999999999999989,0.26500000000000046,1.2599999999999998,2.245,0.0,0.0,0.0,0.06,0.005,0.03840997612765316,0,0.06,0,51.0,1.0,17.0,0.0196078431372549,1.0,1.0,0.0,1.0,36.0,1.0,0.027777777777777776,1.0,12.0,0.0,0.0,0.0,3.0,0.0,0.0,0.0,1
2026-03-03,0.0,,0.0,0.0,0.05999999999999944,0.05999999999999922,0.05999999999999989,0.12000000000000044,0.84,2.245,0.06,0.0,0.0,0.0,0.145,0.026934731314066103,0,0.06,1,3.0,0.0,1.0,0.0,0.0,0.0,0.0,0.0,3.0,0.0,0.0,0.0,,,,,,,,,1
2026-03-04,0.0,,0.0,0.0,0.0,0.05999999999999922,0.05999999999999989,0.06000000000000044,0.6549999999999999,2.245,0.0,0.06,0.0,0.0,0.06,0.01981385306793979,0,0.06,2,,,,,,,,,,,,,,,,,,,,,0
2026-03-05,0.0,,0.0,0.0,0.0,0.0,0.05999999999999989,0.06000000000000044,0.2699999999999999,2.245,0.0,0.0,0.06,0.0,0.0,0.012470919238763966,0,0.0,3,,,,,,,,,,,,,,,,,,,,,0
2026-03-06,0.0,,0.0,0.0,0.0,0.0,0.05999999999999989,0.06000000000000044,0.2699999999999999,2.245,0.0,0.0,0.0,0.0,0.0,0.009898175159312189,0,0.0,4,,,,,,,,,,,,,,,,,,,,,0
2026-03-07,0.0,,0.0,0.0,0.0,0.0,0.0,0.06000000000000044,0.2699999999999999,2.245,0.0,0.0,0.0,0.06,0.0,0.007856186830228836,0,0.0,5,,,,,,,,,,,,,,,,,,,,,0
2026-03-08,0.0,,0.0,0.0,0.0,0.0,0.0,0.06000000000000044,0.2699999999999999,2.245,0.0,0.0,0.0,0.0,0.0,0.006235459619381983,0,0.0,6,,,,,,,,,,,,,,,,,,,,,0
2026-03-09,0.0,,0.0,0.0,0.0,0.0,0.0,0.0,0.2649999999999999,2.245,0.0,0.0,0.0,0.0,0.06,0.004906810354162179,0,0.0,7,51.0,0.0,17.0,0.0,0.0,0.0,0.0,0.0,36.0,0.0,0.0,0.0,12.0,0.0,0.0,0.0,3.0,0.0,0.0,0.0,1
2026-03-10,0.0,,0.0,0.0,0.0,0.0,0.0,0.0,0.11999999999999988,2.2350000000000003,0.0,0.0,0.0,0.0,0.0,0.002668498419679193,0,0.0,8,,,,,,,,,,,,,,,,,,,,,0
2026-03-11,0.0,,0.0,0.0,0.0,0.0,0.0,0.0,0.05999999999999989,2.2350000000000003,0.0,0.0,0.0,0.0,0.0,0.0016106618933601259,0,0.0,9,,,,,,,,,,,,,,,,,,,,,0
2026-03-12,0.0,,0.0,0.0,0.0,0.0,0.0,0.0,0.05999999999999989,2.1050000000000004,0.0,0.0,0.0,0.0,0.0,0.0012783831919424777,0,0.0,10,,,,,,,,,,,,,,,,,,,,,0
2026-03-13,0.0,,0.0,0.0,0.0,0.0,0.0,0.0,0.05999999999999989,1.9950000000000003,0.0,0.0,0.0,0.0,0.0,0.001014653411853977,0,0.0,11,,,,,,,,,,,,,,,,,,,,,0
2026-03-14,0.0,,0.0,0.0,0.0,0.0,0.0,0.0,0.05999999999999989,1.9950000000000003,0.0,0.0,0.0,0.0,0.0,0.0008053309466800627,0,0.0,12,,,,,,,,,,,,,,,,,,,,,0
2026-03-15,0.0,,0.0,0.0,0.0,0.0,0.0,0.0,0.05999999999999989,1.9950000000000003,0.0,0.0,0.0,0.0,0.0,0.000639191595971239,0,0.0,13,,,,,,,,,,,,,,,,,,,,,0
2026-03-16,0.0,,0.0,0.0,0.0,0.0,0.0,0.0,0.0,1.9850000000000003,0.0,0.0,0.0,0.0,0.0,0.0,0,0.0,14,51.0,1.0,17.0,0.0196078431372549,1.0,1.0,0.0,1.0,36.0,0.0,0.0,0.0,12.0,1.0,0.08333333333333333,1.0,3.0,0.0,0.0,0.0,1
2026-03-17,0.0,,0.0,0.0,0.0,0.0,0.0,0.0,0.0,1.7950000000000004,0.0,0.0,0.0,0.0,0.0,0.0,0,0.0,15,3.0,0.0,1.0,0.0,0.0,0.0,0.0,0.0,,,,,3.0,0.0,0.0,0.0,,,,,1
2026-03-18,0.0,,0.0,0.0,0.0,0.0,0.0,0.0,0.0,1.2600000000000002,0.0,0.0,0.0,0.0,0.0,0.0,0,0.0,16,,,,,,,,,,,,,,,,,,,,,0
2026-03-19,0.0,,0.0,0.0,0.0,0.0,0.0,0.0,0.0,0.8400000000000003,0.0,0.0,0.0,0.0,0.0,0.0,0,0.0,17,,,,,,,,,,,,,,,,,,,,,0
2026-03-20,0.0,,0.0,0.0,0.0,0.0,0.0,0.0,0.0,0.6550000000000002,0.0,0.0,0.0,0.0,0.0,0.0,0,0.0,18,,,,,,,,,,,,,,,,,,,,,0
2026-03-21,0.0,,0.0,0.0,0.0,0.0,0.0,0.0,0.0,0.27000000000000024,0.0,0.0,0.0,0.0,0.0,0.0,0,0.0,19,,,,,,,,,,,,,,,,,,,,,0
2026-03-22,0.0,,0.0,0.0,0.0,0.0,0.0,0.0,0.0,0.27000000000000024,0.0,0.0,0.0,0.0,0.0,0.0,0,0.0,20,,,,,,,,,,,,,,,,,,,,,0
2026-03-23,0.0,,0.0,0.0,0.0,0.0,0.0,0.0,0.0,0.27000000000000024,0.0,0.0,0.0,0.0,0.0,0.0,0,0.0,21,51.0,0.0,17.0,0.0,0.0,0.0,0.0,0.0,36.0,0.0,0.0,0.0,12.0,0.0,0.0,0.0,3.0,0.0,0.0,0.0,1
2026-03-24,0.0,,0.0,0.0,0.0,0.0,0.0,0.0,0.0,0.27000000000000024,0.0,0.0,0.0,0.0,0.0,0.0,0,0.0,22,,,,,,,,,,,,,,,,,,,,,0
2026-03-25,0.0,,0.0,0.0,0.0,0.0,0.0,0.0,0.0,0.26500000000000024,0.0,0.0,0.0,0.0,0.0,0.0,0,0.0,23,,,,,,,,,,,,,,,,,,,,,0
2026-03-26,0.0,,0.0,0.0,0.0,0.0,0.0,0.0,0.0,0.12000000000000022,0.0,0.0,0.0,0.0,0.0,0.0,0,0.0,24,,,,,,,,,,,,,,,,,,,,,0
2026-03-27,0.0,,0.0,0.0,0.0,0.0,0.0,0.0,0.0,0.06000000000000022,0.0,0.0,0.0,0.0,0.0,0.0,0,0.0,25,,,,,,,,,,,,,,,,,,,,,0
